{
	"jsonResults": {
		"dateRun": "13-May-2025 14:35:16",
		"ini_time_size": "13-May-2025 14:33:28 17295B  MD5 = 74199a78dceed317b1c5ca86ccdbf34b",
		"version": "Imatest 24.2.6 Master Color/Tone Auto",
		"build": "2025-03-20",
		"image_file": "car_55.0 mm_6400ISO_-3EV_Dist2_OFF_Defocus2.tiff",
		"ColorSpace": "sRGB",
		"Reference": "Default values",
		"Ref_folder": "/usr/local/Imatest/v24.2/Master/",
		"Gamma": [0.4502],
		"patches_for_gamma_start_end": [1,5],
		"exposure_error_normalized_y_channel": [-0.271],
		"mean_camera_Saturation_Pct": ["_NaN_"],
		"mean_chroma_level_CPIQ_Pct": ["_NaN_"],
		"CPIQ_chroma_quality_loss_JND": ["_NaN_"],
		"CPIQ_exposure_quality_loss_JND": ["_NaN_"],
		"pixel_offset": [0],
		"mean_patch_size_pxls": [274,303],
		"roi_settings": "Recent ROI settings are in roi, nwid_save, nht_save, fillf, and distort (same names as ini file)",
		"roi": [3013,1351,4727,1725,3013,1727,4727,1343],
		"nwid_save": [6024],
		"nht_save": [4020],
		"fillf": [0.8],
		"distort": [0],
		"grayscale_zone": [1,2,3,4,5],
		"grayscale_minus_log_exposure": [2,1.513,1.025,0.5375,0.05],
		"grayscale_Y_reflectivity": [0.01,0.03073,0.09441,0.2901,0.8913],
		"grayscale_Y_Printer_pixel_gamma22": [33.13,55.18,91.91,153.1,255],
		"grayscale_Y_density": [0.6879,0.8269,1.046,1.296,1.399],
		"grayscale_R_density": [0.6941,0.8336,1.017,1.165,1.21],
		"grayscale_G_density": [0.6874,0.8251,1.057,1.353,1.489],
		"grayscale_B_density": [0.6751,0.826,1.034,1.223,1.307],
		"grayscale_Y_mean": [52.31,37.99,22.92,12.89,10.16],
		"grayscale_R_mean": [51.58,37.41,24.54,17.45,15.71],
		"grayscale_G_mean": [52.37,38.15,22.37,11.3,8.273],
		"grayscale_B_mean": [53.89,38.07,23.58,15.27,12.58],
		"White_Bal_error_Degrees": [367.2,116.4,-205.1,-760,-1374],
		"White_Bal_error_Mired": [-8.226,-2.707,5.012,20.37,41.25],
		"White_Bal_error_S_HSV": [0.04284,0.0194,0.08871,0.3521,0.4735],
		"White_Bal_error_Delta_C_ab": [1.078,0.3626,1.449,2.897,2.973],
		"White_Bal_error_Delta_C_94": [1.078,0.3626,1.449,2.897,2.973],
		"White_Bal_error_Delta_C_00": [1.053,0.5318,2.013,3.816,3.951],
		"n_Patch": [1,2,3,4,5],
		"n_Row": [1,1,1,1,1],
		"n_Column": [1,2,3,4,5],
		"width_pixels": [275,276,275,275,275],
		"height_pixels": [305,305,305,305,305],
		"Pixels_total": [83875,84180,83875,83875,83875],
		"R_reference": [242.4,146.6,86.6,49.01,25.46],
		"G_reference": [242.4,146.6,86.6,49.01,25.46],
		"B_reference": [242.4,146.6,86.6,49.01,25.46],
		"R_input": [51.58,37.41,24.54,17.45,15.71],
		"G_input": [52.37,38.15,22.37,11.3,8.273],
		"B_input": [53.89,38.07,23.58,15.27,12.58],
		"L_reference": [95.63,60.79,36.82,20.33,8.991],
		"a_reference": [0,0,0,0,0],
		"b_reference": [0,0,0,0,0],
		"L_input": [21.85,15.15,7.706,3.658,2.847],
		"a_input": [0.014,-0.3557,1.37,2.688,2.824],
		"b_input": [-1.078,-0.07027,-0.4727,-1.079,-0.928],
		"x_reference": [0.3127,0.3127,0.3127,0.3127,0.3127],
		"y_reference": [0.329,0.329,0.329,0.329,0.329],
		"Y_reference": [0.8913,0.2901,0.09441,0.03073,0.01],
		"x_input": [0.3072,0.3106,0.3175,0.3284,0.3375],
		"y_input": [0.3232,0.3294,0.3208,0.2952,0.2887],
		"Y_input": [0.03473,0.01937,0.008531,0.00405,0.003152],
		"LUV_comment": "L2 is used to differentiate between the L in LAB and L in LUV.",
		"L2_reference": [805.1,262,85.28,27.75,9.033],
		"U_reference": [0.1978,0.1978,0.1978,0.1978,0.1978],
		"V_reference": [0.4683,0.4683,0.4683,0.4683,0.4683],
		"L2_input": [31.38,17.5,7.706,3.658,2.847],
		"U_input": [0.1962,0.1962,0.2043,0.2232,0.2332],
		"V_input": [0.4644,0.4682,0.4646,0.4514,0.4488],
		"patch_numbers_for_all_Delta_E_C": [1,2,3,4,5],
		"Delta_E_all": [73.8,45.6,29.1,16.9,6.83],
		"Delta_C_all": [1.08,0.363,1.45,2.9,2.97],
		"Delta_E94_all": [73.8,45.6,29.1,16.9,6.83],
		"Delta_C94_all": [1.08,0.363,1.45,2.9,2.97],
		"Delta_E2000_all": [66.1,39,20.7,11.3,5.42],
		"Delta_C2000_all": [1.05,0.532,2.01,3.82,3.95],
		"Delta_L_all": [-73.8,-45.6,-29.1,-16.7,-6.14],
		"Delta_Chroma_all": [1.08,0.363,1.45,2.9,2.97],
		"Delta_Hue_Distance_all": [0,0,0,0,0],
		"Delta_Hue_Degrees_all": [0,0,0,0,0],
		"sat_corr_comment": "sat_corr explained on https://www.imatest.com/docs/colorcheck/#satcorr - not recommended.",
		"Delta_C_all_sat_corr": ["_NaN_","_NaN_","_NaN_","_NaN_","_NaN_"],
		"Delta_C94_all_sat_corr": ["_NaN_","_NaN_","_NaN_","_NaN_","_NaN_"],
		"Delta_C2000_all_sat_corr": ["_NaN_","_NaN_","_NaN_","_NaN_","_NaN_"],
		"grayscale_patch_numbers": [1,2,3,4,5],
		"Delta_E": [73.8,45.6,29.1,16.9,6.83],
		"Delta_C": [1.08,0.363,1.45,2.9,2.97],
		"Delta_E94": [73.8,45.6,29.1,16.9,6.83],
		"Delta_C94": [1.08,0.363,1.45,2.9,2.97],
		"Delta_E2000": [66.1,39,20.7,11.3,5.42],
		"Delta_C2000": [1.05,0.532,2.01,3.82,3.95],
		"Delta_L": [-73.8,-45.6,-29.1,-16.7,-6.14],
		"Delta_Chroma": [1.08,0.363,1.45,2.9,2.97],
		"Delta_Hue_Distance": [0,0,0,0,0],
		"Delta_Hue_Degrees": [0,0,0,0,0],
		"mean_Delta_E": [34.5],
		"mean_Delta_C": [1.75],
		"mean_Delta_E94": [34.5],
		"mean_Delta_C94": [1.75],
		"mean_Delta_E2000": [28.5],
		"mean_Delta_C2000": [2.27],
		"mean_Delta_L": [-34.3],
		"mean_Delta_Chroma": [1.75],
		"mean_Delta_Hue_Distance": [0],
		"mean_Delta_Hue_Degrees": [0],
		"mean_Delta_C_sat_corr": ["_NaN_"],
		"mean_Delta_C94_sat_corr": ["_NaN_"],
		"mean_Delta_C2000_sat_corr": ["_NaN_"],
		"max_Delta_E": [73.8],
		"max_Delta_C": [2.97],
		"max_Delta_E94": [73.8],
		"max_Delta_C94": [2.97],
		"max_Delta_E2000": [66.1],
		"max_Delta_C2000": [3.95],
		"max_Delta_L": [-6.14],
		"max_Delta_Chroma": [2.97],
		"max_Delta_Hue_Distance": [0],
		"max_Delta_Hue_Degrees": [0],
		"max_Delta_C_sat_corr": ["_NaN_"],
		"max_Delta_C94_sat_corr": ["_NaN_"],
		"max_Delta_C2000_sat_corr": ["_NaN_"],
		"mean_RegionSize": [83660.8],
		"Sequence_dark_to_light": [5,4,3,2,1],
		"Patch_number": [5,4,3,2,1],
		"R_noise": [0.05553,0.05874,0.06745,0.07289,0.06734],
		"G_noise": [0.03645,0.04175,0.04873,0.04351,0.03726],
		"B_noise": [0.04509,0.04943,0.05787,0.05688,0.04898],
		"R_SNR_ratio": [1.11,1.165,1.427,2.013,3.003],
		"G_SNR_ratio": [0.89,1.062,1.8,3.438,5.511],
		"B_SNR_ratio": [1.094,1.211,1.598,2.625,4.314],
		"R_SNR_dB": [0.9037,1.325,3.089,6.075,9.552],
		"G_SNR_dB": [-1.012,0.5209,5.104,10.73,14.83],
		"B_SNR_dB": [0.78,1.664,4.072,8.381,12.7],
		"Gb_noise": [0.03047,0.03435,0.03924,0.0359,0.03157],
		"Gb_SNR_ratio": [1.308,1.472,2.29,4.149,6.499],
		"Gb_SNR_dB": [2.334,3.359,7.197,12.36,16.26],
		"Y_f_stop_SNR_ratio": [1.099,0.9913,0.7741,0.4494,0.217],
		"Y_f_stop_SNR_dB": [0.8191,-0.07578,-2.224,-6.947,-13.27],
		"quality_levels_for_DR": [
				"Low,",
				"Medium,",
				"M-H,",
				"High,"
		],
		"SigNoise_levels_for_DR": [1,0.5,0.25,0.1],
		"Dynamic_Range_f_stops": [0,0,0,0],
		"Dynamic_Range_dB": [0,0,0,0],
		"noise_ISO15739_pct": [1.467,1.93,3.614,6.425,7.368],
		"snr_ISO15739": [0.2148,0.2098,0.2361,0.3015,0.4714],
		"noise_pct_ISO15739_at_13pct_Lref": [6.832],
		"snr_ISO15739_at_13pct_Lref": [0.3749],
		"snr_dB_ISO15739_at_13pct_Lref": [-8.522],
		"DynamicRange_at_density_2": [272.5],
		"DynamicRange_total": [0],
		"DynamicRange_from_slope_OD": [1.95],
		"DynamicRange_from_slope_EV": [6.474],
		"DynamicRange_from_slope_dB": [39],
		"SNR_BW_dB_RGBY": [6.53,11.01,8.683,12.68],
		"L_noise": [2.924,3.385,4.264,4.059,3.498],
		"a_noise": [7.754,8.636,10.96,10.99,9.44],
		"b_noise": [6.791,7.862,10.39,10.41,8.835],
		"Total_Lab_noise_unwtd": [10.71,12.16,15.69,15.67,13.39],
		"Total_ab_noise_unwtd": [10.31,11.68,15.1,15.14,12.93],
		"R_minus_Y_KK_noise": [0.0483,0.05181,0.06032,0.06336,0.05728],
		"B_minus_Y_KK_noise": [0.04703,0.05316,0.06523,0.06221,0.05295],
		"Y_Kelly_Keelan_noise": [0.03047,0.03435,0.03924,0.0359,0.03157],
		"Total_KK_noise": [0.04211,0.04666,0.05413,0.05244,0.04646],
		"Chroma_KK_noise": [0.02908,0.03158,0.03728,0.03822,0.03409],
		"Total_old_iso_noise": [0.05268,0.05788,0.06745,0.06691,0.05954],
		"Y_noise_from_YUV": [0.03046,0.03435,0.03924,0.0359,0.03157],
		"U_noise_from_YUV": [0.0221,0.02498,0.03065,0.02923,0.02488],