{
	"jsonResults": {
		"dateRun": "13-May-2025 14:35:16",
		"ini_time_size": "13-May-2025 14:33:28 17295B  MD5 = 74199a78dceed317b1c5ca86ccdbf34b",
		"version": "Imatest 24.2.6 Master Color/Tone Auto",
		"build": "2025-03-20",
		"image_file": "car_55.0 mm_1600ISO_-3EV_Dist2_OFF_Focused.tiff",
		"ColorSpace": "sRGB",
		"Reference": "Default values",
		"Ref_folder": "/usr/local/Imatest/v24.2/Master/",
		"Gamma": [0.4312],
		"patches_for_gamma_start_end": [1,5],
		"exposure_error_normalized_y_channel": [-0.262],
		"mean_camera_Saturation_Pct": ["_NaN_"],
		"mean_chroma_level_CPIQ_Pct": ["_NaN_"],
		"CPIQ_chroma_quality_loss_JND": ["_NaN_"],
		"CPIQ_exposure_quality_loss_JND": ["_NaN_"],
		"pixel_offset": [0],
		"mean_patch_size_pxls": [274,303],
		"roi_settings": "Recent ROI settings are in roi, nwid_save, nht_save, fillf, and distort (same names as ini file)",
		"roi": [3013,1351,4727,1725,3013,1727,4727,1343],
		"nwid_save": [6024],
		"nht_save": [4020],
		"fillf": [0.8],
		"distort": [0],
		"grayscale_zone": [1,2,3,4,5],
		"grayscale_minus_log_exposure": [2,1.513,1.025,0.5375,0.05],
		"grayscale_Y_reflectivity": [0.01,0.03073,0.09441,0.2901,0.8913],
		"grayscale_Y_Printer_pixel_gamma22": [33.13,55.18,91.91,153.1,255],
		"grayscale_Y_density": [0.6047,0.7356,0.9458,1.283,1.669],
		"grayscale_R_density": [0.6003,0.734,0.9519,1.244,1.457],
		"grayscale_G_density": [0.6075,0.7368,0.9446,1.298,1.776],
		"grayscale_B_density": [0.5903,0.7281,0.9399,1.257,1.55],
		"grayscale_Y_mean": [63.37,46.88,28.89,13.28,5.466],
		"grayscale_R_mean": [64.01,47.05,28.48,14.54,8.899],
		"grayscale_G_mean": [62.96,46.74,28.97,12.83,4.273],
		"grayscale_B_mean": [65.5,47.7,29.28,14.11,7.187],
		"White_Bal_error_Degrees": [236.1,123.8,184.9,-90.54,-1119],
		"White_Bal_error_Mired": [-5.393,-2.875,-4.256,2.173,32],
		"White_Bal_error_S_HSV": [0.03875,0.02002,0.0273,0.1179,0.5198],
		"White_Bal_error_Delta_C_ab": [1.728,0.6738,0.3347,0.859,1.751],
		"White_Bal_error_Delta_C_94": [1.728,0.6738,0.3347,0.859,1.751],
		"White_Bal_error_Delta_C_00": [1.977,0.773,0.3703,1.178,2.381],
		"n_Patch": [1,2,3,4,5],
		"n_Row": [1,1,1,1,1],
		"n_Column": [1,2,3,4,5],
		"width_pixels": [275,276,275,275,275],
		"height_pixels": [305,305,305,305,305],
		"Pixels_total": [83875,84180,83875,83875,83875],
		"R_reference": [242.4,146.6,86.6,49.01,25.46],
		"G_reference": [242.4,146.6,86.6,49.01,25.46],
		"B_reference": [242.4,146.6,86.6,49.01,25.46],
		"R_input": [64.01,47.05,28.48,14.54,8.899],
		"G_input": [62.96,46.74,28.97,12.83,4.273],
		"B_input": [65.5,47.7,29.28,14.11,7.187],
		"L_reference": [95.63,60.79,36.82,20.33,8.991],
		"a_reference": [0,0,0,0,0],
		"b_reference": [0,0,0,0,0],
		"L_input": [26.82,19.34,10.71,3.732,1.499],
		"a_input": [1.018,0.3632,-0.1482,0.7625,1.615],
		"b_input": [-1.397,-0.5676,-0.3001,-0.3955,-0.6773],
		"x_reference": [0.3127,0.3127,0.3127,0.3127,0.3127],
		"y_reference": [0.329,0.329,0.329,0.329,0.329],
		"Y_reference": [0.8913,0.2901,0.09441,0.03073,0.01],
		"x_input": [0.3099,0.3111,0.3097,0.3159,0.3335],
		"y_input": [0.3207,0.325,0.3271,0.3173,0.2807],
		"Y_input": [0.05029,0.02829,0.01221,0.004132,0.001659],
		"LUV_comment": "L2 is used to differentiate between the L in LAB and L in LUV.",
		"L2_reference": [805.1,262,85.28,27.75,9.033],
		"U_reference": [0.1978,0.1978,0.1978,0.1978,0.1978],
		"V_reference": [0.4683,0.4683,0.4683,0.4683,0.4683],
		"L2_input": [45.42,25.55,11.03,3.732,1.499],
		"U_input": [0.199,0.1982,0.1965,0.2046,0.234],
		"V_input": [0.4634,0.4659,0.4669,0.4624,0.4431],
		"patch_numbers_for_all_Delta_E_C": [1,2,3,4,5],
		"Delta_E_all": [68.8,41.4,26.1,16.6,7.69],
		"Delta_C_all": [1.73,0.674,0.335,0.859,1.75],
		"Delta_E94_all": [68.8,41.4,26.1,16.6,7.69],
		"Delta_C94_all": [1.73,0.674,0.335,0.859,1.75],
		"Delta_E2000_all": [59.5,36.5,18.8,10.7,5.08],
		"Delta_C2000_all": [1.98,0.773,0.37,1.18,2.38],
		"Delta_L_all": [-68.8,-41.4,-26.1,-16.6,-7.49],
		"Delta_Chroma_all": [1.73,0.674,0.335,0.859,1.75],
		"Delta_Hue_Distance_all": [0,0,0,0,0],
		"Delta_Hue_Degrees_all": [0,0,0,0,0],
		"sat_corr_comment": "sat_corr explained on https://www.imatest.com/docs/colorcheck/#satcorr - not recommended.",
		"Delta_C_all_sat_corr": ["_NaN_","_NaN_","_NaN_","_NaN_","_NaN_"],
		"Delta_C94_all_sat_corr": ["_NaN_","_NaN_","_NaN_","_NaN_","_NaN_"],
		"Delta_C2000_all_sat_corr": ["_NaN_","_NaN_","_NaN_","_NaN_","_NaN_"],
		"grayscale_patch_numbers": [1,2,3,4,5],
		"Delta_E": [68.8,41.4,26.1,16.6,7.69],
		"Delta_C": [1.73,0.674,0.335,0.859,1.75],
		"Delta_E94": [68.8,41.4,26.1,16.6,7.69],
		"Delta_C94": [1.73,0.674,0.335,0.859,1.75],
		"Delta_E2000": [59.5,36.5,18.8,10.7,5.08],
		"Delta_C2000": [1.98,0.773,0.37,1.18,2.38],
		"Delta_L": [-68.8,-41.4,-26.1,-16.6,-7.49],
		"Delta_Chroma": [1.73,0.674,0.335,0.859,1.75],
		"Delta_Hue_Distance": [0,0,0,0,0],
		"Delta_Hue_Degrees": [0,0,0,0,0],
		"mean_Delta_E": [32.1],
		"mean_Delta_C": [1.07],
		"mean_Delta_E94": [32.1],
		"mean_Delta_C94": [1.07],
		"mean_Delta_E2000": [26.1],
		"mean_Delta_C2000": [1.34],
		"mean_Delta_L": [-32.1],
		"mean_Delta_Chroma": [1.07],
		"mean_Delta_Hue_Distance": [0],
		"mean_Delta_Hue_Degrees": [0],
		"mean_Delta_C_sat_corr": ["_NaN_"],
		"mean_Delta_C94_sat_corr": ["_NaN_"],
		"mean_Delta_C2000_sat_corr": ["_NaN_"],
		"max_Delta_E": [68.8],
		"max_Delta_C": [1.75],
		"max_Delta_E94": [68.8],
		"max_Delta_C94": [1.75],
		"max_Delta_E2000": [59.5],
		"max_Delta_C2000": [2.38],
		"max_Delta_L": [-7.49],
		"max_Delta_Chroma": [1.75],
		"max_Delta_Hue_Distance": [0],
		"max_Delta_Hue_Degrees": [0],
		"max_Delta_C_sat_corr": ["_NaN_"],
		"max_Delta_C94_sat_corr": ["_NaN_"],
		"max_Delta_C2000_sat_corr": ["_NaN_"],
		"mean_RegionSize": [83660.8],
		"Sequence_dark_to_light": [5,4,3,2,1],
		"Patch_number": [5,4,3,2,1],
		"R_noise": [0.03343,0.04131,0.04362,0.03486,0.03048],
		"G_noise": [0.01985,0.02894,0.02484,0.01989,0.01836],
		"B_noise": [0.02698,0.03538,0.0334,0.02621,0.02344],
		"R_SNR_ratio": [1.044,1.38,2.561,5.293,8.235],
		"G_SNR_ratio": [0.8441,1.738,4.573,9.216,13.45],
		"B_SNR_ratio": [1.045,1.564,3.438,7.137,10.96],
		"R_SNR_dB": [0.3733,2.799,8.168,14.47,18.31],
		"G_SNR_dB": [-1.473,4.801,13.2,19.29,22.57],
		"B_SNR_dB": [0.3796,3.885,10.73,17.07,20.8],
		"Gb_noise": [0.01687,0.02341,0.02071,0.01661,0.01522],
		"Gb_SNR_ratio": [1.271,2.226,5.471,11.07,16.33],
		"Gb_SNR_dB": [2.082,6.949,14.76,20.88,24.26],
		"Y_f_stop_SNR_ratio": [2.624,2.513,1.964,1.212,1.122],
		"Y_f_stop_SNR_dB": [8.381,8.005,5.862,1.667,1.003],
		"quality_levels_for_DR": [
				"Low,",
				"Medium,",
				"M-H,",
				"High,"
		],
		"SigNoise_levels_for_DR": [1,0.5,0.25,0.1],
		"Dynamic_Range_f_stops": [0,3.105,0,0],
		"Dynamic_Range_dB": [0,18.69,0,0],
		"noise_ISO15739_pct": [0.3726,0.6825,1.276,2.313,2.904],
		"snr_ISO15739": [0.4454,0.6054,0.9566,1.223,1.732],
		"noise_pct_ISO15739_at_13pct_Lref": [2.594],
		"snr_ISO15739_at_13pct_Lref": [1.465],
		"snr_dB_ISO15739_at_13pct_Lref": [3.317],
		"DynamicRange_at_density_2": [1133],
		"DynamicRange_total": [37.24],
		"DynamicRange_from_slope_OD": [1.95],
		"DynamicRange_from_slope_EV": [6.474],
		"DynamicRange_from_slope_dB": [39],
		"SNR_BW_dB_RGBY": [15.02,19.89,17.49,21.46],
		"L_noise": [1.296,2.108,2.467,1.933,1.7],
		"a_noise": [3.668,5.708,6.869,5.358,4.617],
		"b_noise": [3.306,5.375,6.413,5.011,4.313],
		"Total_Lab_noise_unwtd": [5.105,8.119,9.716,7.586,6.543],
		"Total_ab_noise_unwtd": [4.937,7.84,9.397,7.336,6.318],
		"R_minus_Y_KK_noise": [0.02855,0.03677,0.03744,0.02992,0.02634],
		"B_minus_Y_KK_noise": [0.02789,0.03934,0.03673,0.02879,0.02588],
		"Y_Kelly_Keelan_noise": [0.01687,0.02341,0.02071,0.01661,0.01522],
		"Total_KK_noise": [0.02409,0.03258,0.03064,0.02446,0.022],
		"Chroma_KK_noise": [0.0172,0.02266,0.02258,0.01796,0.01589],
		"Total_old_iso_noise": [0.0305,0.04075,0.03927,0.03132,0.02798],
		"Y_noise_from_YUV": [0.01686,0.0234,0.02071,0.01661,0.01521],
		"U_noise_from_YUV": [0.0131,0.01849,0.01726,0.01353,0.01216],