{
	"jsonResults": {
		"dateRun": "13-May-2025 14:35:16",
		"ini_time_size": "13-May-2025 14:33:28 17295B  MD5 = 74199a78dceed317b1c5ca86ccdbf34b",
		"version": "Imatest 24.2.6 Master Color/Tone Auto",
		"build": "2025-03-20",
		"image_file": "car_55.0 mm_25600ISO_-2EV_Dist2_OFF_Defocus1.tiff",
		"ColorSpace": "sRGB",
		"Reference": "Default values",
		"Ref_folder": "/usr/local/Imatest/v24.2/Master/",
		"Gamma": [0.3906],
		"patches_for_gamma_start_end": [1,5],
		"exposure_error_normalized_y_channel": [-0.257],
		"mean_camera_Saturation_Pct": ["_NaN_"],
		"mean_chroma_level_CPIQ_Pct": ["_NaN_"],
		"CPIQ_chroma_quality_loss_JND": ["_NaN_"],
		"CPIQ_exposure_quality_loss_JND": ["_NaN_"],
		"pixel_offset": [0],
		"mean_patch_size_pxls": [274,303],
		"roi_settings": "Recent ROI settings are in roi, nwid_save, nht_save, fillf, and distort (same names as ini file)",
		"roi": [3013,1351,4727,1725,3013,1727,4727,1343],
		"nwid_save": [6024],
		"nht_save": [4020],
		"fillf": [0.8],
		"distort": [0],
		"grayscale_zone": [1,2,3,4,5],
		"grayscale_minus_log_exposure": [2,1.513,1.025,0.5375,0.05],
		"grayscale_Y_reflectivity": [0.01,0.03073,0.09441,0.2901,0.8913],
		"grayscale_Y_Printer_pixel_gamma22": [33.13,55.18,91.91,153.1,255],
		"grayscale_Y_density": [0.5566,0.7013,0.8917,1.063,1.153],
		"grayscale_R_density": [0.5683,0.7009,0.8148,0.8889,0.9362],
		"grayscale_G_density": [0.5557,0.7027,0.921,1.146,1.264],
		"grayscale_B_density": [0.5325,0.6883,0.8599,0.9663,1.033],
		"grayscale_Y_mean": [70.79,50.73,32.72,22.03,17.92],
		"grayscale_R_mean": [68.91,50.77,39.06,32.94,29.54],
		"grayscale_G_mean": [70.94,50.56,30.59,18.24,13.89],
		"grayscale_B_mean": [74.83,52.27,35.21,27.56,23.63],
		"White_Bal_error_Degrees": [777.6,261.8,-762.7,-1752,-2324],
		"White_Bal_error_Mired": [-16.44,-5.956,20.45,56.77,85.64],
		"White_Bal_error_S_HSV": [0.0791,0.03264,0.2169,0.4462,0.5297],
		"White_Bal_error_Delta_C_ab": [2.626,1.161,5.357,10.13,9.783],
		"White_Bal_error_Delta_C_94": [2.626,1.161,5.357,10.13,9.783],
		"White_Bal_error_Delta_C_00": [2.48,1.249,6.66,11.02,10.77],
		"n_Patch": [1,2,3,4,5],
		"n_Row": [1,1,1,1,1],
		"n_Column": [1,2,3,4,5],
		"width_pixels": [275,276,275,275,275],
		"height_pixels": [305,305,305,305,305],
		"Pixels_total": [83875,84180,83875,83875,83875],
		"R_reference": [242.4,146.6,86.6,49.01,25.46],
		"G_reference": [242.4,146.6,86.6,49.01,25.46],
		"B_reference": [242.4,146.6,86.6,49.01,25.46],
		"R_input": [68.91,50.77,39.06,32.94,29.54],
		"G_input": [70.94,50.56,30.59,18.24,13.89],
		"B_input": [74.83,52.27,35.21,27.56,23.63],
		"L_reference": [95.63,60.79,36.82,20.33,8.991],
		"a_reference": [0,0,0,0,0],
		"b_reference": [0,0,0,0,0],
		"L_input": [30.07,21.12,12.7,7.628,5.824],
		"a_input": [0.06141,0.4935,5.114,9.502,9.251],
		"b_input": [-2.625,-1.051,-1.594,-3.505,-3.18],
		"x_reference": [0.3127,0.3127,0.3127,0.3127,0.3127],
		"y_reference": [0.329,0.329,0.329,0.329,0.329],
		"Y_reference": [0.8913,0.2901,0.09441,0.03073,0.01],
		"x_input": [0.3019,0.3092,0.3282,0.3416,0.3483],
		"y_input": [0.3173,0.3223,0.3057,0.2748,0.2678],
		"Y_input": [0.06266,0.03278,0.01514,0.008445,0.006448],
		"LUV_comment": "L2 is used to differentiate between the L in LAB and L in LUV.",
		"L2_reference": [805.1,262,85.28,27.75,9.033],
		"U_reference": [0.1978,0.1978,0.1978,0.1978,0.1978],
		"V_reference": [0.4683,0.4683,0.4683,0.4683,0.4683],
		"L2_input": [56.6,29.61,13.67,7.628,5.824],
		"U_input": [0.1946,0.1979,0.2183,0.2434,0.2525],
		"V_input": [0.4603,0.4642,0.4577,0.4405,0.4369],
		"patch_numbers_for_all_Delta_E_C": [1,2,3,4,5],
		"Delta_E_all": [65.6,39.7,24.7,16.2,10.3],
		"Delta_C_all": [2.63,1.16,5.36,10.1,9.78],
		"Delta_E94_all": [65.6,39.7,24.7,16.2,10.3],
		"Delta_C94_all": [2.63,1.16,5.36,10.1,9.78],
		"Delta_E2000_all": [55.5,35.4,18.8,13.8,10.9],
		"Delta_C2000_all": [2.48,1.25,6.66,11,10.8],
		"Delta_L_all": [-65.6,-39.7,-24.1,-12.7,-3.17],
		"Delta_Chroma_all": [2.63,1.16,5.36,10.1,9.78],
		"Delta_Hue_Distance_all": [0,0,0,0,0],
		"Delta_Hue_Degrees_all": [0,0,0,0,0],
		"sat_corr_comment": "sat_corr explained on https://www.imatest.com/docs/colorcheck/#satcorr - not recommended.",
		"Delta_C_all_sat_corr": ["_NaN_","_NaN_","_NaN_","_NaN_","_NaN_"],
		"Delta_C94_all_sat_corr": ["_NaN_","_NaN_","_NaN_","_NaN_","_NaN_"],
		"Delta_C2000_all_sat_corr": ["_NaN_","_NaN_","_NaN_","_NaN_","_NaN_"],
		"grayscale_patch_numbers": [1,2,3,4,5],
		"Delta_E": [65.6,39.7,24.7,16.2,10.3],
		"Delta_C": [2.63,1.16,5.36,10.1,9.78],
		"Delta_E94": [65.6,39.7,24.7,16.2,10.3],
		"Delta_C94": [2.63,1.16,5.36,10.1,9.78],
		"Delta_E2000": [55.5,35.4,18.8,13.8,10.9],
		"Delta_C2000": [2.48,1.25,6.66,11,10.8],
		"Delta_L": [-65.6,-39.7,-24.1,-12.7,-3.17],
		"Delta_Chroma": [2.63,1.16,5.36,10.1,9.78],
		"Delta_Hue_Distance": [0,0,0,0,0],
		"Delta_Hue_Degrees": [0,0,0,0,0],
		"mean_Delta_E": [31.3],
		"mean_Delta_C": [5.81],
		"mean_Delta_E94": [31.3],
		"mean_Delta_C94": [5.81],
		"mean_Delta_E2000": [26.9],
		"mean_Delta_C2000": [6.44],
		"mean_Delta_L": [-29],
		"mean_Delta_Chroma": [5.81],
		"mean_Delta_Hue_Distance": [0],
		"mean_Delta_Hue_Degrees": [0],
		"mean_Delta_C_sat_corr": ["_NaN_"],
		"mean_Delta_C94_sat_corr": ["_NaN_"],
		"mean_Delta_C2000_sat_corr": ["_NaN_"],
		"max_Delta_E": [65.6],
		"max_Delta_C": [10.1],
		"max_Delta_E94": [65.6],
		"max_Delta_C94": [10.1],
		"max_Delta_E2000": [55.5],
		"max_Delta_C2000": [11],
		"max_Delta_L": [-3.17],
		"max_Delta_Chroma": [10.1],
		"max_Delta_Hue_Distance": [0],
		"max_Delta_Hue_Degrees": [0],
		"max_Delta_C_sat_corr": ["_NaN_"],
		"max_Delta_C94_sat_corr": ["_NaN_"],
		"max_Delta_C2000_sat_corr": ["_NaN_"],
		"mean_RegionSize": [83660.8],
		"Sequence_dark_to_light": [5,4,3,2,1],
		"Patch_number": [5,4,3,2,1],
		"R_noise": [0.1005,0.106,0.1154,0.1256,0.1251],
		"G_noise": [0.06966,0.07828,0.09199,0.09262,0.0792],
		"B_noise": [0.0851,0.09119,0.1015,0.1072,0.09055],
		"R_SNR_ratio": [1.153,1.219,1.328,1.586,2.16],
		"G_SNR_ratio": [0.7822,0.9138,1.304,2.141,3.512],
		"B_SNR_ratio": [1.089,1.185,1.361,1.912,3.241],
		"R_SNR_dB": [1.237,1.719,2.463,4.004,6.687],
		"G_SNR_dB": [-2.134,-0.7833,2.306,6.612,10.91],
		"B_SNR_dB": [0.7395,1.475,2.676,5.632,10.21],
		"Gb_noise": [0.05783,0.06386,0.07385,0.07454,0.06562],
		"Gb_SNR_ratio": [1.215,1.353,1.738,2.669,4.23],
		"Gb_SNR_dB": [1.693,2.626,4.8,8.527,12.53],
		"Y_f_stop_SNR_ratio": [0.74,0.6182,0.4705,0.2806,0.1723],
		"Y_f_stop_SNR_dB": [-2.615,-4.178,-6.55,-11.04,-15.27],
		"quality_levels_for_DR": [
				"Low,",
				"Medium,",
				"M-H,",
				"High,"
		],
		"SigNoise_levels_for_DR": [1,0.5,0.25,0.1],
		"Dynamic_Range_f_stops": [0,0,0,0],
		"Dynamic_Range_dB": [0,0,0,0],
		"noise_ISO15739_pct": [1.831,2.422,4.681,8.56,9.345],
		"snr_ISO15739": [0.3521,0.3487,0.3234,0.383,0.6705],
		"noise_pct_ISO15739_at_13pct_Lref": [9.041],
		"snr_ISO15739_at_13pct_Lref": [0.5592],
		"snr_dB_ISO15739_at_13pct_Lref": [-5.049],
		"DynamicRange_at_density_2": [271.6],
		"DynamicRange_total": [0],
		"DynamicRange_from_slope_OD": [1.95],
		"DynamicRange_from_slope_EV": [6.474],
		"DynamicRange_from_slope_dB": [39],
		"SNR_BW_dB_RGBY": [3.651,6.295,5.027,8.181],
		"L_noise": [6.497,7.11,8.047,7.811,6.636],
		"a_noise": [14.82,16.03,17.88,18.45,16.29],
		"b_noise": [14.51,15.87,17.91,18.55,15.19],
		"Total_Lab_noise_unwtd": [21.74,23.65,26.56,27.3,23.24],
		"Total_ab_noise_unwtd": [20.74,22.56,25.31,26.16,22.28],
		"R_minus_Y_KK_noise": [0.08823,0.09507,0.1059,0.1134,0.1092],
		"B_minus_Y_KK_noise": [0.08926,0.09815,0.1127,0.1195,0.09888],
		"Y_Kelly_Keelan_noise": [0.05783,0.06386,0.07385,0.07454,0.06562],
		"Total_KK_noise": [0.07885,0.0863,0.09849,0.102,0.09217],
		"Chroma_KK_noise": [0.0536,0.05805,0.06517,0.06959,0.06472],
		"Total_old_iso_noise": [0.09799,0.1068,0.1211,0.1268,0.1162],
		"Y_noise_from_YUV": [0.05783,0.06386,0.07384,0.07453,0.06561],
		"U_noise_from_YUV": [0.04194,0.04612,0.05296,0.05614,0.04646],