{
	"jsonResults": {
		"dateRun": "07-May-2025 15:36:37",
		"ini_time_size": "07-May-2025 15:36:04 9257B  MD5 = e1370b7b989bd43030dac73709179a9e",
		"version": "Imatest 24.2.6 Master Color/Tone Auto",
		"build": "2025-03-20",
		"image_file": "car_55.0 mm_6400ISO_+1EV_Dist2_ON_Defocus1.tiff",
		"ColorSpace": "sRGB",
		"Reference": "Default values",
		"Ref_folder": "/usr/local/Imatest/v24.2/Master/",
		"Gamma": [0.3949],
		"patches_for_gamma_start_end": [1,5],
		"exposure_error_normalized_y_channel": [0.0345],
		"mean_camera_Saturation_Pct": ["_NaN_"],
		"mean_chroma_level_CPIQ_Pct": ["_NaN_"],
		"CPIQ_chroma_quality_loss_JND": ["_NaN_"],
		"CPIQ_exposure_quality_loss_JND": ["_NaN_"],
		"pixel_offset": [0],
		"mean_patch_size_pxls": [246,305],
		"roi_settings": "Recent ROI settings are in roi, nwid_save, nht_save, fillf, and distort (same names as ini file)",
		"roi": [2997,1320,4753,1747,2997,1752,4753,1307],
		"nwid_save": [6024],
		"nht_save": [4020],
		"fillf": [0.7],
		"distort": [0],
		"grayscale_zone": [1,2,3,4,5],
		"grayscale_minus_log_exposure": [2,1.513,1.025,0.5375,0.05],
		"grayscale_Y_reflectivity": [0.01,0.03073,0.09441,0.2901,0.8913],
		"grayscale_Y_Printer_pixel_gamma22": [33.13,55.18,91.91,153.1,255],
		"grayscale_Y_density": [0.108,0.2181,0.379,0.6032,0.9361],
		"grayscale_R_density": [0.1093,0.2217,0.3844,0.6096,0.9067],
		"grayscale_G_density": [0.1088,0.2176,0.3779,0.6017,0.9457],
		"grayscale_B_density": [0.09643,0.2133,0.3737,0.5988,0.9308],
		"grayscale_Y_mean": [198.9,154.3,106.6,63.59,29.54],
		"grayscale_R_mean": [198.3,153.1,105.2,62.65,31.61],
		"grayscale_G_mean": [198.5,154.5,106.8,63.8,28.9],
		"grayscale_B_mean": [204.2,156,107.9,64.23,29.91],
		"White_Bal_error_Degrees": [309.2,179.8,215.7,198.6,-336.8],
		"White_Bal_error_Mired": [-6.985,-4.141,-4.942,-4.562,8.407],
		"White_Bal_error_S_HSV": [0.02909,0.01914,0.0243,0.0247,0.08583],
		"White_Bal_error_Delta_C_ab": [3.052,1.02,0.8904,0.5843,1.563],
		"White_Bal_error_Delta_C_94": [3.052,1.02,0.8904,0.5843,1.563],
		"White_Bal_error_Delta_C_00": [3.025,1.026,0.9727,0.7142,2.214],
		"n_Patch": [1,2,3,4,5],
		"n_Row": [1,1,1,1,1],
		"n_Column": [1,2,3,4,5],
		"width_pixels": [247,247,247,247,246],
		"height_pixels": [307,307,307,307,308],
		"Pixels_total": [75829,75829,75829,75829,75768],
		"R_reference": [242.4,146.6,86.6,49.01,25.46],
		"G_reference": [242.4,146.6,86.6,49.01,25.46],
		"B_reference": [242.4,146.6,86.6,49.01,25.46],
		"R_input": [198.3,153.1,105.2,62.65,31.61],
		"G_input": [198.5,154.5,106.8,63.8,28.9],
		"B_input": [204.2,156,107.9,64.23,29.91],
		"L_reference": [95.63,60.79,36.82,20.33,8.991],
		"a_reference": [0,0,0,0,0],
		"b_reference": [0,0,0,0,0],
		"L_input": [80.2,63.72,45.05,26.91,11.05],
		"a_input": [0.9877,-0.2244,-0.3961,-0.3852,1.546],
		"b_input": [-2.888,-0.9947,-0.7975,-0.4394,-0.2289],
		"x_reference": [0.3127,0.3127,0.3127,0.3127,0.3127],
		"y_reference": [0.329,0.329,0.329,0.329,0.329],
		"Y_reference": [0.8913,0.2901,0.09441,0.03073,0.01],
		"x_input": [0.3084,0.3099,0.3092,0.3094,0.3196],
		"y_input": [0.3222,0.3267,0.3268,0.3276,0.3232],
		"Y_input": [0.5704,0.3246,0.1457,0.05062,0.01268],
		"LUV_comment": "L2 is used to differentiate between the L in LAB and L in LUV.",
		"L2_reference": [805.1,262,85.28,27.75,9.033],
		"U_reference": [0.1978,0.1978,0.1978,0.1978,0.1978],
		"V_reference": [0.4683,0.4683,0.4683,0.4683,0.4683],
		"L2_input": [515.2,293.2,131.7,45.73,11.45],
		"U_input": [0.1974,0.1967,0.1962,0.1961,0.2049],
		"V_input": [0.464,0.4667,0.4666,0.4671,0.4662],
		"patch_numbers_for_all_Delta_E_C": [1,2,3,4,5],
		"Delta_E_all": [15.7,3.11,8.28,6.6,2.58],
		"Delta_C_all": [3.05,1.02,0.89,0.584,1.56],
		"Delta_E94_all": [15.7,3.11,8.28,6.6,2.58],
		"Delta_C94_all": [3.05,1.02,0.89,0.584,1.56],
		"Delta_E2000_all": [10.3,2.7,7.4,4.79,2.56],
		"Delta_C2000_all": [3.02,1.03,0.973,0.714,2.21],
		"Delta_L_all": [-15.4,2.93,8.23,6.58,2.06],
		"Delta_Chroma_all": [3.05,1.02,0.89,0.584,1.56],
		"Delta_Hue_Distance_all": [0,0,0,0,0],
		"Delta_Hue_Degrees_all": [0,0,0,0,0],
		"sat_corr_comment": "sat_corr explained on https://www.imatest.com/docs/colorcheck/#satcorr - not recommended.",
		"Delta_C_all_sat_corr": ["_NaN_","_NaN_","_NaN_","_NaN_","_NaN_"],
		"Delta_C94_all_sat_corr": ["_NaN_","_NaN_","_NaN_","_NaN_","_NaN_"],
		"Delta_C2000_all_sat_corr": ["_NaN_","_NaN_","_NaN_","_NaN_","_NaN_"],
		"grayscale_patch_numbers": [1,2,3,4,5],
		"Delta_E": [15.7,3.11,8.28,6.6,2.58],
		"Delta_C": [3.05,1.02,0.89,0.584,1.56],
		"Delta_E94": [15.7,3.11,8.28,6.6,2.58],
		"Delta_C94": [3.05,1.02,0.89,0.584,1.56],
		"Delta_E2000": [10.3,2.7,7.4,4.79,2.56],
		"Delta_C2000": [3.02,1.03,0.973,0.714,2.21],
		"Delta_L": [-15.4,2.93,8.23,6.58,2.06],
		"Delta_Chroma": [3.05,1.02,0.89,0.584,1.56],
		"Delta_Hue_Distance": [0,0,0,0,0],
		"Delta_Hue_Degrees": [0,0,0,0,0],
		"mean_Delta_E": [7.26],
		"mean_Delta_C": [1.42],
		"mean_Delta_E94": [7.26],
		"mean_Delta_C94": [1.42],
		"mean_Delta_E2000": [5.55],
		"mean_Delta_C2000": [1.59],
		"mean_Delta_L": [0.873],
		"mean_Delta_Chroma": [1.42],
		"mean_Delta_Hue_Distance": [0],
		"mean_Delta_Hue_Degrees": [0],
		"mean_Delta_C_sat_corr": ["_NaN_"],
		"mean_Delta_C94_sat_corr": ["_NaN_"],
		"mean_Delta_C2000_sat_corr": ["_NaN_"],
		"max_Delta_E": [15.7],
		"max_Delta_C": [3.05],
		"max_Delta_E94": [15.7],
		"max_Delta_C94": [3.05],
		"max_Delta_E2000": [10.3],
		"max_Delta_C2000": [3.02],
		"max_Delta_L": [8.23],
		"max_Delta_Chroma": [3.05],
		"max_Delta_Hue_Distance": [0],
		"max_Delta_Hue_Degrees": [0],
		"max_Delta_C_sat_corr": ["_NaN_"],
		"max_Delta_C94_sat_corr": ["_NaN_"],
		"max_Delta_C2000_sat_corr": ["_NaN_"],
		"mean_RegionSize": [75570],
		"Sequence_dark_to_light": [5,4,3,2,1],
		"Patch_number": [5,4,3,2,1],
		"R_noise": [0.07995,0.07202,0.04934,0.04041,0.03642],
		"G_noise": [0.05723,0.03711,0.02905,0.026,0.02548],
		"B_noise": [0.06768,0.05041,0.03666,0.03092,0.02821],
		"R_SNR_ratio": [1.55,3.411,8.364,14.85,21.35],
		"G_SNR_ratio": [1.98,6.742,14.42,23.31,30.55],
		"B_SNR_ratio": [1.733,4.997,11.54,19.79,28.39],
		"R_SNR_dB": [3.809,10.66,18.45,23.44,26.59],
		"G_SNR_dB": [5.934,16.58,23.18,27.35,29.7],
		"B_SNR_dB": [4.775,13.97,21.24,25.93,29.06],
		"Gb_noise": [0.04639,0.0319,0.0243,0.02195,0.02161],
		"Gb_SNR_ratio": [2.498,7.816,17.2,27.56,36.09],
		"Gb_SNR_dB": [7.95,17.86,24.71,28.81,31.15],
		"Y_f_stop_SNR_ratio": [4.992,5.091,4.521,2.923,1.777],
		"Y_f_stop_SNR_dB": [13.97,14.14,13.1,9.315,4.993],
		"quality_levels_for_DR": [
				"Low,",
				"Medium,",
				"M-H,",
				"High,"
		],
		"SigNoise_levels_for_DR": [1,0.5,0.25,0.1],
		"Dynamic_Range_f_stops": [0,6.017,3.624,0],
		"Dynamic_Range_dB": [0,36.22,21.82,0],
		"noise_ISO15739_pct": [0.5363,0.5185,0.9816,2.157,2.916],
		"snr_ISO15739": [2.364,9.763,14.85,15.05,19.56],
		"noise_pct_ISO15739_at_13pct_Lref": [2.045],
		"snr_ISO15739_at_13pct_Lref": [15.03],
		"snr_dB_ISO15739_at_13pct_Lref": [23.54],
		"DynamicRange_at_density_2": [434.8],
		"DynamicRange_total": [0],
		"DynamicRange_from_slope_OD": [1.95],
		"DynamicRange_from_slope_EV": [6.474],
		"DynamicRange_from_slope_dB": [39],
		"SNR_BW_dB_RGBY": [22.36,26.2,24.69,27.66],
		"L_noise": [5.143,3.446,2.488,2.116,1.989],
		"a_noise": [12.78,9.557,6.709,5.173,4.457],
		"b_noise": [12.16,8.898,6.124,4.776,4.117],
		"Total_Lab_noise_unwtd": [18.37,13.5,9.419,7.352,6.385],
		"Total_ab_noise_unwtd": [17.64,13.06,9.084,7.041,6.067],
		"R_minus_Y_KK_noise": [0.0713,0.06065,0.04237,0.03438,0.0308],
		"B_minus_Y_KK_noise": [0.07492,0.05458,0.0401,0.03335,0.03013],
		"Y_Kelly_Keelan_noise": [0.04639,0.0319,0.0243,0.02195,0.02161],
		"Total_KK_noise": [0.06375,0.04802,0.03511,0.03016,0.02849],
		"Chroma_KK_noise": [0.04373,0.0359,0.02535,0.02068,0.01856],
		"Total_old_iso_noise": [0.07939,0.06204,0.04469,0.03764,0.03492],
		"Y_noise_from_YUV": [0.04638,0.0319,0.0243,0.02195,0.02161],
		"U_noise_from_YUV": [0.0352,0.02564,0.01884,0.01567,0.01416],