{
	"jsonResults": {
		"dateRun": "13-May-2025 14:35:16",
		"ini_time_size": "13-May-2025 14:33:28 17295B  MD5 = 74199a78dceed317b1c5ca86ccdbf34b",
		"version": "Imatest 24.2.6 Master Color/Tone Auto",
		"build": "2025-03-20",
		"image_file": "car_55.0 mm_6400ISO_-1EV_Dist2_ON_Defocus2.tiff",
		"ColorSpace": "sRGB",
		"Reference": "Default values",
		"Ref_folder": "/usr/local/Imatest/v24.2/Master/",
		"Gamma": [0.365],
		"patches_for_gamma_start_end": [1,5],
		"exposure_error_normalized_y_channel": [-0.211],
		"mean_camera_Saturation_Pct": ["_NaN_"],
		"mean_chroma_level_CPIQ_Pct": ["_NaN_"],
		"CPIQ_chroma_quality_loss_JND": ["_NaN_"],
		"CPIQ_exposure_quality_loss_JND": ["_NaN_"],
		"pixel_offset": [0],
		"mean_patch_size_pxls": [274,303],
		"roi_settings": "Recent ROI settings are in roi, nwid_save, nht_save, fillf, and distort (same names as ini file)",
		"roi": [3013,1351,4727,1725,3013,1727,4727,1343],
		"nwid_save": [6024],
		"nht_save": [4020],
		"fillf": [0.8],
		"distort": [0],
		"grayscale_zone": [1,2,3,4,5],
		"grayscale_minus_log_exposure": [2,1.513,1.025,0.5375,0.05],
		"grayscale_Y_reflectivity": [0.01,0.03073,0.09441,0.2901,0.8913],
		"grayscale_Y_Printer_pixel_gamma22": [33.13,55.18,91.91,153.1,255],
		"grayscale_Y_density": [0.3926,0.5059,0.6838,0.9347,1.117],
		"grayscale_R_density": [0.3949,0.5129,0.6997,0.9323,1.051],
		"grayscale_G_density": [0.3937,0.5048,0.6805,0.9362,1.144],
		"grayscale_B_density": [0.3752,0.4962,0.6714,0.9265,1.07],
		"grayscale_Y_mean": [103.3,79.55,52.81,29.64,19.48],
		"grayscale_R_mean": [102.7,78.27,50.92,29.8,22.65],
		"grayscale_G_mean": [103,79.75,53.21,29.53,18.31],
		"grayscale_B_mean": [107.5,81.34,54.34,30.2,21.69],
		"White_Bal_error_Degrees": [458.4,336,511,110.2,-170.6],
		"White_Bal_error_Mired": [-10.14,-7.562,-11.21,-2.565,4.147],
		"White_Bal_error_S_HSV": [0.04424,0.03776,0.06307,0.02214,0.1914],
		"White_Bal_error_Delta_C_ab": [2.685,1.177,1.28,0.5104,3.001],
		"White_Bal_error_Delta_C_94": [2.685,1.177,1.28,0.5104,3.001],
		"White_Bal_error_Delta_C_00": [2.671,1.177,1.462,0.5995,3.848],
		"n_Patch": [1,2,3,4,5],
		"n_Row": [1,1,1,1,1],
		"n_Column": [1,2,3,4,5],
		"width_pixels": [275,276,275,275,275],
		"height_pixels": [305,305,305,305,305],
		"Pixels_total": [83875,84180,83875,83875,83875],
		"R_reference": [242.4,146.6,86.6,49.01,25.46],
		"G_reference": [242.4,146.6,86.6,49.01,25.46],
		"B_reference": [242.4,146.6,86.6,49.01,25.46],
		"R_input": [102.7,78.27,50.92,29.8,22.65],
		"G_input": [103,79.75,53.21,29.53,18.31],
		"B_input": [107.5,81.34,54.34,30.2,21.69],
		"L_reference": [95.63,60.79,36.82,20.33,8.991],
		"a_reference": [0,0,0,0,0],
		"b_reference": [0,0,0,0,0],
		"L_input": [43.71,33.84,22.08,11.08,6.121],
		"a_input": [0.8318,-0.2454,-0.7197,0.295,2.644],
		"b_input": [-2.553,-1.151,-1.058,-0.4166,-1.42],
		"x_reference": [0.3127,0.3127,0.3127,0.3127,0.3127],
		"y_reference": [0.329,0.329,0.329,0.329,0.329],
		"Y_reference": [0.8913,0.2901,0.09441,0.03073,0.01],
		"x_input": [0.3065,0.3075,0.3045,0.3114,0.3187],
		"y_input": [0.3193,0.3246,0.3246,0.3251,0.3048],
		"Y_input": [0.1364,0.07931,0.03537,0.01273,0.006777],
		"LUV_comment": "L2 is used to differentiate between the L in LAB and L in LUV.",
		"L2_reference": [805.1,262,85.28,27.75,9.033],
		"U_reference": [0.1978,0.1978,0.1978,0.1978,0.1978],
		"V_reference": [0.4683,0.4683,0.4683,0.4683,0.4683],
		"L2_input": [123.2,71.64,31.95,11.5,6.121],
		"U_input": [0.1971,0.1958,0.1938,0.1984,0.2118],
		"V_input": [0.4621,0.4652,0.4648,0.466,0.4557],
		"patch_numbers_for_all_Delta_E_C": [1,2,3,4,5],
		"Delta_E_all": [52,27,14.8,9.26,4.15],
		"Delta_C_all": [2.69,1.18,1.28,0.51,3],
		"Delta_E94_all": [52,27,14.8,9.26,4.15],
		"Delta_C94_all": [2.69,1.18,1.28,0.51,3],
		"Delta_E2000_all": [40.4,26.4,11.4,6.15,4.23],
		"Delta_C2000_all": [2.67,1.18,1.46,0.6,3.85],
		"Delta_L_all": [-51.9,-26.9,-14.7,-9.25,-2.87],
		"Delta_Chroma_all": [2.69,1.18,1.28,0.51,3],
		"Delta_Hue_Distance_all": [0,0,0,0,0],
		"Delta_Hue_Degrees_all": [0,0,0,0,0],
		"sat_corr_comment": "sat_corr explained on https://www.imatest.com/docs/colorcheck/#satcorr - not recommended.",
		"Delta_C_all_sat_corr": ["_NaN_","_NaN_","_NaN_","_NaN_","_NaN_"],
		"Delta_C94_all_sat_corr": ["_NaN_","_NaN_","_NaN_","_NaN_","_NaN_"],
		"Delta_C2000_all_sat_corr": ["_NaN_","_NaN_","_NaN_","_NaN_","_NaN_"],
		"grayscale_patch_numbers": [1,2,3,4,5],
		"Delta_E": [52,27,14.8,9.26,4.15],
		"Delta_C": [2.69,1.18,1.28,0.51,3],
		"Delta_E94": [52,27,14.8,9.26,4.15],
		"Delta_C94": [2.69,1.18,1.28,0.51,3],
		"Delta_E2000": [40.4,26.4,11.4,6.15,4.23],
		"Delta_C2000": [2.67,1.18,1.46,0.6,3.85],
		"Delta_L": [-51.9,-26.9,-14.7,-9.25,-2.87],
		"Delta_Chroma": [2.69,1.18,1.28,0.51,3],
		"Delta_Hue_Distance": [0,0,0,0,0],
		"Delta_Hue_Degrees": [0,0,0,0,0],
		"mean_Delta_E": [21.4],
		"mean_Delta_C": [1.73],
		"mean_Delta_E94": [21.4],
		"mean_Delta_C94": [1.73],
		"mean_Delta_E2000": [17.7],
		"mean_Delta_C2000": [1.95],
		"mean_Delta_L": [-21.1],
		"mean_Delta_Chroma": [1.73],
		"mean_Delta_Hue_Distance": [0],
		"mean_Delta_Hue_Degrees": [0],
		"mean_Delta_C_sat_corr": ["_NaN_"],
		"mean_Delta_C94_sat_corr": ["_NaN_"],
		"mean_Delta_C2000_sat_corr": ["_NaN_"],
		"max_Delta_E": [52],
		"max_Delta_C": [3],
		"max_Delta_E94": [52],
		"max_Delta_C94": [3],
		"max_Delta_E2000": [40.4],
		"max_Delta_C2000": [3.85],
		"max_Delta_L": [-2.87],
		"max_Delta_Chroma": [3],
		"max_Delta_Hue_Distance": [0],
		"max_Delta_Hue_Degrees": [0],
		"max_Delta_C_sat_corr": ["_NaN_"],
		"max_Delta_C94_sat_corr": ["_NaN_"],
		"max_Delta_C2000_sat_corr": ["_NaN_"],
		"mean_RegionSize": [83660.8],
		"Sequence_dark_to_light": [5,4,3,2,1],
		"Patch_number": [5,4,3,2,1],
		"R_noise": [0.06477,0.07078,0.06755,0.05423,0.04799],
		"G_noise": [0.04794,0.04941,0.03693,0.03097,0.03017],
		"B_noise": [0.05572,0.06017,0.04894,0.03951,0.03663],
		"R_SNR_ratio": [1.371,1.651,2.956,5.66,8.394],
		"G_SNR_ratio": [1.498,2.344,5.652,10.1,13.39],
		"B_SNR_ratio": [1.527,1.969,4.354,8.074,11.51],
		"R_SNR_dB": [2.743,4.355,9.413,15.06,18.48],
		"G_SNR_dB": [3.511,7.4,15.04,20.09,22.53],
		"B_SNR_dB": [3.675,5.883,12.78,18.14,21.22],
		"Gb_noise": [0.04057,0.04063,0.03147,0.02635,0.02584],
		"Gb_SNR_ratio": [1.883,2.861,6.58,11.84,15.67],
		"Gb_SNR_dB": [5.496,9.13,16.36,21.47,23.9],
		"Y_f_stop_SNR_ratio": [2.223,2.319,1.92,0.9932,0.6063],
		"Y_f_stop_SNR_dB": [6.938,7.305,5.666,-0.05951,-4.346],
		"quality_levels_for_DR": [
				"Low,",
				"Medium,",
				"M-H,",
				"High,"
		],
		"SigNoise_levels_for_DR": [1,0.5,0.25,0.1],
		"Dynamic_Range_f_stops": [4.836,2.862,0,0],
		"Dynamic_Range_dB": [29.11,17.23,0,0],
		"noise_ISO15739_pct": [0.5318,0.6906,1.091,2.055,2.785],
		"snr_ISO15739": [1.274,1.843,3.243,3.86,4.898],
		"noise_pct_ISO15739_at_13pct_Lref": [2.531],
		"snr_ISO15739_at_13pct_Lref": [4.536],
		"snr_dB_ISO15739_at_13pct_Lref": [13.13],
		"DynamicRange_at_density_2": [988.1],
		"DynamicRange_total": [0],
		"DynamicRange_from_slope_OD": [1.95],
		"DynamicRange_from_slope_EV": [6.474],
		"DynamicRange_from_slope_dB": [39],
		"SNR_BW_dB_RGBY": [14.53,19.39,17.28,20.8],
		"L_noise": [4.311,4.55,3.493,2.812,2.664],
		"a_noise": [9.427,11.2,9.363,7.407,6.457],
		"b_noise": [8.786,10.69,8.852,6.913,5.949],
		"Total_Lab_noise_unwtd": [13.59,16.14,13.35,10.52,9.175],
		"Total_ab_noise_unwtd": [12.89,15.48,12.88,10.13,8.779],
		"R_minus_Y_KK_noise": [0.05532,0.06198,0.0571,0.04576,0.0402],
		"B_minus_Y_KK_noise": [0.05676,0.06529,0.05299,0.04322,0.03876],
		"Y_Kelly_Keelan_noise": [0.04057,0.04063,0.03147,0.02635,0.02584],
		"Total_KK_noise": [0.05276,0.05566,0.04634,0.03798,0.03536],
		"Chroma_KK_noise": [0.03373,0.03804,0.03401,0.02736,0.02415],
		"Total_old_iso_noise": [0.06419,0.06922,0.05938,0.0483,0.04407],
		"Y_noise_from_YUV": [0.04057,0.04062,0.03147,0.02634,0.02583],
		"U_noise_from_YUV": [0.02667,0.03068,0.0249,0.02031,0.01821],
		"V_noise_from_YUV": [0.0432,0.0484,0.04459,0.03574,0.03139],