{
	"jsonResults": {
		"dateRun": "13-May-2025 14:35:16",
		"ini_time_size": "13-May-2025 14:33:28 17295B  MD5 = 74199a78dceed317b1c5ca86ccdbf34b",
		"version": "Imatest 24.2.6 Master Color/Tone Auto",
		"build": "2025-03-20",
		"image_file": "car_55.0 mm_100ISO_-1EV_Dist2_OFF_Defocus2.tiff",
		"ColorSpace": "sRGB",
		"Reference": "Default values",
		"Ref_folder": "/usr/local/Imatest/v24.2/Master/",
		"Gamma": [0.3526],
		"patches_for_gamma_start_end": [1,5],
		"exposure_error_normalized_y_channel": [-0.218],
		"mean_camera_Saturation_Pct": ["_NaN_"],
		"mean_chroma_level_CPIQ_Pct": ["_NaN_"],
		"CPIQ_chroma_quality_loss_JND": ["_NaN_"],
		"CPIQ_exposure_quality_loss_JND": ["_NaN_"],
		"pixel_offset": [0],
		"mean_patch_size_pxls": [274,303],
		"roi_settings": "Recent ROI settings are in roi, nwid_save, nht_save, fillf, and distort (same names as ini file)",
		"roi": [3013,1351,4727,1725,3013,1727,4727,1343],
		"nwid_save": [6024],
		"nht_save": [4020],
		"fillf": [0.8],
		"distort": [0],
		"grayscale_zone": [1,2,3,4,5],
		"grayscale_minus_log_exposure": [2,1.513,1.025,0.5375,0.05],
		"grayscale_Y_reflectivity": [0.01,0.03073,0.09441,0.2901,0.8913],
		"grayscale_Y_Printer_pixel_gamma22": [33.13,55.18,91.91,153.1,255],
		"grayscale_Y_density": [0.412,0.5254,0.6973,0.9307,1.146],
		"grayscale_R_density": [0.4135,0.5278,0.699,0.9276,1.143],
		"grayscale_G_density": [0.4125,0.5251,0.6974,0.9321,1.147],
		"grayscale_B_density": [0.4022,0.5222,0.6916,0.9258,1.137],
		"grayscale_Y_mean": [98.76,76.05,51.19,29.91,18.23],
		"grayscale_R_mean": [98.4,75.64,50.99,30.13,18.33],
		"grayscale_G_mean": [98.64,76.11,51.18,29.81,18.16],
		"grayscale_B_mean": [101,76.63,51.88,30.25,18.59],
		"White_Bal_error_Degrees": [251.2,110.8,143.3,42.11,96.15],
		"White_Bal_error_Mired": [-5.724,-2.579,-3.32,-0.9903,-2.243],
		"White_Bal_error_S_HSV": [0.02576,0.01282,0.01703,0.01447,0.0233],
		"White_Bal_error_Delta_C_ab": [1.438,0.3846,0.4805,0.3602,0.2777],
		"White_Bal_error_Delta_C_94": [1.438,0.3846,0.4805,0.3602,0.2777],
		"White_Bal_error_Delta_C_00": [1.459,0.3912,0.484,0.4576,0.328],
		"n_Patch": [1,2,3,4,5],
		"n_Row": [1,1,1,1,1],
		"n_Column": [1,2,3,4,5],
		"width_pixels": [275,276,275,275,275],
		"height_pixels": [305,305,305,305,305],
		"Pixels_total": [83875,84180,83875,83875,83875],
		"R_reference": [242.4,146.6,86.6,49.01,25.46],
		"G_reference": [242.4,146.6,86.6,49.01,25.46],
		"B_reference": [242.4,146.6,86.6,49.01,25.46],
		"R_input": [98.4,75.64,50.99,30.13,18.33],
		"G_input": [98.64,76.11,51.18,29.81,18.16],
		"B_input": [101,76.63,51.88,30.25,18.59],
		"L_reference": [95.63,60.79,36.82,20.33,8.991],
		"a_reference": [0,0,0,0,0],
		"b_reference": [0,0,0,0,0],
		"L_input": [41.87,32.34,21.33,11.22,5.558],
		"a_input": [0.4084,-0.07916,0.08248,0.2593,0.1603],
		"b_input": [-1.379,-0.3764,-0.4734,-0.25,-0.2267],
		"x_reference": [0.3127,0.3127,0.3127,0.3127,0.3127],
		"y_reference": [0.329,0.329,0.329,0.329,0.329],
		"Y_reference": [0.8913,0.2901,0.09441,0.03073,0.01],
		"x_input": [0.3091,0.311,0.3106,0.3124,0.3115],
		"y_input": [0.3237,0.3276,0.3263,0.3265,0.3256],
		"Y_input": [0.1241,0.07237,0.03334,0.01292,0.006153],
		"LUV_comment": "L2 is used to differentiate between the L in LAB and L in LUV.",
		"L2_reference": [805.1,262,85.28,27.75,9.033],
		"U_reference": [0.1978,0.1978,0.1978,0.1978,0.1978],
		"V_reference": [0.4683,0.4683,0.4683,0.4683,0.4683],
		"L2_input": [112.1,65.37,30.12,11.67,5.558],
		"U_input": [0.1974,0.1972,0.1974,0.1985,0.1983],
		"V_input": [0.4649,0.4673,0.4665,0.4669,0.4663],
		"patch_numbers_for_all_Delta_E_C": [1,2,3,4,5],
		"Delta_E_all": [53.8,28.4,15.5,9.12,3.44],
		"Delta_C_all": [1.44,0.385,0.481,0.36,0.278],
		"Delta_E94_all": [53.8,28.4,15.5,9.12,3.44],
		"Delta_C94_all": [1.44,0.385,0.481,0.36,0.278],
		"Delta_E2000_all": [42.2,27.6,11.9,6.06,2.12],
		"Delta_C2000_all": [1.46,0.391,0.484,0.458,0.328],
		"Delta_L_all": [-53.8,-28.4,-15.5,-9.11,-3.43],
		"Delta_Chroma_all": [1.44,0.385,0.481,0.36,0.278],
		"Delta_Hue_Distance_all": [0,0,0,0,0],
		"Delta_Hue_Degrees_all": [0,0,0,0,0],
		"sat_corr_comment": "sat_corr explained on https://www.imatest.com/docs/colorcheck/#satcorr - not recommended.",
		"Delta_C_all_sat_corr": ["_NaN_","_NaN_","_NaN_","_NaN_","_NaN_"],
		"Delta_C94_all_sat_corr": ["_NaN_","_NaN_","_NaN_","_NaN_","_NaN_"],
		"Delta_C2000_all_sat_corr": ["_NaN_","_NaN_","_NaN_","_NaN_","_NaN_"],
		"grayscale_patch_numbers": [1,2,3,4,5],
		"Delta_E": [53.8,28.4,15.5,9.12,3.44],
		"Delta_C": [1.44,0.385,0.481,0.36,0.278],
		"Delta_E94": [53.8,28.4,15.5,9.12,3.44],
		"Delta_C94": [1.44,0.385,0.481,0.36,0.278],
		"Delta_E2000": [42.2,27.6,11.9,6.06,2.12],
		"Delta_C2000": [1.46,0.391,0.484,0.458,0.328],
		"Delta_L": [-53.8,-28.4,-15.5,-9.11,-3.43],
		"Delta_Chroma": [1.44,0.385,0.481,0.36,0.278],
		"Delta_Hue_Distance": [0,0,0,0,0],
		"Delta_Hue_Degrees": [0,0,0,0,0],
		"mean_Delta_E": [22.1],
		"mean_Delta_C": [0.588],
		"mean_Delta_E94": [22.1],
		"mean_Delta_C94": [0.588],
		"mean_Delta_E2000": [18],
		"mean_Delta_C2000": [0.624],
		"mean_Delta_L": [-22],
		"mean_Delta_Chroma": [0.588],
		"mean_Delta_Hue_Distance": [0],
		"mean_Delta_Hue_Degrees": [0],
		"mean_Delta_C_sat_corr": ["_NaN_"],
		"mean_Delta_C94_sat_corr": ["_NaN_"],
		"mean_Delta_C2000_sat_corr": ["_NaN_"],
		"max_Delta_E": [53.8],
		"max_Delta_C": [1.44],
		"max_Delta_E94": [53.8],
		"max_Delta_C94": [1.44],
		"max_Delta_E2000": [42.2],
		"max_Delta_C2000": [1.46],
		"max_Delta_L": [-3.43],
		"max_Delta_Chroma": [1.44],
		"max_Delta_Hue_Distance": [0],
		"max_Delta_Hue_Degrees": [0],
		"max_Delta_C_sat_corr": ["_NaN_"],
		"max_Delta_C94_sat_corr": ["_NaN_"],
		"max_Delta_C2000_sat_corr": ["_NaN_"],
		"mean_RegionSize": [83660.8],
		"Sequence_dark_to_light": [5,4,3,2,1],
		"Patch_number": [5,4,3,2,1],
		"R_noise": [0.02252,0.01419,0.008217,0.007356,0.01145],
		"G_noise": [0.02174,0.01307,0.006799,0.006117,0.01086],
		"B_noise": [0.02243,0.01363,0.007385,0.006798,0.01172],
		"R_SNR_ratio": [3.193,8.326,24.34,40.33,33.71],
		"G_SNR_ratio": [3.276,8.947,29.52,48.79,35.62],
		"B_SNR_ratio": [3.25,8.703,27.55,44.2,33.78],
		"R_SNR_dB": [10.08,18.41,27.73,32.11,30.56],
		"G_SNR_dB": [10.31,19.03,29.4,33.77,31.04],
		"B_SNR_dB": [10.24,18.79,28.8,32.91,30.57],
		"Gb_noise": [0.02157,0.01288,0.006447,0.005682,0.01064],
		"Gb_SNR_ratio": [3.315,9.104,31.14,52.49,36.41],
		"Gb_SNR_dB": [10.41,19.18,29.87,34.4,31.22],
		"Y_f_stop_SNR_ratio": [5.169,10.14,8.665,3.097,1.311],
		"Y_f_stop_SNR_dB": [14.27,20.12,18.76,9.819,2.355],
		"quality_levels_for_DR": [
				"Low,",
				"Medium,",
				"M-H,",
				"High,"
		],
		"SigNoise_levels_for_DR": [1,0.5,0.25,0.1],
		"Dynamic_Range_f_stops": [0,5.511,4.29,1.749],
		"Dynamic_Range_dB": [0,33.18,25.82,10.53],
		"noise_ISO15739_pct": [0.2508,0.1998,0.2164,0.4342,1.112],
		"snr_ISO15739": [2.454,6.467,15.41,16.67,11.16],
		"noise_pct_ISO15739_at_13pct_Lref": [0.9265],
		"snr_ISO15739_at_13pct_Lref": [12.67],
		"snr_dB_ISO15739_at_13pct_Lref": [22.06],
		"DynamicRange_at_density_2": [2284],
		"DynamicRange_total": [0],
		"DynamicRange_from_slope_OD": [1.95],
		"DynamicRange_from_slope_EV": [6.474],
		"DynamicRange_from_slope_dB": [39],
		"SNR_BW_dB_RGBY": [31.29,32.9,31.98,33.54],
		"L_noise": [2.512,1.581,0.7509,0.6229,1.123],
		"a_noise": [0.9675,1.179,0.9642,0.8793,0.8244],
		"b_noise": [0.9386,1.17,0.9596,0.8817,0.8363],
		"Total_Lab_noise_unwtd": [2.851,2.293,1.554,1.392,1.625],
		"Total_ab_noise_unwtd": [1.348,1.661,1.36,1.245,1.174],
		"R_minus_Y_KK_noise": [0.006796,0.005744,0.00513,0.005,0.00488],
		"B_minus_Y_KK_noise": [0.007077,0.006232,0.005539,0.005428,0.00539],
		"Y_Kelly_Keelan_noise": [0.02157,0.01288,0.006447,0.005682,0.01064],
		"Total_KK_noise": [0.02196,0.01337,0.007184,0.006469,0.01106],
		"Chroma_KK_noise": [0.004159,0.003553,0.003169,0.003093,0.003033],
		"Total_old_iso_noise": [0.02242,0.0139,0.007957,0.00728,0.01153],
		"Y_noise_from_YUV": [0.02157,0.01288,0.006447,0.005681,0.01064],