{
	"jsonResults": {
		"dateRun": "13-May-2025 14:35:16",
		"ini_time_size": "13-May-2025 14:33:28 17295B  MD5 = 74199a78dceed317b1c5ca86ccdbf34b",
		"version": "Imatest 24.2.6 Master Color/Tone Auto",
		"build": "2025-03-20",
		"image_file": "car_55.0 mm_6400ISO_-3EV_Dist2_ON_Defocus2.tiff",
		"ColorSpace": "sRGB",
		"Reference": "Default values",
		"Ref_folder": "/usr/local/Imatest/v24.2/Master/",
		"Gamma": [0.4514],
		"patches_for_gamma_start_end": [1,5],
		"exposure_error_normalized_y_channel": [-0.271],
		"mean_camera_Saturation_Pct": ["_NaN_"],
		"mean_chroma_level_CPIQ_Pct": ["_NaN_"],
		"CPIQ_chroma_quality_loss_JND": ["_NaN_"],
		"CPIQ_exposure_quality_loss_JND": ["_NaN_"],
		"pixel_offset": [0],
		"mean_patch_size_pxls": [274,303],
		"roi_settings": "Recent ROI settings are in roi, nwid_save, nht_save, fillf, and distort (same names as ini file)",
		"roi": [3013,1351,4727,1725,3013,1727,4727,1343],
		"nwid_save": [6024],
		"nht_save": [4020],
		"fillf": [0.8],
		"distort": [0],
		"grayscale_zone": [1,2,3,4,5],
		"grayscale_minus_log_exposure": [2,1.513,1.025,0.5375,0.05],
		"grayscale_Y_reflectivity": [0.01,0.03073,0.09441,0.2901,0.8913],
		"grayscale_Y_Printer_pixel_gamma22": [33.13,55.18,91.91,153.1,255],
		"grayscale_Y_density": [0.6928,0.832,1.052,1.3,1.403],
		"grayscale_R_density": [0.6997,0.8406,1.017,1.156,1.209],
		"grayscale_G_density": [0.692,0.8297,1.065,1.364,1.497],
		"grayscale_B_density": [0.6803,0.8291,1.037,1.221,1.292],
		"grayscale_Y_mean": [51.73,37.55,22.62,12.78,10.09],
		"grayscale_R_mean": [50.91,36.81,24.54,17.81,15.74],
		"grayscale_G_mean": [51.82,37.74,21.97,11.03,8.113],
		"grayscale_B_mean": [53.24,37.79,23.41,15.32,13.01],
		"White_Bal_error_Degrees": [371.1,178.6,-248,-906.8,-1213],
		"White_Bal_error_Mired": [-8.308,-4.115,6.103,24.94,35.3],
		"White_Bal_error_S_HSV": [0.04382,0.02608,0.1046,0.3807,0.4847],
		"White_Bal_error_Delta_C_ab": [1.04,0.4526,1.693,3.168,3.187],
		"White_Bal_error_Delta_C_94": [1.04,0.4526,1.693,3.168,3.187],
		"White_Bal_error_Delta_C_00": [1.018,0.6366,2.335,4.15,4.17],
		"n_Patch": [1,2,3,4,5],
		"n_Row": [1,1,1,1,1],
		"n_Column": [1,2,3,4,5],
		"width_pixels": [275,276,275,275,275],
		"height_pixels": [305,305,305,305,305],
		"Pixels_total": [83875,84180,83875,83875,83875],
		"R_reference": [242.4,146.6,86.6,49.01,25.46],
		"G_reference": [242.4,146.6,86.6,49.01,25.46],
		"B_reference": [242.4,146.6,86.6,49.01,25.46],
		"R_input": [50.91,36.81,24.54,17.81,15.74],
		"G_input": [51.82,37.74,21.97,11.03,8.113],
		"B_input": [53.24,37.79,23.41,15.32,13.01],
		"L_reference": [95.63,60.79,36.82,20.33,8.991],
		"a_reference": [0,0,0,0,0],
		"b_reference": [0,0,0,0,0],
		"L_input": [21.58,14.94,7.562,3.633,2.828],
		"a_input": [-0.05976,-0.412,1.602,2.955,2.969],
		"b_input": [-1.038,-0.1873,-0.5485,-1.142,-1.158],
		"x_reference": [0.3127,0.3127,0.3127,0.3127,0.3127],
		"y_reference": [0.329,0.329,0.329,0.329,0.329],
		"Y_reference": [0.8913,0.2901,0.09441,0.03073,0.01],
		"x_input": [0.3071,0.3096,0.3184,0.3306,0.3349],
		"y_input": [0.3235,0.3287,0.3193,0.2926,0.2833],
		"Y_input": [0.03401,0.01898,0.008371,0.004021,0.003131],
		"LUV_comment": "L2 is used to differentiate between the L in LAB and L in LUV.",
		"L2_reference": [805.1,262,85.28,27.75,9.033],
		"U_reference": [0.1978,0.1978,0.1978,0.1978,0.1978],
		"V_reference": [0.4683,0.4683,0.4683,0.4683,0.4683],
		"L2_input": [30.72,17.15,7.562,3.633,2.828],
		"U_input": [0.196,0.1957,0.2056,0.2261,0.2338],
		"V_input": [0.4645,0.4677,0.4639,0.4502,0.445],
		"patch_numbers_for_all_Delta_E_C": [1,2,3,4,5],
		"Delta_E_all": [74.1,45.8,29.3,17,6.94],
		"Delta_C_all": [1.04,0.453,1.69,3.17,3.19],
		"Delta_E94_all": [74.1,45.8,29.3,17,6.94],
		"Delta_C94_all": [1.04,0.453,1.69,3.17,3.19],
		"Delta_E2000_all": [66.4,39.2,20.9,11.4,5.59],
		"Delta_C2000_all": [1.02,0.637,2.33,4.15,4.17],
		"Delta_L_all": [-74,-45.8,-29.3,-16.7,-6.16],
		"Delta_Chroma_all": [1.04,0.453,1.69,3.17,3.19],
		"Delta_Hue_Distance_all": [0,0,0,0,0],
		"Delta_Hue_Degrees_all": [0,0,0,0,0],
		"sat_corr_comment": "sat_corr explained on https://www.imatest.com/docs/colorcheck/#satcorr - not recommended.",
		"Delta_C_all_sat_corr": ["_NaN_","_NaN_","_NaN_","_NaN_","_NaN_"],
		"Delta_C94_all_sat_corr": ["_NaN_","_NaN_","_NaN_","_NaN_","_NaN_"],
		"Delta_C2000_all_sat_corr": ["_NaN_","_NaN_","_NaN_","_NaN_","_NaN_"],
		"grayscale_patch_numbers": [1,2,3,4,5],
		"Delta_E": [74.1,45.8,29.3,17,6.94],
		"Delta_C": [1.04,0.453,1.69,3.17,3.19],
		"Delta_E94": [74.1,45.8,29.3,17,6.94],
		"Delta_C94": [1.04,0.453,1.69,3.17,3.19],
		"Delta_E2000": [66.4,39.2,20.9,11.4,5.59],
		"Delta_C2000": [1.02,0.637,2.33,4.15,4.17],
		"Delta_L": [-74,-45.8,-29.3,-16.7,-6.16],
		"Delta_Chroma": [1.04,0.453,1.69,3.17,3.19],
		"Delta_Hue_Distance": [0,0,0,0,0],
		"Delta_Hue_Degrees": [0,0,0,0,0],
		"mean_Delta_E": [34.6],
		"mean_Delta_C": [1.91],
		"mean_Delta_E94": [34.6],
		"mean_Delta_C94": [1.91],
		"mean_Delta_E2000": [28.7],
		"mean_Delta_C2000": [2.46],
		"mean_Delta_L": [-34.4],
		"mean_Delta_Chroma": [1.91],
		"mean_Delta_Hue_Distance": [0],
		"mean_Delta_Hue_Degrees": [0],
		"mean_Delta_C_sat_corr": ["_NaN_"],
		"mean_Delta_C94_sat_corr": ["_NaN_"],
		"mean_Delta_C2000_sat_corr": ["_NaN_"],
		"max_Delta_E": [74.1],
		"max_Delta_C": [3.19],
		"max_Delta_E94": [74.1],
		"max_Delta_C94": [3.19],
		"max_Delta_E2000": [66.4],
		"max_Delta_C2000": [4.17],
		"max_Delta_L": [-6.16],
		"max_Delta_Chroma": [3.19],
		"max_Delta_Hue_Distance": [0],
		"max_Delta_Hue_Degrees": [0],
		"max_Delta_C_sat_corr": ["_NaN_"],
		"max_Delta_C94_sat_corr": ["_NaN_"],
		"max_Delta_C2000_sat_corr": ["_NaN_"],
		"mean_RegionSize": [83660.8],
		"Sequence_dark_to_light": [5,4,3,2,1],
		"Patch_number": [5,4,3,2,1],
		"R_noise": [0.05551,0.05878,0.067,0.07186,0.0678],
		"G_noise": [0.03626,0.04132,0.04862,0.04377,0.03739],
		"B_noise": [0.04552,0.04963,0.05731,0.057,0.04919],
		"R_SNR_ratio": [1.112,1.188,1.436,2.009,2.945],
		"G_SNR_ratio": [0.8774,1.047,1.772,3.382,5.435],
		"B_SNR_ratio": [1.12,1.211,1.602,2.6,4.245],
		"R_SNR_dB": [0.925,1.496,3.145,6.058,9.381],
		"G_SNR_dB": [-1.136,0.3951,4.97,10.58,14.7],
		"B_SNR_dB": [0.9876,1.66,4.092,8.3,12.56],
		"Gb_noise": [0.03035,0.03409,0.0392,0.03598,0.03176],
		"Gb_SNR_ratio": [1.303,1.47,2.263,4.092,6.388],
		"Gb_SNR_dB": [2.301,3.346,7.094,12.24,16.11],
		"Y_f_stop_SNR_ratio": [1.082,0.9794,0.765,0.4452,0.2146],
		"Y_f_stop_SNR_dB": [0.6808,-0.181,-2.327,-7.029,-13.37],
		"quality_levels_for_DR": [
				"Low,",
				"Medium,",
				"M-H,",
				"High,"
		],
		"SigNoise_levels_for_DR": [1,0.5,0.25,0.1],
		"Dynamic_Range_f_stops": [0,0,0,0],
		"Dynamic_Range_dB": [0,0,0,0],
		"noise_ISO15739_pct": [1.491,1.952,3.669,6.531,7.509],
		"snr_ISO15739": [0.21,0.2061,0.2282,0.2906,0.4529],
		"noise_pct_ISO15739_at_13pct_Lref": [6.951],
		"snr_ISO15739_at_13pct_Lref": [0.3603],
		"snr_dB_ISO15739_at_13pct_Lref": [-8.868],
		"DynamicRange_at_density_2": [267.2],
		"DynamicRange_total": [0],
		"DynamicRange_from_slope_OD": [1.95],
		"DynamicRange_from_slope_EV": [6.474],
		"DynamicRange_from_slope_dB": [39],
		"SNR_BW_dB_RGBY": [6.55,10.86,8.562,12.56],
		"L_noise": [2.917,3.359,4.248,4.069,3.528],
		"a_noise": [7.729,8.628,10.83,10.94,9.471],
		"b_noise": [6.868,7.855,10.24,10.52,8.946],
		"Total_Lab_noise_unwtd": [10.74,12.14,15.49,15.71,13.5],
		"Total_ab_noise_unwtd": [10.34,11.67,14.9,15.18,13.03],
		"R_minus_Y_KK_noise": [0.04819,0.05166,0.06,0.06257,0.05745],
		"B_minus_Y_KK_noise": [0.04739,0.05314,0.06434,0.06282,0.05352],
		"Y_Kelly_Keelan_noise": [0.03035,0.03409,0.0392,0.03598,0.03176],
		"Total_KK_noise": [0.04203,0.04642,0.0539,0.05229,0.04671],
		"Chroma_KK_noise": [0.02908,0.03152,0.037,0.03794,0.03425],
		"Total_old_iso_noise": [0.0526,0.05764,0.0671,0.06657,0.05983],
		"Y_noise_from_YUV": [0.03035,0.03408,0.0392,0.03598,0.03175],
		"U_noise_from_YUV": [0.02227,0.02497,0.03023,0.02952,0.02515],