{
	"jsonResults": {
		"dateRun": "07-May-2025 15:36:37",
		"ini_time_size": "07-May-2025 15:36:04 9257B  MD5 = e1370b7b989bd43030dac73709179a9e",
		"version": "Imatest 24.2.6 Master Color/Tone Auto",
		"build": "2025-03-20",
		"image_file": "car_55.0 mm_1600ISO_+1EV_Dist2_ON_Defocus1.tiff",
		"ColorSpace": "sRGB",
		"Reference": "Default values",
		"Ref_folder": "/usr/local/Imatest/v24.2/Master/",
		"Gamma": [0.329],
		"patches_for_gamma_start_end": [1,5],
		"exposure_error_normalized_y_channel": [0.0332],
		"mean_camera_Saturation_Pct": ["_NaN_"],
		"mean_chroma_level_CPIQ_Pct": ["_NaN_"],
		"CPIQ_chroma_quality_loss_JND": ["_NaN_"],
		"CPIQ_exposure_quality_loss_JND": ["_NaN_"],
		"pixel_offset": [0],
		"mean_patch_size_pxls": [246,305],
		"roi_settings": "Recent ROI settings are in roi, nwid_save, nht_save, fillf, and distort (same names as ini file)",
		"roi": [2997,1320,4753,1747,2997,1752,4753,1307],
		"nwid_save": [6024],
		"nht_save": [4020],
		"fillf": [0.7],
		"distort": [0],
		"grayscale_zone": [1,2,3,4,5],
		"grayscale_minus_log_exposure": [2,1.513,1.025,0.5375,0.05],
		"grayscale_Y_reflectivity": [0.01,0.03073,0.09441,0.2901,0.8913],
		"grayscale_Y_Printer_pixel_gamma22": [33.13,55.18,91.91,153.1,255],
		"grayscale_Y_density": [0.1089,0.219,0.3794,0.5971,0.9107],
		"grayscale_R_density": [0.1108,0.2219,0.3835,0.5979,0.9177],
		"grayscale_G_density": [0.1093,0.2184,0.3787,0.5971,0.9086],
		"grayscale_B_density": [0.09921,0.2162,0.3743,0.5939,0.9111],
		"grayscale_Y_mean": [198.4,154,106.5,64.49,31.32],
		"grayscale_R_mean": [197.6,153,105.4,64.36,30.82],
		"grayscale_G_mean": [198.2,154.2,106.6,64.48,31.48],
		"grayscale_B_mean": [202.9,155,107.7,64.95,31.29],
		"White_Bal_error_Degrees": [272.8,119.8,190.4,80.58,91.23],
		"White_Bal_error_Mired": [-6.198,-2.783,-4.378,-1.884,-2.129],
		"White_Bal_error_S_HSV": [0.02632,0.01308,0.02115,0.009142,0.02077],
		"White_Bal_error_Delta_C_ab": [2.505,0.646,0.809,0.3176,0.352],
		"White_Bal_error_Delta_C_94": [2.505,0.646,0.809,0.3176,0.352],
		"White_Bal_error_Delta_C_00": [2.461,0.7196,0.834,0.3219,0.5216],
		"n_Patch": [1,2,3,4,5],
		"n_Row": [1,1,1,1,1],
		"n_Column": [1,2,3,4,5],
		"width_pixels": [247,247,247,247,246],
		"height_pixels": [307,307,307,307,308],
		"Pixels_total": [75829,75829,75829,75829,75768],
		"R_reference": [242.4,146.6,86.6,49.01,25.46],
		"G_reference": [242.4,146.6,86.6,49.01,25.46],
		"B_reference": [242.4,146.6,86.6,49.01,25.46],
		"R_input": [197.6,153,105.4,64.36,30.82],
		"G_input": [198.2,154.2,106.6,64.48,31.48],
		"B_input": [202.9,155,107.7,64.95,31.29],
		"L_reference": [95.63,60.79,36.82,20.33,8.991],
		"a_reference": [0,0,0,0,0],
		"b_reference": [0,0,0,0,0],
		"L_input": [80.04,63.61,45,27.31,11.92],
		"a_input": [0.6399,-0.307,-0.233,0.05818,-0.3518],
		"b_input": [-2.422,-0.5684,-0.7747,-0.3123,0.01403],
		"x_reference": [0.3127,0.3127,0.3127,0.3127,0.3127],
		"y_reference": [0.329,0.329,0.329,0.329,0.329],
		"Y_reference": [0.8913,0.2901,0.09441,0.03073,0.01],
		"x_input": [0.3088,0.3108,0.3097,0.3115,0.3109],
		"y_input": [0.3234,0.3278,0.3267,0.3275,0.33],
		"Y_input": [0.5676,0.3232,0.1454,0.05204,0.01394],
		"LUV_comment": "L2 is used to differentiate between the L in LAB and L in LUV.",
		"L2_reference": [805.1,262,85.28,27.75,9.033],
		"U_reference": [0.1978,0.1978,0.1978,0.1978,0.1978],
		"V_reference": [0.4683,0.4683,0.4683,0.4683,0.4683],
		"L2_input": [512.7,292,131.4,47.01,12.59],
		"U_input": [0.1972,0.1969,0.1966,0.1976,0.1962],
		"V_input": [0.4647,0.4674,0.4666,0.4673,0.4686],
		"patch_numbers_for_all_Delta_E_C": [1,2,3,4,5],
		"Delta_E_all": [15.8,2.89,8.23,6.98,2.95],
		"Delta_C_all": [2.51,0.646,0.809,0.318,0.352],
		"Delta_E94_all": [15.8,2.89,8.23,6.98,2.95],
		"Delta_C94_all": [2.51,0.646,0.809,0.318,0.352],
		"Delta_E2000_all": [10.3,2.51,7.34,5.04,1.91],
		"Delta_C2000_all": [2.46,0.72,0.834,0.322,0.522],
		"Delta_L_all": [-15.6,2.82,8.19,6.98,2.93],
		"Delta_Chroma_all": [2.51,0.646,0.809,0.318,0.352],
		"Delta_Hue_Distance_all": [0,0,0,0,0],
		"Delta_Hue_Degrees_all": [0,0,0,0,0],
		"sat_corr_comment": "sat_corr explained on https://www.imatest.com/docs/colorcheck/#satcorr - not recommended.",
		"Delta_C_all_sat_corr": ["_NaN_","_NaN_","_NaN_","_NaN_","_NaN_"],
		"Delta_C94_all_sat_corr": ["_NaN_","_NaN_","_NaN_","_NaN_","_NaN_"],
		"Delta_C2000_all_sat_corr": ["_NaN_","_NaN_","_NaN_","_NaN_","_NaN_"],
		"grayscale_patch_numbers": [1,2,3,4,5],
		"Delta_E": [15.8,2.89,8.23,6.98,2.95],
		"Delta_C": [2.51,0.646,0.809,0.318,0.352],
		"Delta_E94": [15.8,2.89,8.23,6.98,2.95],
		"Delta_C94": [2.51,0.646,0.809,0.318,0.352],
		"Delta_E2000": [10.3,2.51,7.34,5.04,1.91],
		"Delta_C2000": [2.46,0.72,0.834,0.322,0.522],
		"Delta_L": [-15.6,2.82,8.19,6.98,2.93],
		"Delta_Chroma": [2.51,0.646,0.809,0.318,0.352],
		"Delta_Hue_Distance": [0,0,0,0,0],
		"Delta_Hue_Degrees": [0,0,0,0,0],
		"mean_Delta_E": [7.37],
		"mean_Delta_C": [0.926],
		"mean_Delta_E94": [7.37],
		"mean_Delta_C94": [0.926],
		"mean_Delta_E2000": [5.42],
		"mean_Delta_C2000": [0.972],
		"mean_Delta_L": [1.06],
		"mean_Delta_Chroma": [0.926],
		"mean_Delta_Hue_Distance": [0],
		"mean_Delta_Hue_Degrees": [0],
		"mean_Delta_C_sat_corr": ["_NaN_"],
		"mean_Delta_C94_sat_corr": ["_NaN_"],
		"mean_Delta_C2000_sat_corr": ["_NaN_"],
		"max_Delta_E": [15.8],
		"max_Delta_C": [2.51],
		"max_Delta_E94": [15.8],
		"max_Delta_C94": [2.51],
		"max_Delta_E2000": [10.3],
		"max_Delta_C2000": [2.46],
		"max_Delta_L": [8.19],
		"max_Delta_Chroma": [2.51],
		"max_Delta_Hue_Distance": [0],
		"max_Delta_Hue_Degrees": [0],
		"max_Delta_C_sat_corr": ["_NaN_"],
		"max_Delta_C94_sat_corr": ["_NaN_"],
		"max_Delta_C2000_sat_corr": ["_NaN_"],
		"mean_RegionSize": [75570],
		"Sequence_dark_to_light": [5,4,3,2,1],
		"Patch_number": [5,4,3,2,1],
		"R_noise": [0.0428,0.02754,0.02286,0.02137,0.02147],
		"G_noise": [0.02545,0.017,0.01406,0.01398,0.01545],
		"B_noise": [0.03243,0.02163,0.01819,0.01741,0.01754],
		"R_SNR_ratio": [2.824,9.165,18.09,28.08,36.09],
		"G_SNR_ratio": [4.851,14.88,29.73,43.26,50.33],
		"B_SNR_ratio": [3.784,11.77,23.22,34.91,45.37],
		"R_SNR_dB": [9.018,19.24,25.15,28.97,31.15],
		"G_SNR_dB": [13.72,23.45,29.46,32.72,34.04],
		"B_SNR_dB": [11.56,21.42,27.32,30.86,33.14],
		"Gb_noise": [0.02238,0.01441,0.01178,0.01199,0.01369],
		"Gb_SNR_ratio": [5.489,17.55,35.45,50.36,56.83],
		"Gb_SNR_dB": [14.79,24.89,30.99,34.04,35.09],
		"Y_f_stop_SNR_ratio": [7.855,9.286,9.204,6.313,3.588],
		"Y_f_stop_SNR_dB": [17.9,19.36,19.28,16,11.1],
		"quality_levels_for_DR": [
				"Low,",
				"Medium,",
				"M-H,",
				"High,"
		],
		"SigNoise_levels_for_DR": [1,0.5,0.25,0.1],
		"Dynamic_Range_f_stops": [0,0,6.091,0],
		"Dynamic_Range_dB": [0,0,36.67,0],
		"noise_ISO15739_pct": [0.1956,0.1767,0.3562,0.8749,1.367],
		"snr_ISO15739": [7.126,29.46,40.84,36.95,41.53],
		"noise_pct_ISO15739_at_13pct_Lref": [0.9613],
		"snr_ISO15739_at_13pct_Lref": [37.75],
		"snr_dB_ISO15739_at_13pct_Lref": [31.54],
		"DynamicRange_at_density_2": [1653],
		"DynamicRange_total": [0],
		"DynamicRange_from_slope_OD": [1.95],
		"DynamicRange_from_slope_EV": [6.474],
		"DynamicRange_from_slope_dB": [39],
		"SNR_BW_dB_RGBY": [27.81,31.5,29.59,32.83],
		"L_noise": [2.685,1.61,1.214,1.159,1.264],
		"a_noise": [6.361,4.099,3.188,2.713,2.463],
		"b_noise": [5.983,3.852,3.046,2.66,2.403],
		"Total_Lab_noise_unwtd": [9.136,5.851,4.573,3.972,3.666],
		"Total_ab_noise_unwtd": [8.733,5.625,4.409,3.8,3.441],
		"R_minus_Y_KK_noise": [0.03479,0.02329,0.01951,0.01773,0.01681],
		"B_minus_Y_KK_noise": [0.03386,0.02313,0.01989,0.01855,0.01757],
		"Y_Kelly_Keelan_noise": [0.02238,0.01441,0.01178,0.01199,0.01369],
		"Total_KK_noise": [0.03065,0.02015,0.01672,0.01618,0.01713],
		"Chroma_KK_noise": [0.02094,0.01409,0.01188,0.01086,0.01029],
		"Total_old_iso_noise": [0.0382,0.02531,0.02111,0.02,0.02044],
		"Y_noise_from_YUV": [0.02238,0.01441,0.01178,0.01199,0.01369],
		"U_noise_from_YUV": [0.01591,0.01087,0.009346,0.008716,0.008254],