{
	"jsonResults": {
		"dateRun": "07-May-2025 15:36:37",
		"ini_time_size": "07-May-2025 15:36:04 9257B  MD5 = e1370b7b989bd43030dac73709179a9e",
		"version": "Imatest 24.2.6 Master Color/Tone Auto",
		"build": "2025-03-20",
		"image_file": "car_55.0 mm_25600ISO_+1EV_Dist2_OFF_Defocus2.tiff",
		"ColorSpace": "sRGB",
		"Reference": "Default values",
		"Ref_folder": "/usr/local/Imatest/v24.2/Master/",
		"Gamma": [0.3239],
		"patches_for_gamma_start_end": [1,5],
		"exposure_error_normalized_y_channel": [0.0625],
		"mean_camera_Saturation_Pct": ["_NaN_"],
		"mean_chroma_level_CPIQ_Pct": ["_NaN_"],
		"CPIQ_chroma_quality_loss_JND": ["_NaN_"],
		"CPIQ_exposure_quality_loss_JND": ["_NaN_"],
		"pixel_offset": [0],
		"mean_patch_size_pxls": [246,305],
		"roi_settings": "Recent ROI settings are in roi, nwid_save, nht_save, fillf, and distort (same names as ini file)",
		"roi": [2997,1320,4753,1747,2997,1752,4753,1307],
		"nwid_save": [6024],
		"nht_save": [4020],
		"fillf": [0.7],
		"distort": [0],
		"grayscale_zone": [1,2,3,4,5],
		"grayscale_minus_log_exposure": [2,1.513,1.025,0.5375,0.05],
		"grayscale_Y_reflectivity": [0.01,0.03073,0.09441,0.2901,0.8913],
		"grayscale_Y_Printer_pixel_gamma22": [33.13,55.18,91.91,153.1,255],
		"grayscale_Y_density": [0.09725,0.2019,0.3598,0.5801,0.7118],
		"grayscale_R_density": [0.09825,0.2061,0.3743,0.5918,0.6834],
		"grayscale_G_density": [0.09871,0.2016,0.3568,0.5776,0.7232],
		"grayscale_B_density": [0.08018,0.1922,0.3475,0.5713,0.688],
		"grayscale_Y_mean": [203.8,160.2,111.4,67.05,49.51],
		"grayscale_R_mean": [203.4,158.6,107.7,65.28,52.86],
		"grayscale_G_mean": [203.2,160.3,112.1,67.44,48.24],
		"grayscale_B_mean": [212,163.8,114.6,68.42,52.31],
		"White_Bal_error_Degrees": [456,312.2,551.1,382.1,2.325],
		"White_Bal_error_Mired": [-10.08,-7.05,-12.02,-8.542,-0.05502],
		"White_Bal_error_S_HSV": [0.04178,0.03153,0.05999,0.04602,0.08749],
		"White_Bal_error_Delta_C_ab": [4.705,2.039,2.267,1.135,3.51],
		"White_Bal_error_Delta_C_94": [4.705,2.039,2.267,1.135,3.51],
		"White_Bal_error_Delta_C_00": [4.562,1.952,2.473,1.324,4.367],
		"n_Patch": [1,2,3,4,5],
		"n_Row": [1,1,1,1,1],
		"n_Column": [1,2,3,4,5],
		"width_pixels": [247,247,247,247,246],
		"height_pixels": [307,307,307,307,308],
		"Pixels_total": [75829,75829,75829,75829,75768],
		"R_reference": [242.4,146.6,86.6,49.01,25.46],
		"G_reference": [242.4,146.6,86.6,49.01,25.46],
		"B_reference": [242.4,146.6,86.6,49.01,25.46],
		"R_input": [203.4,158.6,107.7,65.28,52.86],
		"G_input": [203.2,160.3,112.1,67.44,48.24],
		"B_input": [212,163.8,114.6,68.42,52.31],
		"L_reference": [95.63,60.79,36.82,20.33,8.991],
		"a_reference": [0,0,0,0,0],
		"b_reference": [0,0,0,0,0],
		"L_input": [81.99,65.95,47,28.44,20.58],
		"a_input": [1.724,0.08898,-1.172,-0.6765,2.984],
		"b_input": [-4.377,-2.037,-1.941,-0.9119,-1.847],
		"x_reference": [0.3127,0.3127,0.3127,0.3127,0.3127],
		"y_reference": [0.329,0.329,0.329,0.329,0.329],
		"Y_reference": [0.8913,0.2901,0.09441,0.03073,0.01],
		"x_input": [0.3066,0.3081,0.304,0.3065,0.3149],
		"y_input": [0.3187,0.3239,0.324,0.3259,0.3132],
		"Y_input": [0.6029,0.3525,0.1602,0.05623,0.03137],
		"LUV_comment": "L2 is used to differentiate between the L in LAB and L in LUV.",
		"L2_reference": [805.1,262,85.28,27.75,9.033],
		"U_reference": [0.1978,0.1978,0.1978,0.1978,0.1978],
		"V_reference": [0.4683,0.4683,0.4683,0.4683,0.4683],
		"L2_input": [544.6,318.4,144.7,50.79,28.34],
		"U_input": [0.1975,0.1965,0.1936,0.1947,0.2055],
		"V_input": [0.4618,0.4649,0.4643,0.4657,0.46],
		"patch_numbers_for_all_Delta_E_C": [1,2,3,4,5],
		"Delta_E_all": [14.4,5.55,10.4,8.19,12.1],
		"Delta_C_all": [4.7,2.04,2.27,1.14,3.51],
		"Delta_E94_all": [14.4,5.55,10.4,8.19,12.1],
		"Delta_C94_all": [4.7,2.04,2.27,1.14,3.51],
		"Delta_E2000_all": [9.77,4.75,9.53,6.03,8.77],
		"Delta_C2000_all": [4.56,1.95,2.47,1.32,4.37],
		"Delta_L_all": [-13.6,5.16,10.2,8.11,11.6],
		"Delta_Chroma_all": [4.7,2.04,2.27,1.14,3.51],
		"Delta_Hue_Distance_all": [0,0,0,0,0],
		"Delta_Hue_Degrees_all": [0,0,0,0,0],
		"sat_corr_comment": "sat_corr explained on https://www.imatest.com/docs/colorcheck/#satcorr - not recommended.",
		"Delta_C_all_sat_corr": ["_NaN_","_NaN_","_NaN_","_NaN_","_NaN_"],
		"Delta_C94_all_sat_corr": ["_NaN_","_NaN_","_NaN_","_NaN_","_NaN_"],
		"Delta_C2000_all_sat_corr": ["_NaN_","_NaN_","_NaN_","_NaN_","_NaN_"],
		"grayscale_patch_numbers": [1,2,3,4,5],
		"Delta_E": [14.4,5.55,10.4,8.19,12.1],
		"Delta_C": [4.7,2.04,2.27,1.14,3.51],
		"Delta_E94": [14.4,5.55,10.4,8.19,12.1],
		"Delta_C94": [4.7,2.04,2.27,1.14,3.51],
		"Delta_E2000": [9.77,4.75,9.53,6.03,8.77],
		"Delta_C2000": [4.56,1.95,2.47,1.32,4.37],
		"Delta_L": [-13.6,5.16,10.2,8.11,11.6],
		"Delta_Chroma": [4.7,2.04,2.27,1.14,3.51],
		"Delta_Hue_Distance": [0,0,0,0,0],
		"Delta_Hue_Degrees": [0,0,0,0,0],
		"mean_Delta_E": [10.1],
		"mean_Delta_C": [2.73],
		"mean_Delta_E94": [10.1],
		"mean_Delta_C94": [2.73],
		"mean_Delta_E2000": [7.77],
		"mean_Delta_C2000": [2.94],
		"mean_Delta_L": [4.28],
		"mean_Delta_Chroma": [2.73],
		"mean_Delta_Hue_Distance": [0],
		"mean_Delta_Hue_Degrees": [0],
		"mean_Delta_C_sat_corr": ["_NaN_"],
		"mean_Delta_C94_sat_corr": ["_NaN_"],
		"mean_Delta_C2000_sat_corr": ["_NaN_"],
		"max_Delta_E": [14.4],
		"max_Delta_C": [4.7],
		"max_Delta_E94": [14.4],
		"max_Delta_C94": [4.7],
		"max_Delta_E2000": [9.77],
		"max_Delta_C2000": [4.56],
		"max_Delta_L": [11.6],
		"max_Delta_Chroma": [4.7],
		"max_Delta_Hue_Distance": [0],
		"max_Delta_Hue_Degrees": [0],
		"max_Delta_C_sat_corr": ["_NaN_"],
		"max_Delta_C94_sat_corr": ["_NaN_"],
		"max_Delta_C2000_sat_corr": ["_NaN_"],
		"mean_RegionSize": [75570],
		"Sequence_dark_to_light": [5,4,3,2,1],
		"Patch_number": [5,4,3,2,1],
		"R_noise": [0.1277,0.1357,0.1066,0.07762,0.06829],
		"G_noise": [0.1019,0.09506,0.06334,0.05353,0.05325],
		"B_noise": [0.1103,0.109,0.07197,0.05879,0.05634],
		"R_SNR_ratio": [1.623,1.886,3.96,8.015,11.68],
		"G_SNR_ratio": [1.857,2.782,6.942,11.74,14.96],
		"B_SNR_ratio": [1.859,2.461,6.243,10.93,14.76],
		"R_SNR_dB": [4.206,5.513,11.95,18.08,21.35],
		"G_SNR_dB": [5.376,8.888,16.83,21.4,23.5],
		"B_SNR_dB": [5.387,7.821,15.91,20.77,23.38],
		"Gb_noise": [0.08549,0.07932,0.05477,0.04481,0.04531],
		"Gb_SNR_ratio": [2.271,3.315,7.973,14.02,17.64],
		"Gb_SNR_dB": [7.125,10.41,18.03,22.94,24.93],
		"Y_f_stop_SNR_ratio": [2.332,2.498,2.059,0.9441,0.4969],
		"Y_f_stop_SNR_dB": [7.356,7.953,6.272,-0.4997,-6.075],
		"quality_levels_for_DR": [
				"Low,",
				"Medium,",
				"M-H,",
				"High,"
		],
		"SigNoise_levels_for_DR": [1,0.5,0.25,0.1],
		"Dynamic_Range_f_stops": [4.691,3.279,0,0],
		"Dynamic_Range_dB": [28.24,19.74,0,0],
		"noise_ISO15739_pct": [1.113,1.331,1.849,3.416,4.803],
		"snr_ISO15739": [2.818,4.226,8.66,10.32,12.55],
		"noise_pct_ISO15739_at_13pct_Lref": [3.59],
		"snr_ISO15739_at_13pct_Lref": [10.6],
		"snr_dB_ISO15739_at_13pct_Lref": [20.51],
		"DynamicRange_at_density_2": [276.6],
		"DynamicRange_total": [0],
		"DynamicRange_from_slope_OD": [1.95],
		"DynamicRange_from_slope_EV": [6.474],
		"DynamicRange_from_slope_dB": [39],
		"SNR_BW_dB_RGBY": [16.79,20.02,19.2,21.56],
		"L_noise": [9.112,8.113,5.414,4.261,4.144],
		"a_noise": [17.93,17.97,12.72,9.878,8.354],
		"b_noise": [17.73,17.75,11.63,9.13,7.827],
		"Total_Lab_noise_unwtd": [26.81,26.53,18.07,14.11,12.17],
		"Total_ab_noise_unwtd": [25.22,25.26,17.24,13.45,11.45],
		"R_minus_Y_KK_noise": [0.1107,0.1177,0.08883,0.06675,0.05776],
		"B_minus_Y_KK_noise": [0.1131,0.1164,0.07792,0.06438,0.0576],
		"Y_Kelly_Keelan_noise": [0.08549,0.07932,0.05477,0.04481,0.04531],
		"Total_KK_noise": [0.1089,0.1065,0.07574,0.06013,0.05723],
		"Chroma_KK_noise": [0.0674,0.07113,0.0523,0.0401,0.03497],
		"Total_old_iso_noise": [0.1311,0.1316,0.09498,0.07431,0.06869],
		"Y_noise_from_YUV": [0.08548,0.07931,0.05477,0.0448,0.0453],
		"U_noise_from_YUV": [0.05312,0.0547,0.03661,0.03025,0.02706],
		"V_noise_from_YUV": [0.08644,0.09193,0.06937,0.05213,0.04511],