{
	"jsonResults": {
		"dateRun": "13-May-2025 14:35:16",
		"ini_time_size": "13-May-2025 14:33:28 17295B  MD5 = 74199a78dceed317b1c5ca86ccdbf34b",
		"version": "Imatest 24.2.6 Master Color/Tone Auto",
		"build": "2025-03-20",
		"image_file": "car_55.0 mm_6400ISO_0EV_Dist2_OFF_Defocus2.tiff",
		"ColorSpace": "sRGB",
		"Reference": "Default values",
		"Ref_folder": "/usr/local/Imatest/v24.2/Master/",
		"Gamma": [0.3341],
		"patches_for_gamma_start_end": [1,5],
		"exposure_error_normalized_y_channel": [-0.131],
		"mean_camera_Saturation_Pct": ["_NaN_"],
		"mean_chroma_level_CPIQ_Pct": ["_NaN_"],
		"CPIQ_chroma_quality_loss_JND": ["_NaN_"],
		"CPIQ_exposure_quality_loss_JND": ["_NaN_"],
		"pixel_offset": [0],
		"mean_patch_size_pxls": [274,303],
		"roi_settings": "Recent ROI settings are in roi, nwid_save, nht_save, fillf, and distort (same names as ini file)",
		"roi": [3013,1351,4727,1725,3013,1727,4727,1343],
		"nwid_save": [6024],
		"nht_save": [4020],
		"fillf": [0.8],
		"distort": [0],
		"grayscale_zone": [1,2,3,4,5],
		"grayscale_minus_log_exposure": [2,1.513,1.025,0.5375,0.05],
		"grayscale_Y_reflectivity": [0.01,0.03073,0.09441,0.2901,0.8913],
		"grayscale_Y_Printer_pixel_gamma22": [33.13,55.18,91.91,153.1,255],
		"grayscale_Y_density": [0.253,0.3606,0.5235,0.7478,0.938],
		"grayscale_R_density": [0.2542,0.365,0.5326,0.7626,0.9221],
		"grayscale_G_density": [0.254,0.36,0.5215,0.7437,0.944],
		"grayscale_B_density": [0.2392,0.3538,0.5164,0.7455,0.9261],
		"grayscale_Y_mean": [142.4,111.2,76.39,45.58,29.41],
		"grayscale_R_mean": [142,110,74.81,44.04,30.51],
		"grayscale_G_mean": [142.1,111.3,76.74,46.01,29.01],
		"grayscale_B_mean": [147,112.9,77.65,45.81,30.23],
		"White_Bal_error_Degrees": [359.3,233.2,308.9,266.4,-20.88],
		"White_Bal_error_Mired": [-8.059,-5.329,-6.979,-6.056,0.4958],
		"White_Bal_error_S_HSV": [0.03409,0.02529,0.03662,0.04279,0.0492],
		"White_Bal_error_Delta_C_ab": [2.802,1.068,1.006,0.9339,1.178],
		"White_Bal_error_Delta_C_94": [2.802,1.068,1.006,0.9339,1.178],
		"White_Bal_error_Delta_C_00": [2.808,1.057,1.167,1.345,1.581],
		"n_Patch": [1,2,3,4,5],
		"n_Row": [1,1,1,1,1],
		"n_Column": [1,2,3,4,5],
		"width_pixels": [275,276,275,275,275],
		"height_pixels": [305,305,305,305,305],
		"Pixels_total": [83875,84180,83875,83875,83875],
		"R_reference": [242.4,146.6,86.6,49.01,25.46],
		"G_reference": [242.4,146.6,86.6,49.01,25.46],
		"B_reference": [242.4,146.6,86.6,49.01,25.46],
		"R_input": [142,110,74.81,44.04,30.51],
		"G_input": [142.1,111.3,76.74,46.01,29.01],
		"B_input": [147,112.9,77.65,45.81,30.23],
		"L_reference": [95.63,60.79,36.82,20.33,8.991],
		"a_reference": [0,0,0,0,0],
		"b_reference": [0,0,0,0,0],
		"L_input": [59.19,46.9,32.49,18.75,10.98],
		"a_input": [0.9528,-0.1566,-0.5824,-0.9168,1.021],
		"b_input": [-2.635,-1.057,-0.8201,-0.1782,-0.5871],
		"x_reference": [0.3127,0.3127,0.3127,0.3127,0.3127],
		"y_reference": [0.329,0.329,0.329,0.329,0.329],
		"Y_reference": [0.8913,0.2901,0.09441,0.03073,0.01],
		"x_input": [0.3078,0.3091,0.3077,0.3078,0.3141],
		"y_input": [0.321,0.3258,0.3264,0.3299,0.3219],
		"Y_input": [0.2723,0.1595,0.07304,0.02687,0.01258],
		"LUV_comment": "L2 is used to differentiate between the L in LAB and L in LUV.",
		"L2_reference": [805.1,262,85.28,27.75,9.033],
		"U_reference": [0.1978,0.1978,0.1978,0.1978,0.1978],
		"V_reference": [0.4683,0.4683,0.4683,0.4683,0.4683],
		"L2_input": [246,144,65.98,24.27,11.36],
		"U_input": [0.1974,0.1965,0.1953,0.1941,0.2015],
		"V_input": [0.4632,0.466,0.4662,0.4681,0.4647],
		"patch_numbers_for_all_Delta_E_C": [1,2,3,4,5],
		"Delta_E_all": [36.6,13.9,4.44,1.84,2.31],
		"Delta_C_all": [2.8,1.07,1.01,0.934,1.18],
		"Delta_E94_all": [36.6,13.9,4.44,1.84,2.31],
		"Delta_C94_all": [2.8,1.07,1.01,0.934,1.18],
		"Delta_E2000_all": [26.1,13.4,3.73,1.73,2.01],
		"Delta_C2000_all": [2.81,1.06,1.17,1.34,1.58],
		"Delta_L_all": [-36.4,-13.9,-4.33,-1.59,1.99],
		"Delta_Chroma_all": [2.8,1.07,1.01,0.934,1.18],
		"Delta_Hue_Distance_all": [0,0,0,0,0],
		"Delta_Hue_Degrees_all": [0,0,0,0,0],
		"sat_corr_comment": "sat_corr explained on https://www.imatest.com/docs/colorcheck/#satcorr - not recommended.",
		"Delta_C_all_sat_corr": ["_NaN_","_NaN_","_NaN_","_NaN_","_NaN_"],
		"Delta_C94_all_sat_corr": ["_NaN_","_NaN_","_NaN_","_NaN_","_NaN_"],
		"Delta_C2000_all_sat_corr": ["_NaN_","_NaN_","_NaN_","_NaN_","_NaN_"],
		"grayscale_patch_numbers": [1,2,3,4,5],
		"Delta_E": [36.6,13.9,4.44,1.84,2.31],
		"Delta_C": [2.8,1.07,1.01,0.934,1.18],
		"Delta_E94": [36.6,13.9,4.44,1.84,2.31],
		"Delta_C94": [2.8,1.07,1.01,0.934,1.18],
		"Delta_E2000": [26.1,13.4,3.73,1.73,2.01],
		"Delta_C2000": [2.81,1.06,1.17,1.34,1.58],
		"Delta_L": [-36.4,-13.9,-4.33,-1.59,1.99],
		"Delta_Chroma": [2.8,1.07,1.01,0.934,1.18],
		"Delta_Hue_Distance": [0,0,0,0,0],
		"Delta_Hue_Degrees": [0,0,0,0,0],
		"mean_Delta_E": [11.8],
		"mean_Delta_C": [1.4],
		"mean_Delta_E94": [11.8],
		"mean_Delta_C94": [1.4],
		"mean_Delta_E2000": [9.4],
		"mean_Delta_C2000": [1.59],
		"mean_Delta_L": [-10.9],
		"mean_Delta_Chroma": [1.4],
		"mean_Delta_Hue_Distance": [0],
		"mean_Delta_Hue_Degrees": [0],
		"mean_Delta_C_sat_corr": ["_NaN_"],
		"mean_Delta_C94_sat_corr": ["_NaN_"],
		"mean_Delta_C2000_sat_corr": ["_NaN_"],
		"max_Delta_E": [36.6],
		"max_Delta_C": [2.8],
		"max_Delta_E94": [36.6],
		"max_Delta_C94": [2.8],
		"max_Delta_E2000": [26.1],
		"max_Delta_C2000": [2.81],
		"max_Delta_L": [1.99],
		"max_Delta_Chroma": [2.8],
		"max_Delta_Hue_Distance": [0],
		"max_Delta_Hue_Degrees": [0],
		"max_Delta_C_sat_corr": ["_NaN_"],
		"max_Delta_C94_sat_corr": ["_NaN_"],
		"max_Delta_C2000_sat_corr": ["_NaN_"],
		"mean_RegionSize": [83660.8],
		"Sequence_dark_to_light": [5,4,3,2,1],
		"Patch_number": [5,4,3,2,1],
		"R_noise": [0.07211,0.07271,0.05616,0.04548,0.04219],
		"G_noise": [0.05456,0.04392,0.03192,0.02819,0.02914],
		"B_noise": [0.06277,0.05692,0.041,0.03485,0.03389],
		"R_SNR_ratio": [1.659,2.376,5.224,9.489,13.2],
		"G_SNR_ratio": [2.085,4.108,9.429,15.49,19.12],
		"B_SNR_ratio": [1.889,3.157,7.427,12.7,17.01],
		"R_SNR_dB": [4.397,7.516,14.36,19.54,22.41],
		"G_SNR_dB": [6.382,12.27,19.49,23.8,25.63],
		"B_SNR_dB": [5.524,9.984,17.42,22.08,24.61],
		"Gb_noise": [0.04751,0.03803,0.02739,0.02386,0.02542],
		"Gb_SNR_ratio": [2.428,4.701,10.94,18.27,21.97],
		"Gb_SNR_dB": [7.704,13.44,20.78,25.23,26.84],
		"Y_f_stop_SNR_ratio": [2.978,3.35,2.899,1.496,0.8238],
		"Y_f_stop_SNR_dB": [9.478,10.5,9.245,3.497,-1.683],
		"quality_levels_for_DR": [
				"Low,",
				"Medium,",
				"M-H,",
				"High,"
		],
		"SigNoise_levels_for_DR": [1,0.5,0.25,0.1],
		"Dynamic_Range_f_stops": [5.843,4.015,0,0],
		"Dynamic_Range_dB": [35.17,24.17,0,0],
		"noise_ISO15739_pct": [0.4255,0.4534,0.7062,1.418,2.089],
		"snr_ISO15739": [2.956,5.927,10.34,11.24,13.04],
		"noise_pct_ISO15739_at_13pct_Lref": [1.855],
		"snr_ISO15739_at_13pct_Lref": [12.41],
		"snr_dB_ISO15739_at_13pct_Lref": [21.88],
		"DynamicRange_at_density_2": [1257],
		"DynamicRange_total": [0],
		"DynamicRange_from_slope_OD": [1.95],
		"DynamicRange_from_slope_EV": [6.474],
		"DynamicRange_from_slope_dB": [39],
		"SNR_BW_dB_RGBY": [18.43,22.59,20.75,24.04],
		"L_noise": [5.243,4.266,2.938,2.433,2.49],
		"a_noise": [10.21,10.23,7.602,6.145,5.293],
		"b_noise": [9.566,9.784,7.109,5.643,4.911],
		"Total_Lab_noise_unwtd": [14.94,14.78,10.82,8.69,7.638],
		"Total_ab_noise_unwtd": [13.99,14.15,10.41,8.343,7.221],
		"R_minus_Y_KK_noise": [0.05888,0.06057,0.04711,0.03863,0.03446],
		"B_minus_Y_KK_noise": [0.06026,0.05844,0.04414,0.0372,0.03382],
		"Y_Kelly_Keelan_noise": [0.04751,0.03803,0.02739,0.02386,0.02542],
		"Total_KK_noise": [0.05953,0.05263,0.03925,0.03328,0.03284],
		"Chroma_KK_noise": [0.03587,0.03639,0.02812,0.0232,0.02078],
		"Total_old_iso_noise": [0.07112,0.06588,0.04982,0.04178,0.03986],
		"Y_noise_from_YUV": [0.04751,0.03802,0.02738,0.02386,0.02542],
		"U_noise_from_YUV": [0.02831,0.02746,0.02074,0.01748,0.01589],