{
	"jsonResults": {
		"dateRun": "13-May-2025 14:35:16",
		"ini_time_size": "13-May-2025 14:33:28 17295B  MD5 = 74199a78dceed317b1c5ca86ccdbf34b",
		"version": "Imatest 24.2.6 Master Color/Tone Auto",
		"build": "2025-03-20",
		"image_file": "car_55.0 mm_1600ISO_-2EV_Dist2_ON_Focused.tiff",
		"ColorSpace": "sRGB",
		"Reference": "Default values",
		"Ref_folder": "/usr/local/Imatest/v24.2/Master/",
		"Gamma": [0.3858],
		"patches_for_gamma_start_end": [1,5],
		"exposure_error_normalized_y_channel": [-0.236],
		"mean_camera_Saturation_Pct": ["_NaN_"],
		"mean_chroma_level_CPIQ_Pct": ["_NaN_"],
		"CPIQ_chroma_quality_loss_JND": ["_NaN_"],
		"CPIQ_exposure_quality_loss_JND": ["_NaN_"],
		"pixel_offset": [0],
		"mean_patch_size_pxls": [274,303],
		"roi_settings": "Recent ROI settings are in roi, nwid_save, nht_save, fillf, and distort (same names as ini file)",
		"roi": [3013,1351,4727,1725,3013,1727,4727,1343],
		"nwid_save": [6024],
		"nht_save": [4020],
		"fillf": [0.8],
		"distort": [0],
		"grayscale_zone": [1,2,3,4,5],
		"grayscale_minus_log_exposure": [2,1.513,1.025,0.5375,0.05],
		"grayscale_Y_reflectivity": [0.01,0.03073,0.09441,0.2901,0.8913],
		"grayscale_Y_Printer_pixel_gamma22": [33.13,55.18,91.91,153.1,255],
		"grayscale_Y_density": [0.4661,0.5873,0.7754,1.065,1.501],
		"grayscale_R_density": [0.4611,0.5857,0.7804,1.07,1.384],
		"grayscale_G_density": [0.4691,0.5885,0.775,1.064,1.551],
		"grayscale_B_density": [0.4512,0.5808,0.765,1.057,1.427],
		"grayscale_Y_mean": [87.19,65.95,42.77,21.98,8.054],
		"grayscale_R_mean": [88.2,66.2,42.28,21.69,10.53],
		"grayscale_G_mean": [86.58,65.77,42.81,22.02,7.168],
		"grayscale_B_mean": [90.23,66.95,43.8,22.37,9.549],
		"White_Bal_error_Degrees": [250.1,111.3,280.3,192.1,-343],
		"White_Bal_error_Mired": [-5.7,-2.591,-6.36,-4.417,8.569],
		"White_Bal_error_S_HSV": [0.0404,0.0176,0.03479,0.03053,0.3192],
		"White_Bal_error_Delta_C_ab": [2.365,0.7917,0.7326,0.298,1.348],
		"White_Bal_error_Delta_C_94": [2.365,0.7917,0.7326,0.298,1.348],
		"White_Bal_error_Delta_C_00": [2.682,0.9137,0.7208,0.3051,1.832],
		"n_Patch": [1,2,3,4,5],
		"n_Row": [1,1,1,1,1],
		"n_Column": [1,2,3,4,5],
		"width_pixels": [275,276,275,275,275],
		"height_pixels": [305,305,305,305,305],
		"Pixels_total": [83875,84180,83875,83875,83875],
		"R_reference": [242.4,146.6,86.6,49.01,25.46],
		"G_reference": [242.4,146.6,86.6,49.01,25.46],
		"B_reference": [242.4,146.6,86.6,49.01,25.46],
		"R_input": [88.2,66.2,42.28,21.69,10.53],
		"G_input": [86.58,65.77,42.81,22.02,7.168],
		"B_input": [90.23,66.95,43.8,22.37,9.549],
		"L_reference": [95.63,60.79,36.82,20.33,8.991],
		"a_reference": [0,0,0,0,0],
		"b_reference": [0,0,0,0,0],
		"L_input": [37.07,27.95,17.43,7.236,2.209],
		"a_input": [1.429,0.4414,0.004472,-0.06693,1.211],
		"b_input": [-1.884,-0.6572,-0.7326,-0.2904,-0.5917],
		"x_reference": [0.3127,0.3127,0.3127,0.3127,0.3127],
		"y_reference": [0.329,0.329,0.329,0.329,0.329],
		"Y_reference": [0.8913,0.2901,0.09441,0.03073,0.01],
		"x_input": [0.3098,0.3113,0.3085,0.3097,0.3218],
		"y_input": [0.3199,0.3253,0.3245,0.3265,0.3004],
		"Y_input": [0.09575,0.0544,0.02393,0.008011,0.002445],
		"LUV_comment": "L2 is used to differentiate between the L in LAB and L in LUV.",
		"L2_reference": [805.1,262,85.28,27.75,9.033],
		"U_reference": [0.1978,0.1978,0.1978,0.1978,0.1978],
		"V_reference": [0.4683,0.4683,0.4683,0.4683,0.4683],
		"L2_input": [86.5,49.14,21.61,7.236,2.209],
		"U_input": [0.1992,0.1983,0.1966,0.1967,0.216],
		"V_input": [0.4629,0.4661,0.4653,0.4665,0.4535],
		"patch_numbers_for_all_Delta_E_C": [1,2,3,4,5],
		"Delta_E_all": [58.6,32.8,19.4,13.1,6.92],
		"Delta_C_all": [2.36,0.792,0.733,0.298,1.35],
		"Delta_E94_all": [58.6,32.8,19.4,13.1,6.92],
		"Delta_C94_all": [2.36,0.792,0.733,0.298,1.35],
		"Delta_E2000_all": [47.4,30.8,14.5,8.51,4.47],
		"Delta_C2000_all": [2.68,0.914,0.721,0.305,1.83],
		"Delta_L_all": [-58.6,-32.8,-19.4,-13.1,-6.78],
		"Delta_Chroma_all": [2.36,0.792,0.733,0.298,1.35],
		"Delta_Hue_Distance_all": [0,0,0,0,0],
		"Delta_Hue_Degrees_all": [0,0,0,0,0],
		"sat_corr_comment": "sat_corr explained on https://www.imatest.com/docs/colorcheck/#satcorr - not recommended.",
		"Delta_C_all_sat_corr": ["_NaN_","_NaN_","_NaN_","_NaN_","_NaN_"],
		"Delta_C94_all_sat_corr": ["_NaN_","_NaN_","_NaN_","_NaN_","_NaN_"],
		"Delta_C2000_all_sat_corr": ["_NaN_","_NaN_","_NaN_","_NaN_","_NaN_"],
		"grayscale_patch_numbers": [1,2,3,4,5],
		"Delta_E": [58.6,32.8,19.4,13.1,6.92],
		"Delta_C": [2.36,0.792,0.733,0.298,1.35],
		"Delta_E94": [58.6,32.8,19.4,13.1,6.92],
		"Delta_C94": [2.36,0.792,0.733,0.298,1.35],
		"Delta_E2000": [47.4,30.8,14.5,8.51,4.47],
		"Delta_C2000": [2.68,0.914,0.721,0.305,1.83],
		"Delta_L": [-58.6,-32.8,-19.4,-13.1,-6.78],
		"Delta_Chroma": [2.36,0.792,0.733,0.298,1.35],
		"Delta_Hue_Distance": [0,0,0,0,0],
		"Delta_Hue_Degrees": [0,0,0,0,0],
		"mean_Delta_E": [26.2],
		"mean_Delta_C": [1.11],
		"mean_Delta_E94": [26.2],
		"mean_Delta_C94": [1.11],
		"mean_Delta_E2000": [21.2],
		"mean_Delta_C2000": [1.29],
		"mean_Delta_L": [-26.1],
		"mean_Delta_Chroma": [1.11],
		"mean_Delta_Hue_Distance": [0],
		"mean_Delta_Hue_Degrees": [0],
		"mean_Delta_C_sat_corr": ["_NaN_"],
		"mean_Delta_C94_sat_corr": ["_NaN_"],
		"mean_Delta_C2000_sat_corr": ["_NaN_"],
		"max_Delta_E": [58.6],
		"max_Delta_C": [2.36],
		"max_Delta_E94": [58.6],
		"max_Delta_C94": [2.36],
		"max_Delta_E2000": [47.4],
		"max_Delta_C2000": [2.68],
		"max_Delta_L": [-6.78],
		"max_Delta_Chroma": [2.36],
		"max_Delta_Hue_Distance": [0],
		"max_Delta_Hue_Degrees": [0],
		"max_Delta_C_sat_corr": ["_NaN_"],
		"max_Delta_C94_sat_corr": ["_NaN_"],
		"max_Delta_C2000_sat_corr": ["_NaN_"],
		"mean_RegionSize": [83660.8],
		"Sequence_dark_to_light": [5,4,3,2,1],
		"Patch_number": [5,4,3,2,1],
		"R_noise": [0.03652,0.04436,0.03759,0.03006,0.02705],
		"G_noise": [0.02466,0.0272,0.02052,0.01796,0.01695],
		"B_noise": [0.03075,0.03608,0.02719,0.02328,0.02143],
		"R_SNR_ratio": [1.131,1.917,4.411,8.635,12.79],
		"G_SNR_ratio": [1.14,3.174,8.181,14.36,20.03],
		"B_SNR_ratio": [1.218,2.431,6.317,11.28,16.51],
		"R_SNR_dB": [1.066,5.654,12.89,18.73,22.13],
		"G_SNR_dB": [1.138,10.03,18.26,23.15,26.04],
		"B_SNR_dB": [1.711,7.717,16.01,21.04,24.36],
		"Gb_noise": [0.02027,0.02232,0.01731,0.01495,0.01407],
		"Gb_SNR_ratio": [1.558,3.862,9.688,17.3,24.3],
		"Gb_SNR_dB": [3.854,11.74,19.73,24.76,27.71],
		"Y_f_stop_SNR_ratio": [3.656,3.598,3.075,1.883,1.663],
		"Y_f_stop_SNR_dB": [11.26,11.12,9.757,5.498,4.42],
		"quality_levels_for_DR": [
				"Low,",
				"Medium,",
				"M-H,",
				"High,"
		],
		"SigNoise_levels_for_DR": [1,0.5,0.25,0.1],
		"Dynamic_Range_f_stops": [0,4.615,0,0],
		"Dynamic_Range_dB": [0,27.78,0,0],
		"noise_ISO15739_pct": [0.2467,0.3737,0.68,1.396,1.812],
		"snr_ISO15739": [0.9913,2.144,3.518,3.896,5.284],
		"noise_pct_ISO15739_at_13pct_Lref": [1.646],
		"snr_ISO15739_at_13pct_Lref": [4.73],
		"snr_dB_ISO15739_at_13pct_Lref": [13.5],
		"DynamicRange_at_density_2": [1995],
		"DynamicRange_total": [487.9],
		"DynamicRange_from_slope_OD": [1.95],
		"DynamicRange_from_slope_EV": [6.474],
		"DynamicRange_from_slope_dB": [39],
		"SNR_BW_dB_RGBY": [18.6,23.07,20.82,24.67],
		"L_noise": [1.622,2.474,2.03,1.662,1.495],
		"a_noise": [4.427,6.833,5.677,4.515,3.961],
		"b_noise": [4.116,6.427,5.238,4.241,3.727],
		"Total_Lab_noise_unwtd": [6.259,9.701,7.987,6.413,5.641],
		"Total_ab_noise_unwtd": [6.045,9.381,7.725,6.194,5.439],
		"R_minus_Y_KK_noise": [0.03204,0.03863,0.03203,0.02586,0.0233],
		"B_minus_Y_KK_noise": [0.03332,0.03982,0.02977,0.02559,0.02358],
		"Y_Kelly_Keelan_noise": [0.02027,0.02232,0.01731,0.01495,0.01407],
		"Total_KK_noise": [0.02819,0.03246,0.02577,0.02162,0.01996],
		"Chroma_KK_noise": [0.0196,0.02358,0.01909,0.01563,0.01416],
		"Total_old_iso_noise": [0.03529,0.04131,0.03314,0.0275,0.02519],
		"Y_noise_from_YUV": [0.02026,0.02231,0.01731,0.01494,0.01407],
		"U_noise_from_YUV": [0.01565,0.01871,0.01399,0.01203,0.01108],