{
	"jsonResults": {
		"dateRun": "13-May-2025 14:35:16",
		"ini_time_size": "13-May-2025 14:33:28 17295B  MD5 = 74199a78dceed317b1c5ca86ccdbf34b",
		"version": "Imatest 24.2.6 Master Color/Tone Auto",
		"build": "2025-03-20",
		"image_file": "car_55.0 mm_100ISO_-3EV_Dist2_OFF_Defocus1.tiff",
		"ColorSpace": "sRGB",
		"Reference": "Default values",
		"Ref_folder": "/usr/local/Imatest/v24.2/Master/",
		"Gamma": [0.4386],
		"patches_for_gamma_start_end": [1,5],
		"exposure_error_normalized_y_channel": [-0.271],
		"mean_camera_Saturation_Pct": ["_NaN_"],
		"mean_chroma_level_CPIQ_Pct": ["_NaN_"],
		"CPIQ_chroma_quality_loss_JND": ["_NaN_"],
		"CPIQ_exposure_quality_loss_JND": ["_NaN_"],
		"pixel_offset": [0],
		"mean_patch_size_pxls": [274,303],
		"roi_settings": "Recent ROI settings are in roi, nwid_save, nht_save, fillf, and distort (same names as ini file)",
		"roi": [3013,1351,4727,1725,3013,1727,4727,1343],
		"nwid_save": [6024],
		"nht_save": [4020],
		"fillf": [0.8],
		"distort": [0],
		"grayscale_zone": [1,2,3,4,5],
		"grayscale_minus_log_exposure": [2,1.513,1.025,0.5375,0.05],
		"grayscale_Y_reflectivity": [0.01,0.03073,0.09441,0.2901,0.8913],
		"grayscale_Y_Printer_pixel_gamma22": [33.13,55.18,91.91,153.1,255],
		"grayscale_Y_density": [0.6911,0.8247,1.039,1.396,1.99],
		"grayscale_R_density": [0.6886,0.8247,1.04,1.394,2.015],
		"grayscale_G_density": [0.693,0.8251,1.039,1.396,1.98],
		"grayscale_B_density": [0.6801,0.8213,1.034,1.402,2.028],
		"grayscale_Y_mean": [51.93,38.18,23.33,10.25,2.607],
		"grayscale_R_mean": [52.24,38.18,23.26,10.28,2.462],
		"grayscale_G_mean": [51.71,38.14,23.33,10.25,2.672],
		"grayscale_B_mean": [53.27,38.48,23.57,10.11,2.39],
		"White_Bal_error_Degrees": [184.5,64.42,88.57,-66.78,-150.8],
		"White_Bal_error_Mired": [-4.246,-1.51,-2.068,1.597,3.653],
		"White_Bal_error_S_HSV": [0.02922,0.00885,0.01326,0.01672,0.1055],
		"White_Bal_error_Delta_C_ab": [1.082,0.2444,0.1865,0.05439,0.1281],
		"White_Bal_error_Delta_C_94": [1.082,0.2444,0.1865,0.05439,0.1281],
		"White_Bal_error_Delta_C_00": [1.234,0.2682,0.1882,0.05526,0.165],
		"n_Patch": [1,2,3,4,5],
		"n_Row": [1,1,1,1,1],
		"n_Column": [1,2,3,4,5],
		"width_pixels": [275,276,275,275,275],
		"height_pixels": [305,305,305,305,305],
		"Pixels_total": [83875,84180,83875,83875,83875],
		"R_reference": [242.4,146.6,86.6,49.01,25.46],
		"G_reference": [242.4,146.6,86.6,49.01,25.46],
		"B_reference": [242.4,146.6,86.6,49.01,25.46],
		"R_input": [52.24,38.18,23.26,10.28,2.462],
		"G_input": [51.71,38.14,23.33,10.25,2.672],
		"B_input": [53.27,38.48,23.57,10.11,2.39],
		"L_reference": [95.63,60.79,36.82,20.33,8.991],
		"a_reference": [0,0,0,0,0],
		"b_reference": [0,0,0,0,0],
		"L_input": [21.67,15.24,7.908,2.809,0.7147],
		"a_input": [0.5935,0.1022,0.02762,-0.009063,-0.09389],
		"b_input": [-0.9041,-0.222,-0.1844,0.05363,0.08717],
		"x_reference": [0.3127,0.3127,0.3127,0.3127,0.3127],
		"y_reference": [0.329,0.329,0.329,0.329,0.329],
		"Y_reference": [0.8913,0.2901,0.09441,0.03073,0.01],
		"x_input": [0.3104,0.3118,0.3114,0.3138,0.3142],
		"y_input": [0.323,0.3273,0.3274,0.3304,0.3409],
		"Y_input": [0.03426,0.01954,0.008755,0.00311,0.0007912],
		"LUV_comment": "L2 is used to differentiate between the L in LAB and L in LUV.",
		"L2_reference": [805.1,262,85.28,27.75,9.033],
		"U_reference": [0.1978,0.1978,0.1978,0.1978,0.1978],
		"V_reference": [0.4683,0.4683,0.4683,0.4683,0.4683],
		"L2_input": [30.95,17.65,7.908,2.809,0.7147],
		"U_input": [0.1985,0.1979,0.1975,0.1981,0.1944],
		"V_input": [0.4647,0.4673,0.4672,0.4692,0.4748],
		"patch_numbers_for_all_Delta_E_C": [1,2,3,4,5],
		"Delta_E_all": [74,45.5,28.9,17.5,8.28],
		"Delta_C_all": [1.08,0.244,0.186,0.0544,0.128],
		"Delta_E94_all": [74,45.5,28.9,17.5,8.28],
		"Delta_C94_all": [1.08,0.244,0.186,0.0544,0.128],
		"Delta_E2000_all": [66.3,39,20.5,11.1,4.95],
		"Delta_C2000_all": [1.23,0.268,0.188,0.0553,0.165],
		"Delta_L_all": [-74,-45.5,-28.9,-17.5,-8.28],
		"Delta_Chroma_all": [1.08,0.244,0.186,0.0544,0.128],
		"Delta_Hue_Distance_all": [0,0,0,0,0],
		"Delta_Hue_Degrees_all": [0,0,0,0,0],
		"sat_corr_comment": "sat_corr explained on https://www.imatest.com/docs/colorcheck/#satcorr - not recommended.",
		"Delta_C_all_sat_corr": ["_NaN_","_NaN_","_NaN_","_NaN_","_NaN_"],
		"Delta_C94_all_sat_corr": ["_NaN_","_NaN_","_NaN_","_NaN_","_NaN_"],
		"Delta_C2000_all_sat_corr": ["_NaN_","_NaN_","_NaN_","_NaN_","_NaN_"],
		"grayscale_patch_numbers": [1,2,3,4,5],
		"Delta_E": [74,45.5,28.9,17.5,8.28],
		"Delta_C": [1.08,0.244,0.186,0.0544,0.128],
		"Delta_E94": [74,45.5,28.9,17.5,8.28],
		"Delta_C94": [1.08,0.244,0.186,0.0544,0.128],
		"Delta_E2000": [66.3,39,20.5,11.1,4.95],
		"Delta_C2000": [1.23,0.268,0.188,0.0553,0.165],
		"Delta_L": [-74,-45.5,-28.9,-17.5,-8.28],
		"Delta_Chroma": [1.08,0.244,0.186,0.0544,0.128],
		"Delta_Hue_Distance": [0,0,0,0,0],
		"Delta_Hue_Degrees": [0,0,0,0,0],
		"mean_Delta_E": [34.8],
		"mean_Delta_C": [0.339],
		"mean_Delta_E94": [34.8],
		"mean_Delta_C94": [0.339],
		"mean_Delta_E2000": [28.4],
		"mean_Delta_C2000": [0.382],
		"mean_Delta_L": [-34.8],
		"mean_Delta_Chroma": [0.339],
		"mean_Delta_Hue_Distance": [0],
		"mean_Delta_Hue_Degrees": [0],
		"mean_Delta_C_sat_corr": ["_NaN_"],
		"mean_Delta_C94_sat_corr": ["_NaN_"],
		"mean_Delta_C2000_sat_corr": ["_NaN_"],
		"max_Delta_E": [74],
		"max_Delta_C": [1.08],
		"max_Delta_E94": [74],
		"max_Delta_C94": [1.08],
		"max_Delta_E2000": [66.3],
		"max_Delta_C2000": [1.23],
		"max_Delta_L": [-8.28],
		"max_Delta_Chroma": [1.08],
		"max_Delta_Hue_Distance": [0],
		"max_Delta_Hue_Degrees": [0],
		"max_Delta_C_sat_corr": ["_NaN_"],
		"max_Delta_C94_sat_corr": ["_NaN_"],
		"max_Delta_C2000_sat_corr": ["_NaN_"],
		"mean_RegionSize": [83660.8],
		"Sequence_dark_to_light": [5,4,3,2,1],
		"Patch_number": [5,4,3,2,1],
		"R_noise": [0.006495,0.008615,0.007159,0.006308,0.006112],
		"G_noise": [0.003844,0.005214,0.004528,0.004134,0.004198],
		"B_noise": [0.005178,0.006956,0.005871,0.005309,0.005118],
		"R_SNR_ratio": [1.487,4.682,12.74,23.74,33.52],
		"G_SNR_ratio": [2.726,7.708,20.21,36.19,48.3],
		"B_SNR_ratio": [1.81,5.701,15.75,28.43,40.82],
		"R_SNR_dB": [3.445,13.41,22.1,27.51,30.51],
		"G_SNR_dB": [8.71,17.74,26.11,31.17,33.68],
		"B_SNR_dB": [5.154,15.12,23.94,29.07,32.22],
		"Gb_noise": [0.003156,0.004323,0.003768,0.003445,0.003542],
		"Gb_SNR_ratio": [3.239,9.294,24.28,43.46,57.5],
		"Gb_SNR_dB": [10.21,19.36,27.71,32.76,35.19],
		"Y_f_stop_SNR_ratio": [9.404,10.05,8.974,5.804,5.86],
		"Y_f_stop_SNR_dB": [19.47,20.04,19.06,15.27,15.36],
		"quality_levels_for_DR": [
				"Low,",
				"Medium,",
				"M-H,",
				"High,"
		],
		"SigNoise_levels_for_DR": [1,0.5,0.25,0.1],
		"Dynamic_Range_f_stops": [0,0,0,1.688],
		"Dynamic_Range_dB": [0,0,0,10.16],
		"noise_ISO15739_pct": [0.0769,0.1421,0.2758,0.5819,0.8201],
		"snr_ISO15739": [1.029,2.188,3.174,3.358,4.177],
		"noise_pct_ISO15739_at_13pct_Lref": [0.6935],
		"snr_ISO15739_at_13pct_Lref": [3.742],
		"snr_dB_ISO15739_at_13pct_Lref": [11.46],
		"DynamicRange_at_density_2": [5429],
		"DynamicRange_total": [0],
		"DynamicRange_from_slope_OD": [1.95],
		"DynamicRange_from_slope_EV": [6.474],
		"DynamicRange_from_slope_dB": [39],
		"SNR_BW_dB_RGBY": [28.27,31.94,29.77,33.53],
		"L_noise": [0.2206,0.3144,0.481,0.4202,0.412],
		"a_noise": [0.6282,0.8646,1.251,1.063,0.9714],
		"b_noise": [0.5944,0.8194,1.216,1.051,0.9577],
		"Total_Lab_noise_unwtd": [0.8925,1.232,1.81,1.553,1.425],
		"Total_ab_noise_unwtd": [0.8648,1.191,1.745,1.495,1.364],
		"R_minus_Y_KK_noise": [0.005642,0.007442,0.006147,0.005402,0.005156],
		"B_minus_Y_KK_noise": [0.00573,0.007579,0.006433,0.005806,0.005547],
		"Y_Kelly_Keelan_noise": [0.003156,0.004323,0.003768,0.003445,0.003542],
		"Total_KK_noise": [0.004662,0.006261,0.005328,0.004793,0.004761],
		"Chroma_KK_noise": [0.003431,0.004528,0.003766,0.003333,0.003182],
		"Total_old_iso_noise": [0.005965,0.007958,0.006709,0.005995,0.005872],