{
	"jsonResults": {
		"dateRun": "13-May-2025 14:35:16",
		"ini_time_size": "13-May-2025 14:33:28 17295B  MD5 = 74199a78dceed317b1c5ca86ccdbf34b",
		"version": "Imatest 24.2.6 Master Color/Tone Auto",
		"build": "2025-03-20",
		"image_file": "car_55.0 mm_100ISO_0EV_Dist2_ON_Defocus1.tiff",
		"ColorSpace": "sRGB",
		"Reference": "Default values",
		"Ref_folder": "/usr/local/Imatest/v24.2/Master/",
		"Gamma": [0.3497],
		"patches_for_gamma_start_end": [1,5],
		"exposure_error_normalized_y_channel": [-0.143],
		"mean_camera_Saturation_Pct": ["_NaN_"],
		"mean_chroma_level_CPIQ_Pct": ["_NaN_"],
		"CPIQ_chroma_quality_loss_JND": ["_NaN_"],
		"CPIQ_exposure_quality_loss_JND": ["_NaN_"],
		"pixel_offset": [0],
		"mean_patch_size_pxls": [274,303],
		"roi_settings": "Recent ROI settings are in roi, nwid_save, nht_save, fillf, and distort (same names as ini file)",
		"roi": [3013,1351,4727,1725,3013,1727,4727,1343],
		"nwid_save": [6024],
		"nht_save": [4020],
		"fillf": [0.8],
		"distort": [0],
		"grayscale_zone": [1,2,3,4,5],
		"grayscale_minus_log_exposure": [2,1.513,1.025,0.5375,0.05],
		"grayscale_Y_reflectivity": [0.01,0.03073,0.09441,0.2901,0.8913],
		"grayscale_Y_Printer_pixel_gamma22": [33.13,55.18,91.91,153.1,255],
		"grayscale_Y_density": [0.2608,0.3767,0.5472,0.7836,1.143],
		"grayscale_R_density": [0.2632,0.3797,0.5494,0.7795,1.13],
		"grayscale_G_density": [0.2611,0.3761,0.5471,0.7854,1.148],
		"grayscale_B_density": [0.2513,0.3738,0.5413,0.7782,1.132],
		"grayscale_Y_mean": [139.9,107.1,72.34,41.97,18.35],
		"grayscale_R_mean": [139.1,106.4,71.97,42.37,18.89],
		"grayscale_G_mean": [139.8,107.3,72.35,41.79,18.14],
		"grayscale_B_mean": [143,107.8,73.32,42.49,18.81],
		"White_Bal_error_Degrees": [270.5,119.4,164.2,40.71,6.76],
		"White_Bal_error_Mired": [-6.147,-2.776,-3.791,-0.9577,-0.1598],
		"White_Bal_error_S_HSV": [0.02707,0.01348,0.01847,0.01647,0.03992],
		"White_Bal_error_Delta_C_ab": [1.833,0.497,0.643,0.5634,0.5273],
		"White_Bal_error_Delta_C_94": [1.833,0.497,0.643,0.5634,0.5273],
		"White_Bal_error_Delta_C_00": [1.806,0.5485,0.6369,0.7257,0.7127],
		"n_Patch": [1,2,3,4,5],
		"n_Row": [1,1,1,1,1],
		"n_Column": [1,2,3,4,5],
		"width_pixels": [275,276,275,275,275],
		"height_pixels": [305,305,305,305,305],
		"Pixels_total": [83875,84180,83875,83875,83875],
		"R_reference": [242.4,146.6,86.6,49.01,25.46],
		"G_reference": [242.4,146.6,86.6,49.01,25.46],
		"B_reference": [242.4,146.6,86.6,49.01,25.46],
		"R_input": [139.1,106.4,71.97,42.37,18.89],
		"G_input": [139.8,107.3,72.35,41.79,18.14],
		"B_input": [143,107.8,73.32,42.49,18.81],
		"L_reference": [95.63,60.79,36.82,20.33,8.991],
		"a_reference": [0,0,0,0,0],
		"b_reference": [0,0,0,0,0],
		"L_input": [58.2,45.27,30.74,17.05,5.607],
		"a_input": [0.3836,-0.2218,0.05727,0.426,0.4441],
		"b_input": [-1.793,-0.4447,-0.6405,-0.3686,-0.2842],
		"x_reference": [0.3127,0.3127,0.3127,0.3127,0.3127],
		"y_reference": [0.329,0.329,0.329,0.329,0.329],
		"Y_reference": [0.8913,0.2901,0.09441,0.03073,0.01],
		"x_input": [0.3088,0.3108,0.3102,0.3125,0.3134],
		"y_input": [0.3237,0.3278,0.3261,0.3258,0.3238],
		"Y_input": [0.2617,0.1474,0.06542,0.02312,0.006208],
		"LUV_comment": "L2 is used to differentiate between the L in LAB and L in LUV.",
		"L2_reference": [805.1,262,85.28,27.75,9.033],
		"U_reference": [0.1978,0.1978,0.1978,0.1978,0.1978],
		"V_reference": [0.4683,0.4683,0.4683,0.4683,0.4683],
		"L2_input": [236.4,133.1,59.09,20.88,5.607],
		"U_input": [0.1971,0.1969,0.1972,0.1989,0.2003],
		"V_input": [0.4649,0.4674,0.4664,0.4666,0.4656],
		"patch_numbers_for_all_Delta_E_C": [1,2,3,4,5],
		"Delta_E_all": [37.5,15.5,6.11,3.33,3.42],
		"Delta_C_all": [1.83,0.497,0.643,0.563,0.527],
		"Delta_E94_all": [37.5,15.5,6.11,3.33,3.42],
		"Delta_C94_all": [1.83,0.497,0.643,0.563,0.527],
		"Delta_E2000_all": [26.8,15.1,4.96,2.36,2.19],
		"Delta_C2000_all": [1.81,0.549,0.637,0.726,0.713],
		"Delta_L_all": [-37.4,-15.5,-6.08,-3.29,-3.38],
		"Delta_Chroma_all": [1.83,0.497,0.643,0.563,0.527],
		"Delta_Hue_Distance_all": [0,0,0,0,0],
		"Delta_Hue_Degrees_all": [0,0,0,0,0],
		"sat_corr_comment": "sat_corr explained on https://www.imatest.com/docs/colorcheck/#satcorr - not recommended.",
		"Delta_C_all_sat_corr": ["_NaN_","_NaN_","_NaN_","_NaN_","_NaN_"],
		"Delta_C94_all_sat_corr": ["_NaN_","_NaN_","_NaN_","_NaN_","_NaN_"],
		"Delta_C2000_all_sat_corr": ["_NaN_","_NaN_","_NaN_","_NaN_","_NaN_"],
		"grayscale_patch_numbers": [1,2,3,4,5],
		"Delta_E": [37.5,15.5,6.11,3.33,3.42],
		"Delta_C": [1.83,0.497,0.643,0.563,0.527],
		"Delta_E94": [37.5,15.5,6.11,3.33,3.42],
		"Delta_C94": [1.83,0.497,0.643,0.563,0.527],
		"Delta_E2000": [26.8,15.1,4.96,2.36,2.19],
		"Delta_C2000": [1.81,0.549,0.637,0.726,0.713],
		"Delta_L": [-37.4,-15.5,-6.08,-3.29,-3.38],
		"Delta_Chroma": [1.83,0.497,0.643,0.563,0.527],
		"Delta_Hue_Distance": [0,0,0,0,0],
		"Delta_Hue_Degrees": [0,0,0,0,0],
		"mean_Delta_E": [13.2],
		"mean_Delta_C": [0.813],
		"mean_Delta_E94": [13.2],
		"mean_Delta_C94": [0.813],
		"mean_Delta_E2000": [10.3],
		"mean_Delta_C2000": [0.886],
		"mean_Delta_L": [-13.1],
		"mean_Delta_Chroma": [0.813],
		"mean_Delta_Hue_Distance": [0],
		"mean_Delta_Hue_Degrees": [0],
		"mean_Delta_C_sat_corr": ["_NaN_"],
		"mean_Delta_C94_sat_corr": ["_NaN_"],
		"mean_Delta_C2000_sat_corr": ["_NaN_"],
		"max_Delta_E": [37.5],
		"max_Delta_C": [1.83],
		"max_Delta_E94": [37.5],
		"max_Delta_C94": [1.83],
		"max_Delta_E2000": [26.8],
		"max_Delta_C2000": [1.81],
		"max_Delta_L": [-3.29],
		"max_Delta_Chroma": [1.83],
		"max_Delta_Hue_Distance": [0],
		"max_Delta_Hue_Degrees": [0],
		"max_Delta_C_sat_corr": ["_NaN_"],
		"max_Delta_C94_sat_corr": ["_NaN_"],
		"max_Delta_C2000_sat_corr": ["_NaN_"],
		"mean_RegionSize": [83660.8],
		"Sequence_dark_to_light": [5,4,3,2,1],
		"Patch_number": [5,4,3,2,1],
		"R_noise": [0.007617,0.006529,0.005836,0.005975,0.006525],
		"G_noise": [0.005098,0.004408,0.003946,0.00413,0.004822],
		"B_noise": [0.006301,0.005485,0.005077,0.005134,0.005464],
		"R_SNR_ratio": [9.726,25.45,48.36,69.81,83.61],
		"G_SNR_ratio": [13.95,37.18,71.9,101.8,113.7],
		"B_SNR_ratio": [11.71,30.38,56.63,82.36,102.6],
		"R_SNR_dB": [19.76,28.11,33.69,36.88,38.44],
		"G_SNR_dB": [22.89,31.41,37.13,40.16,41.11],
		"B_SNR_dB": [21.37,29.65,35.06,38.31,40.22],
		"Gb_noise": [0.004337,0.003761,0.00333,0.003592,0.004339],
		"Gb_SNR_ratio": [16.59,43.76,85.19,116.9,126.4],
		"Gb_SNR_dB": [24.4,32.82,38.61,41.36,42.04],
		"Y_f_stop_SNR_ratio": [18.28,22.76,23.68,17.38,13.19],
		"Y_f_stop_SNR_dB": [25.24,27.14,27.49,24.8,22.4],
		"quality_levels_for_DR": [
				"Low,",
				"Medium,",
				"M-H,",
				"High,"
		],
		"SigNoise_levels_for_DR": [1,0.5,0.25,0.1],
		"Dynamic_Range_f_stops": [0,0,0,0],
		"Dynamic_Range_dB": [0,0,0,0],
		"noise_ISO15739_pct": [0.03364,0.04079,0.08824,0.2273,0.3742],
		"snr_ISO15739": [18.45,56.68,74.14,64.82,69.94],
		"noise_pct_ISO15739_at_13pct_Lref": [0.3125],
		"snr_ISO15739_at_13pct_Lref": [67.79],
		"snr_dB_ISO15739_at_13pct_Lref": [36.62],
		"DynamicRange_at_density_2": [14582],
		"DynamicRange_total": [0],
		"DynamicRange_from_slope_OD": [1.95],
		"DynamicRange_from_slope_EV": [6.474],
		"DynamicRange_from_slope_dB": [39],
		"SNR_BW_dB_RGBY": [36.16,39.37,37.48,40.58],
		"L_noise": [0.4607,0.4521,0.3673,0.3705,0.4267],
		"a_noise": [1.096,1.057,0.8807,0.7969,0.7749],
		"b_noise": [1.061,1.036,0.8926,0.8251,0.8014],
		"Total_Lab_noise_unwtd": [1.594,1.547,1.307,1.205,1.194],
		"Total_ab_noise_unwtd": [1.526,1.479,1.254,1.147,1.115],
		"R_minus_Y_KK_noise": [0.006385,0.005449,0.004925,0.00483,0.004866],
		"B_minus_Y_KK_noise": [0.006684,0.005803,0.005451,0.005387,0.005493],
		"Y_Kelly_Keelan_noise": [0.004337,0.003761,0.00333,0.003592,0.004339],
		"Total_KK_noise": [0.005841,0.005039,0.004525,0.004687,0.0053],
		"Chroma_KK_noise": [0.003912,0.003354,0.003063,0.00301,0.003043],
		"Total_old_iso_noise": [0.007214,0.006207,0.005601,0.005699,0.00623],