{
	"jsonResults": {
		"dateRun": "13-May-2025 14:35:16",
		"ini_time_size": "13-May-2025 14:33:28 17295B  MD5 = 74199a78dceed317b1c5ca86ccdbf34b",
		"version": "Imatest 24.2.6 Master Color/Tone Auto",
		"build": "2025-03-20",
		"image_file": "car_55.0 mm_6400ISO_-1EV_Dist2_OFF_Defocus1.tiff",
		"ColorSpace": "sRGB",
		"Reference": "Default values",
		"Ref_folder": "/usr/local/Imatest/v24.2/Master/",
		"Gamma": [0.3774],
		"patches_for_gamma_start_end": [1,5],
		"exposure_error_normalized_y_channel": [-0.209],
		"mean_camera_Saturation_Pct": ["_NaN_"],
		"mean_chroma_level_CPIQ_Pct": ["_NaN_"],
		"CPIQ_chroma_quality_loss_JND": ["_NaN_"],
		"CPIQ_exposure_quality_loss_JND": ["_NaN_"],
		"pixel_offset": [0],
		"mean_patch_size_pxls": [274,303],
		"roi_settings": "Recent ROI settings are in roi, nwid_save, nht_save, fillf, and distort (same names as ini file)",
		"roi": [3013,1351,4727,1725,3013,1727,4727,1343],
		"nwid_save": [6024],
		"nht_save": [4020],
		"fillf": [0.8],
		"distort": [0],
		"grayscale_zone": [1,2,3,4,5],
		"grayscale_minus_log_exposure": [2,1.513,1.025,0.5375,0.05],
		"grayscale_Y_reflectivity": [0.01,0.03073,0.09441,0.2901,0.8913],
		"grayscale_Y_Printer_pixel_gamma22": [33.13,55.18,91.91,153.1,255],
		"grayscale_Y_density": [0.3834,0.5022,0.6862,0.9671,1.317],
		"grayscale_R_density": [0.3859,0.5085,0.7015,0.9553,1.165],
		"grayscale_G_density": [0.3844,0.5013,0.6828,0.9711,1.387],
		"grayscale_B_density": [0.366,0.4933,0.676,0.962,1.225],
		"grayscale_Y_mean": [105.5,80.23,52.52,27.51,12.28],
		"grayscale_R_mean": [104.9,79.08,50.7,28.26,17.45],
		"grayscale_G_mean": [105.2,80.41,52.94,27.25,10.45],
		"grayscale_B_mean": [109.8,81.89,53.77,27.83,15.19],
		"White_Bal_error_Degrees": [463,304.4,450.4,-75.75,-831.7],
		"White_Bal_error_Mired": [-10.23,-6.883,-9.969,1.814,22.57],
		"White_Bal_error_S_HSV": [0.04462,0.03425,0.05697,0.03572,0.4011],
		"White_Bal_error_Delta_C_ab": [2.726,1.083,1.152,0.6717,3.301],
		"White_Bal_error_Delta_C_94": [2.726,1.083,1.152,0.6717,3.301],
		"White_Bal_error_Delta_C_00": [2.703,1.081,1.391,0.953,4.279],
		"n_Patch": [1,2,3,4,5],
		"n_Row": [1,1,1,1,1],
		"n_Column": [1,2,3,4,5],
		"width_pixels": [275,276,275,275,275],
		"height_pixels": [305,305,305,305,305],
		"Pixels_total": [83875,84180,83875,83875,83875],
		"R_reference": [242.4,146.6,86.6,49.01,25.46],
		"G_reference": [242.4,146.6,86.6,49.01,25.46],
		"B_reference": [242.4,146.6,86.6,49.01,25.46],
		"R_input": [104.9,79.08,50.7,28.26,17.45],
		"G_input": [105.2,80.41,52.94,27.25,10.45],
		"B_input": [109.8,81.89,53.77,27.83,15.19],
		"L_reference": [95.63,60.79,36.82,20.33,8.991],
		"a_reference": [0,0,0,0,0],
		"b_reference": [0,0,0,0,0],
		"L_input": [44.61,34.13,21.95,10.02,3.481],
		"a_input": [0.8241,-0.2075,-0.7669,0.6307,3.036],
		"b_input": [-2.599,-1.063,-0.8601,-0.2311,-1.298],
		"x_reference": [0.3127,0.3127,0.3127,0.3127,0.3127],
		"y_reference": [0.329,0.329,0.329,0.329,0.329],
		"Y_reference": [0.8913,0.2901,0.09441,0.03073,0.01],
		"x_input": [0.3064,0.308,0.3053,0.3146,0.3296],
		"y_input": [0.3193,0.325,0.3258,0.3255,0.2884],
		"Y_input": [0.1427,0.0807,0.03501,0.01129,0.003854],
		"LUV_comment": "L2 is used to differentiate between the L in LAB and L in LUV.",
		"L2_reference": [805.1,262,85.28,27.75,9.033],
		"U_reference": [0.1978,0.1978,0.1978,0.1978,0.1978],
		"V_reference": [0.4683,0.4683,0.4683,0.4683,0.4683],
		"L2_input": [128.9,72.9,31.62,10.2,3.481],
		"U_input": [0.1971,0.1961,0.1939,0.2005,0.2272],
		"V_input": [0.4621,0.4655,0.4655,0.4667,0.4474],
		"patch_numbers_for_all_Delta_E_C": [1,2,3,4,5],
		"Delta_E_all": [51.1,26.7,14.9,10.3,6.42],
		"Delta_C_all": [2.73,1.08,1.15,0.672,3.3],
		"Delta_E94_all": [51.1,26.7,14.9,10.3,6.42],
		"Delta_C94_all": [2.73,1.08,1.15,0.672,3.3],
		"Delta_E2000_all": [39.5,26.2,11.5,6.86,5.42],
		"Delta_C2000_all": [2.7,1.08,1.39,0.953,4.28],
		"Delta_L_all": [-51,-26.7,-14.9,-10.3,-5.51],
		"Delta_Chroma_all": [2.73,1.08,1.15,0.672,3.3],
		"Delta_Hue_Distance_all": [0,0,0,0,0],
		"Delta_Hue_Degrees_all": [0,0,0,0,0],
		"sat_corr_comment": "sat_corr explained on https://www.imatest.com/docs/colorcheck/#satcorr - not recommended.",
		"Delta_C_all_sat_corr": ["_NaN_","_NaN_","_NaN_","_NaN_","_NaN_"],
		"Delta_C94_all_sat_corr": ["_NaN_","_NaN_","_NaN_","_NaN_","_NaN_"],
		"Delta_C2000_all_sat_corr": ["_NaN_","_NaN_","_NaN_","_NaN_","_NaN_"],
		"grayscale_patch_numbers": [1,2,3,4,5],
		"Delta_E": [51.1,26.7,14.9,10.3,6.42],
		"Delta_C": [2.73,1.08,1.15,0.672,3.3],
		"Delta_E94": [51.1,26.7,14.9,10.3,6.42],
		"Delta_C94": [2.73,1.08,1.15,0.672,3.3],
		"Delta_E2000": [39.5,26.2,11.5,6.86,5.42],
		"Delta_C2000": [2.7,1.08,1.39,0.953,4.28],
		"Delta_L": [-51,-26.7,-14.9,-10.3,-5.51],
		"Delta_Chroma": [2.73,1.08,1.15,0.672,3.3],
		"Delta_Hue_Distance": [0,0,0,0,0],
		"Delta_Hue_Degrees": [0,0,0,0,0],
		"mean_Delta_E": [21.9],
		"mean_Delta_C": [1.79],
		"mean_Delta_E94": [21.9],
		"mean_Delta_C94": [1.79],
		"mean_Delta_E2000": [17.9],
		"mean_Delta_C2000": [2.08],
		"mean_Delta_L": [-21.7],
		"mean_Delta_Chroma": [1.79],
		"mean_Delta_Hue_Distance": [0],
		"mean_Delta_Hue_Degrees": [0],
		"mean_Delta_C_sat_corr": ["_NaN_"],
		"mean_Delta_C94_sat_corr": ["_NaN_"],
		"mean_Delta_C2000_sat_corr": ["_NaN_"],
		"max_Delta_E": [51.1],
		"max_Delta_C": [3.3],
		"max_Delta_E94": [51.1],
		"max_Delta_C94": [3.3],
		"max_Delta_E2000": [39.5],
		"max_Delta_C2000": [4.28],
		"max_Delta_L": [-5.51],
		"max_Delta_Chroma": [3.3],
		"max_Delta_Hue_Distance": [0],
		"max_Delta_Hue_Degrees": [0],
		"max_Delta_C_sat_corr": ["_NaN_"],
		"max_Delta_C94_sat_corr": ["_NaN_"],
		"max_Delta_C2000_sat_corr": ["_NaN_"],
		"mean_RegionSize": [83660.8],
		"Sequence_dark_to_light": [5,4,3,2,1],
		"Patch_number": [5,4,3,2,1],
		"R_noise": [0.05791,0.06948,0.06806,0.05325,0.04577],
		"G_noise": [0.04063,0.04856,0.03638,0.03082,0.02827],
		"B_noise": [0.04936,0.05975,0.04848,0.03965,0.03444],
		"R_SNR_ratio": [1.182,1.595,2.922,5.824,8.986],
		"G_SNR_ratio": [1.009,2.201,5.707,10.23,14.6],
		"B_SNR_ratio": [1.207,1.827,4.349,8.099,12.5],
		"R_SNR_dB": [1.451,4.056,9.312,15.3,19.07],
		"G_SNR_dB": [0.07658,6.853,15.13,20.2,23.28],
		"B_SNR_dB": [1.634,5.234,12.77,18.17,21.94],
		"Gb_noise": [0.03343,0.03919,0.03096,0.02595,0.02364],
		"Gb_SNR_ratio": [1.441,2.753,6.652,12.12,17.5],
		"Gb_SNR_dB": [3.171,8.795,16.46,21.67,24.86],
		"Y_f_stop_SNR_ratio": [2.586,2.471,2.061,1.243,1.103],
		"Y_f_stop_SNR_dB": [8.252,7.856,6.284,1.891,0.8521],
		"quality_levels_for_DR": [
				"Low,",
				"Medium,",
				"M-H,",
				"High,"
		],
		"SigNoise_levels_for_DR": [1,0.5,0.25,0.1],
		"Dynamic_Range_f_stops": [0,3.315,0,0],
		"Dynamic_Range_dB": [0,19.95,0,0],
		"noise_ISO15739_pct": [0.3636,0.5798,1.044,2.061,2.595],
		"snr_ISO15739": [1.06,1.948,3.354,3.916,5.497],
		"noise_pct_ISO15739_at_13pct_Lref": [2.375],
		"snr_ISO15739_at_13pct_Lref": [4.845],
		"snr_dB_ISO15739_at_13pct_Lref": [13.71],
		"DynamicRange_at_density_2": [1340],
		"DynamicRange_total": [0],
		"DynamicRange_from_slope_OD": [1.95],
		"DynamicRange_from_slope_EV": [6.474],
		"DynamicRange_from_slope_dB": [39],
		"SNR_BW_dB_RGBY": [15.18,19.93,17.74,21.42],
		"L_noise": [3.257,4.364,3.428,2.766,2.425],
		"a_noise": [8.481,11.33,9.385,7.39,6.286],
		"b_noise": [7.791,10.85,8.865,6.971,5.826],
		"Total_Lab_noise_unwtd": [11.97,16.28,13.36,10.53,8.907],
		"Total_ab_noise_unwtd": [11.52,15.68,12.91,10.16,8.57],
		"R_minus_Y_KK_noise": [0.05103,0.06188,0.05758,0.04532,0.03918],
		"B_minus_Y_KK_noise": [0.05293,0.06662,0.0531,0.04363,0.0381],
		"Y_Kelly_Keelan_noise": [0.03343,0.03919,0.03096,0.02595,0.02364],
		"Total_KK_noise": [0.04572,0.05472,0.04617,0.0376,0.03339],
		"Chroma_KK_noise": [0.0312,0.0382,0.03425,0.02721,0.02358],
		"Total_old_iso_noise": [0.05686,0.06853,0.05943,0.04788,0.04212],
		"Y_noise_from_YUV": [0.03343,0.03919,0.03096,0.02595,0.02364],
		"U_noise_from_YUV": [0.02487,0.0313,0.02495,0.0205,0.0179],