{
	"jsonResults": {
		"dateRun": "13-May-2025 14:35:16",
		"ini_time_size": "13-May-2025 14:33:28 17295B  MD5 = 74199a78dceed317b1c5ca86ccdbf34b",
		"version": "Imatest 24.2.6 Master Color/Tone Auto",
		"build": "2025-03-20",
		"image_file": "car_55.0 mm_100ISO_0EV_Dist2_ON_Defocus2.tiff",
		"ColorSpace": "sRGB",
		"Reference": "Default values",
		"Ref_folder": "/usr/local/Imatest/v24.2/Master/",
		"Gamma": [0.336],
		"patches_for_gamma_start_end": [1,5],
		"exposure_error_normalized_y_channel": [-0.145],
		"mean_camera_Saturation_Pct": ["_NaN_"],
		"mean_chroma_level_CPIQ_Pct": ["_NaN_"],
		"CPIQ_chroma_quality_loss_JND": ["_NaN_"],
		"CPIQ_exposure_quality_loss_JND": ["_NaN_"],
		"pixel_offset": [0],
		"mean_patch_size_pxls": [274,303],
		"roi_settings": "Recent ROI settings are in roi, nwid_save, nht_save, fillf, and distort (same names as ini file)",
		"roi": [3013,1351,4727,1725,3013,1727,4727,1343],
		"nwid_save": [6024],
		"nht_save": [4020],
		"fillf": [0.8],
		"distort": [0],
		"grayscale_zone": [1,2,3,4,5],
		"grayscale_minus_log_exposure": [2,1.513,1.025,0.5375,0.05],
		"grayscale_Y_reflectivity": [0.01,0.03073,0.09441,0.2901,0.8913],
		"grayscale_Y_Printer_pixel_gamma22": [33.13,55.18,91.91,153.1,255],
		"grayscale_Y_density": [0.2704,0.3804,0.5441,0.7584,0.9433],
		"grayscale_R_density": [0.2743,0.385,0.548,0.7568,0.9422],
		"grayscale_G_density": [0.2702,0.3792,0.5435,0.7592,0.944],
		"grayscale_B_density": [0.2614,0.3779,0.5393,0.7548,0.9392],
		"grayscale_Y_mean": [136.8,106.2,72.85,44.48,29.06],
		"grayscale_R_mean": [135.6,105.1,72.2,44.65,29.13],
		"grayscale_G_mean": [136.9,106.5,72.96,44.4,29.01],
		"grayscale_B_mean": [139.7,106.8,73.67,44.85,29.33],
		"White_Bal_error_Degrees": [285.6,137.7,170.7,45.8,55.9],
		"White_Bal_error_Mired": [-6.474,-3.191,-3.937,-1.076,-1.312],
		"White_Bal_error_S_HSV": [0.02934,0.01615,0.01996,0.01018,0.01084],
		"White_Bal_error_Delta_C_ab": [1.675,0.6052,0.5616,0.3406,0.2433],
		"White_Bal_error_Delta_C_94": [1.675,0.6052,0.5616,0.3406,0.2433],
		"White_Bal_error_Delta_C_00": [1.616,0.7909,0.5792,0.4166,0.285],
		"n_Patch": [1,2,3,4,5],
		"n_Row": [1,1,1,1,1],
		"n_Column": [1,2,3,4,5],
		"width_pixels": [275,276,275,275,275],
		"height_pixels": [305,305,305,305,305],
		"Pixels_total": [83875,84180,83875,83875,83875],
		"R_reference": [242.4,146.6,86.6,49.01,25.46],
		"G_reference": [242.4,146.6,86.6,49.01,25.46],
		"B_reference": [242.4,146.6,86.6,49.01,25.46],
		"R_input": [135.6,105.1,72.2,44.65,29.13],
		"G_input": [136.9,106.5,72.96,44.4,29.01],
		"B_input": [139.7,106.8,73.67,44.85,29.33],
		"L_reference": [95.63,60.79,36.82,20.33,8.991],
		"a_reference": [0,0,0,0,0],
		"b_reference": [0,0,0,0,0],
		"L_input": [57.02,44.91,30.96,18.23,10.8],
		"a_input": [0.08313,-0.475,-0.1523,0.2207,0.1358],
		"b_input": [-1.673,-0.375,-0.5405,-0.2594,-0.2019],
		"x_reference": [0.3127,0.3127,0.3127,0.3127,0.3127],
		"y_reference": [0.329,0.329,0.329,0.329,0.329],
		"Y_reference": [0.8913,0.2901,0.09441,0.03073,0.01],
		"x_input": [0.3084,0.3104,0.31,0.3122,0.312],
		"y_input": [0.3243,0.3283,0.3269,0.327,0.3271],
		"Y_input": [0.2494,0.1448,0.06635,0.02569,0.01233],
		"LUV_comment": "L2 is used to differentiate between the L in LAB and L in LUV.",
		"L2_reference": [805.1,262,85.28,27.75,9.033],
		"U_reference": [0.1978,0.1978,0.1978,0.1978,0.1978],
		"V_reference": [0.4683,0.4683,0.4683,0.4683,0.4683],
		"L2_input": [225.3,130.8,59.93,23.21,11.13],
		"U_input": [0.1966,0.1965,0.1967,0.1982,0.1981],
		"V_input": [0.4651,0.4676,0.4668,0.4672,0.4672],
		"patch_numbers_for_all_Delta_E_C": [1,2,3,4,5],
		"Delta_E_all": [38.6,15.9,5.89,2.13,1.82],
		"Delta_C_all": [1.67,0.605,0.562,0.341,0.243],
		"Delta_E94_all": [38.6,15.9,5.89,2.13,1.82],
		"Delta_C94_all": [1.67,0.605,0.562,0.341,0.243],
		"Delta_E2000_all": [27.8,15.5,4.79,1.5,1.16],
		"Delta_C2000_all": [1.62,0.791,0.579,0.417,0.285],
		"Delta_L_all": [-38.6,-15.9,-5.86,-2.1,1.8],
		"Delta_Chroma_all": [1.67,0.605,0.562,0.341,0.243],
		"Delta_Hue_Distance_all": [0,0,0,0,0],
		"Delta_Hue_Degrees_all": [0,0,0,0,0],
		"sat_corr_comment": "sat_corr explained on https://www.imatest.com/docs/colorcheck/#satcorr - not recommended.",
		"Delta_C_all_sat_corr": ["_NaN_","_NaN_","_NaN_","_NaN_","_NaN_"],
		"Delta_C94_all_sat_corr": ["_NaN_","_NaN_","_NaN_","_NaN_","_NaN_"],
		"Delta_C2000_all_sat_corr": ["_NaN_","_NaN_","_NaN_","_NaN_","_NaN_"],
		"grayscale_patch_numbers": [1,2,3,4,5],
		"Delta_E": [38.6,15.9,5.89,2.13,1.82],
		"Delta_C": [1.67,0.605,0.562,0.341,0.243],
		"Delta_E94": [38.6,15.9,5.89,2.13,1.82],
		"Delta_C94": [1.67,0.605,0.562,0.341,0.243],
		"Delta_E2000": [27.8,15.5,4.79,1.5,1.16],
		"Delta_C2000": [1.62,0.791,0.579,0.417,0.285],
		"Delta_L": [-38.6,-15.9,-5.86,-2.1,1.8],
		"Delta_Chroma": [1.67,0.605,0.562,0.341,0.243],
		"Delta_Hue_Distance": [0,0,0,0,0],
		"Delta_Hue_Degrees": [0,0,0,0,0],
		"mean_Delta_E": [12.9],
		"mean_Delta_C": [0.685],
		"mean_Delta_E94": [12.9],
		"mean_Delta_C94": [0.685],
		"mean_Delta_E2000": [10.2],
		"mean_Delta_C2000": [0.738],
		"mean_Delta_L": [-12.1],
		"mean_Delta_Chroma": [0.685],
		"mean_Delta_Hue_Distance": [0],
		"mean_Delta_Hue_Degrees": [0],
		"mean_Delta_C_sat_corr": ["_NaN_"],
		"mean_Delta_C94_sat_corr": ["_NaN_"],
		"mean_Delta_C2000_sat_corr": ["_NaN_"],
		"max_Delta_E": [38.6],
		"max_Delta_C": [1.67],
		"max_Delta_E94": [38.6],
		"max_Delta_C94": [1.67],
		"max_Delta_E2000": [27.8],
		"max_Delta_C2000": [1.62],
		"max_Delta_L": [1.8],
		"max_Delta_Chroma": [1.67],
		"max_Delta_Hue_Distance": [0],
		"max_Delta_Hue_Degrees": [0],
		"max_Delta_C_sat_corr": ["_NaN_"],
		"max_Delta_C94_sat_corr": ["_NaN_"],
		"max_Delta_C2000_sat_corr": ["_NaN_"],
		"mean_RegionSize": [83660.8],
		"Sequence_dark_to_light": [5,4,3,2,1],
		"Patch_number": [5,4,3,2,1],
		"R_noise": [0.02874,0.01773,0.009497,0.008305,0.01426],
		"G_noise": [0.02844,0.01691,0.008399,0.007352,0.014],
		"B_noise": [0.02896,0.01714,0.00858,0.008086,0.01516],
		"R_SNR_ratio": [3.975,9.876,29.81,49.62,37.28],
		"G_SNR_ratio": [4,10.3,34.06,56.8,38.35],
		"B_SNR_ratio": [3.971,10.26,33.67,51.8,36.12],
		"R_SNR_dB": [11.99,19.89,29.49,33.91,31.43],
		"G_SNR_dB": [12.04,20.25,30.65,35.09,31.67],
		"B_SNR_dB": [11.98,20.23,30.55,34.29,31.16],
		"Gb_noise": [0.02831,0.01679,0.00811,0.007015,0.01382],
		"Gb_SNR_ratio": [4.026,10.39,35.23,59.37,38.81],
		"Gb_SNR_dB": [12.1,20.33,30.94,35.47,31.78],
		"Y_f_stop_SNR_ratio": [5.36,11.04,9.216,3.157,1.319],
		"Y_f_stop_SNR_dB": [14.58,20.86,19.29,9.987,2.406],
		"quality_levels_for_DR": [
				"Low,",
				"Medium,",
				"M-H,",
				"High,"
		],
		"SigNoise_levels_for_DR": [1,0.5,0.25,0.1],
		"Dynamic_Range_f_stops": [0,5.531,4.34,2.47],
		"Dynamic_Range_dB": [0,33.3,26.12,14.87],
		"noise_ISO15739_pct": [0.264,0.2083,0.2166,0.4244,1.142],
		"snr_ISO15739": [4.67,12.33,30.64,34.11,21.84],
		"noise_pct_ISO15739_at_13pct_Lref": [0.906],
		"snr_ISO15739_at_13pct_Lref": [25.88],
		"snr_dB_ISO15739_at_13pct_Lref": [28.26],
		"DynamicRange_at_density_2": [2068],
		"DynamicRange_total": [0],
		"DynamicRange_from_slope_OD": [1.95],
		"DynamicRange_from_slope_EV": [6.474],
		"DynamicRange_from_slope_dB": [39],
		"SNR_BW_dB_RGBY": [32.79,33.85,33.02,34.26],
		"L_noise": [3.426,1.944,0.892,0.7264,1.377],
		"a_noise": [1.088,1.027,0.8788,0.8008,0.7708],
		"b_noise": [1.059,1.011,0.8887,0.8256,0.8064],
		"Total_Lab_noise_unwtd": [3.747,2.42,1.535,1.36,1.772],
		"Total_ab_noise_unwtd": [1.518,1.441,1.25,1.15,1.116],
		"R_minus_Y_KK_noise": [0.00604,0.005357,0.004942,0.004841,0.004831],
		"B_minus_Y_KK_noise": [0.006338,0.0057,0.00543,0.005382,0.00551],
		"Y_Kelly_Keelan_noise": [0.02831,0.01679,0.00811,0.007015,0.01382],
		"Total_KK_noise": [0.02855,0.01711,0.008671,0.007636,0.01415],
		"Chroma_KK_noise": [0.003703,0.003296,0.003067,0.003014,0.00303],
		"Total_old_iso_noise": [0.02883,0.01748,0.00928,0.008297,0.01452],
		"Y_noise_from_YUV": [0.02831,0.01679,0.00811,0.007015,0.01382],