{
	"jsonResults": {
		"dateRun": "13-May-2025 14:35:16",
		"ini_time_size": "13-May-2025 14:33:28 17295B  MD5 = 74199a78dceed317b1c5ca86ccdbf34b",
		"version": "Imatest 24.2.6 Master Color/Tone Auto",
		"build": "2025-03-20",
		"image_file": "car_55.0 mm_1600ISO_-2EV_Dist2_OFF_Defocus2.tiff",
		"ColorSpace": "sRGB",
		"Reference": "Default values",
		"Ref_folder": "/usr/local/Imatest/v24.2/Master/",
		"Gamma": [0.3692],
		"patches_for_gamma_start_end": [1,5],
		"exposure_error_normalized_y_channel": [-0.237],
		"mean_camera_Saturation_Pct": ["_NaN_"],
		"mean_chroma_level_CPIQ_Pct": ["_NaN_"],
		"CPIQ_chroma_quality_loss_JND": ["_NaN_"],
		"CPIQ_exposure_quality_loss_JND": ["_NaN_"],
		"pixel_offset": [0],
		"mean_patch_size_pxls": [274,303],
		"roi_settings": "Recent ROI settings are in roi, nwid_save, nht_save, fillf, and distort (same names as ini file)",
		"roi": [3013,1351,4727,1725,3013,1727,4727,1343],
		"nwid_save": [6024],
		"nht_save": [4020],
		"fillf": [0.8],
		"distort": [0],
		"grayscale_zone": [1,2,3,4,5],
		"grayscale_minus_log_exposure": [2,1.513,1.025,0.5375,0.05],
		"grayscale_Y_reflectivity": [0.01,0.03073,0.09441,0.2901,0.8913],
		"grayscale_Y_Printer_pixel_gamma22": [33.13,55.18,91.91,153.1,255],
		"grayscale_Y_density": [0.4761,0.5916,0.7716,1.032,1.245],
		"grayscale_R_density": [0.4723,0.5903,0.774,1.035,1.204],
		"grayscale_G_density": [0.4787,0.5928,0.7719,1.032,1.26],
		"grayscale_B_density": [0.4625,0.5841,0.7619,1.028,1.221],
		"grayscale_Y_mean": [85.19,65.3,43.14,23.68,14.51],
		"grayscale_R_mean": [85.95,65.49,42.91,23.51,15.93],
		"grayscale_G_mean": [84.7,65.13,43.11,23.71,14],
		"grayscale_B_mean": [87.91,66.44,44.12,23.89,15.34],
		"White_Bal_error_Degrees": [241.2,137.6,226.3,101.5,-143.1],
		"White_Bal_error_Mired": [-5.504,-3.189,-5.176,-2.366,3.464],
		"White_Bal_error_S_HSV": [0.03659,0.01975,0.02736,0.0159,0.1215],
		"White_Bal_error_Delta_C_ab": [2.075,0.8724,0.7041,0.1696,0.9897],
		"White_Bal_error_Delta_C_94": [2.075,0.8724,0.7041,0.1696,0.9897],
		"White_Bal_error_Delta_C_00": [2.338,0.9842,0.7128,0.1794,1.365],
		"n_Patch": [1,2,3,4,5],
		"n_Row": [1,1,1,1,1],
		"n_Column": [1,2,3,4,5],
		"width_pixels": [275,276,275,275,275],
		"height_pixels": [305,305,305,305,305],
		"Pixels_total": [83875,84180,83875,83875,83875],
		"R_reference": [242.4,146.6,86.6,49.01,25.46],
		"G_reference": [242.4,146.6,86.6,49.01,25.46],
		"B_reference": [242.4,146.6,86.6,49.01,25.46],
		"R_input": [85.95,65.49,42.91,23.51,15.93],
		"G_input": [84.7,65.13,43.11,23.71,14],
		"B_input": [87.91,66.44,44.12,23.89,15.34],
		"L_reference": [95.63,60.79,36.82,20.33,8.991],
		"a_reference": [0,0,0,0,0],
		"b_reference": [0,0,0,0,0],
		"L_input": [36.23,27.67,17.6,8.085,4.147],
		"a_input": [1.195,0.449,0.1524,-0.05428,0.8967],
		"b_input": [-1.696,-0.7479,-0.6874,-0.1607,-0.4187],
		"x_reference": [0.3127,0.3127,0.3127,0.3127,0.3127],
		"y_reference": [0.329,0.329,0.329,0.329,0.329],
		"Y_reference": [0.8913,0.2901,0.09441,0.03073,0.01],
		"x_input": [0.3098,0.3109,0.3094,0.3111,0.3168],
		"y_input": [0.3208,0.3248,0.3245,0.3278,0.3174],
		"Y_input": [0.09128,0.05335,0.0243,0.008951,0.00459],
		"LUV_comment": "L2 is used to differentiate between the L in LAB and L in LUV.",
		"L2_reference": [805.1,262,85.28,27.75,9.033],
		"U_reference": [0.1978,0.1978,0.1978,0.1978,0.1978],
		"V_reference": [0.4683,0.4683,0.4683,0.4683,0.4683],
		"L2_input": [82.46,48.19,21.95,8.085,4.147],
		"U_input": [0.1989,0.1982,0.1972,0.1972,0.2052],
		"V_input": [0.4634,0.4658,0.4654,0.4675,0.4626],
		"patch_numbers_for_all_Delta_E_C": [1,2,3,4,5],
		"Delta_E_all": [59.4,33.1,19.2,12.2,4.94],
		"Delta_C_all": [2.07,0.872,0.704,0.17,0.99],
		"Delta_E94_all": [59.4,33.1,19.2,12.2,4.94],
		"Delta_C94_all": [2.07,0.872,0.704,0.17,0.99],
		"Delta_E2000_all": [48.3,31,14.4,7.99,3.24],
		"Delta_C2000_all": [2.34,0.984,0.713,0.179,1.37],
		"Delta_L_all": [-59.4,-33.1,-19.2,-12.2,-4.84],
		"Delta_Chroma_all": [2.07,0.872,0.704,0.17,0.99],
		"Delta_Hue_Distance_all": [0,0,0,0,0],
		"Delta_Hue_Degrees_all": [0,0,0,0,0],
		"sat_corr_comment": "sat_corr explained on https://www.imatest.com/docs/colorcheck/#satcorr - not recommended.",
		"Delta_C_all_sat_corr": ["_NaN_","_NaN_","_NaN_","_NaN_","_NaN_"],
		"Delta_C94_all_sat_corr": ["_NaN_","_NaN_","_NaN_","_NaN_","_NaN_"],
		"Delta_C2000_all_sat_corr": ["_NaN_","_NaN_","_NaN_","_NaN_","_NaN_"],
		"grayscale_patch_numbers": [1,2,3,4,5],
		"Delta_E": [59.4,33.1,19.2,12.2,4.94],
		"Delta_C": [2.07,0.872,0.704,0.17,0.99],
		"Delta_E94": [59.4,33.1,19.2,12.2,4.94],
		"Delta_C94": [2.07,0.872,0.704,0.17,0.99],
		"Delta_E2000": [48.3,31,14.4,7.99,3.24],
		"Delta_C2000": [2.34,0.984,0.713,0.179,1.37],
		"Delta_L": [-59.4,-33.1,-19.2,-12.2,-4.84],
		"Delta_Chroma": [2.07,0.872,0.704,0.17,0.99],
		"Delta_Hue_Distance": [0,0,0,0,0],
		"Delta_Hue_Degrees": [0,0,0,0,0],
		"mean_Delta_E": [25.8],
		"mean_Delta_C": [0.962],
		"mean_Delta_E94": [25.8],
		"mean_Delta_C94": [0.962],
		"mean_Delta_E2000": [21],
		"mean_Delta_C2000": [1.12],
		"mean_Delta_L": [-25.8],
		"mean_Delta_Chroma": [0.962],
		"mean_Delta_Hue_Distance": [0],
		"mean_Delta_Hue_Degrees": [0],
		"mean_Delta_C_sat_corr": ["_NaN_"],
		"mean_Delta_C94_sat_corr": ["_NaN_"],
		"mean_Delta_C2000_sat_corr": ["_NaN_"],
		"max_Delta_E": [59.4],
		"max_Delta_C": [2.07],
		"max_Delta_E94": [59.4],
		"max_Delta_C94": [2.07],
		"max_Delta_E2000": [48.3],
		"max_Delta_C2000": [2.34],
		"max_Delta_L": [-4.84],
		"max_Delta_Chroma": [2.07],
		"max_Delta_Hue_Distance": [0],
		"max_Delta_Hue_Degrees": [0],
		"max_Delta_C_sat_corr": ["_NaN_"],
		"max_Delta_C94_sat_corr": ["_NaN_"],
		"max_Delta_C2000_sat_corr": ["_NaN_"],
		"mean_RegionSize": [83660.8],
		"Sequence_dark_to_light": [5,4,3,2,1],
		"Patch_number": [5,4,3,2,1],
		"R_noise": [0.04242,0.0455,0.03693,0.03001,0.0281],
		"G_noise": [0.03158,0.02942,0.02125,0.01843,0.01916],
		"B_noise": [0.03653,0.03717,0.02787,0.0238,0.0237],
		"R_SNR_ratio": [1.473,2.026,4.556,8.56,12],
		"G_SNR_ratio": [1.738,3.161,7.956,13.86,17.34],
		"B_SNR_ratio": [1.647,2.52,6.207,10.95,14.55],
		"R_SNR_dB": [3.364,6.132,13.17,18.65,21.58],
		"G_SNR_dB": [4.803,9.995,18.01,22.83,24.78],
		"B_SNR_dB": [4.332,8.029,15.86,20.79,23.26],
		"Gb_noise": [0.02767,0.02497,0.01796,0.01546,0.01651],
		"Gb_SNR_ratio": [2.056,3.718,9.421,16.56,20.23],
		"Gb_SNR_dB": [6.26,11.41,19.48,24.38,26.12],
		"Y_f_stop_SNR_ratio": [2.917,3.292,2.806,1.388,0.8029],
		"Y_f_stop_SNR_dB": [9.299,10.35,8.961,2.849,-1.907],
		"quality_levels_for_DR": [
				"Low,",
				"Medium,",
				"M-H,",
				"High,"
		],
		"SigNoise_levels_for_DR": [1,0.5,0.25,0.1],
		"Dynamic_Range_f_stops": [5.721,3.878,0,0],
		"Dynamic_Range_dB": [34.44,23.35,0,0],
		"noise_ISO15739_pct": [0.4037,0.4779,0.7178,1.403,2.069],
		"snr_ISO15739": [1.137,1.873,3.386,3.802,4.412],
		"noise_pct_ISO15739_at_13pct_Lref": [1.854],
		"snr_ISO15739_at_13pct_Lref": [4.216],
		"snr_dB_ISO15739_at_13pct_Lref": [12.5],
		"DynamicRange_at_density_2": [1335],
		"DynamicRange_total": [0],
		"DynamicRange_from_slope_OD": [1.95],
		"DynamicRange_from_slope_EV": [6.474],
		"DynamicRange_from_slope_dB": [39],
		"SNR_BW_dB_RGBY": [18.1,22.34,20.12,23.86],
		"L_noise": [2.787,2.826,2.107,1.724,1.77],
		"a_noise": [5.307,6.82,5.651,4.526,3.986],
		"b_noise": [4.956,6.421,5.3,4.28,3.835],
		"Total_Lab_noise_unwtd": [7.778,9.784,8.029,6.463,5.807],
		"Total_ab_noise_unwtd": [7.262,9.367,7.748,6.229,5.531],
		"R_minus_Y_KK_noise": [0.03422,0.03831,0.03138,0.02559,0.0233],
		"B_minus_Y_KK_noise": [0.03516,0.03956,0.03017,0.02579,0.02414],
		"Y_Kelly_Keelan_noise": [0.02767,0.02497,0.01796,0.01546,0.01651],
		"Total_KK_noise": [0.03466,0.03422,0.02602,0.02192,0.0218],
		"Chroma_KK_noise": [0.02087,0.02339,0.01884,0.01553,0.01424],
		"Total_old_iso_noise": [0.04139,0.04258,0.03314,0.02765,0.02671],
		"Y_noise_from_YUV": [0.02767,0.02497,0.01796,0.01546,0.01651],
		"U_noise_from_YUV": [0.01652,0.01859,0.01418,0.01212,0.01134],