{
	"jsonResults": {
		"dateRun": "13-May-2025 14:35:16",
		"ini_time_size": "13-May-2025 14:33:28 17295B  MD5 = 74199a78dceed317b1c5ca86ccdbf34b",
		"version": "Imatest 24.2.6 Master Color/Tone Auto",
		"build": "2025-03-20",
		"image_file": "car_55.0 mm_6400ISO_-2EV_Dist2_ON_Defocus2.tiff",
		"ColorSpace": "sRGB",
		"Reference": "Default values",
		"Ref_folder": "/usr/local/Imatest/v24.2/Master/",
		"Gamma": [0.4136],
		"patches_for_gamma_start_end": [1,5],
		"exposure_error_normalized_y_channel": [-0.251],
		"mean_camera_Saturation_Pct": ["_NaN_"],
		"mean_chroma_level_CPIQ_Pct": ["_NaN_"],
		"CPIQ_chroma_quality_loss_JND": ["_NaN_"],
		"CPIQ_exposure_quality_loss_JND": ["_NaN_"],
		"pixel_offset": [0],
		"mean_patch_size_pxls": [274,303],
		"roi_settings": "Recent ROI settings are in roi, nwid_save, nht_save, fillf, and distort (same names as ini file)",
		"roi": [3013,1351,4727,1725,3013,1727,4727,1343],
		"nwid_save": [6024],
		"nht_save": [4020],
		"fillf": [0.8],
		"distort": [0],
		"grayscale_zone": [1,2,3,4,5],
		"grayscale_minus_log_exposure": [2,1.513,1.025,0.5375,0.05],
		"grayscale_Y_reflectivity": [0.01,0.03073,0.09441,0.2901,0.8913],
		"grayscale_Y_Printer_pixel_gamma22": [33.13,55.18,91.91,153.1,255],
		"grayscale_Y_density": [0.5398,0.6616,0.8632,1.13,1.279],
		"grayscale_R_density": [0.5395,0.6693,0.8679,1.057,1.147],
		"grayscale_G_density": [0.5416,0.66,0.8625,1.158,1.336],
		"grayscale_B_density": [0.523,0.6552,0.857,1.095,1.21],
		"grayscale_Y_mean": [73.58,55.58,34.94,18.9,13.4],
		"grayscale_R_mean": [73.62,54.61,34.56,22.36,18.17],
		"grayscale_G_mean": [73.28,55.79,35,17.71,11.75],
		"grayscale_B_mean": [76.47,56.41,35.45,20.5,15.71],
		"White_Bal_error_Degrees": [375.3,254.8,183.1,-486.4,-862.2],
		"White_Bal_error_Mired": [-8.397,-5.802,-4.215,12.44,23.53],
		"White_Bal_error_S_HSV": [0.04177,0.03191,0.02498,0.2081,0.3533],
		"White_Bal_error_Delta_C_ab": [2.043,0.6738,0.3852,2.761,3.048],
		"White_Bal_error_Delta_C_94": [2.043,0.6738,0.3852,2.761,3.048],
		"White_Bal_error_Delta_C_00": [2.145,0.771,0.3943,3.669,4.015],
		"n_Patch": [1,2,3,4,5],
		"n_Row": [1,1,1,1,1],
		"n_Column": [1,2,3,4,5],
		"width_pixels": [275,276,275,275,275],
		"height_pixels": [305,305,305,305,305],
		"Pixels_total": [83875,84180,83875,83875,83875],
		"R_reference": [242.4,146.6,86.6,49.01,25.46],
		"G_reference": [242.4,146.6,86.6,49.01,25.46],
		"B_reference": [242.4,146.6,86.6,49.01,25.46],
		"R_input": [73.62,54.61,34.56,22.36,18.17],
		"G_input": [73.28,55.79,35,17.71,11.75],
		"B_input": [76.47,56.41,35.45,20.5,15.71],
		"L_reference": [95.63,60.79,36.82,20.33,8.991],
		"a_reference": [0,0,0,0,0],
		"b_reference": [0,0,0,0,0],
		"L_input": [31.28,23.33,13.68,5.872,3.827],
		"a_input": [0.8512,-0.3595,-0.08868,2.589,2.856],
		"b_input": [-1.857,-0.5699,-0.3749,-0.9584,-1.064],
		"x_reference": [0.3127,0.3127,0.3127,0.3127,0.3127],
		"y_reference": [0.329,0.329,0.329,0.329,0.329],
		"Y_reference": [0.8913,0.2901,0.09441,0.03073,0.01],
		"x_input": [0.3077,0.3085,0.3098,0.3234,0.3299],
		"y_input": [0.3198,0.3267,0.3267,0.3087,0.2959],
		"Y_input": [0.06771,0.03898,0.01676,0.006501,0.004237],
		"LUV_comment": "L2 is used to differentiate between the L in LAB and L in LUV.",
		"L2_reference": [805.1,262,85.28,27.75,9.033],
		"U_reference": [0.1978,0.1978,0.1978,0.1978,0.1978],
		"V_reference": [0.4683,0.4683,0.4683,0.4683,0.4683],
		"L2_input": [61.16,35.21,15.14,5.872,3.827],
		"U_input": [0.1979,0.1958,0.1967,0.2136,0.224],
		"V_input": [0.4626,0.4665,0.4666,0.4586,0.4521],
		"patch_numbers_for_all_Delta_E_C": [1,2,3,4,5],
		"Delta_E_all": [64.4,37.5,23.1,14.7,6],
		"Delta_C_all": [2.04,0.674,0.385,2.76,3.05],
		"Delta_E94_all": [64.4,37.5,23.1,14.7,6],
		"Delta_C94_all": [2.04,0.674,0.385,2.76,3.05],
		"Delta_E2000_all": [54.1,33.9,16.9,10,5.09],
		"Delta_C2000_all": [2.14,0.771,0.394,3.67,4.02],
		"Delta_L_all": [-64.4,-37.5,-23.1,-14.5,-5.16],
		"Delta_Chroma_all": [2.04,0.674,0.385,2.76,3.05],
		"Delta_Hue_Distance_all": [0,0,0,0,0],
		"Delta_Hue_Degrees_all": [0,0,0,0,0],
		"sat_corr_comment": "sat_corr explained on https://www.imatest.com/docs/colorcheck/#satcorr - not recommended.",
		"Delta_C_all_sat_corr": ["_NaN_","_NaN_","_NaN_","_NaN_","_NaN_"],
		"Delta_C94_all_sat_corr": ["_NaN_","_NaN_","_NaN_","_NaN_","_NaN_"],
		"Delta_C2000_all_sat_corr": ["_NaN_","_NaN_","_NaN_","_NaN_","_NaN_"],
		"grayscale_patch_numbers": [1,2,3,4,5],
		"Delta_E": [64.4,37.5,23.1,14.7,6],
		"Delta_C": [2.04,0.674,0.385,2.76,3.05],
		"Delta_E94": [64.4,37.5,23.1,14.7,6],
		"Delta_C94": [2.04,0.674,0.385,2.76,3.05],
		"Delta_E2000": [54.1,33.9,16.9,10,5.09],
		"Delta_C2000": [2.14,0.771,0.394,3.67,4.02],
		"Delta_L": [-64.4,-37.5,-23.1,-14.5,-5.16],
		"Delta_Chroma": [2.04,0.674,0.385,2.76,3.05],
		"Delta_Hue_Distance": [0,0,0,0,0],
		"Delta_Hue_Degrees": [0,0,0,0,0],
		"mean_Delta_E": [29.1],
		"mean_Delta_C": [1.78],
		"mean_Delta_E94": [29.1],
		"mean_Delta_C94": [1.78],
		"mean_Delta_E2000": [24],
		"mean_Delta_C2000": [2.2],
		"mean_Delta_L": [-28.9],
		"mean_Delta_Chroma": [1.78],
		"mean_Delta_Hue_Distance": [0],
		"mean_Delta_Hue_Degrees": [0],
		"mean_Delta_C_sat_corr": ["_NaN_"],
		"mean_Delta_C94_sat_corr": ["_NaN_"],
		"mean_Delta_C2000_sat_corr": ["_NaN_"],
		"max_Delta_E": [64.4],
		"max_Delta_C": [3.05],
		"max_Delta_E94": [64.4],
		"max_Delta_C94": [3.05],
		"max_Delta_E2000": [54.1],
		"max_Delta_C2000": [4.02],
		"max_Delta_L": [-5.16],
		"max_Delta_Chroma": [3.05],
		"max_Delta_Hue_Distance": [0],
		"max_Delta_Hue_Degrees": [0],
		"max_Delta_C_sat_corr": ["_NaN_"],
		"max_Delta_C94_sat_corr": ["_NaN_"],
		"max_Delta_C2000_sat_corr": ["_NaN_"],
		"mean_RegionSize": [83660.8],
		"Sequence_dark_to_light": [5,4,3,2,1],
		"Patch_number": [5,4,3,2,1],
		"R_noise": [0.05926,0.0648,0.07208,0.06584,0.05712],
		"G_noise": [0.04152,0.04787,0.04541,0.03527,0.0329],
		"B_noise": [0.04967,0.05584,0.0586,0.04735,0.04112],
		"R_SNR_ratio": [1.202,1.353,1.88,3.253,5.054],
		"G_SNR_ratio": [1.11,1.451,3.022,6.203,8.736],
		"B_SNR_ratio": [1.24,1.439,2.372,4.672,7.292],
		"R_SNR_dB": [1.6,2.626,5.485,10.24,14.07],
		"G_SNR_dB": [0.9052,3.23,9.607,15.85,18.83],
		"B_SNR_dB": [1.87,3.163,7.503,13.39,17.26],
		"Gb_noise": [0.03464,0.03888,0.03727,0.0301,0.02797],
		"Gb_SNR_ratio": [1.517,1.906,3.676,7.242,10.32],
		"Gb_SNR_dB": [3.619,5.602,11.31,17.2,20.27],
		"Y_f_stop_SNR_ratio": [1.558,1.554,1.192,0.6707,0.3841],
		"Y_f_stop_SNR_dB": [3.853,3.831,1.524,-3.47,-8.311],
		"quality_levels_for_DR": [
				"Low,",
				"Medium,",
				"M-H,",
				"High,"
		],
		"SigNoise_levels_for_DR": [1,0.5,0.25,0.1],
		"Dynamic_Range_f_stops": [3.639,0,0,0],
		"Dynamic_Range_dB": [21.9,0,0,0],
		"noise_ISO15739_pct": [0.8572,1.189,2.099,3.619,4.584],
		"snr_ISO15739": [0.4943,0.5467,0.7984,1.077,1.477],
		"noise_pct_ISO15739_at_13pct_Lref": [4.12],
		"snr_ISO15739_at_13pct_Lref": [1.285],
		"snr_dB_ISO15739_at_13pct_Lref": [2.178],
		"DynamicRange_at_density_2": [519.6],
		"DynamicRange_total": [20.95],
		"DynamicRange_from_slope_OD": [1.95],
		"DynamicRange_from_slope_EV": [6.474],
		"DynamicRange_from_slope_dB": [39],
		"SNR_BW_dB_RGBY": [10.26,15.68,13.12,17.06],
		"L_noise": [3.5,4.09,4.21,3.325,3.011],
		"a_noise": [8.584,10.21,11.12,9.095,7.858],
		"b_noise": [7.791,9.619,10.79,8.544,7.181],
		"Total_Lab_noise_unwtd": [12.11,14.61,16.06,12.91,11.06],
		"Total_ab_noise_unwtd": [11.59,14.03,15.49,12.48,10.64],
		"R_minus_Y_KK_noise": [0.05158,0.05772,0.06284,0.05564,0.04838],
		"B_minus_Y_KK_noise": [0.05196,0.06198,0.06477,0.05131,0.04445],
		"Y_Kelly_Keelan_noise": [0.03464,0.03888,0.03727,0.0301,0.02797],
		"Total_KK_noise": [0.04669,0.05272,0.05348,0.04474,0.04012],
		"Chroma_KK_noise": [0.0313,0.0356,0.03835,0.0331,0.02876],
		"Total_old_iso_noise": [0.05775,0.06526,0.06773,0.05752,0.05096],
		"Y_noise_from_YUV": [0.03464,0.03887,0.03726,0.0301,0.02797],
		"U_noise_from_YUV": [0.02441,0.02912,0.03043,0.02411,0.02088],