{
	"jsonResults": {
		"dateRun": "13-May-2025 14:47:26",
		"ini_time_size": "13-May-2025 14:46:26 17295B  MD5 = 627e4fa6024c61b97cf5d4658225c5cf",
		"version": "Imatest 24.2.6 Master Color/Tone Auto",
		"build": "2025-03-20",
		"image_file": "cup_55.0 mm_1600ISO_-2EV_Dist2_OFF_Focused.tiff",
		"ColorSpace": "sRGB",
		"Reference": "Default values",
		"Ref_folder": "/usr/local/Imatest/v24.2/Master/",
		"Gamma": [0.3808],
		"patches_for_gamma_start_end": [1,5],
		"exposure_error_normalized_y_channel": [-0.232],
		"mean_camera_Saturation_Pct": ["_NaN_"],
		"mean_chroma_level_CPIQ_Pct": ["_NaN_"],
		"CPIQ_chroma_quality_loss_JND": ["_NaN_"],
		"CPIQ_exposure_quality_loss_JND": ["_NaN_"],
		"pixel_offset": [0],
		"mean_patch_size_pxls": [274,303],
		"roi_settings": "Recent ROI settings are in roi, nwid_save, nht_save, fillf, and distort (same names as ini file)",
		"roi": [3013,1351,4727,1725,3013,1727,4727,1343],
		"nwid_save": [6024],
		"nht_save": [4020],
		"fillf": [0.8],
		"distort": [0],
		"grayscale_zone": [1,2,3,4,5],
		"grayscale_minus_log_exposure": [2,1.513,1.025,0.5375,0.05],
		"grayscale_Y_reflectivity": [0.01,0.03073,0.09441,0.2901,0.8913],
		"grayscale_Y_Printer_pixel_gamma22": [33.13,55.18,91.91,153.1,255],
		"grayscale_Y_density": [0.451,0.5718,0.7574,1.044,1.476],
		"grayscale_R_density": [0.4496,0.5719,0.7661,1.051,1.362],
		"grayscale_G_density": [0.4528,0.5724,0.7557,1.043,1.524],
		"grayscale_B_density": [0.4377,0.5653,0.7493,1.037,1.418],
		"grayscale_Y_mean": [90.27,68.35,44.58,23.02,8.519],
		"grayscale_R_mean": [90.56,68.33,43.7,22.66,11.09],
		"grayscale_G_mean": [89.9,68.25,44.75,23.1,7.633],
		"grayscale_B_mean": [93.08,69.39,45.42,23.39,9.73],
		"White_Bal_error_Degrees": [280.2,141.9,292.6,195.2,-528.1],
		"White_Bal_error_Mired": [-6.358,-3.288,-6.626,-4.485,13.6],
		"White_Bal_error_S_HSV": [0.03416,0.01639,0.03794,0.03107,0.3118],
		"White_Bal_error_Delta_C_ab": [1.98,0.7377,0.6733,0.3099,1.294],
		"White_Bal_error_Delta_C_94": [1.98,0.7377,0.6733,0.3099,1.294],
		"White_Bal_error_Delta_C_00": [2.135,0.7902,0.7418,0.339,1.792],
		"n_Patch": [1,2,3,4,5],
		"n_Row": [1,1,1,1,1],
		"n_Column": [1,2,3,4,5],
		"width_pixels": [275,276,275,275,275],
		"height_pixels": [305,305,305,305,305],
		"Pixels_total": [83875,84180,83875,83875,83875],
		"R_reference": [242.4,146.6,86.6,49.01,25.46],
		"G_reference": [242.4,146.6,86.6,49.01,25.46],
		"B_reference": [242.4,146.6,86.6,49.01,25.46],
		"R_input": [90.56,68.33,43.7,22.66,11.09],
		"G_input": [89.9,68.25,44.75,23.1,7.633],
		"B_input": [93.08,69.39,45.42,23.39,9.73],
		"L_reference": [95.63,60.79,36.82,20.33,8.991],
		"a_reference": [0,0,0,0,0],
		"b_reference": [0,0,0,0,0],
		"L_input": [38.36,29,18.27,7.752,2.338],
		"a_input": [0.9414,0.2872,-0.3042,-0.1285,1.204],
		"b_input": [-1.742,-0.6795,-0.6007,-0.282,-0.4731],
		"x_reference": [0.3127,0.3127,0.3127,0.3127,0.3127],
		"y_reference": [0.329,0.329,0.329,0.329,0.329],
		"Y_reference": [0.8913,0.2901,0.09441,0.03073,0.01],
		"x_input": [0.3091,0.3107,0.308,0.3096,0.3243],
		"y_input": [0.3213,0.3255,0.3261,0.327,0.3048],
		"Y_input": [0.1029,0.0584,0.02579,0.008582,0.002588],
		"LUV_comment": "L2 is used to differentiate between the L in LAB and L in LUV.",
		"L2_reference": [805.1,262,85.28,27.75,9.033],
		"U_reference": [0.1978,0.1978,0.1978,0.1978,0.1978],
		"V_reference": [0.4683,0.4683,0.4683,0.4683,0.4683],
		"L2_input": [92.95,52.75,23.3,7.752,2.338],
		"U_input": [0.1982,0.1978,0.1957,0.1964,0.2159],
		"V_input": [0.4636,0.4661,0.466,0.4668,0.4565],
		"patch_numbers_for_all_Delta_E_C": [1,2,3,4,5],
		"Delta_E_all": [57.3,31.8,18.6,12.6,6.78],
		"Delta_C_all": [1.98,0.738,0.673,0.31,1.29],
		"Delta_E94_all": [57.3,31.8,18.6,12.6,6.78],
		"Delta_C94_all": [1.98,0.738,0.673,0.31,1.29],
		"Delta_E2000_all": [46,30.1,14,8.2,4.39],
		"Delta_C2000_all": [2.13,0.79,0.742,0.339,1.79],
		"Delta_L_all": [-57.3,-31.8,-18.5,-12.6,-6.65],
		"Delta_Chroma_all": [1.98,0.738,0.673,0.31,1.29],
		"Delta_Hue_Distance_all": [0,0,0,0,0],
		"Delta_Hue_Degrees_all": [0,0,0,0,0],
		"sat_corr_comment": "sat_corr explained on https://www.imatest.com/docs/colorcheck/#satcorr - not recommended.",
		"Delta_C_all_sat_corr": ["_NaN_","_NaN_","_NaN_","_NaN_","_NaN_"],
		"Delta_C94_all_sat_corr": ["_NaN_","_NaN_","_NaN_","_NaN_","_NaN_"],
		"Delta_C2000_all_sat_corr": ["_NaN_","_NaN_","_NaN_","_NaN_","_NaN_"],
		"grayscale_patch_numbers": [1,2,3,4,5],
		"Delta_E": [57.3,31.8,18.6,12.6,6.78],
		"Delta_C": [1.98,0.738,0.673,0.31,1.29],
		"Delta_E94": [57.3,31.8,18.6,12.6,6.78],
		"Delta_C94": [1.98,0.738,0.673,0.31,1.29],
		"Delta_E2000": [46,30.1,14,8.2,4.39],
		"Delta_C2000": [2.13,0.79,0.742,0.339,1.79],
		"Delta_L": [-57.3,-31.8,-18.5,-12.6,-6.65],
		"Delta_Chroma": [1.98,0.738,0.673,0.31,1.29],
		"Delta_Hue_Distance": [0,0,0,0,0],
		"Delta_Hue_Degrees": [0,0,0,0,0],
		"mean_Delta_E": [25.4],
		"mean_Delta_C": [0.999],
		"mean_Delta_E94": [25.4],
		"mean_Delta_C94": [0.999],
		"mean_Delta_E2000": [20.5],
		"mean_Delta_C2000": [1.16],
		"mean_Delta_L": [-25.4],
		"mean_Delta_Chroma": [0.999],
		"mean_Delta_Hue_Distance": [0],
		"mean_Delta_Hue_Degrees": [0],
		"mean_Delta_C_sat_corr": ["_NaN_"],
		"mean_Delta_C94_sat_corr": ["_NaN_"],
		"mean_Delta_C2000_sat_corr": ["_NaN_"],
		"max_Delta_E": [57.3],
		"max_Delta_C": [1.98],
		"max_Delta_E94": [57.3],
		"max_Delta_C94": [1.98],
		"max_Delta_E2000": [46],
		"max_Delta_C2000": [2.13],
		"max_Delta_L": [-6.65],
		"max_Delta_Chroma": [1.98],
		"max_Delta_Hue_Distance": [0],
		"max_Delta_Hue_Degrees": [0],
		"max_Delta_C_sat_corr": ["_NaN_"],
		"max_Delta_C94_sat_corr": ["_NaN_"],
		"max_Delta_C2000_sat_corr": ["_NaN_"],
		"mean_RegionSize": [83660.8],
		"Sequence_dark_to_light": [5,4,3,2,1],
		"Patch_number": [5,4,3,2,1],
		"R_noise": [0.0369,0.0446,0.03673,0.02932,0.02667],
		"G_noise": [0.02537,0.02717,0.0203,0.01781,0.01668],
		"B_noise": [0.03112,0.036,0.02716,0.02295,0.02126],
		"R_SNR_ratio": [1.179,1.993,4.666,9.139,13.31],
		"G_SNR_ratio": [1.18,3.334,8.645,15.03,21.14],
		"B_SNR_ratio": [1.226,2.548,6.557,11.85,17.17],
		"R_SNR_dB": [1.427,5.99,13.38,19.22,22.49],
		"G_SNR_dB": [1.436,10.46,18.74,23.54,26.5],
		"B_SNR_dB": [1.772,8.124,16.33,21.48,24.7],
		"Gb_noise": [0.02087,0.02234,0.0171,0.0148,0.01391],
		"Gb_SNR_ratio": [1.6,4.042,10.22,18.12,25.45],
		"Gb_SNR_dB": [4.085,12.13,20.19,25.16,28.11],
		"Y_f_stop_SNR_ratio": [3.816,3.739,3.209,1.954,1.683],
		"Y_f_stop_SNR_dB": [11.63,11.46,10.13,5.819,4.52],
		"quality_levels_for_DR": [
				"Low,",
				"Medium,",
				"M-H,",
				"High,"
		],
		"SigNoise_levels_for_DR": [1,0.5,0.25,0.1],
		"Dynamic_Range_f_stops": [0,4.763,0,0],
		"Dynamic_Range_dB": [0,28.67,0,0],
		"noise_ISO15739_pct": [0.2405,0.3547,0.6401,1.32,1.712],
		"snr_ISO15739": [1.076,2.419,4.03,4.423,6.01],
		"noise_pct_ISO15739_at_13pct_Lref": [1.561],
		"snr_ISO15739_at_13pct_Lref": [5.399],
		"snr_dB_ISO15739_at_13pct_Lref": [14.65],
		"DynamicRange_at_density_2": [2083],
		"DynamicRange_total": [0],
		"DynamicRange_from_slope_OD": [1.95],
		"DynamicRange_from_slope_EV": [6.474],
		"DynamicRange_from_slope_dB": [39],
		"SNR_BW_dB_RGBY": [19.08,23.41,21.21,25.02],
		"L_noise": [1.688,2.516,1.997,1.638,1.471],
		"a_noise": [4.51,6.929,5.556,4.389,3.851],
		"b_noise": [4.193,6.547,5.216,4.158,3.666],
		"Total_Lab_noise_unwtd": [6.385,9.859,7.878,6.264,5.517],
		"Total_ab_noise_unwtd": [6.158,9.533,7.621,6.046,5.317],
		"R_minus_Y_KK_noise": [0.03235,0.03867,0.03127,0.02528,0.02287],
		"B_minus_Y_KK_noise": [0.03378,0.03992,0.02977,0.02523,0.02331],
		"Y_Kelly_Keelan_noise": [0.02087,0.02234,0.0171,0.0148,0.01391],
		"Total_KK_noise": [0.02878,0.03251,0.02536,0.02129,0.01968],
		"Chroma_KK_noise": [0.01981,0.02361,0.01873,0.01531,0.01392],
		"Total_old_iso_noise": [0.03589,0.04137,0.03256,0.02701,0.0248],
		"Y_noise_from_YUV": [0.02087,0.02234,0.0171,0.01479,0.01391],
		"U_noise_from_YUV": [0.01587,0.01876,0.01399,0.01185,0.01095],