{
	"jsonResults": {
		"dateRun": "13-May-2025 14:47:26",
		"ini_time_size": "13-May-2025 14:46:26 17295B  MD5 = 627e4fa6024c61b97cf5d4658225c5cf",
		"version": "Imatest 24.2.6 Master Color/Tone Auto",
		"build": "2025-03-20",
		"image_file": "cup_55.0 mm_6400ISO_0EV_Dist2_OFF_Focused.tiff",
		"ColorSpace": "sRGB",
		"Reference": "Default values",
		"Ref_folder": "/usr/local/Imatest/v24.2/Master/",
		"Gamma": [0.3468],
		"patches_for_gamma_start_end": [1,5],
		"exposure_error_normalized_y_channel": [-0.117],
		"mean_camera_Saturation_Pct": ["_NaN_"],
		"mean_chroma_level_CPIQ_Pct": ["_NaN_"],
		"CPIQ_chroma_quality_loss_JND": ["_NaN_"],
		"CPIQ_exposure_quality_loss_JND": ["_NaN_"],
		"pixel_offset": [0],
		"mean_patch_size_pxls": [274,303],
		"roi_settings": "Recent ROI settings are in roi, nwid_save, nht_save, fillf, and distort (same names as ini file)",
		"roi": [3013,1351,4727,1725,3013,1727,4727,1343],
		"nwid_save": [6024],
		"nht_save": [4020],
		"fillf": [0.8],
		"distort": [0],
		"grayscale_zone": [1,2,3,4,5],
		"grayscale_minus_log_exposure": [2,1.513,1.025,0.5375,0.05],
		"grayscale_Y_reflectivity": [0.01,0.03073,0.09441,0.2901,0.8913],
		"grayscale_Y_Printer_pixel_gamma22": [33.13,55.18,91.91,153.1,255],
		"grayscale_Y_density": [0.2307,0.3439,0.5129,0.7591,1.131],
		"grayscale_R_density": [0.2311,0.3479,0.5206,0.7754,1.065],
		"grayscale_G_density": [0.2319,0.3433,0.5114,0.7548,1.156],
		"grayscale_B_density": [0.2176,0.3378,0.5061,0.754,1.103],
		"grayscale_Y_mean": [149.9,115.5,78.27,44.41,18.84],
		"grayscale_R_mean": [149.8,114.4,76.9,42.77,21.96],
		"grayscale_G_mean": [149.5,115.7,78.55,44.85,17.78],
		"grayscale_B_mean": [154.5,117.2,79.51,44.93,20.1],
		"White_Bal_error_Degrees": [324.9,213.7,279.6,342.3,-490.4],
		"White_Bal_error_Mired": [-7.324,-4.898,-6.344,-7.696,12.55],
		"White_Bal_error_S_HSV": [0.03229,0.02319,0.03279,0.04813,0.1901],
		"White_Bal_error_Delta_C_ab": [2.809,1,0.9246,0.9769,2.387],
		"White_Bal_error_Delta_C_94": [2.809,1,0.9246,0.9769,2.387],
		"White_Bal_error_Delta_C_00": [2.859,0.9945,1.032,1.36,3.229],
		"n_Patch": [1,2,3,4,5],
		"n_Row": [1,1,1,1,1],
		"n_Column": [1,2,3,4,5],
		"width_pixels": [275,276,275,275,275],
		"height_pixels": [305,305,305,305,305],
		"Pixels_total": [83875,84180,83875,83875,83875],
		"R_reference": [242.4,146.6,86.6,49.01,25.46],
		"G_reference": [242.4,146.6,86.6,49.01,25.46],
		"B_reference": [242.4,146.6,86.6,49.01,25.46],
		"R_input": [149.8,114.4,76.9,42.77,21.96],
		"G_input": [149.5,115.7,78.55,44.85,17.78],
		"B_input": [154.5,117.2,79.51,44.93,20.1],
		"L_reference": [95.63,60.79,36.82,20.33,8.991],
		"a_reference": [0,0,0,0,0],
		"b_reference": [0,0,0,0,0],
		"L_input": [62.06,48.65,33.29,18.2,5.841],
		"a_input": [1.077,-0.1666,-0.4581,-0.9012,2.268],
		"b_input": [-2.594,-0.9861,-0.8031,-0.3771,-0.7436],
		"x_reference": [0.3127,0.3127,0.3127,0.3127,0.3127],
		"y_reference": [0.329,0.329,0.329,0.329,0.329],
		"Y_reference": [0.8913,0.2901,0.09441,0.03073,0.01],
		"x_input": [0.3083,0.3094,0.3082,0.3067,0.3232],
		"y_input": [0.3213,0.3261,0.3263,0.3286,0.312],
		"Y_input": [0.3047,0.1731,0.07674,0.02563,0.006467],
		"LUV_comment": "L2 is used to differentiate between the L in LAB and L in LUV.",
		"L2_reference": [805.1,262,85.28,27.75,9.033],
		"U_reference": [0.1978,0.1978,0.1978,0.1978,0.1978],
		"V_reference": [0.4683,0.4683,0.4683,0.4683,0.4683],
		"L2_input": [275.2,156.4,69.32,23.15,5.841],
		"U_input": [0.1977,0.1966,0.1957,0.1938,0.2121],
		"V_input": [0.4635,0.4663,0.4662,0.4672,0.4605],
		"patch_numbers_for_all_Delta_E_C": [1,2,3,4,5],
		"Delta_E_all": [33.7,12.2,3.64,2.35,3.95],
		"Delta_C_all": [2.81,1,0.925,0.977,2.39],
		"Delta_E94_all": [33.7,12.2,3.64,2.35,3.95],
		"Delta_C94_all": [2.81,1,0.925,0.977,2.39],
		"Delta_E2000_all": [23.7,11.6,3.08,2,3.76],
		"Delta_C2000_all": [2.86,0.994,1.03,1.36,3.23],
		"Delta_L_all": [-33.6,-12.1,-3.53,-2.13,-3.15],
		"Delta_Chroma_all": [2.81,1,0.925,0.977,2.39],
		"Delta_Hue_Distance_all": [0,0,0,0,0],
		"Delta_Hue_Degrees_all": [0,0,0,0,0],
		"sat_corr_comment": "sat_corr explained on https://www.imatest.com/docs/colorcheck/#satcorr - not recommended.",
		"Delta_C_all_sat_corr": ["_NaN_","_NaN_","_NaN_","_NaN_","_NaN_"],
		"Delta_C94_all_sat_corr": ["_NaN_","_NaN_","_NaN_","_NaN_","_NaN_"],
		"Delta_C2000_all_sat_corr": ["_NaN_","_NaN_","_NaN_","_NaN_","_NaN_"],
		"grayscale_patch_numbers": [1,2,3,4,5],
		"Delta_E": [33.7,12.2,3.64,2.35,3.95],
		"Delta_C": [2.81,1,0.925,0.977,2.39],
		"Delta_E94": [33.7,12.2,3.64,2.35,3.95],
		"Delta_C94": [2.81,1,0.925,0.977,2.39],
		"Delta_E2000": [23.7,11.6,3.08,2,3.76],
		"Delta_C2000": [2.86,0.994,1.03,1.36,3.23],
		"Delta_L": [-33.6,-12.1,-3.53,-2.13,-3.15],
		"Delta_Chroma": [2.81,1,0.925,0.977,2.39],
		"Delta_Hue_Distance": [0,0,0,0,0],
		"Delta_Hue_Degrees": [0,0,0,0,0],
		"mean_Delta_E": [11.2],
		"mean_Delta_C": [1.62],
		"mean_Delta_E94": [11.2],
		"mean_Delta_C94": [1.62],
		"mean_Delta_E2000": [8.82],
		"mean_Delta_C2000": [1.9],
		"mean_Delta_L": [-10.9],
		"mean_Delta_Chroma": [1.62],
		"mean_Delta_Hue_Distance": [0],
		"mean_Delta_Hue_Degrees": [0],
		"mean_Delta_C_sat_corr": ["_NaN_"],
		"mean_Delta_C94_sat_corr": ["_NaN_"],
		"mean_Delta_C2000_sat_corr": ["_NaN_"],
		"max_Delta_E": [33.7],
		"max_Delta_C": [2.81],
		"max_Delta_E94": [33.7],
		"max_Delta_C94": [2.81],
		"max_Delta_E2000": [23.7],
		"max_Delta_C2000": [3.23],
		"max_Delta_L": [-2.13],
		"max_Delta_Chroma": [2.81],
		"max_Delta_Hue_Distance": [0],
		"max_Delta_Hue_Degrees": [0],
		"max_Delta_C_sat_corr": ["_NaN_"],
		"max_Delta_C94_sat_corr": ["_NaN_"],
		"max_Delta_C2000_sat_corr": ["_NaN_"],
		"mean_RegionSize": [83660.8],
		"Sequence_dark_to_light": [5,4,3,2,1],
		"Patch_number": [5,4,3,2,1],
		"R_noise": [0.06443,0.07184,0.05516,0.04412,0.03908],
		"G_noise": [0.04807,0.04027,0.03091,0.02737,0.02548],
		"B_noise": [0.05574,0.05412,0.0397,0.03371,0.02997],
		"R_SNR_ratio": [1.337,2.334,5.468,10.17,15.03],
		"G_SNR_ratio": [1.451,4.367,9.965,16.58,23.01],
		"B_SNR_ratio": [1.414,3.256,7.855,13.63,20.22],
		"R_SNR_dB": [2.52,7.364,14.76,20.15,23.54],
		"G_SNR_dB": [3.233,12.8,19.97,24.39,27.24],
		"B_SNR_dB": [3.011,10.25,17.9,22.69,26.11],
		"Gb_noise": [0.03885,0.03373,0.02619,0.02285,0.02109],
		"Gb_SNR_ratio": [1.902,5.163,11.72,19.83,27.88],
		"Gb_SNR_dB": [5.583,14.26,21.38,25.94,28.91],
		"Y_f_stop_SNR_ratio": [3.95,3.796,3.288,2.133,1.594],
		"Y_f_stop_SNR_dB": [11.93,11.59,10.34,6.58,4.048],
		"quality_levels_for_DR": [
				"Low,",
				"Medium,",
				"M-H,",
				"High,"
		],
		"SigNoise_levels_for_DR": [1,0.5,0.25,0.1],
		"Dynamic_Range_f_stops": [0,5.177,0,0],
		"Dynamic_Range_dB": [0,31.16,0,0],
		"noise_ISO15739_pct": [0.2894,0.3515,0.6696,1.42,1.808],
		"snr_ISO15739": [2.235,7.291,11.46,12.19,16.85],
		"noise_pct_ISO15739_at_13pct_Lref": [1.628],
		"snr_ISO15739_at_13pct_Lref": [14.69],
		"snr_dB_ISO15739_at_13pct_Lref": [23.34],
		"DynamicRange_at_density_2": [1621],
		"DynamicRange_total": [0],
		"DynamicRange_from_slope_OD": [1.95],
		"DynamicRange_from_slope_EV": [6.474],
		"DynamicRange_from_slope_dB": [39],
		"SNR_BW_dB_RGBY": [19.44,23.59,21.78,25.16],
		"L_noise": [4.084,3.788,2.797,2.314,2.039],
		"a_noise": [10.28,10.36,7.535,6.013,5.169],
		"b_noise": [9.664,9.87,6.926,5.55,4.775],
		"Total_Lab_noise_unwtd": [14.69,14.8,10.61,8.504,7.327],
		"Total_ab_noise_unwtd": [14.11,14.31,10.23,8.183,7.037],
		"R_minus_Y_KK_noise": [0.05774,0.06164,0.0469,0.03793,0.03394],
		"B_minus_Y_KK_noise": [0.06225,0.05877,0.04319,0.03683,0.03321],
		"Y_Kelly_Keelan_noise": [0.03885,0.03373,0.02619,0.02285,0.02109],
		"Total_KK_noise": [0.05273,0.05002,0.03826,0.0323,0.02938],
		"Chroma_KK_noise": [0.03565,0.03693,0.02789,0.02282,0.02046],
		"Total_old_iso_noise": [0.06529,0.0642,0.04891,0.04075,0.03686],
		"Y_noise_from_YUV": [0.03884,0.03373,0.02619,0.02285,0.02109],
		"U_noise_from_YUV": [0.02925,0.02762,0.0203,0.0173,0.0156],