{
	"jsonResults": {
		"dateRun": "13-May-2025 14:47:26",
		"ini_time_size": "13-May-2025 14:46:26 17295B  MD5 = 627e4fa6024c61b97cf5d4658225c5cf",
		"version": "Imatest 24.2.6 Master Color/Tone Auto",
		"build": "2025-03-20",
		"image_file": "cup_55.0 mm_25600ISO_-2EV_Dist2_OFF_Defocus2.tiff",
		"ColorSpace": "sRGB",
		"Reference": "Default values",
		"Ref_folder": "/usr/local/Imatest/v24.2/Master/",
		"Gamma": [0.3886],
		"patches_for_gamma_start_end": [1,5],
		"exposure_error_normalized_y_channel": [-0.255],
		"mean_camera_Saturation_Pct": ["_NaN_"],
		"mean_chroma_level_CPIQ_Pct": ["_NaN_"],
		"CPIQ_chroma_quality_loss_JND": ["_NaN_"],
		"CPIQ_exposure_quality_loss_JND": ["_NaN_"],
		"pixel_offset": [0],
		"mean_patch_size_pxls": [274,303],
		"roi_settings": "Recent ROI settings are in roi, nwid_save, nht_save, fillf, and distort (same names as ini file)",
		"roi": [3013,1351,4727,1725,3013,1727,4727,1343],
		"nwid_save": [6024],
		"nht_save": [4020],
		"fillf": [0.8],
		"distort": [0],
		"grayscale_zone": [1,2,3,4,5],
		"grayscale_minus_log_exposure": [2,1.513,1.025,0.5375,0.05],
		"grayscale_Y_reflectivity": [0.01,0.03073,0.09441,0.2901,0.8913],
		"grayscale_Y_Printer_pixel_gamma22": [33.13,55.18,91.91,153.1,255],
		"grayscale_Y_density": [0.547,0.6836,0.8731,1.031,1.089],
		"grayscale_R_density": [0.5498,0.677,0.799,0.8756,0.8946],
		"grayscale_G_density": [0.5491,0.6874,0.9022,1.099,1.181],
		"grayscale_B_density": [0.5182,0.6665,0.834,0.9628,1],
		"grayscale_Y_mean": [72.37,52.83,34.15,23.74,20.76],
		"grayscale_R_mean": [71.9,53.64,40.51,33.96,32.51],
		"grayscale_G_mean": [72.02,52.38,31.94,20.29,16.8],
		"grayscale_B_mean": [77.32,54.95,37.37,27.78,25.49],
		"White_Bal_error_Degrees": [753.8,250.6,-574.6,-1798,-2357],
		"White_Bal_error_Mired": [-15.99,-5.71,14.92,58.83,87.5],
		"White_Bal_error_S_HSV": [0.07012,0.04686,0.2114,0.4025,0.4833],
		"White_Bal_error_Delta_C_ab": [3.388,1.833,5.722,8.898,10.14],
		"White_Bal_error_Delta_C_94": [3.388,1.833,5.722,8.898,10.14],
		"White_Bal_error_Delta_C_00": [3.353,2.131,6.959,10.09,11.15],
		"n_Patch": [1,2,3,4,5],
		"n_Row": [1,1,1,1,1],
		"n_Column": [1,2,3,4,5],
		"width_pixels": [275,276,275,275,275],
		"height_pixels": [305,305,305,305,305],
		"Pixels_total": [83875,84180,83875,83875,83875],
		"R_reference": [242.4,146.6,86.6,49.01,25.46],
		"G_reference": [242.4,146.6,86.6,49.01,25.46],
		"B_reference": [242.4,146.6,86.6,49.01,25.46],
		"R_input": [71.9,53.64,40.51,33.96,32.51],
		"G_input": [72.02,52.38,31.94,20.29,16.8],
		"B_input": [77.32,54.95,37.37,27.78,25.49],
		"L_reference": [95.63,60.79,36.82,20.33,8.991],
		"a_reference": [0,0,0,0,0],
		"b_reference": [0,0,0,0,0],
		"L_input": [30.76,22.09,13.4,8.419,7.066],
		"a_input": [1.156,1.15,5.317,8.546,9.76],
		"b_input": [-3.185,-1.427,-2.115,-2.477,-2.753],
		"x_reference": [0.3127,0.3127,0.3127,0.3127,0.3127],
		"y_reference": [0.329,0.329,0.329,0.329,0.329],
		"Y_reference": [0.8913,0.2901,0.09441,0.03073,0.01],
		"x_input": [0.3031,0.3099,0.3252,0.3438,0.3512],
		"y_input": [0.3135,0.3193,0.3025,0.2862,0.2776],
		"Y_input": [0.06551,0.0354,0.01627,0.009329,0.007822],
		"LUV_comment": "L2 is used to differentiate between the L in LAB and L in LUV.",
		"L2_reference": [805.1,262,85.28,27.75,9.033],
		"U_reference": [0.1978,0.1978,0.1978,0.1978,0.1978],
		"V_reference": [0.4683,0.4683,0.4683,0.4683,0.4683],
		"L2_input": [59.18,31.98,14.7,8.427,7.066],
		"U_input": [0.197,0.1996,0.2176,0.2393,0.2496],
		"V_input": [0.4583,0.4626,0.4553,0.4482,0.4438],
		"patch_numbers_for_all_Delta_E_C": [1,2,3,4,5],
		"Delta_E_all": [65,38.7,24.1,14.9,10.3],
		"Delta_C_all": [3.39,1.83,5.72,8.9,10.1],
		"Delta_E94_all": [65,38.7,24.1,14.9,10.3],
		"Delta_C94_all": [3.39,1.83,5.72,8.9,10.1],
		"Delta_E2000_all": [54.7,34.8,18.5,12.7,11.2],
		"Delta_C2000_all": [3.35,2.13,6.96,10.1,11.1],
		"Delta_L_all": [-64.9,-38.7,-23.4,-11.9,-1.93],
		"Delta_Chroma_all": [3.39,1.83,5.72,8.9,10.1],
		"Delta_Hue_Distance_all": [0,0,0,0,0],
		"Delta_Hue_Degrees_all": [0,0,0,0,0],
		"sat_corr_comment": "sat_corr explained on https://www.imatest.com/docs/colorcheck/#satcorr - not recommended.",
		"Delta_C_all_sat_corr": ["_NaN_","_NaN_","_NaN_","_NaN_","_NaN_"],
		"Delta_C94_all_sat_corr": ["_NaN_","_NaN_","_NaN_","_NaN_","_NaN_"],
		"Delta_C2000_all_sat_corr": ["_NaN_","_NaN_","_NaN_","_NaN_","_NaN_"],
		"grayscale_patch_numbers": [1,2,3,4,5],
		"Delta_E": [65,38.7,24.1,14.9,10.3],
		"Delta_C": [3.39,1.83,5.72,8.9,10.1],
		"Delta_E94": [65,38.7,24.1,14.9,10.3],
		"Delta_C94": [3.39,1.83,5.72,8.9,10.1],
		"Delta_E2000": [54.7,34.8,18.5,12.7,11.2],
		"Delta_C2000": [3.35,2.13,6.96,10.1,11.1],
		"Delta_L": [-64.9,-38.7,-23.4,-11.9,-1.93],
		"Delta_Chroma": [3.39,1.83,5.72,8.9,10.1],
		"Delta_Hue_Distance": [0,0,0,0,0],
		"Delta_Hue_Degrees": [0,0,0,0,0],
		"mean_Delta_E": [30.6],
		"mean_Delta_C": [6],
		"mean_Delta_E94": [30.6],
		"mean_Delta_C94": [6],
		"mean_Delta_E2000": [26.4],
		"mean_Delta_C2000": [6.74],
		"mean_Delta_L": [-28.2],
		"mean_Delta_Chroma": [6],
		"mean_Delta_Hue_Distance": [0],
		"mean_Delta_Hue_Degrees": [0],
		"mean_Delta_C_sat_corr": ["_NaN_"],
		"mean_Delta_C94_sat_corr": ["_NaN_"],
		"mean_Delta_C2000_sat_corr": ["_NaN_"],
		"max_Delta_E": [65],
		"max_Delta_C": [10.1],
		"max_Delta_E94": [65],
		"max_Delta_C94": [10.1],
		"max_Delta_E2000": [54.7],
		"max_Delta_C2000": [11.1],
		"max_Delta_L": [-1.93],
		"max_Delta_Chroma": [10.1],
		"max_Delta_Hue_Distance": [0],
		"max_Delta_Hue_Degrees": [0],
		"max_Delta_C_sat_corr": ["_NaN_"],
		"max_Delta_C94_sat_corr": ["_NaN_"],
		"max_Delta_C2000_sat_corr": ["_NaN_"],
		"mean_RegionSize": [83660.8],
		"Sequence_dark_to_light": [5,4,3,2,1],
		"Patch_number": [5,4,3,2,1],
		"R_noise": [0.1057,0.1073,0.1166,0.1272,0.1234],
		"G_noise": [0.07509,0.08148,0.09309,0.09195,0.07926],
		"B_noise": [0.08839,0.0927,0.1037,0.1055,0.09026],
		"R_SNR_ratio": [1.206,1.241,1.362,1.654,2.286],
		"G_SNR_ratio": [0.8772,0.9765,1.346,2.234,3.563],
		"B_SNR_ratio": [1.131,1.175,1.413,2.042,3.36],
		"R_SNR_dB": [1.627,1.874,2.687,4.373,7.18],
		"G_SNR_dB": [-1.138,-0.2063,2.579,6.981,11.04],
		"B_SNR_dB": [1.068,1.402,3.004,6.201,10.53],
		"Gb_noise": [0.06181,0.06617,0.07444,0.07417,0.06556],
		"Gb_SNR_ratio": [1.317,1.407,1.799,2.794,4.329],
		"Gb_SNR_dB": [2.393,2.964,5.102,8.923,12.73],
		"Y_f_stop_SNR_ratio": [0.7217,0.6239,0.4732,0.245,0.1165],
		"Y_f_stop_SNR_dB": [-2.833,-4.098,-6.498,-12.22,-18.67],
		"quality_levels_for_DR": [
				"Low,",
				"Medium,",
				"M-H,",
				"High,"
		],
		"SigNoise_levels_for_DR": [1,0.5,0.25,0.1],
		"Dynamic_Range_f_stops": [0,0,0,0],
		"Dynamic_Range_dB": [0,0,0,0],
		"noise_ISO15739_pct": [2.28,2.762,4.759,8.48,9.361],
		"snr_ISO15739": [0.3431,0.3377,0.342,0.4174,0.6998],
		"noise_pct_ISO15739_at_13pct_Lref": [9.025],
		"snr_ISO15739_at_13pct_Lref": [0.592],
		"snr_dB_ISO15739_at_13pct_Lref": [-4.553],
		"DynamicRange_at_density_2": [219.6],
		"DynamicRange_total": [0],
		"DynamicRange_from_slope_OD": [1.95],
		"DynamicRange_from_slope_EV": [6.474],
		"DynamicRange_from_slope_dB": [39],
		"SNR_BW_dB_RGBY": [3.522,6.337,5.141,8.205],
		"L_noise": [6.929,7.341,8.065,7.718,6.612],
		"a_noise": [15.63,16.44,18.18,18.33,16.16],
		"b_noise": [15.2,16.12,18.5,18.23,15.18],
		"Total_Lab_noise_unwtd": [22.88,24.16,27.16,26.98,23.14],
		"Total_ab_noise_unwtd": [21.8,23.02,25.94,25.85,22.17],
		"R_minus_Y_KK_noise": [0.09381,0.09702,0.1071,0.1146,0.1078],
		"B_minus_Y_KK_noise": [0.09389,0.1003,0.1168,0.1174,0.09893],
		"Y_Kelly_Keelan_noise": [0.06181,0.06617,0.07444,0.07417,0.06556],
		"Total_KK_noise": [0.08397,0.08882,0.0997,0.1019,0.09166],
		"Chroma_KK_noise": [0.05684,0.05925,0.06632,0.06984,0.06405],
		"Total_old_iso_noise": [0.1042,0.1096,0.1227,0.1269,0.1153],
		"Y_noise_from_YUV": [0.0618,0.06616,0.07443,0.07416,0.06556],
		"U_noise_from_YUV": [0.04412,0.04712,0.05487,0.05517,0.04649],
		"V_noise_from_YUV": [0.07326,0.07576,0.08361,0.0895,0.08418],