{
	"jsonResults": {
		"dateRun": "13-May-2025 14:47:26",
		"ini_time_size": "13-May-2025 14:46:26 17295B  MD5 = 627e4fa6024c61b97cf5d4658225c5cf",
		"version": "Imatest 24.2.6 Master Color/Tone Auto",
		"build": "2025-03-20",
		"image_file": "cup_55.0 mm_25600ISO_0EV_Dist2_ON_Focused.tiff",
		"ColorSpace": "sRGB",
		"Reference": "Default values",
		"Ref_folder": "/usr/local/Imatest/v24.2/Master/",
		"Gamma": [0.378],
		"patches_for_gamma_start_end": [1,5],
		"exposure_error_normalized_y_channel": [-0.127],
		"mean_camera_Saturation_Pct": ["_NaN_"],
		"mean_chroma_level_CPIQ_Pct": ["_NaN_"],
		"CPIQ_chroma_quality_loss_JND": ["_NaN_"],
		"CPIQ_exposure_quality_loss_JND": ["_NaN_"],
		"pixel_offset": [0],
		"mean_patch_size_pxls": [274,303],
		"roi_settings": "Recent ROI settings are in roi, nwid_save, nht_save, fillf, and distort (same names as ini file)",
		"roi": [3013,1351,4727,1725,3013,1727,4727,1343],
		"nwid_save": [6024],
		"nht_save": [4020],
		"fillf": [0.8],
		"distort": [0],
		"grayscale_zone": [1,2,3,4,5],
		"grayscale_minus_log_exposure": [2,1.513,1.025,0.5375,0.05],
		"grayscale_Y_reflectivity": [0.01,0.03073,0.09441,0.2901,0.8913],
		"grayscale_Y_Printer_pixel_gamma22": [33.13,55.18,91.91,153.1,255],
		"grayscale_Y_density": [0.2392,0.3565,0.5407,0.8054,1.051],
		"grayscale_R_density": [0.2426,0.3656,0.5657,0.7705,0.8949],
		"grayscale_G_density": [0.2405,0.3553,0.5349,0.8184,1.121],
		"grayscale_B_density": [0.2168,0.3415,0.5279,0.7864,0.977],
		"grayscale_Y_mean": [147,112.2,73.42,39.91,22.66],
		"grayscale_R_mean": [145.9,109.9,69.31,43.25,32.48],
		"grayscale_G_mean": [146.6,112.5,74.41,38.74,19.31],
		"grayscale_B_mean": [154.8,116.2,75.62,41.7,26.89],
		"White_Bal_error_Degrees": [645.7,527.3,699.5,-214.2,-1686],
		"White_Bal_error_Mired": [-13.9,-11.54,-14.95,5.243,53.88],
		"White_Bal_error_S_HSV": [0.05772,0.05414,0.08333,0.1043,0.4056],
		"White_Bal_error_Delta_C_ab": [4.651,2.385,2.297,3.014,8.777],
		"White_Bal_error_Delta_C_94": [4.651,2.385,2.297,3.014,8.777],
		"White_Bal_error_Delta_C_00": [4.418,2.277,2.852,3.936,9.948],
		"n_Patch": [1,2,3,4,5],
		"n_Row": [1,1,1,1,1],
		"n_Column": [1,2,3,4,5],
		"width_pixels": [275,276,275,275,275],
		"height_pixels": [305,305,305,305,305],
		"Pixels_total": [83875,84180,83875,83875,83875],
		"R_reference": [242.4,146.6,86.6,49.01,25.46],
		"G_reference": [242.4,146.6,86.6,49.01,25.46],
		"B_reference": [242.4,146.6,86.6,49.01,25.46],
		"R_input": [145.9,109.9,69.31,43.25,32.48],
		"G_input": [146.6,112.5,74.41,38.74,19.31],
		"B_input": [154.8,116.2,75.62,41.7,26.89],
		"L_reference": [95.63,60.79,36.82,20.33,8.991],
		"a_reference": [0,0,0,0,0],
		"b_reference": [0,0,0,0,0],
		"L_input": [60.95,47.33,31.22,16.1,7.857],
		"a_input": [1.395,-0.2438,-1.793,2.767,8.365],
		"b_input": [-4.437,-2.372,-1.435,-1.196,-2.656],
		"x_reference": [0.3127,0.3127,0.3127,0.3127,0.3127],
		"y_reference": [0.329,0.329,0.329,0.329,0.329],
		"Y_reference": [0.8913,0.2901,0.09441,0.03073,0.01],
		"x_input": [0.3042,0.3049,0.3012,0.3182,0.3419],
		"y_input": [0.316,0.3216,0.3254,0.3155,0.2844],
		"Y_input": [0.2919,0.1628,0.06746,0.02118,0.008698],
		"LUV_comment": "L2 is used to differentiate between the L in LAB and L in LUV.",
		"L2_reference": [805.1,262,85.28,27.75,9.033],
		"U_reference": [0.1978,0.1978,0.1978,0.1978,0.1978],
		"V_reference": [0.4683,0.4683,0.4683,0.4683,0.4683],
		"L2_input": [263.7,147,60.94,19.13,7.857],
		"U_input": [0.1968,0.1951,0.1912,0.207,0.2387],
		"V_input": [0.4599,0.4632,0.4647,0.4617,0.4468],
		"patch_numbers_for_all_Delta_E_C": [1,2,3,4,5],
		"Delta_E_all": [35,13.7,6.05,5.2,8.85],
		"Delta_C_all": [4.65,2.38,2.3,3.01,8.78],
		"Delta_E94_all": [35,13.7,6.05,5.2,8.85],
		"Delta_C94_all": [4.65,2.38,2.3,3.01,8.78],
		"Delta_E2000_all": [24.8,13.1,5.37,4.88,9.97],
		"Delta_C2000_all": [4.42,2.28,2.85,3.94,9.95],
		"Delta_L_all": [-34.7,-13.5,-5.6,-4.24,-1.13],
		"Delta_Chroma_all": [4.65,2.38,2.3,3.01,8.78],
		"Delta_Hue_Distance_all": [0,0,0,0,0],
		"Delta_Hue_Degrees_all": [0,0,0,0,0],
		"sat_corr_comment": "sat_corr explained on https://www.imatest.com/docs/colorcheck/#satcorr - not recommended.",
		"Delta_C_all_sat_corr": ["_NaN_","_NaN_","_NaN_","_NaN_","_NaN_"],
		"Delta_C94_all_sat_corr": ["_NaN_","_NaN_","_NaN_","_NaN_","_NaN_"],
		"Delta_C2000_all_sat_corr": ["_NaN_","_NaN_","_NaN_","_NaN_","_NaN_"],
		"grayscale_patch_numbers": [1,2,3,4,5],
		"Delta_E": [35,13.7,6.05,5.2,8.85],
		"Delta_C": [4.65,2.38,2.3,3.01,8.78],
		"Delta_E94": [35,13.7,6.05,5.2,8.85],
		"Delta_C94": [4.65,2.38,2.3,3.01,8.78],
		"Delta_E2000": [24.8,13.1,5.37,4.88,9.97],
		"Delta_C2000": [4.42,2.28,2.85,3.94,9.95],
		"Delta_L": [-34.7,-13.5,-5.6,-4.24,-1.13],
		"Delta_Chroma": [4.65,2.38,2.3,3.01,8.78],
		"Delta_Hue_Distance": [0,0,0,0,0],
		"Delta_Hue_Degrees": [0,0,0,0,0],
		"mean_Delta_E": [13.8],
		"mean_Delta_C": [4.22],
		"mean_Delta_E94": [13.8],
		"mean_Delta_C94": [4.22],
		"mean_Delta_E2000": [11.6],
		"mean_Delta_C2000": [4.69],
		"mean_Delta_L": [-11.8],
		"mean_Delta_Chroma": [4.22],
		"mean_Delta_Hue_Distance": [0],
		"mean_Delta_Hue_Degrees": [0],
		"mean_Delta_C_sat_corr": ["_NaN_"],
		"mean_Delta_C94_sat_corr": ["_NaN_"],
		"mean_Delta_C2000_sat_corr": ["_NaN_"],
		"max_Delta_E": [35],
		"max_Delta_C": [8.78],
		"max_Delta_E94": [35],
		"max_Delta_C94": [8.78],
		"max_Delta_E2000": [24.8],
		"max_Delta_C2000": [9.95],
		"max_Delta_L": [-1.13],
		"max_Delta_Chroma": [8.78],
		"max_Delta_Hue_Distance": [0],
		"max_Delta_Hue_Degrees": [0],
		"max_Delta_C_sat_corr": ["_NaN_"],
		"max_Delta_C94_sat_corr": ["_NaN_"],
		"max_Delta_C2000_sat_corr": ["_NaN_"],
		"mean_RegionSize": [83660.8],
		"Sequence_dark_to_light": [5,4,3,2,1],
		"Patch_number": [5,4,3,2,1],
		"R_noise": [0.1048,0.1197,0.1244,0.09261,0.07266],
		"G_noise": [0.08003,0.09533,0.07619,0.05766,0.05095],
		"B_noise": [0.0914,0.106,0.09152,0.06594,0.05476],
		"R_SNR_ratio": [1.215,1.417,2.186,4.653,7.873],
		"G_SNR_ratio": [0.9462,1.594,3.83,7.653,11.28],
		"B_SNR_ratio": [1.154,1.542,3.24,6.909,11.09],
		"R_SNR_dB": [1.691,3.027,6.791,13.35,17.92],
		"G_SNR_dB": [-0.4806,4.048,11.66,17.68,21.05],
		"B_SNR_dB": [1.24,3.764,10.21,16.79,20.9],
		"Gb_noise": [0.06515,0.0763,0.06383,0.04897,0.04231],
		"Gb_SNR_ratio": [1.364,2.051,4.511,8.986,13.63],
		"Gb_SNR_dB": [2.694,6.24,13.09,19.07,22.69],
		"Y_f_stop_SNR_ratio": [1.991,1.819,1.372,0.8054,0.6414],
		"Y_f_stop_SNR_dB": [5.98,5.198,2.744,-1.88,-3.858],
		"quality_levels_for_DR": [
				"Low,",
				"Medium,",
				"M-H,",
				"High,"
		],
		"SigNoise_levels_for_DR": [1,0.5,0.25,0.1],
		"Dynamic_Range_f_stops": [4.095,0,0,0],
		"Dynamic_Range_dB": [24.65,0,0,0],
		"noise_ISO15739_pct": [0.7181,1.114,1.986,3.475,4.135],
		"snr_ISO15739": [1.211,1.902,3.397,4.683,7.058],
		"noise_pct_ISO15739_at_13pct_Lref": [3.74],
		"snr_ISO15739_at_13pct_Lref": [5.636],
		"snr_dB_ISO15739_at_13pct_Lref": [15.02],
		"DynamicRange_at_density_2": [555.4],
		"DynamicRange_total": [0],
		"DynamicRange_from_slope_OD": [1.95],
		"DynamicRange_from_slope_EV": [6.474],
		"DynamicRange_from_slope_dB": [39],
		"SNR_BW_dB_RGBY": [13.13,17.25,16.08,18.67],
		"L_noise": [7.228,8.195,6.491,4.873,4.077],
		"a_noise": [16.1,18.52,15.88,11.62,9.552],
		"b_noise": [15.88,18.68,15.12,10.8,8.705],
		"Total_Lab_noise_unwtd": [23.74,27.56,22.86,16.6,13.55],
		"Total_ab_noise_unwtd": [22.61,26.31,21.92,15.87,12.92],
		"R_minus_Y_KK_noise": [0.09446,0.1098,0.1074,0.07843,0.06311],
		"B_minus_Y_KK_noise": [0.09872,0.1188,0.09837,0.07209,0.0605],
		"Y_Kelly_Keelan_noise": [0.06515,0.0763,0.06383,0.04897,0.04231],
		"Total_KK_noise": [0.08713,0.1021,0.09024,0.06761,0.05678],
		"Chroma_KK_noise": [0.05786,0.06786,0.06379,0.04662,0.03786],
		"Total_old_iso_noise": [0.1073,0.1257,0.114,0.08465,0.07018],
		"Y_noise_from_YUV": [0.06514,0.07629,0.06382,0.04897,0.0423],
		"U_noise_from_YUV": [0.04639,0.05582,0.04622,0.03387,0.02843],
		"V_noise_from_YUV": [0.07377,0.08575,0.08387,0.06125,0.04929],