{
	"jsonResults": {
		"dateRun": "13-May-2025 14:47:26",
		"ini_time_size": "13-May-2025 14:46:26 17295B  MD5 = 627e4fa6024c61b97cf5d4658225c5cf",
		"version": "Imatest 24.2.6 Master Color/Tone Auto",
		"build": "2025-03-20",
		"image_file": "cup_55.0 mm_6400ISO_-1EV_Dist2_ON_Defocus1.tiff",
		"ColorSpace": "sRGB",
		"Reference": "Default values",
		"Ref_folder": "/usr/local/Imatest/v24.2/Master/",
		"Gamma": [0.3717],
		"patches_for_gamma_start_end": [1,5],
		"exposure_error_normalized_y_channel": [-0.204],
		"mean_camera_Saturation_Pct": ["_NaN_"],
		"mean_chroma_level_CPIQ_Pct": ["_NaN_"],
		"CPIQ_chroma_quality_loss_JND": ["_NaN_"],
		"CPIQ_exposure_quality_loss_JND": ["_NaN_"],
		"pixel_offset": [0],
		"mean_patch_size_pxls": [274,303],
		"roi_settings": "Recent ROI settings are in roi, nwid_save, nht_save, fillf, and distort (same names as ini file)",
		"roi": [3013,1351,4727,1725,3013,1727,4727,1343],
		"nwid_save": [6024],
		"nht_save": [4020],
		"fillf": [0.8],
		"distort": [0],
		"grayscale_zone": [1,2,3,4,5],
		"grayscale_minus_log_exposure": [2,1.513,1.025,0.5375,0.05],
		"grayscale_Y_reflectivity": [0.01,0.03073,0.09441,0.2901,0.8913],
		"grayscale_Y_Printer_pixel_gamma22": [33.13,55.18,91.91,153.1,255],
		"grayscale_Y_density": [0.3704,0.4874,0.6686,0.9397,1.266],
		"grayscale_R_density": [0.3714,0.4934,0.6862,0.9403,1.144],
		"grayscale_G_density": [0.3719,0.4866,0.6644,0.9401,1.318],
		"grayscale_B_density": [0.3533,0.4779,0.6594,0.9338,1.196],
		"grayscale_Y_mean": [108.7,83.02,54.7,29.3,13.83],
		"grayscale_R_mean": [108.4,81.87,52.52,29.25,18.3],
		"grayscale_G_mean": [108.3,83.17,55.23,29.27,12.25],
		"grayscale_B_mean": [113,84.85,55.86,29.7,16.25],
		"White_Bal_error_Degrees": [431.3,316.2,467.3,110.8,-673.8],
		"White_Bal_error_Mired": [-9.573,-7.137,-10.32,-2.579,17.79],
		"White_Bal_error_S_HSV": [0.042,0.0351,0.05982,0.01489,0.3305],
		"White_Bal_error_Delta_C_ab": [2.829,1.176,1.288,0.3143,3.019],
		"White_Bal_error_Delta_C_94": [2.829,1.176,1.288,0.3143,3.019],
		"White_Bal_error_Delta_C_00": [2.861,1.158,1.646,0.3313,3.952],
		"n_Patch": [1,2,3,4,5],
		"n_Row": [1,1,1,1,1],
		"n_Column": [1,2,3,4,5],
		"width_pixels": [275,276,275,275,275],
		"height_pixels": [305,305,305,305,305],
		"Pixels_total": [83875,84180,83875,83875,83875],
		"R_reference": [242.4,146.6,86.6,49.01,25.46],
		"G_reference": [242.4,146.6,86.6,49.01,25.46],
		"B_reference": [242.4,146.6,86.6,49.01,25.46],
		"R_input": [108.4,81.87,52.52,29.25,18.3],
		"G_input": [108.3,83.17,55.23,29.27,12.25],
		"B_input": [113,84.85,55.86,29.7,16.25],
		"L_reference": [95.63,60.79,36.82,20.33,8.991],
		"a_reference": [0,0,0,0,0],
		"b_reference": [0,0,0,0,0],
		"L_input": [45.9,35.31,22.94,10.92,3.964],
		"a_input": [1.039,-0.1585,-1.005,0.1005,2.786],
		"b_input": [-2.631,-1.165,-0.8057,-0.2978,-1.164],
		"x_reference": [0.3127,0.3127,0.3127,0.3127,0.3127],
		"y_reference": [0.329,0.329,0.329,0.329,0.329],
		"Y_reference": [0.8913,0.2901,0.09441,0.03073,0.01],
		"x_input": [0.3069,0.3079,0.3049,0.3111,0.3271],
		"y_input": [0.3192,0.3246,0.3266,0.3265,0.2959],
		"Y_input": [0.152,0.08655,0.03782,0.01249,0.004389],
		"LUV_comment": "L2 is used to differentiate between the L in LAB and L in LUV.",
		"L2_reference": [805.1,262,85.28,27.75,9.033],
		"U_reference": [0.1978,0.1978,0.1978,0.1978,0.1978],
		"V_reference": [0.4683,0.4683,0.4683,0.4683,0.4683],
		"L2_input": [137.3,78.18,34.16,11.28,3.964],
		"U_input": [0.1975,0.1961,0.1933,0.1977,0.2219],
		"V_input": [0.4621,0.4652,0.4659,0.4667,0.4516],
		"patch_numbers_for_all_Delta_E_C": [1,2,3,4,5],
		"Delta_E_all": [49.8,25.5,13.9,9.42,5.86],
		"Delta_C_all": [2.83,1.18,1.29,0.314,3.02],
		"Delta_E94_all": [49.8,25.5,13.9,9.42,5.86],
		"Delta_C94_all": [2.83,1.18,1.29,0.314,3.02],
		"Delta_E2000_all": [38.2,25.2,10.8,6.24,4.99],
		"Delta_C2000_all": [2.86,1.16,1.65,0.331,3.95],
		"Delta_L_all": [-49.7,-25.5,-13.9,-9.42,-5.03],
		"Delta_Chroma_all": [2.83,1.18,1.29,0.314,3.02],
		"Delta_Hue_Distance_all": [0,0,0,0,0],
		"Delta_Hue_Degrees_all": [0,0,0,0,0],
		"sat_corr_comment": "sat_corr explained on https://www.imatest.com/docs/colorcheck/#satcorr - not recommended.",
		"Delta_C_all_sat_corr": ["_NaN_","_NaN_","_NaN_","_NaN_","_NaN_"],
		"Delta_C94_all_sat_corr": ["_NaN_","_NaN_","_NaN_","_NaN_","_NaN_"],
		"Delta_C2000_all_sat_corr": ["_NaN_","_NaN_","_NaN_","_NaN_","_NaN_"],
		"grayscale_patch_numbers": [1,2,3,4,5],
		"Delta_E": [49.8,25.5,13.9,9.42,5.86],
		"Delta_C": [2.83,1.18,1.29,0.314,3.02],
		"Delta_E94": [49.8,25.5,13.9,9.42,5.86],
		"Delta_C94": [2.83,1.18,1.29,0.314,3.02],
		"Delta_E2000": [38.2,25.2,10.8,6.24,4.99],
		"Delta_C2000": [2.86,1.16,1.65,0.331,3.95],
		"Delta_L": [-49.7,-25.5,-13.9,-9.42,-5.03],
		"Delta_Chroma": [2.83,1.18,1.29,0.314,3.02],
		"Delta_Hue_Distance": [0,0,0,0,0],
		"Delta_Hue_Degrees": [0,0,0,0,0],
		"mean_Delta_E": [20.9],
		"mean_Delta_C": [1.73],
		"mean_Delta_E94": [20.9],
		"mean_Delta_C94": [1.73],
		"mean_Delta_E2000": [17.1],
		"mean_Delta_C2000": [1.99],
		"mean_Delta_L": [-20.7],
		"mean_Delta_Chroma": [1.73],
		"mean_Delta_Hue_Distance": [0],
		"mean_Delta_Hue_Degrees": [0],
		"mean_Delta_C_sat_corr": ["_NaN_"],
		"mean_Delta_C94_sat_corr": ["_NaN_"],
		"mean_Delta_C2000_sat_corr": ["_NaN_"],
		"max_Delta_E": [49.8],
		"max_Delta_C": [3.02],
		"max_Delta_E94": [49.8],
		"max_Delta_C94": [3.02],
		"max_Delta_E2000": [38.2],
		"max_Delta_C2000": [3.95],
		"max_Delta_L": [-5.03],
		"max_Delta_Chroma": [3.02],
		"max_Delta_Hue_Distance": [0],
		"max_Delta_Hue_Degrees": [0],
		"max_Delta_C_sat_corr": ["_NaN_"],
		"max_Delta_C94_sat_corr": ["_NaN_"],
		"max_Delta_C2000_sat_corr": ["_NaN_"],
		"mean_RegionSize": [83660.8],
		"Sequence_dark_to_light": [5,4,3,2,1],
		"Patch_number": [5,4,3,2,1],
		"R_noise": [0.0599,0.07049,0.06725,0.05274,0.04609],
		"G_noise": [0.04422,0.04792,0.03561,0.0305,0.02903],
		"B_noise": [0.05128,0.05914,0.04787,0.03857,0.03489],
		"R_SNR_ratio": [1.198,1.627,3.063,6.088,9.225],
		"G_SNR_ratio": [1.087,2.395,6.082,10.69,14.63],
		"B_SNR_ratio": [1.243,1.969,4.577,8.627,12.71],
		"R_SNR_dB": [1.571,4.23,9.723,15.69,19.3],
		"G_SNR_dB": [0.722,7.587,15.68,20.58,23.31],
		"B_SNR_dB": [1.886,5.886,13.21,18.72,22.08],
		"Gb_noise": [0.03647,0.03909,0.03032,0.02585,0.02453],
		"Gb_SNR_ratio": [1.487,2.939,7.074,12.59,17.37],
		"Gb_SNR_dB": [3.446,9.365,16.99,22,24.8],
		"Y_f_stop_SNR_ratio": [2.532,2.528,2.145,1.266,1.027],
		"Y_f_stop_SNR_dB": [8.07,8.054,6.628,2.048,0.2331],
		"quality_levels_for_DR": [
				"Low,",
				"Medium,",
				"M-H,",
				"High,"
		],
		"SigNoise_levels_for_DR": [1,0.5,0.25,0.1],
		"Dynamic_Range_f_stops": [0,3.408,0,0],
		"Dynamic_Range_dB": [0,20.52,0,0],
		"noise_ISO15739_pct": [0.3836,0.5589,0.9864,1.98,2.599],
		"snr_ISO15739": [1.144,2.235,3.834,4.37,5.848],
		"noise_pct_ISO15739_at_13pct_Lref": [2.353],
		"snr_ISO15739_at_13pct_Lref": [5.262],
		"snr_dB_ISO15739_at_13pct_Lref": [14.42],
		"DynamicRange_at_density_2": [1296],
		"DynamicRange_total": [0],
		"DynamicRange_from_slope_OD": [1.95],
		"DynamicRange_from_slope_EV": [6.474],
		"DynamicRange_from_slope_dB": [39],
		"SNR_BW_dB_RGBY": [15.42,20.18,18.14,21.61],
		"L_noise": [3.668,4.388,3.349,2.744,2.506],
		"a_noise": [8.899,11.17,9.246,7.239,6.264],
		"b_noise": [8.187,10.79,8.719,6.695,5.745],
		"Total_Lab_noise_unwtd": [12.64,16.13,13.14,10.23,8.861],
		"Total_ab_noise_unwtd": [12.09,15.53,12.71,9.86,8.5],
		"R_minus_Y_KK_noise": [0.05284,0.06207,0.05688,0.04467,0.0391],
		"B_minus_Y_KK_noise": [0.05476,0.06558,0.05233,0.04212,0.03777],
		"Y_Kelly_Keelan_noise": [0.03647,0.03909,0.03032,0.02585,0.02453],
		"Total_KK_noise": [0.04871,0.0546,0.04542,0.03716,0.03397],
		"Chroma_KK_noise": [0.03229,0.03812,0.03382,0.0267,0.0235],
		"Total_old_iso_noise": [0.05997,0.06842,0.05855,0.04722,0.04252],
		"Y_noise_from_YUV": [0.03646,0.03908,0.03032,0.02585,0.02453],
		"U_noise_from_YUV": [0.02573,0.03081,0.02459,0.01979,0.01774],