{
	"jsonResults": {
		"dateRun": "13-May-2025 14:47:26",
		"ini_time_size": "13-May-2025 14:46:26 17295B  MD5 = 627e4fa6024c61b97cf5d4658225c5cf",
		"version": "Imatest 24.2.6 Master Color/Tone Auto",
		"build": "2025-03-20",
		"image_file": "cup_55.0 mm_25600ISO_0EV_Dist2_OFF_Defocus2.tiff",
		"ColorSpace": "sRGB",
		"Reference": "Default values",
		"Ref_folder": "/usr/local/Imatest/v24.2/Master/",
		"Gamma": [0.3636],
		"patches_for_gamma_start_end": [1,5],
		"exposure_error_normalized_y_channel": [-0.128],
		"mean_camera_Saturation_Pct": ["_NaN_"],
		"mean_chroma_level_CPIQ_Pct": ["_NaN_"],
		"CPIQ_chroma_quality_loss_JND": ["_NaN_"],
		"CPIQ_exposure_quality_loss_JND": ["_NaN_"],
		"pixel_offset": [0],
		"mean_patch_size_pxls": [274,303],
		"roi_settings": "Recent ROI settings are in roi, nwid_save, nht_save, fillf, and distort (same names as ini file)",
		"roi": [3013,1351,4727,1725,3013,1727,4727,1343],
		"nwid_save": [6024],
		"nht_save": [4020],
		"fillf": [0.8],
		"distort": [0],
		"grayscale_zone": [1,2,3,4,5],
		"grayscale_minus_log_exposure": [2,1.513,1.025,0.5375,0.05],
		"grayscale_Y_reflectivity": [0.01,0.03073,0.09441,0.2901,0.8913],
		"grayscale_Y_Printer_pixel_gamma22": [33.13,55.18,91.91,153.1,255],
		"grayscale_Y_density": [0.2473,0.3579,0.5352,0.7739,0.9086],
		"grayscale_R_density": [0.2493,0.367,0.5582,0.75,0.8241],
		"grayscale_G_density": [0.2491,0.3567,0.5303,0.7828,0.942],
		"grayscale_B_density": [0.2245,0.3431,0.5177,0.7598,0.8669],
		"grayscale_Y_mean": [144.3,111.9,74.37,42.91,31.47],
		"grayscale_R_mean": [143.6,109.5,70.53,45.35,38.24],
		"grayscale_G_mean": [143.7,112.2,75.2,42.05,29.14],
		"grayscale_B_mean": [152.1,115.7,77.42,44.33,34.65],
		"White_Bal_error_Degrees": [629.6,521.9,792.3,-118.6,-729],
		"White_Bal_error_Mired": [-13.59,-11.44,-16.72,2.858,19.43],
		"White_Bal_error_S_HSV": [0.05563,0.05369,0.08903,0.07274,0.2378],
		"White_Bal_error_Delta_C_ab": [4.744,2.353,2.414,2.241,6.017],
		"White_Bal_error_Delta_C_94": [4.744,2.353,2.414,2.241,6.017],
		"White_Bal_error_Delta_C_00": [4.567,2.25,2.691,2.975,7.289],
		"n_Patch": [1,2,3,4,5],
		"n_Row": [1,1,1,1,1],
		"n_Column": [1,2,3,4,5],
		"width_pixels": [275,276,275,275,275],
		"height_pixels": [305,305,305,305,305],
		"Pixels_total": [83875,84180,83875,83875,83875],
		"R_reference": [242.4,146.6,86.6,49.01,25.46],
		"G_reference": [242.4,146.6,86.6,49.01,25.46],
		"B_reference": [242.4,146.6,86.6,49.01,25.46],
		"R_input": [143.6,109.5,70.53,45.35,38.24],
		"G_input": [143.7,112.2,75.2,42.05,29.14],
		"B_input": [152.1,115.7,77.42,44.33,34.65],
		"L_reference": [95.63,60.79,36.82,20.33,8.991],
		"a_reference": [0,0,0,0,0],
		"b_reference": [0,0,0,0,0],
		"L_input": [59.91,47.19,31.63,17.5,12.1],
		"a_input": [1.65,-0.2481,-1.38,2.029,5.646],
		"b_input": [-4.448,-2.34,-1.981,-0.9512,-2.078],
		"x_reference": [0.3127,0.3127,0.3127,0.3127,0.3127],
		"y_reference": [0.329,0.329,0.329,0.329,0.329],
		"Y_reference": [0.8913,0.2901,0.09441,0.03073,0.01],
		"x_input": [0.3045,0.3049,0.3004,0.3162,0.3278],
		"y_input": [0.3156,0.3217,0.3225,0.319,0.3008],
		"Y_input": [0.2802,0.1616,0.06923,0.02409,0.01422],
		"LUV_comment": "L2 is used to differentiate between the L in LAB and L in LUV.",
		"L2_reference": [805.1,262,85.28,27.75,9.033],
		"U_reference": [0.1978,0.1978,0.1978,0.1978,0.1978],
		"V_reference": [0.4683,0.4683,0.4683,0.4683,0.4683],
		"L2_input": [253.1,146,62.53,21.76,12.84],
		"U_input": [0.1972,0.1951,0.1917,0.2041,0.2202],
		"V_input": [0.4598,0.4632,0.463,0.4634,0.4547],
		"patch_numbers_for_all_Delta_E_C": [1,2,3,4,5],
		"Delta_E_all": [36,13.8,5.72,3.61,6.77],
		"Delta_C_all": [4.74,2.35,2.41,2.24,6.02],
		"Delta_E94_all": [36,13.8,5.72,3.61,6.77],
		"Delta_C94_all": [4.74,2.35,2.41,2.24,6.02],
		"Delta_E2000_all": [25.7,13.3,5.01,3.55,7.55],
		"Delta_C2000_all": [4.57,2.25,2.69,2.98,7.29],
		"Delta_L_all": [-35.7,-13.6,-5.19,-2.83,3.11],
		"Delta_Chroma_all": [4.74,2.35,2.41,2.24,6.02],
		"Delta_Hue_Distance_all": [0,0,0,0,0],
		"Delta_Hue_Degrees_all": [0,0,0,0,0],
		"sat_corr_comment": "sat_corr explained on https://www.imatest.com/docs/colorcheck/#satcorr - not recommended.",
		"Delta_C_all_sat_corr": ["_NaN_","_NaN_","_NaN_","_NaN_","_NaN_"],
		"Delta_C94_all_sat_corr": ["_NaN_","_NaN_","_NaN_","_NaN_","_NaN_"],
		"Delta_C2000_all_sat_corr": ["_NaN_","_NaN_","_NaN_","_NaN_","_NaN_"],
		"grayscale_patch_numbers": [1,2,3,4,5],
		"Delta_E": [36,13.8,5.72,3.61,6.77],
		"Delta_C": [4.74,2.35,2.41,2.24,6.02],
		"Delta_E94": [36,13.8,5.72,3.61,6.77],
		"Delta_C94": [4.74,2.35,2.41,2.24,6.02],
		"Delta_E2000": [25.7,13.3,5.01,3.55,7.55],
		"Delta_C2000": [4.57,2.25,2.69,2.98,7.29],
		"Delta_L": [-35.7,-13.6,-5.19,-2.83,3.11],
		"Delta_Chroma": [4.74,2.35,2.41,2.24,6.02],
		"Delta_Hue_Distance": [0,0,0,0,0],
		"Delta_Hue_Degrees": [0,0,0,0,0],
		"mean_Delta_E": [13.2],
		"mean_Delta_C": [3.55],
		"mean_Delta_E94": [13.2],
		"mean_Delta_C94": [3.55],
		"mean_Delta_E2000": [11],
		"mean_Delta_C2000": [3.95],
		"mean_Delta_L": [-10.8],
		"mean_Delta_Chroma": [3.55],
		"mean_Delta_Hue_Distance": [0],
		"mean_Delta_Hue_Degrees": [0],
		"mean_Delta_C_sat_corr": ["_NaN_"],
		"mean_Delta_C94_sat_corr": ["_NaN_"],
		"mean_Delta_C2000_sat_corr": ["_NaN_"],
		"max_Delta_E": [36],
		"max_Delta_C": [6.02],
		"max_Delta_E94": [36],
		"max_Delta_C94": [6.02],
		"max_Delta_E2000": [25.7],
		"max_Delta_C2000": [7.29],
		"max_Delta_L": [3.11],
		"max_Delta_Chroma": [6.02],
		"max_Delta_Hue_Distance": [0],
		"max_Delta_Hue_Degrees": [0],
		"max_Delta_C_sat_corr": ["_NaN_"],
		"max_Delta_C94_sat_corr": ["_NaN_"],
		"max_Delta_C2000_sat_corr": ["_NaN_"],
		"mean_RegionSize": [83660.8],
		"Sequence_dark_to_light": [5,4,3,2,1],
		"Patch_number": [5,4,3,2,1],
		"R_noise": [0.1128,0.1219,0.1233,0.09375,0.07471],
		"G_noise": [0.08941,0.09599,0.07663,0.05854,0.05372],
		"B_noise": [0.09911,0.1068,0.0899,0.06615,0.0581],
		"R_SNR_ratio": [1.33,1.459,2.244,4.581,7.539],
		"G_SNR_ratio": [1.278,1.718,3.848,7.513,10.49],
		"B_SNR_ratio": [1.371,1.629,3.377,6.861,10.27],
		"R_SNR_dB": [2.474,3.282,7.019,13.22,17.55],
		"G_SNR_dB": [2.132,4.7,11.71,17.52,20.42],
		"B_SNR_dB": [2.741,4.237,10.57,16.73,20.23],
		"Gb_noise": [0.07354,0.0774,0.06465,0.04955,0.04543],
		"Gb_SNR_ratio": [1.678,2.174,4.511,8.852,12.46],
		"Gb_SNR_dB": [4.497,6.746,13.09,18.94,21.91],
		"Y_f_stop_SNR_ratio": [1.729,1.708,1.291,0.6709,0.3767],
		"Y_f_stop_SNR_dB": [4.755,4.651,2.219,-3.467,-8.48],
		"quality_levels_for_DR": [
				"Low,",
				"Medium,",
				"M-H,",
				"High,"
		],
		"SigNoise_levels_for_DR": [1,0.5,0.25,0.1],
		"Dynamic_Range_f_stops": [3.749,0,0,0],
		"Dynamic_Range_dB": [22.57,0,0,0],
		"noise_ISO15739_pct": [0.9397,1.247,2.001,3.383,4.289],
		"snr_ISO15739": [1.513,1.933,3.46,4.777,6.533],
		"noise_pct_ISO15739_at_13pct_Lref": [3.821],
		"snr_ISO15739_at_13pct_Lref": [5.627],
		"snr_dB_ISO15739_at_13pct_Lref": [15.01],
		"DynamicRange_at_density_2": [467.5],
		"DynamicRange_total": [0],
		"DynamicRange_from_slope_OD": [1.95],
		"DynamicRange_from_slope_EV": [6.474],
		"DynamicRange_from_slope_dB": [39],
		"SNR_BW_dB_RGBY": [12.55,16.64,15.58,18.09],
		"L_noise": [8.026,8.285,6.556,4.923,4.395],
		"a_noise": [16.85,18.43,15.6,11.88,9.614],
		"b_noise": [16.63,18.58,14.94,10.85,9.04],
		"Total_Lab_noise_unwtd": [25,27.45,22.57,16.82,13.91],
		"Total_ab_noise_unwtd": [23.68,26.17,21.6,16.09,13.2],
		"R_minus_Y_KK_noise": [0.1008,0.1109,0.1054,0.07965,0.06332],
		"B_minus_Y_KK_noise": [0.1046,0.1182,0.0973,0.07239,0.06261],
		"Y_Kelly_Keelan_noise": [0.07354,0.0774,0.06465,0.04955,0.04543],
		"Total_KK_noise": [0.09594,0.1032,0.09008,0.06846,0.05939],
		"Chroma_KK_noise": [0.06161,0.06826,0.06273,0.04724,0.03826],
		"Total_old_iso_noise": [0.1169,0.1269,0.1132,0.08576,0.0725],
		"Y_noise_from_YUV": [0.07354,0.07739,0.06464,0.04955,0.04542],
		"U_noise_from_YUV": [0.04915,0.05553,0.04572,0.03401,0.02942],
		"V_noise_from_YUV": [0.07869,0.08659,0.08234,0.0622,0.04945],