{
	"jsonResults": {
		"dateRun": "13-May-2025 14:47:26",
		"ini_time_size": "13-May-2025 14:46:26 17295B  MD5 = 627e4fa6024c61b97cf5d4658225c5cf",
		"version": "Imatest 24.2.6 Master Color/Tone Auto",
		"build": "2025-03-20",
		"image_file": "cup_55.0 mm_6400ISO_-1EV_Dist2_ON_Focused.tiff",
		"ColorSpace": "sRGB",
		"Reference": "Default values",
		"Ref_folder": "/usr/local/Imatest/v24.2/Master/",
		"Gamma": [0.3758],
		"patches_for_gamma_start_end": [1,5],
		"exposure_error_normalized_y_channel": [-0.204],
		"mean_camera_Saturation_Pct": ["_NaN_"],
		"mean_chroma_level_CPIQ_Pct": ["_NaN_"],
		"CPIQ_chroma_quality_loss_JND": ["_NaN_"],
		"CPIQ_exposure_quality_loss_JND": ["_NaN_"],
		"pixel_offset": [0],
		"mean_patch_size_pxls": [274,303],
		"roi_settings": "Recent ROI settings are in roi, nwid_save, nht_save, fillf, and distort (same names as ini file)",
		"roi": [3013,1351,4727,1725,3013,1727,4727,1343],
		"nwid_save": [6024],
		"nht_save": [4020],
		"fillf": [0.8],
		"distort": [0],
		"grayscale_zone": [1,2,3,4,5],
		"grayscale_minus_log_exposure": [2,1.513,1.025,0.5375,0.05],
		"grayscale_Y_reflectivity": [0.01,0.03073,0.09441,0.2901,0.8913],
		"grayscale_Y_Printer_pixel_gamma22": [33.13,55.18,91.91,153.1,255],
		"grayscale_Y_density": [0.3694,0.4882,0.6714,0.9493,1.307],
		"grayscale_R_density": [0.3711,0.4945,0.689,0.9429,1.163],
		"grayscale_G_density": [0.3706,0.4872,0.6674,0.9517,1.371],
		"grayscale_B_density": [0.353,0.4791,0.6608,0.9447,1.23],
		"grayscale_Y_mean": [108.9,82.86,54.34,28.66,12.57],
		"grayscale_R_mean": [108.5,81.67,52.18,29.09,17.51],
		"grayscale_G_mean": [108.6,83.05,54.85,28.5,10.85],
		"grayscale_B_mean": [113.1,84.6,55.68,28.96,15.01],
		"White_Bal_error_Degrees": [425,310.6,498.8,-9.58,-919.5],
		"White_Bal_error_Mired": [-9.441,-7.016,-10.96,0.2271,25.35],
		"White_Bal_error_S_HSV": [0.04081,0.03474,0.06291,0.0202,0.38],
		"White_Bal_error_Delta_C_ab": [2.676,1.13,1.321,0.4559,3.053],
		"White_Bal_error_Delta_C_94": [2.676,1.13,1.321,0.4559,3.053],
		"White_Bal_error_Delta_C_00": [2.683,1.126,1.63,0.6276,4.018],
		"n_Patch": [1,2,3,4,5],
		"n_Row": [1,1,1,1,1],
		"n_Column": [1,2,3,4,5],
		"width_pixels": [275,276,275,275,275],
		"height_pixels": [305,305,305,305,305],
		"Pixels_total": [83875,84180,83875,83875,83875],
		"R_reference": [242.4,146.6,86.6,49.01,25.46],
		"G_reference": [242.4,146.6,86.6,49.01,25.46],
		"B_reference": [242.4,146.6,86.6,49.01,25.46],
		"R_input": [108.5,81.67,52.18,29.09,17.51],
		"G_input": [108.6,83.05,54.85,28.5,10.85],
		"B_input": [113.1,84.6,55.68,28.96,15.01],
		"L_reference": [95.63,60.79,36.82,20.33,8.991],
		"a_reference": [0,0,0,0,0],
		"b_reference": [0,0,0,0,0],
		"L_input": [46.01,35.25,22.78,10.6,3.562],
		"a_input": [0.8922,-0.2131,-0.9458,0.3974,2.856],
		"b_input": [-2.523,-1.11,-0.9226,-0.2235,-1.079],
		"x_reference": [0.3127,0.3127,0.3127,0.3127,0.3127],
		"y_reference": [0.329,0.329,0.329,0.329,0.329],
		"Y_reference": [0.8913,0.2901,0.09441,0.03073,0.01],
		"x_input": [0.3069,0.3079,0.3045,0.3133,0.3308],
		"y_input": [0.3197,0.3249,0.3259,0.3263,0.2935],
		"Y_input": [0.1527,0.08622,0.03735,0.01205,0.003944],
		"LUV_comment": "L2 is used to differentiate between the L in LAB and L in LUV.",
		"L2_reference": [805.1,262,85.28,27.75,9.033],
		"U_reference": [0.1978,0.1978,0.1978,0.1978,0.1978],
		"V_reference": [0.4683,0.4683,0.4683,0.4683,0.4683],
		"L2_input": [138,77.88,33.74,10.89,3.562],
		"U_input": [0.1973,0.196,0.1933,0.1993,0.2258],
		"V_input": [0.4624,0.4654,0.4654,0.4669,0.4507],
		"patch_numbers_for_all_Delta_E_C": [1,2,3,4,5],
		"Delta_E_all": [49.7,25.6,14.1,9.75,6.23],
		"Delta_C_all": [2.68,1.13,1.32,0.456,3.05],
		"Delta_E94_all": [49.7,25.6,14.1,9.75,6.23],
		"Delta_C94_all": [2.68,1.13,1.32,0.456,3.05],
		"Delta_E2000_all": [38.1,25.3,11,6.46,5.19],
		"Delta_C2000_all": [2.68,1.13,1.63,0.628,4.02],
		"Delta_L_all": [-49.6,-25.5,-14,-9.74,-5.43],
		"Delta_Chroma_all": [2.68,1.13,1.32,0.456,3.05],
		"Delta_Hue_Distance_all": [0,0,0,0,0],
		"Delta_Hue_Degrees_all": [0,0,0,0,0],
		"sat_corr_comment": "sat_corr explained on https://www.imatest.com/docs/colorcheck/#satcorr - not recommended.",
		"Delta_C_all_sat_corr": ["_NaN_","_NaN_","_NaN_","_NaN_","_NaN_"],
		"Delta_C94_all_sat_corr": ["_NaN_","_NaN_","_NaN_","_NaN_","_NaN_"],
		"Delta_C2000_all_sat_corr": ["_NaN_","_NaN_","_NaN_","_NaN_","_NaN_"],
		"grayscale_patch_numbers": [1,2,3,4,5],
		"Delta_E": [49.7,25.6,14.1,9.75,6.23],
		"Delta_C": [2.68,1.13,1.32,0.456,3.05],
		"Delta_E94": [49.7,25.6,14.1,9.75,6.23],
		"Delta_C94": [2.68,1.13,1.32,0.456,3.05],
		"Delta_E2000": [38.1,25.3,11,6.46,5.19],
		"Delta_C2000": [2.68,1.13,1.63,0.628,4.02],
		"Delta_L": [-49.6,-25.5,-14,-9.74,-5.43],
		"Delta_Chroma": [2.68,1.13,1.32,0.456,3.05],
		"Delta_Hue_Distance": [0,0,0,0,0],
		"Delta_Hue_Degrees": [0,0,0,0,0],
		"mean_Delta_E": [21.1],
		"mean_Delta_C": [1.73],
		"mean_Delta_E94": [21.1],
		"mean_Delta_C94": [1.73],
		"mean_Delta_E2000": [17.2],
		"mean_Delta_C2000": [2.02],
		"mean_Delta_L": [-20.9],
		"mean_Delta_Chroma": [1.73],
		"mean_Delta_Hue_Distance": [0],
		"mean_Delta_Hue_Degrees": [0],
		"mean_Delta_C_sat_corr": ["_NaN_"],
		"mean_Delta_C94_sat_corr": ["_NaN_"],
		"mean_Delta_C2000_sat_corr": ["_NaN_"],
		"max_Delta_E": [49.7],
		"max_Delta_C": [3.05],
		"max_Delta_E94": [49.7],
		"max_Delta_C94": [3.05],
		"max_Delta_E2000": [38.1],
		"max_Delta_C2000": [4.02],
		"max_Delta_L": [-5.43],
		"max_Delta_Chroma": [3.05],
		"max_Delta_Hue_Distance": [0],
		"max_Delta_Hue_Degrees": [0],
		"max_Delta_C_sat_corr": ["_NaN_"],
		"max_Delta_C94_sat_corr": ["_NaN_"],
		"max_Delta_C2000_sat_corr": ["_NaN_"],
		"mean_RegionSize": [83660.8],
		"Sequence_dark_to_light": [5,4,3,2,1],
		"Patch_number": [5,4,3,2,1],
		"R_noise": [0.05838,0.07027,0.06785,0.0533,0.04542],
		"G_noise": [0.04104,0.04837,0.03576,0.03017,0.02799],
		"B_noise": [0.04942,0.05945,0.04822,0.03855,0.03395],
		"R_SNR_ratio": [1.176,1.623,3.016,6.008,9.368],
		"G_SNR_ratio": [1.037,2.311,6.015,10.8,15.22],
		"B_SNR_ratio": [1.191,1.91,4.528,8.606,13.07],
		"R_SNR_dB": [1.407,4.207,9.588,15.58,19.43],
		"G_SNR_dB": [0.3154,7.274,15.58,20.67,23.65],
		"B_SNR_dB": [1.517,5.623,13.12,18.7,22.32],
		"Gb_noise": [0.03376,0.03914,0.03051,0.02545,0.02326],
		"Gb_SNR_ratio": [1.46,2.871,6.985,12.77,18.36],
		"Gb_SNR_dB": [3.286,9.162,16.88,22.12,25.28],
		"Y_f_stop_SNR_ratio": [2.713,2.596,2.151,1.292,1.154],
		"Y_f_stop_SNR_dB": [8.669,8.286,6.653,2.227,1.246],
		"quality_levels_for_DR": [
				"Low,",
				"Medium,",
				"M-H,",
				"High,"
		],
		"SigNoise_levels_for_DR": [1,0.5,0.25,0.1],
		"Dynamic_Range_f_stops": [0,3.423,0,0],
		"Dynamic_Range_dB": [0,20.61,0,0],
		"noise_ISO15739_pct": [0.3531,0.5587,1.001,1.971,2.487],
		"snr_ISO15739": [1.117,2.157,3.732,4.374,6.141],
		"noise_pct_ISO15739_at_13pct_Lref": [2.272],
		"snr_ISO15739_at_13pct_Lref": [5.405],
		"snr_dB_ISO15739_at_13pct_Lref": [14.66],
		"DynamicRange_at_density_2": [1375],
		"DynamicRange_total": [0],
		"DynamicRange_from_slope_OD": [1.95],
		"DynamicRange_from_slope_EV": [6.474],
		"DynamicRange_from_slope_dB": [39],
		"SNR_BW_dB_RGBY": [15.43,20.37,18.24,21.85],
		"L_noise": [3.296,4.368,3.364,2.699,2.373],
		"a_noise": [8.553,11.31,9.267,7.284,6.248],
		"b_noise": [7.832,10.88,8.764,6.679,5.713],
		"Total_Lab_noise_unwtd": [12.06,16.29,13.19,10.24,8.793],
		"Total_ab_noise_unwtd": [11.6,15.7,12.75,9.882,8.467],
		"R_minus_Y_KK_noise": [0.0515,0.06235,0.05735,0.0455,0.03922],
		"B_minus_Y_KK_noise": [0.05316,0.06652,0.05263,0.042,0.03758],
		"Y_Kelly_Keelan_noise": [0.03376,0.03914,0.03051,0.02545,0.02326],
		"Total_KK_noise": [0.04613,0.05483,0.04574,0.03716,0.03308],
		"Chroma_KK_noise": [0.03144,0.03839,0.03408,0.02707,0.02352],
		"Total_old_iso_noise": [0.05735,0.06876,0.05899,0.04749,0.04185],
		"Y_noise_from_YUV": [0.03375,0.03913,0.03051,0.02545,0.02326],
		"U_noise_from_YUV": [0.02498,0.03126,0.02473,0.01973,0.01766],