{
	"jsonResults": {
		"dateRun": "13-May-2025 14:47:26",
		"ini_time_size": "13-May-2025 14:46:26 17295B  MD5 = 627e4fa6024c61b97cf5d4658225c5cf",
		"version": "Imatest 24.2.6 Master Color/Tone Auto",
		"build": "2025-03-20",
		"image_file": "cup_55.0 mm_25600ISO_-1EV_Dist2_OFF_Focused.tiff",
		"ColorSpace": "sRGB",
		"Reference": "Default values",
		"Ref_folder": "/usr/local/Imatest/v24.2/Master/",
		"Gamma": [0.4203],
		"patches_for_gamma_start_end": [1,5],
		"exposure_error_normalized_y_channel": [-0.214],
		"mean_camera_Saturation_Pct": ["_NaN_"],
		"mean_chroma_level_CPIQ_Pct": ["_NaN_"],
		"CPIQ_chroma_quality_loss_JND": ["_NaN_"],
		"CPIQ_exposure_quality_loss_JND": ["_NaN_"],
		"pixel_offset": [0],
		"mean_patch_size_pxls": [274,303],
		"roi_settings": "Recent ROI settings are in roi, nwid_save, nht_save, fillf, and distort (same names as ini file)",
		"roi": [3013,1351,4727,1725,3013,1727,4727,1343],
		"nwid_save": [6024],
		"nht_save": [4020],
		"fillf": [0.8],
		"distort": [0],
		"grayscale_zone": [1,2,3,4,5],
		"grayscale_minus_log_exposure": [2,1.513,1.025,0.5375,0.05],
		"grayscale_Y_reflectivity": [0.01,0.03073,0.09441,0.2901,0.8913],
		"grayscale_Y_Printer_pixel_gamma22": [33.13,55.18,91.91,153.1,255],
		"grayscale_Y_density": [0.3838,0.5136,0.7185,0.9577,1.117],
		"grayscale_R_density": [0.3969,0.535,0.7213,0.851,0.9176],
		"grayscale_G_density": [0.3832,0.5098,0.7203,1.004,1.216],
		"grayscale_B_density": [0.3524,0.491,0.6933,0.8858,1.003],
		"grayscale_Y_mean": [105.4,78.15,48.75,28.11,19.47],
		"grayscale_R_mean": [102.3,74.39,48.44,35.94,30.83],
		"grayscale_G_mean": [105.5,78.84,48.55,25.27,15.51],
		"grayscale_B_mean": [113.3,82.33,51.67,33.17,25.34],
		"White_Bal_error_Degrees": [1086,916.5,598.8,-573.4,-2027],
		"White_Bal_error_Mired": [-22.02,-19.01,-12.98,14.88,69.7],
		"White_Bal_error_S_HSV": [0.09723,0.09638,0.06242,0.2968,0.4968],
		"White_Bal_error_Delta_C_ab": [4.789,2.854,2.123,7.832,10.22],
		"White_Bal_error_Delta_C_94": [4.789,2.854,2.123,7.832,10.22],
		"White_Bal_error_Delta_C_00": [4.343,2.864,2.154,8.888,11.09],
		"n_Patch": [1,2,3,4,5],
		"n_Row": [1,1,1,1,1],
		"n_Column": [1,2,3,4,5],
		"width_pixels": [275,276,275,275,275],
		"height_pixels": [305,305,305,305,305],
		"Pixels_total": [83875,84180,83875,83875,83875],
		"R_reference": [242.4,146.6,86.6,49.01,25.46],
		"G_reference": [242.4,146.6,86.6,49.01,25.46],
		"B_reference": [242.4,146.6,86.6,49.01,25.46],
		"R_input": [102.3,74.39,48.44,35.94,30.83],
		"G_input": [105.5,78.84,48.55,25.27,15.51],
		"B_input": [113.3,82.33,51.67,33.17,25.34],
		"L_reference": [95.63,60.79,36.82,20.33,8.991],
		"a_reference": [0,0,0,0,0],
		"b_reference": [0,0,0,0,0],
		"L_input": [44.58,33.25,20.22,10.5,6.473],
		"a_input": [0.4319,-0.9892,0.7036,7.053,9.583],
		"b_input": [-4.77,-2.678,-2.003,-3.405,-3.54],
		"x_reference": [0.3127,0.3127,0.3127,0.3127,0.3127],
		"y_reference": [0.329,0.329,0.329,0.329,0.329],
		"Y_reference": [0.8913,0.2901,0.09441,0.03073,0.01],
		"x_input": [0.2985,0.2992,0.3048,0.3261,0.3444],
		"y_input": [0.3125,0.3193,0.3164,0.2867,0.2691],
		"Y_input": [0.1425,0.07655,0.03043,0.01192,0.007166],
		"LUV_comment": "L2 is used to differentiate between the L in LAB and L in LUV.",
		"L2_reference": [805.1,262,85.28,27.75,9.033],
		"U_reference": [0.1978,0.1978,0.1978,0.1978,0.1978],
		"V_reference": [0.4683,0.4683,0.4683,0.4683,0.4683],
		"L2_input": [128.7,69.14,27.49,10.76,6.473],
		"U_input": [0.194,0.192,0.1971,0.2254,0.2487],
		"V_input": [0.4571,0.461,0.4603,0.4458,0.4371],
		"patch_numbers_for_all_Delta_E_C": [1,2,3,4,5],
		"Delta_E_all": [51.3,27.7,16.7,12.6,10.5],
		"Delta_C_all": [4.79,2.85,2.12,7.83,10.2],
		"Delta_E94_all": [51.3,27.7,16.7,12.6,10.5],
		"Delta_C94_all": [4.79,2.85,2.12,7.83,10.2],
		"Delta_E2000_all": [39.7,27,12.8,11,11.2],
		"Delta_C2000_all": [4.34,2.86,2.15,8.89,11.1],
		"Delta_L_all": [-51.1,-27.5,-16.6,-9.84,-2.52],
		"Delta_Chroma_all": [4.79,2.85,2.12,7.83,10.2],
		"Delta_Hue_Distance_all": [0,0,0,0,0],
		"Delta_Hue_Degrees_all": [0,0,0,0,0],
		"sat_corr_comment": "sat_corr explained on https://www.imatest.com/docs/colorcheck/#satcorr - not recommended.",
		"Delta_C_all_sat_corr": ["_NaN_","_NaN_","_NaN_","_NaN_","_NaN_"],
		"Delta_C94_all_sat_corr": ["_NaN_","_NaN_","_NaN_","_NaN_","_NaN_"],
		"Delta_C2000_all_sat_corr": ["_NaN_","_NaN_","_NaN_","_NaN_","_NaN_"],
		"grayscale_patch_numbers": [1,2,3,4,5],
		"Delta_E": [51.3,27.7,16.7,12.6,10.5],
		"Delta_C": [4.79,2.85,2.12,7.83,10.2],
		"Delta_E94": [51.3,27.7,16.7,12.6,10.5],
		"Delta_C94": [4.79,2.85,2.12,7.83,10.2],
		"Delta_E2000": [39.7,27,12.8,11,11.2],
		"Delta_C2000": [4.34,2.86,2.15,8.89,11.1],
		"Delta_L": [-51.1,-27.5,-16.6,-9.84,-2.52],
		"Delta_Chroma": [4.79,2.85,2.12,7.83,10.2],
		"Delta_Hue_Distance": [0,0,0,0,0],
		"Delta_Hue_Degrees": [0,0,0,0,0],
		"mean_Delta_E": [23.8],
		"mean_Delta_C": [5.56],
		"mean_Delta_E94": [23.8],
		"mean_Delta_C94": [5.56],
		"mean_Delta_E2000": [20.3],
		"mean_Delta_C2000": [5.87],
		"mean_Delta_L": [-21.5],
		"mean_Delta_Chroma": [5.56],
		"mean_Delta_Hue_Distance": [0],
		"mean_Delta_Hue_Degrees": [0],
		"mean_Delta_C_sat_corr": ["_NaN_"],
		"mean_Delta_C94_sat_corr": ["_NaN_"],
		"mean_Delta_C2000_sat_corr": ["_NaN_"],
		"max_Delta_E": [51.3],
		"max_Delta_C": [10.2],
		"max_Delta_E94": [51.3],
		"max_Delta_C94": [10.2],
		"max_Delta_E2000": [39.7],
		"max_Delta_C2000": [11.1],
		"max_Delta_L": [-2.52],
		"max_Delta_Chroma": [10.2],
		"max_Delta_Hue_Distance": [0],
		"max_Delta_Hue_Degrees": [0],
		"max_Delta_C_sat_corr": ["_NaN_"],
		"max_Delta_C94_sat_corr": ["_NaN_"],
		"max_Delta_C2000_sat_corr": ["_NaN_"],
		"mean_RegionSize": [83660.8],
		"Sequence_dark_to_light": [5,4,3,2,1],
		"Patch_number": [5,4,3,2,1],
		"R_noise": [0.1018,0.1102,0.1248,0.1219,0.09818],
		"G_noise": [0.07325,0.08775,0.09426,0.07363,0.06041],
		"B_noise": [0.08771,0.09926,0.1074,0.08673,0.06632],
		"R_SNR_ratio": [1.188,1.278,1.522,2.393,4.084],
		"G_SNR_ratio": [0.8303,1.129,2.02,4.199,6.849],
		"B_SNR_ratio": [1.133,1.31,1.886,3.722,6.697],
		"R_SNR_dB": [1.496,2.134,3.648,7.579,12.22],
		"G_SNR_dB": [-1.615,1.057,6.107,12.46,16.71],
		"B_SNR_dB": [1.084,2.348,5.51,11.42,16.52],
		"Gb_noise": [0.06015,0.07056,0.07556,0.06191,0.05107],
		"Gb_SNR_ratio": [1.27,1.562,2.53,4.95,8.092],
		"Gb_SNR_dB": [2.074,3.875,8.063,13.89,18.16],
		"Y_f_stop_SNR_ratio": [1.291,1.107,0.8017,0.5024,0.3476],
		"Y_f_stop_SNR_dB": [2.219,0.885,-1.919,-5.979,-9.179],
		"quality_levels_for_DR": [
				"Low,",
				"Medium,",
				"M-H,",
				"High,"
		],
		"SigNoise_levels_for_DR": [1,0.5,0.25,0.1],
		"Dynamic_Range_f_stops": [2.075,0,0,0],
		"Dynamic_Range_dB": [12.49,0,0,0],
		"noise_ISO15739_pct": [1.184,1.735,3.452,5.821,6.35],
		"snr_ISO15739": [0.6052,0.6869,0.8815,1.315,2.243],
		"noise_pct_ISO15739_at_13pct_Lref": [6.04],
		"snr_ISO15739_at_13pct_Lref": [1.699],
		"snr_dB_ISO15739_at_13pct_Lref": [4.604],
		"DynamicRange_at_density_2": [335],
		"DynamicRange_total": [30.91],
		"DynamicRange_from_slope_OD": [1.95],
		"DynamicRange_from_slope_EV": [6.474],
		"DynamicRange_from_slope_dB": [39],
		"SNR_BW_dB_RGBY": [7.909,12.29,10.87,13.79],
		"L_noise": [6.722,7.735,7.948,6.241,5.077],
		"a_noise": [15.35,17.29,18.63,15.43,12.28],
		"b_noise": [15.12,17.61,18.97,14.52,11.18],
		"Total_Lab_noise_unwtd": [22.57,25.86,27.75,22.09,17.37],
		"Total_ab_noise_unwtd": [21.55,24.68,26.59,21.19,16.61],
		"R_minus_Y_KK_noise": [0.09035,0.1007,0.1131,0.1044,0.08345],
		"B_minus_Y_KK_noise": [0.09359,0.1102,0.1218,0.09483,0.07419],
		"Y_Kelly_Keelan_noise": [0.06015,0.07056,0.07556,0.06191,0.05107],
		"Total_KK_noise": [0.08164,0.09421,0.1029,0.08755,0.07096],
		"Chroma_KK_noise": [0.05521,0.06242,0.0698,0.06191,0.04927],
		"Total_old_iso_noise": [0.1012,0.1158,0.1275,0.1107,0.08914],
		"Y_noise_from_YUV": [0.06014,0.07055,0.07555,0.06191,0.05106],
		"U_noise_from_YUV": [0.04397,0.05176,0.05721,0.04456,0.03486],