{
	"jsonResults": {
		"dateRun": "13-May-2025 14:47:26",
		"ini_time_size": "13-May-2025 14:46:26 17295B  MD5 = 627e4fa6024c61b97cf5d4658225c5cf",
		"version": "Imatest 24.2.6 Master Color/Tone Auto",
		"build": "2025-03-20",
		"image_file": "cup_55.0 mm_25600ISO_0EV_Dist2_ON_Defocus2.tiff",
		"ColorSpace": "sRGB",
		"Reference": "Default values",
		"Ref_folder": "/usr/local/Imatest/v24.2/Master/",
		"Gamma": [0.3641],
		"patches_for_gamma_start_end": [1,5],
		"exposure_error_normalized_y_channel": [-0.127],
		"mean_camera_Saturation_Pct": ["_NaN_"],
		"mean_chroma_level_CPIQ_Pct": ["_NaN_"],
		"CPIQ_chroma_quality_loss_JND": ["_NaN_"],
		"CPIQ_exposure_quality_loss_JND": ["_NaN_"],
		"pixel_offset": [0],
		"mean_patch_size_pxls": [274,303],
		"roi_settings": "Recent ROI settings are in roi, nwid_save, nht_save, fillf, and distort (same names as ini file)",
		"roi": [3013,1351,4727,1725,3013,1727,4727,1343],
		"nwid_save": [6024],
		"nht_save": [4020],
		"fillf": [0.8],
		"distort": [0],
		"grayscale_zone": [1,2,3,4,5],
		"grayscale_minus_log_exposure": [2,1.513,1.025,0.5375,0.05],
		"grayscale_Y_reflectivity": [0.01,0.03073,0.09441,0.2901,0.8913],
		"grayscale_Y_Printer_pixel_gamma22": [33.13,55.18,91.91,153.1,255],
		"grayscale_Y_density": [0.2462,0.3566,0.5341,0.7695,0.9061],
		"grayscale_R_density": [0.2485,0.3648,0.5538,0.7378,0.8207],
		"grayscale_G_density": [0.2477,0.3556,0.53,0.7808,0.9401],
		"grayscale_B_density": [0.2249,0.3424,0.5177,0.756,0.8625],
		"grayscale_Y_mean": [144.7,112.2,74.55,43.35,31.65],
		"grayscale_R_mean": [143.9,110.1,71.24,46.63,38.53],
		"grayscale_G_mean": [144.2,112.5,75.25,42.24,29.27],
		"grayscale_B_mean": [151.9,115.9,77.41,44.73,35],
		"White_Bal_error_Degrees": [589.9,488,708.5,-268.3,-713.8],
		"White_Bal_error_Mired": [-12.8,-10.74,-15.12,6.623,18.98],
		"White_Bal_error_S_HSV": [0.05296,0.05027,0.07968,0.09422,0.2404],
		"White_Bal_error_Delta_C_ab": [4.392,2.245,2.171,2.72,6.174],
		"White_Bal_error_Delta_C_94": [4.392,2.245,2.171,2.72,6.174],
		"White_Bal_error_Delta_C_00": [4.235,2.144,2.378,3.631,7.436],
		"n_Patch": [1,2,3,4,5],
		"n_Row": [1,1,1,1,1],
		"n_Column": [1,2,3,4,5],
		"width_pixels": [275,276,275,275,275],
		"height_pixels": [305,305,305,305,305],
		"Pixels_total": [83875,84180,83875,83875,83875],
		"R_reference": [242.4,146.6,86.6,49.01,25.46],
		"G_reference": [242.4,146.6,86.6,49.01,25.46],
		"B_reference": [242.4,146.6,86.6,49.01,25.46],
		"R_input": [143.9,110.1,71.24,46.63,38.53],
		"G_input": [144.2,112.5,75.25,42.24,29.27],
		"B_input": [151.9,115.9,77.41,44.73,35],
		"L_reference": [95.63,60.79,36.82,20.33,8.991],
		"a_reference": [0,0,0,0,0],
		"b_reference": [0,0,0,0,0],
		"L_input": [60.05,47.32,31.71,17.72,12.19],
		"a_input": [1.45,-0.1727,-1.131,2.568,5.772],
		"b_input": [-4.146,-2.238,-1.853,-0.8951,-2.191],
		"x_reference": [0.3127,0.3127,0.3127,0.3127,0.3127],
		"y_reference": [0.329,0.329,0.329,0.329,0.329],
		"Y_reference": [0.8913,0.2901,0.09441,0.03073,0.01],
		"x_input": [0.3049,0.3055,0.3017,0.3189,0.3276],
		"y_input": [0.3166,0.322,0.3227,0.3183,0.2998],
		"Y_input": [0.2818,0.1627,0.06957,0.02456,0.01436],
		"LUV_comment": "L2 is used to differentiate between the L in LAB and L in LUV.",
		"L2_reference": [805.1,262,85.28,27.75,9.033],
		"U_reference": [0.1978,0.1978,0.1978,0.1978,0.1978],
		"V_reference": [0.4683,0.4683,0.4683,0.4683,0.4683],
		"L2_input": [254.5,146.9,62.84,22.19,12.97],
		"U_input": [0.1971,0.1954,0.1925,0.2063,0.2205],
		"V_input": [0.4604,0.4634,0.4633,0.4634,0.4541],
		"patch_numbers_for_all_Delta_E_C": [1,2,3,4,5],
		"Delta_E_all": [35.9,13.6,5.55,3.77,6.96],
		"Delta_C_all": [4.39,2.24,2.17,2.72,6.17],
		"Delta_E94_all": [35.9,13.6,5.55,3.77,6.96],
		"Delta_C94_all": [4.39,2.24,2.17,2.72,6.17],
		"Delta_E2000_all": [25.5,13.1,4.8,4.05,7.7],
		"Delta_C2000_all": [4.24,2.14,2.38,3.63,7.44],
		"Delta_L_all": [-35.6,-13.5,-5.11,-2.61,3.2],
		"Delta_Chroma_all": [4.39,2.24,2.17,2.72,6.17],
		"Delta_Hue_Distance_all": [0,0,0,0,0],
		"Delta_Hue_Degrees_all": [0,0,0,0,0],
		"sat_corr_comment": "sat_corr explained on https://www.imatest.com/docs/colorcheck/#satcorr - not recommended.",
		"Delta_C_all_sat_corr": ["_NaN_","_NaN_","_NaN_","_NaN_","_NaN_"],
		"Delta_C94_all_sat_corr": ["_NaN_","_NaN_","_NaN_","_NaN_","_NaN_"],
		"Delta_C2000_all_sat_corr": ["_NaN_","_NaN_","_NaN_","_NaN_","_NaN_"],
		"grayscale_patch_numbers": [1,2,3,4,5],
		"Delta_E": [35.9,13.6,5.55,3.77,6.96],
		"Delta_C": [4.39,2.24,2.17,2.72,6.17],
		"Delta_E94": [35.9,13.6,5.55,3.77,6.96],
		"Delta_C94": [4.39,2.24,2.17,2.72,6.17],
		"Delta_E2000": [25.5,13.1,4.8,4.05,7.7],
		"Delta_C2000": [4.24,2.14,2.38,3.63,7.44],
		"Delta_L": [-35.6,-13.5,-5.11,-2.61,3.2],
		"Delta_Chroma": [4.39,2.24,2.17,2.72,6.17],
		"Delta_Hue_Distance": [0,0,0,0,0],
		"Delta_Hue_Degrees": [0,0,0,0,0],
		"mean_Delta_E": [13.2],
		"mean_Delta_C": [3.54],
		"mean_Delta_E94": [13.2],
		"mean_Delta_C94": [3.54],
		"mean_Delta_E2000": [11],
		"mean_Delta_C2000": [3.96],
		"mean_Delta_L": [-10.7],
		"mean_Delta_Chroma": [3.54],
		"mean_Delta_Hue_Distance": [0],
		"mean_Delta_Hue_Degrees": [0],
		"mean_Delta_C_sat_corr": ["_NaN_"],
		"mean_Delta_C94_sat_corr": ["_NaN_"],
		"mean_Delta_C2000_sat_corr": ["_NaN_"],
		"max_Delta_E": [35.9],
		"max_Delta_C": [6.17],
		"max_Delta_E94": [35.9],
		"max_Delta_C94": [6.17],
		"max_Delta_E2000": [25.5],
		"max_Delta_C2000": [7.44],
		"max_Delta_L": [3.2],
		"max_Delta_Chroma": [6.17],
		"max_Delta_Hue_Distance": [0],
		"max_Delta_Hue_Degrees": [0],
		"max_Delta_C_sat_corr": ["_NaN_"],
		"max_Delta_C94_sat_corr": ["_NaN_"],
		"max_Delta_C2000_sat_corr": ["_NaN_"],
		"mean_RegionSize": [83660.8],
		"Sequence_dark_to_light": [5,4,3,2,1],
		"Patch_number": [5,4,3,2,1],
		"R_noise": [0.1134,0.1222,0.1243,0.09331,0.07614],
		"G_noise": [0.08911,0.09555,0.07681,0.05818,0.054],
		"B_noise": [0.09819,0.1059,0.08999,0.06656,0.05815],
		"R_SNR_ratio": [1.333,1.497,2.249,4.627,7.41],
		"G_SNR_ratio": [1.288,1.734,3.842,7.579,10.47],
		"B_SNR_ratio": [1.398,1.656,3.374,6.83,10.25],
		"R_SNR_dB": [2.496,3.502,7.038,13.31,17.4],
		"G_SNR_dB": [2.2,4.779,11.69,17.59,20.4],
		"B_SNR_dB": [2.908,4.38,10.56,16.69,20.21],
		"Gb_noise": [0.07319,0.07718,0.06449,0.04941,0.0455],
		"Gb_SNR_ratio": [1.696,2.203,4.534,8.904,12.47],
		"Gb_SNR_dB": [4.588,6.86,13.13,18.99,21.92],
		"Y_f_stop_SNR_ratio": [1.727,1.718,1.292,0.673,0.3872],
		"Y_f_stop_SNR_dB": [4.748,4.698,2.228,-3.44,-8.242],
		"quality_levels_for_DR": [
				"Low,",
				"Medium,",
				"M-H,",
				"High,"
		],
		"SigNoise_levels_for_DR": [1,0.5,0.25,0.1],
		"Dynamic_Range_f_stops": [3.754,0,0,0],
		"Dynamic_Range_dB": [22.6,0,0,0],
		"noise_ISO15739_pct": [0.9339,1.244,2.005,3.388,4.31],
		"snr_ISO15739": [1.537,1.974,3.47,4.801,6.538],
		"noise_pct_ISO15739_at_13pct_Lref": [3.83],
		"snr_ISO15739_at_13pct_Lref": [5.634],
		"snr_dB_ISO15739_at_13pct_Lref": [15.02],
		"DynamicRange_at_density_2": [468],
		"DynamicRange_total": [0],
		"DynamicRange_from_slope_OD": [1.95],
		"DynamicRange_from_slope_EV": [6.474],
		"DynamicRange_from_slope_dB": [39],
		"SNR_BW_dB_RGBY": [12.58,16.69,15.52,18.1],
		"L_noise": [8.003,8.245,6.527,4.915,4.398],
		"a_noise": [16.87,18.37,15.86,11.73,9.825],
		"b_noise": [16.66,18.39,14.99,10.82,8.981],
		"Total_Lab_noise_unwtd": [25.02,27.27,22.78,16.7,14.02],
		"Total_ab_noise_unwtd": [23.71,26,21.82,15.96,13.31],
		"R_minus_Y_KK_noise": [0.1013,0.1108,0.1068,0.07914,0.06511],
		"B_minus_Y_KK_noise": [0.1047,0.1172,0.09763,0.07224,0.06222],
		"Y_Kelly_Keelan_noise": [0.07319,0.07718,0.06449,0.04941,0.0455],
		"Total_KK_noise": [0.09583,0.1029,0.09043,0.06818,0.05994],
		"Chroma_KK_noise": [0.06186,0.06808,0.06339,0.04697,0.03903],
		"Total_old_iso_noise": [0.1169,0.1265,0.1139,0.08535,0.0735],
		"Y_noise_from_YUV": [0.07318,0.07717,0.06448,0.04941,0.04549],
		"U_noise_from_YUV": [0.04918,0.05508,0.04587,0.03394,0.02924],
		"V_noise_from_YUV": [0.0791,0.08653,0.08337,0.0618,0.05084],