{
	"jsonResults": {
		"dateRun": "13-May-2025 14:47:26",
		"ini_time_size": "13-May-2025 14:46:26 17295B  MD5 = 627e4fa6024c61b97cf5d4658225c5cf",
		"version": "Imatest 24.2.6 Master Color/Tone Auto",
		"build": "2025-03-20",
		"image_file": "cup_55.0 mm_25600ISO_-2EV_Dist2_ON_Focused.tiff",
		"ColorSpace": "sRGB",
		"Reference": "Default values",
		"Ref_folder": "/usr/local/Imatest/v24.2/Master/",
		"Gamma": [0.4024],
		"patches_for_gamma_start_end": [1,5],
		"exposure_error_normalized_y_channel": [-0.255],
		"mean_camera_Saturation_Pct": ["_NaN_"],
		"mean_chroma_level_CPIQ_Pct": ["_NaN_"],
		"CPIQ_chroma_quality_loss_JND": ["_NaN_"],
		"CPIQ_exposure_quality_loss_JND": ["_NaN_"],
		"pixel_offset": [0],
		"mean_patch_size_pxls": [274,303],
		"roi_settings": "Recent ROI settings are in roi, nwid_save, nht_save, fillf, and distort (same names as ini file)",
		"roi": [3013,1351,4727,1725,3013,1727,4727,1343],
		"nwid_save": [6024],
		"nht_save": [4020],
		"fillf": [0.8],
		"distort": [0],
		"grayscale_zone": [1,2,3,4,5],
		"grayscale_minus_log_exposure": [2,1.513,1.025,0.5375,0.05],
		"grayscale_Y_reflectivity": [0.01,0.03073,0.09441,0.2901,0.8913],
		"grayscale_Y_Printer_pixel_gamma22": [33.13,55.18,91.91,153.1,255],
		"grayscale_Y_density": [0.5408,0.685,0.8812,1.055,1.149],
		"grayscale_R_density": [0.5546,0.6842,0.809,0.8834,0.9326],
		"grayscale_G_density": [0.5395,0.6875,0.9101,1.134,1.258],
		"grayscale_B_density": [0.5148,0.6634,0.8377,0.9592,1.033],
		"grayscale_Y_mean": [73.4,52.67,33.52,22.49,18.1],
		"grayscale_R_mean": [71.12,52.77,39.59,33.35,29.78],
		"grayscale_G_mean": [73.62,52.36,31.37,18.71,14.07],
		"grayscale_B_mean": [77.94,55.35,37.05,28.01,23.62],
		"White_Bal_error_Degrees": [874.3,456.2,-439.3,-1707,-2383],
		"White_Bal_error_Mired": [-18.24,-10.09,11.15,54.79,89.02],
		"White_Bal_error_S_HSV": [0.08751,0.05397,0.2077,0.4391,0.5274],
		"White_Bal_error_Delta_C_ab": [2.925,2.021,5.74,10.11,9.795],
		"White_Bal_error_Delta_C_94": [2.925,2.021,5.74,10.11,9.795],
		"White_Bal_error_Delta_C_00": [2.745,2.139,6.919,11,10.8],
		"n_Patch": [1,2,3,4,5],
		"n_Row": [1,1,1,1,1],
		"n_Column": [1,2,3,4,5],
		"width_pixels": [275,276,275,275,275],
		"height_pixels": [305,305,305,305,305],
		"Pixels_total": [83875,84180,83875,83875,83875],
		"R_reference": [242.4,146.6,86.6,49.01,25.46],
		"G_reference": [242.4,146.6,86.6,49.01,25.46],
		"B_reference": [242.4,146.6,86.6,49.01,25.46],
		"R_input": [71.12,52.77,39.59,33.35,29.78],
		"G_input": [73.62,52.36,31.37,18.71,14.07],
		"B_input": [77.94,55.35,37.05,28.01,23.62],
		"L_reference": [95.63,60.79,36.82,20.33,8.991],
		"a_reference": [0,0,0,0,0],
		"b_reference": [0,0,0,0,0],
		"L_input": [31.21,22.01,13.08,7.851,5.9],
		"a_input": [-0.03527,0.88,5.233,9.476,9.305],
		"b_input": [-2.925,-1.819,-2.359,-3.514,-3.06],
		"x_reference": [0.3127,0.3127,0.3127,0.3127,0.3127],
		"y_reference": [0.329,0.329,0.329,0.329,0.329],
		"Y_reference": [0.8913,0.2901,0.09441,0.03073,0.01],
		"x_input": [0.3006,0.3068,0.3232,0.3411,0.3495],
		"y_input": [0.3164,0.3177,0.3008,0.2754,0.2692],
		"Y_input": [0.06741,0.03518,0.01576,0.008691,0.006532],
		"LUV_comment": "L2 is used to differentiate between the L in LAB and L in LUV.",
		"L2_reference": [805.1,262,85.28,27.75,9.033],
		"U_reference": [0.1978,0.1978,0.1978,0.1978,0.1978],
		"V_reference": [0.4683,0.4683,0.4683,0.4683,0.4683],
		"L2_input": [60.89,31.78,14.24,7.851,5.9],
		"U_input": [0.1941,0.198,0.2168,0.2426,0.2527],
		"V_input": [0.4596,0.4613,0.454,0.4408,0.438],
		"patch_numbers_for_all_Delta_E_C": [1,2,3,4,5],
		"Delta_E_all": [64.5,38.8,24.4,16.1,10.3],
		"Delta_C_all": [2.93,2.02,5.74,10.1,9.8],
		"Delta_E94_all": [64.5,38.8,24.4,16.1,10.3],
		"Delta_C94_all": [2.93,2.02,5.74,10.1,9.8],
		"Delta_E2000_all": [54.2,34.9,18.7,13.7,11],
		"Delta_C2000_all": [2.74,2.14,6.92,11,10.8],
		"Delta_L_all": [-64.4,-38.8,-23.7,-12.5,-3.09],
		"Delta_Chroma_all": [2.93,2.02,5.74,10.1,9.8],
		"Delta_Hue_Distance_all": [0,0,0,0,0],
		"Delta_Hue_Degrees_all": [0,0,0,0,0],
		"sat_corr_comment": "sat_corr explained on https://www.imatest.com/docs/colorcheck/#satcorr - not recommended.",
		"Delta_C_all_sat_corr": ["_NaN_","_NaN_","_NaN_","_NaN_","_NaN_"],
		"Delta_C94_all_sat_corr": ["_NaN_","_NaN_","_NaN_","_NaN_","_NaN_"],
		"Delta_C2000_all_sat_corr": ["_NaN_","_NaN_","_NaN_","_NaN_","_NaN_"],
		"grayscale_patch_numbers": [1,2,3,4,5],
		"Delta_E": [64.5,38.8,24.4,16.1,10.3],
		"Delta_C": [2.93,2.02,5.74,10.1,9.8],
		"Delta_E94": [64.5,38.8,24.4,16.1,10.3],
		"Delta_C94": [2.93,2.02,5.74,10.1,9.8],
		"Delta_E2000": [54.2,34.9,18.7,13.7,11],
		"Delta_C2000": [2.74,2.14,6.92,11,10.8],
		"Delta_L": [-64.4,-38.8,-23.7,-12.5,-3.09],
		"Delta_Chroma": [2.93,2.02,5.74,10.1,9.8],
		"Delta_Hue_Distance": [0,0,0,0,0],
		"Delta_Hue_Degrees": [0,0,0,0,0],
		"mean_Delta_E": [30.8],
		"mean_Delta_C": [6.12],
		"mean_Delta_E94": [30.8],
		"mean_Delta_C94": [6.12],
		"mean_Delta_E2000": [26.5],
		"mean_Delta_C2000": [6.72],
		"mean_Delta_L": [-28.5],
		"mean_Delta_Chroma": [6.12],
		"mean_Delta_Hue_Distance": [0],
		"mean_Delta_Hue_Degrees": [0],
		"mean_Delta_C_sat_corr": ["_NaN_"],
		"mean_Delta_C94_sat_corr": ["_NaN_"],
		"mean_Delta_C2000_sat_corr": ["_NaN_"],
		"max_Delta_E": [64.5],
		"max_Delta_C": [10.1],
		"max_Delta_E94": [64.5],
		"max_Delta_C94": [10.1],
		"max_Delta_E2000": [54.2],
		"max_Delta_C2000": [11],
		"max_Delta_L": [-3.09],
		"max_Delta_Chroma": [10.1],
		"max_Delta_Hue_Distance": [0],
		"max_Delta_Hue_Degrees": [0],
		"max_Delta_C_sat_corr": ["_NaN_"],
		"max_Delta_C94_sat_corr": ["_NaN_"],
		"max_Delta_C2000_sat_corr": ["_NaN_"],
		"mean_RegionSize": [83660.8],
		"Sequence_dark_to_light": [5,4,3,2,1],
		"Patch_number": [5,4,3,2,1],
		"R_noise": [0.1007,0.1056,0.1157,0.1269,0.1244],
		"G_noise": [0.07017,0.07914,0.09221,0.09195,0.0774],
		"B_noise": [0.08486,0.09163,0.1026,0.1052,0.08882],
		"R_SNR_ratio": [1.159,1.238,1.342,1.631,2.242],
		"G_SNR_ratio": [0.7864,0.927,1.334,2.233,3.73],
		"B_SNR_ratio": [1.092,1.199,1.417,2.064,3.441],
		"R_SNR_dB": [1.283,1.855,2.554,4.25,7.015],
		"G_SNR_dB": [-2.087,-0.6581,2.502,6.979,11.43],
		"B_SNR_dB": [0.7615,1.575,3.025,6.295,10.73],
		"Gb_noise": [0.05803,0.06461,0.07384,0.07425,0.06442],
		"Gb_SNR_ratio": [1.223,1.365,1.78,2.781,4.468],
		"Gb_SNR_dB": [1.749,2.703,5.011,8.885,13],
		"Y_f_stop_SNR_ratio": [0.7794,0.6502,0.4947,0.289,0.1833],
		"Y_f_stop_SNR_dB": [-2.165,-3.739,-6.112,-10.78,-14.74],
		"quality_levels_for_DR": [
				"Low,",
				"Medium,",
				"M-H,",
				"High,"
		],
		"SigNoise_levels_for_DR": [1,0.5,0.25,0.1],
		"Dynamic_Range_f_stops": [0,0,0,0],
		"Dynamic_Range_dB": [0,0,0,0],
		"noise_ISO15739_pct": [1.855,2.472,4.723,8.644,9.326],
		"snr_ISO15739": [0.3521,0.3516,0.3337,0.4071,0.7228],
		"noise_pct_ISO15739_at_13pct_Lref": [9.027],
		"snr_ISO15739_at_13pct_Lref": [0.5844],
		"snr_dB_ISO15739_at_13pct_Lref": [-4.666],
		"DynamicRange_at_density_2": [252.4],
		"DynamicRange_total": [0],
		"DynamicRange_from_slope_OD": [1.95],
		"DynamicRange_from_slope_EV": [6.474],
		"DynamicRange_from_slope_dB": [39],
		"SNR_BW_dB_RGBY": [3.938,6.735,5.569,8.591],
		"L_noise": [6.517,7.178,8.026,7.742,6.491],
		"a_noise": [14.89,16.01,18.06,18.28,15.93],
		"b_noise": [14.42,15.93,18.28,18.14,14.95],
		"Total_Lab_noise_unwtd": [21.73,23.7,26.92,26.89,22.79],
		"Total_ab_noise_unwtd": [20.72,22.58,25.7,25.75,21.85],
		"R_minus_Y_KK_noise": [0.08915,0.09462,0.106,0.1141,0.1079],
		"B_minus_Y_KK_noise": [0.08881,0.0989,0.1153,0.117,0.09755],
		"Y_Kelly_Keelan_noise": [0.05803,0.06461,0.07384,0.07425,0.06442],
		"Total_KK_noise": [0.07924,0.0868,0.09878,0.1017,0.09075],
		"Chroma_KK_noise": [0.05396,0.05795,0.06561,0.06954,0.06392],
		"Total_old_iso_noise": [0.09857,0.1071,0.1215,0.1266,0.1146],
		"Y_noise_from_YUV": [0.05802,0.0646,0.07383,0.07424,0.06442],
		"U_noise_from_YUV": [0.04173,0.04647,0.05417,0.05496,0.04583],
		"V_noise_from_YUV": [0.06962,0.07389,0.08279,0.08911,0.08427],