{
	"jsonResults": {
		"dateRun": "13-May-2025 14:47:26",
		"ini_time_size": "13-May-2025 14:46:26 17295B  MD5 = 627e4fa6024c61b97cf5d4658225c5cf",
		"version": "Imatest 24.2.6 Master Color/Tone Auto",
		"build": "2025-03-20",
		"image_file": "cup_55.0 mm_25600ISO_-1EV_Dist2_OFF_Defocus2.tiff",
		"ColorSpace": "sRGB",
		"Reference": "Default values",
		"Ref_folder": "/usr/local/Imatest/v24.2/Master/",
		"Gamma": [0.3994],
		"patches_for_gamma_start_end": [1,5],
		"exposure_error_normalized_y_channel": [-0.214],
		"mean_camera_Saturation_Pct": ["_NaN_"],
		"mean_chroma_level_CPIQ_Pct": ["_NaN_"],
		"CPIQ_chroma_quality_loss_JND": ["_NaN_"],
		"CPIQ_exposure_quality_loss_JND": ["_NaN_"],
		"pixel_offset": [0],
		"mean_patch_size_pxls": [274,303],
		"roi_settings": "Recent ROI settings are in roi, nwid_save, nht_save, fillf, and distort (same names as ini file)",
		"roi": [3013,1351,4727,1725,3013,1727,4727,1343],
		"nwid_save": [6024],
		"nht_save": [4020],
		"fillf": [0.8],
		"distort": [0],
		"grayscale_zone": [1,2,3,4,5],
		"grayscale_minus_log_exposure": [2,1.513,1.025,0.5375,0.05],
		"grayscale_Y_reflectivity": [0.01,0.03073,0.09441,0.2901,0.8913],
		"grayscale_Y_Printer_pixel_gamma22": [33.13,55.18,91.91,153.1,255],
		"grayscale_Y_density": [0.3915,0.5139,0.7086,0.9237,1.019],
		"grayscale_R_density": [0.4057,0.5351,0.7128,0.8372,0.8837],
		"grayscale_G_density": [0.3909,0.5107,0.7097,0.9592,1.079],
		"grayscale_B_density": [0.3579,0.4861,0.6863,0.87,0.9458],
		"grayscale_Y_mean": [103.5,78.09,49.88,30.4,24.39],
		"grayscale_R_mean": [100.2,74.38,49.4,37.09,33.33],
		"grayscale_G_mean": [103.7,78.68,49.75,28.01,21.28],
		"grayscale_B_mean": [111.9,83.25,52.51,34.4,28.89],
		"White_Bal_error_Degrees": [1182,1068,552.3,-518.5,-1221],
		"White_Bal_error_Mired": [-23.68,-21.7,-12.05,13.34,35.58],
		"White_Bal_error_S_HSV": [0.1043,0.1066,0.05915,0.2449,0.3617],
		"White_Bal_error_Delta_C_ab": [5.068,3.364,1.871,6.463,8.309],
		"White_Bal_error_Delta_C_94": [5.068,3.364,1.871,6.463,8.309],
		"White_Bal_error_Delta_C_00": [4.569,3.2,1.872,7.634,9.459],
		"n_Patch": [1,2,3,4,5],
		"n_Row": [1,1,1,1,1],
		"n_Column": [1,2,3,4,5],
		"width_pixels": [275,276,275,275,275],
		"height_pixels": [305,305,305,305,305],
		"Pixels_total": [83875,84180,83875,83875,83875],
		"R_reference": [242.4,146.6,86.6,49.01,25.46],
		"G_reference": [242.4,146.6,86.6,49.01,25.46],
		"B_reference": [242.4,146.6,86.6,49.01,25.46],
		"R_input": [100.2,74.38,49.4,37.09,33.33],
		"G_input": [103.7,78.68,49.75,28.01,21.28],
		"B_input": [111.9,83.25,52.51,34.4,28.89],
		"L_reference": [95.63,60.79,36.82,20.33,8.991],
		"a_reference": [0,0,0,0,0],
		"b_reference": [0,0,0,0,0],
		"L_input": [43.83,33.23,20.73,11.58,8.684],
		"a_input": [0.4445,-0.6766,0.5047,5.879,7.772],
		"b_input": [-5.048,-3.296,-1.802,-2.685,-2.939],
		"x_reference": [0.3127,0.3127,0.3127,0.3127,0.3127],
		"y_reference": [0.329,0.329,0.329,0.329,0.329],
		"Y_reference": [0.8913,0.2901,0.09441,0.03073,0.01],
		"x_input": [0.2974,0.2977,0.3052,0.3248,0.3351],
		"y_input": [0.3113,0.3163,0.3181,0.2956,0.2853],
		"Y_input": [0.1372,0.07645,0.03176,0.01344,0.009636],
		"LUV_comment": "L2 is used to differentiate between the L in LAB and L in LUV.",
		"L2_reference": [805.1,262,85.28,27.75,9.033],
		"U_reference": [0.1978,0.1978,0.1978,0.1978,0.1978],
		"V_reference": [0.4683,0.4683,0.4683,0.4683,0.4683],
		"L2_input": [124,69.06,28.69,12.14,8.704],
		"U_input": [0.1937,0.1921,0.1967,0.2203,0.2329],
		"V_input": [0.4563,0.4591,0.4612,0.4511,0.4463],
		"patch_numbers_for_all_Delta_E_C": [1,2,3,4,5],
		"Delta_E_all": [52,27.8,16.2,10.9,8.31],
		"Delta_C_all": [5.07,3.36,1.87,6.46,8.31],
		"Delta_E94_all": [52,27.8,16.2,10.9,8.31],
		"Delta_C94_all": [5.07,3.36,1.87,6.46,8.31],
		"Delta_E2000_all": [40.5,27.1,12.4,9.59,9.46],
		"Delta_C2000_all": [4.57,3.2,1.87,7.63,9.46],
		"Delta_L_all": [-51.8,-27.6,-16.1,-8.75,-0.307],
		"Delta_Chroma_all": [5.07,3.36,1.87,6.46,8.31],
		"Delta_Hue_Distance_all": [0,0,0,0,0],
		"Delta_Hue_Degrees_all": [0,0,0,0,0],
		"sat_corr_comment": "sat_corr explained on https://www.imatest.com/docs/colorcheck/#satcorr - not recommended.",
		"Delta_C_all_sat_corr": ["_NaN_","_NaN_","_NaN_","_NaN_","_NaN_"],
		"Delta_C94_all_sat_corr": ["_NaN_","_NaN_","_NaN_","_NaN_","_NaN_"],
		"Delta_C2000_all_sat_corr": ["_NaN_","_NaN_","_NaN_","_NaN_","_NaN_"],
		"grayscale_patch_numbers": [1,2,3,4,5],
		"Delta_E": [52,27.8,16.2,10.9,8.31],
		"Delta_C": [5.07,3.36,1.87,6.46,8.31],
		"Delta_E94": [52,27.8,16.2,10.9,8.31],
		"Delta_C94": [5.07,3.36,1.87,6.46,8.31],
		"Delta_E2000": [40.5,27.1,12.4,9.59,9.46],
		"Delta_C2000": [4.57,3.2,1.87,7.63,9.46],
		"Delta_L": [-51.8,-27.6,-16.1,-8.75,-0.307],
		"Delta_Chroma": [5.07,3.36,1.87,6.46,8.31],
		"Delta_Hue_Distance": [0,0,0,0,0],
		"Delta_Hue_Degrees": [0,0,0,0,0],
		"mean_Delta_E": [23],
		"mean_Delta_C": [5.02],
		"mean_Delta_E94": [23],
		"mean_Delta_C94": [5.02],
		"mean_Delta_E2000": [19.8],
		"mean_Delta_C2000": [5.35],
		"mean_Delta_L": [-20.9],
		"mean_Delta_Chroma": [5.02],
		"mean_Delta_Hue_Distance": [0],
		"mean_Delta_Hue_Degrees": [0],
		"mean_Delta_C_sat_corr": ["_NaN_"],
		"mean_Delta_C94_sat_corr": ["_NaN_"],
		"mean_Delta_C2000_sat_corr": ["_NaN_"],
		"max_Delta_E": [52],
		"max_Delta_C": [8.31],
		"max_Delta_E94": [52],
		"max_Delta_C94": [8.31],
		"max_Delta_E2000": [40.5],
		"max_Delta_C2000": [9.46],
		"max_Delta_L": [-0.307],
		"max_Delta_Chroma": [8.31],
		"max_Delta_Hue_Distance": [0],
		"max_Delta_Hue_Degrees": [0],
		"max_Delta_C_sat_corr": ["_NaN_"],
		"max_Delta_C94_sat_corr": ["_NaN_"],
		"max_Delta_C2000_sat_corr": ["_NaN_"],
		"mean_RegionSize": [83660.8],
		"Sequence_dark_to_light": [5,4,3,2,1],
		"Patch_number": [5,4,3,2,1],
		"R_noise": [0.1059,0.1119,0.1252,0.1198,0.1008],
		"G_noise": [0.08186,0.0899,0.09294,0.07383,0.06231],
		"B_noise": [0.09315,0.1004,0.1066,0.08401,0.06786],
		"R_SNR_ratio": [1.234,1.3,1.547,2.435,3.898],
		"G_SNR_ratio": [1.019,1.222,2.099,4.179,6.525],
		"B_SNR_ratio": [1.216,1.344,1.932,3.886,6.463],
		"R_SNR_dB": [1.83,2.28,3.79,7.73,11.82],
		"G_SNR_dB": [0.1656,1.74,6.442,12.42,16.29],
		"B_SNR_dB": [1.702,2.568,5.719,11.79,16.21],
		"Gb_noise": [0.06705,0.07237,0.07485,0.06187,0.05285],
		"Gb_SNR_ratio": [1.426,1.647,2.613,4.95,7.681],
		"Gb_SNR_dB": [3.085,4.336,8.343,13.89,17.71],
		"Y_f_stop_SNR_ratio": [1.165,1.05,0.7714,0.4264,0.2171],
		"Y_f_stop_SNR_dB": [1.327,0.422,-2.255,-7.403,-13.26],
		"quality_levels_for_DR": [
				"Low,",
				"Medium,",
				"M-H,",
				"High,"
		],
		"SigNoise_levels_for_DR": [1,0.5,0.25,0.1],
		"Dynamic_Range_f_stops": [1.843,0,0,0],
		"Dynamic_Range_dB": [11.09,0,0,0],
		"noise_ISO15739_pct": [1.462,1.885,3.346,5.584,6.333],
		"snr_ISO15739": [0.6589,0.7128,0.949,1.369,2.167],
		"noise_pct_ISO15739_at_13pct_Lref": [5.958],
		"snr_ISO15739_at_13pct_Lref": [1.768],
		"snr_dB_ISO15739_at_13pct_Lref": [4.949],
		"DynamicRange_at_density_2": [300.1],
		"DynamicRange_total": [40.56],
		"DynamicRange_from_slope_OD": [1.95],
		"DynamicRange_from_slope_EV": [6.474],
		"DynamicRange_from_slope_dB": [39],
		"SNR_BW_dB_RGBY": [7.582,11.79,10.66,13.32],
		"L_noise": [7.403,7.92,7.87,6.23,5.252],
		"a_noise": [16.1,17.52,18.42,15.27,12.6],
		"b_noise": [16.02,17.59,18.53,14.25,11.23],
		"Total_Lab_noise_unwtd": [23.89,26.05,27.29,21.79,17.67],
		"Total_ab_noise_unwtd": [22.71,24.82,26.13,20.88,16.87],
		"R_minus_Y_KK_noise": [0.0947,0.1024,0.113,0.1029,0.08559],
		"B_minus_Y_KK_noise": [0.09982,0.1105,0.1188,0.09264,0.07441],
		"Y_Kelly_Keelan_noise": [0.06705,0.07237,0.07485,0.06187,0.05285],
		"Total_KK_noise": [0.08874,0.0961,0.102,0.08682,0.07297],
		"Chroma_KK_noise": [0.05813,0.06323,0.06934,0.06092,0.05031],
		"Total_old_iso_noise": [0.1088,0.1179,0.1267,0.1095,0.09148],
		"Y_noise_from_YUV": [0.06704,0.07236,0.07484,0.06186,0.05285],
		"U_noise_from_YUV": [0.0469,0.05191,0.05582,0.04353,0.03496],
		"V_noise_from_YUV": [0.07396,0.07994,0.08828,0.08037,0.06684],