{
	"jsonResults": {
		"dateRun": "13-May-2025 14:47:26",
		"ini_time_size": "13-May-2025 14:46:26 17295B  MD5 = 627e4fa6024c61b97cf5d4658225c5cf",
		"version": "Imatest 24.2.6 Master Color/Tone Auto",
		"build": "2025-03-20",
		"image_file": "cup_55.0 mm_1600ISO_0EV_Dist2_OFF_Defocus2.tiff",
		"ColorSpace": "sRGB",
		"Reference": "Default values",
		"Ref_folder": "/usr/local/Imatest/v24.2/Master/",
		"Gamma": [0.3314],
		"patches_for_gamma_start_end": [1,5],
		"exposure_error_normalized_y_channel": [-0.0777],
		"mean_camera_Saturation_Pct": ["_NaN_"],
		"mean_chroma_level_CPIQ_Pct": ["_NaN_"],
		"CPIQ_chroma_quality_loss_JND": ["_NaN_"],
		"CPIQ_exposure_quality_loss_JND": ["_NaN_"],
		"pixel_offset": [0],
		"mean_patch_size_pxls": [274,303],
		"roi_settings": "Recent ROI settings are in roi, nwid_save, nht_save, fillf, and distort (same names as ini file)",
		"roi": [3013,1351,4727,1725,3013,1727,4727,1343],
		"nwid_save": [6024],
		"nht_save": [4020],
		"fillf": [0.8],
		"distort": [0],
		"grayscale_zone": [1,2,3,4,5],
		"grayscale_minus_log_exposure": [2,1.513,1.025,0.5375,0.05],
		"grayscale_Y_reflectivity": [0.01,0.03073,0.09441,0.2901,0.8913],
		"grayscale_Y_Printer_pixel_gamma22": [33.13,55.18,91.91,153.1,255],
		"grayscale_Y_density": [0.194,0.3026,0.4641,0.675,0.8583],
		"grayscale_R_density": [0.1943,0.3043,0.4676,0.6773,0.8669],
		"grayscale_G_density": [0.1949,0.3024,0.4636,0.6747,0.8561],
		"grayscale_B_density": [0.1845,0.2996,0.4592,0.6712,0.8553],
		"grayscale_Y_mean": [163.1,127,87.58,53.89,35.34],
		"grayscale_R_mean": [163,126.5,86.88,53.6,34.65],
		"grayscale_G_mean": [162.8,127.1,87.69,53.93,35.52],
		"grayscale_B_mean": [166.8,127.9,88.59,54.37,35.58],
		"White_Bal_error_Degrees": [234.9,101.6,170.4,115.5,177.2],
		"White_Bal_error_Mired": [-5.366,-2.367,-3.929,-2.685,-4.084],
		"White_Bal_error_S_HSV": [0.02369,0.01088,0.01924,0.01408,0.02625],
		"White_Bal_error_Delta_C_ab": [2.192,0.5319,0.6512,0.3319,0.4274],
		"White_Bal_error_Delta_C_94": [2.192,0.5319,0.6512,0.3319,0.4274],
		"White_Bal_error_Delta_C_00": [2.262,0.5279,0.6567,0.3321,0.5986],
		"n_Patch": [1,2,3,4,5],
		"n_Row": [1,1,1,1,1],
		"n_Column": [1,2,3,4,5],
		"width_pixels": [275,276,275,275,275],
		"height_pixels": [305,305,305,305,305],
		"Pixels_total": [83875,84180,83875,83875,83875],
		"R_reference": [242.4,146.6,86.6,49.01,25.46],
		"G_reference": [242.4,146.6,86.6,49.01,25.46],
		"B_reference": [242.4,146.6,86.6,49.01,25.46],
		"R_input": [163,126.5,86.88,53.6,34.65],
		"G_input": [162.8,127.1,87.69,53.93,35.52],
		"B_input": [166.8,127.9,88.59,54.37,35.58],
		"L_reference": [95.63,60.79,36.82,20.33,8.991],
		"a_reference": [0,0,0,0,0],
		"b_reference": [0,0,0,0,0],
		"L_input": [67.05,53.21,37.23,22.57,13.88],
		"a_input": [0.8362,-0.04495,-0.1271,-0.03807,-0.3852],
		"b_input": [-2.026,-0.53,-0.6387,-0.3297,-0.1852],
		"x_reference": [0.3127,0.3127,0.3127,0.3127,0.3127],
		"y_reference": [0.329,0.329,0.329,0.329,0.329],
		"Y_reference": [0.8913,0.2901,0.09441,0.03073,0.01],
		"x_input": [0.3095,0.3111,0.31,0.3109,0.3096],
		"y_input": [0.3233,0.3275,0.3267,0.3274,0.3287],
		"Y_input": [0.3669,0.2124,0.09663,0.03675,0.01709],
		"LUV_comment": "L2 is used to differentiate between the L in LAB and L in LUV.",
		"L2_reference": [805.1,262,85.28,27.75,9.033],
		"U_reference": [0.1978,0.1978,0.1978,0.1978,0.1978],
		"V_reference": [0.4683,0.4683,0.4683,0.4683,0.4683],
		"L2_input": [331.4,191.9,87.29,33.2,15.44],
		"U_input": [0.1977,0.1973,0.1968,0.1972,0.1958],
		"V_input": [0.4648,0.4673,0.4667,0.4672,0.4677],
		"patch_numbers_for_all_Delta_E_C": [1,2,3,4,5],
		"Delta_E_all": [28.7,7.6,0.77,2.26,4.91],
		"Delta_C_all": [2.19,0.532,0.651,0.332,0.427],
		"Delta_E94_all": [28.7,7.6,0.77,2.26,4.91],
		"Delta_C94_all": [2.19,0.532,0.651,0.332,0.427],
		"Delta_E2000_all": [19.6,6.98,0.743,1.6,3.16],
		"Delta_C2000_all": [2.26,0.528,0.657,0.332,0.599],
		"Delta_L_all": [-28.6,-7.58,0.412,2.23,4.89],
		"Delta_Chroma_all": [2.19,0.532,0.651,0.332,0.427],
		"Delta_Hue_Distance_all": [0,0,0,0,0],
		"Delta_Hue_Degrees_all": [0,0,0,0,0],
		"sat_corr_comment": "sat_corr explained on https://www.imatest.com/docs/colorcheck/#satcorr - not recommended.",
		"Delta_C_all_sat_corr": ["_NaN_","_NaN_","_NaN_","_NaN_","_NaN_"],
		"Delta_C94_all_sat_corr": ["_NaN_","_NaN_","_NaN_","_NaN_","_NaN_"],
		"Delta_C2000_all_sat_corr": ["_NaN_","_NaN_","_NaN_","_NaN_","_NaN_"],
		"grayscale_patch_numbers": [1,2,3,4,5],
		"Delta_E": [28.7,7.6,0.77,2.26,4.91],
		"Delta_C": [2.19,0.532,0.651,0.332,0.427],
		"Delta_E94": [28.7,7.6,0.77,2.26,4.91],
		"Delta_C94": [2.19,0.532,0.651,0.332,0.427],
		"Delta_E2000": [19.6,6.98,0.743,1.6,3.16],
		"Delta_C2000": [2.26,0.528,0.657,0.332,0.599],
		"Delta_L": [-28.6,-7.58,0.412,2.23,4.89],
		"Delta_Chroma": [2.19,0.532,0.651,0.332,0.427],
		"Delta_Hue_Distance": [0,0,0,0,0],
		"Delta_Hue_Degrees": [0,0,0,0,0],
		"mean_Delta_E": [8.84],
		"mean_Delta_C": [0.827],
		"mean_Delta_E94": [8.84],
		"mean_Delta_C94": [0.827],
		"mean_Delta_E2000": [6.43],
		"mean_Delta_C2000": [0.875],
		"mean_Delta_L": [-5.73],
		"mean_Delta_Chroma": [0.827],
		"mean_Delta_Hue_Distance": [0],
		"mean_Delta_Hue_Degrees": [0],
		"mean_Delta_C_sat_corr": ["_NaN_"],
		"mean_Delta_C94_sat_corr": ["_NaN_"],
		"mean_Delta_C2000_sat_corr": ["_NaN_"],
		"max_Delta_E": [28.7],
		"max_Delta_C": [2.19],
		"max_Delta_E94": [28.7],
		"max_Delta_C94": [2.19],
		"max_Delta_E2000": [19.6],
		"max_Delta_C2000": [2.26],
		"max_Delta_L": [4.89],
		"max_Delta_Chroma": [2.19],
		"max_Delta_Hue_Distance": [0],
		"max_Delta_Hue_Degrees": [0],
		"max_Delta_C_sat_corr": ["_NaN_"],
		"max_Delta_C94_sat_corr": ["_NaN_"],
		"max_Delta_C2000_sat_corr": ["_NaN_"],
		"mean_RegionSize": [83660.8],
		"Sequence_dark_to_light": [5,4,3,2,1],
		"Patch_number": [5,4,3,2,1],
		"R_noise": [0.05275,0.03865,0.02829,0.02527,0.02758],
		"G_noise": [0.04122,0.02759,0.0189,0.01674,0.02113],
		"B_noise": [0.04674,0.03204,0.02323,0.02097,0.02479],
		"R_SNR_ratio": [2.576,5.438,12.04,19.64,23.18],
		"G_SNR_ratio": [3.379,7.665,18.19,29.78,30.21],
		"B_SNR_ratio": [2.986,6.655,14.95,23.92,26.38],
		"R_SNR_dB": [8.219,14.71,21.61,25.86,27.3],
		"G_SNR_dB": [10.58,17.69,25.2,29.48,29.6],
		"B_SNR_dB": [9.501,16.46,23.5,27.57,28.43],
		"Gb_noise": [0.03906,0.02569,0.01652,0.01448,0.01958],
		"Gb_SNR_ratio": [3.548,8.228,20.79,34.41,32.68],
		"Gb_SNR_dB": [11,18.31,26.36,30.73,30.28],
		"Y_f_stop_SNR_ratio": [4.463,6.316,5.361,2.462,1.15],
		"Y_f_stop_SNR_dB": [12.99,16.01,14.58,7.827,1.215],
		"quality_levels_for_DR": [
				"Low,",
				"Medium,",
				"M-H,",
				"High,"
		],
		"SigNoise_levels_for_DR": [1,0.5,0.25,0.1],
		"Dynamic_Range_f_stops": [0,5.187,3.707,0],
		"Dynamic_Range_dB": [0,31.22,22.32,0],
		"noise_ISO15739_pct": [0.3572,0.3133,0.4361,0.8694,1.608],
		"snr_ISO15739": [4.785,11.73,22.16,24.43,22.83],
		"noise_pct_ISO15739_at_13pct_Lref": [1.26],
		"snr_ISO15739_at_13pct_Lref": [23.58],
		"snr_dB_ISO15739_at_13pct_Lref": [27.45],
		"DynamicRange_at_density_2": [1316],
		"DynamicRange_total": [0],
		"DynamicRange_from_slope_OD": [1.95],
		"DynamicRange_from_slope_EV": [6.474],
		"DynamicRange_from_slope_dB": [39],
		"SNR_BW_dB_RGBY": [24.58,28.16,26.2,29.42],
		"L_noise": [4.53,2.897,1.759,1.448,1.88],
		"a_noise": [6.223,4.952,3.901,3.313,3.007],
		"b_noise": [5.793,4.624,3.722,3.197,2.923],
		"Total_Lab_noise_unwtd": [9.633,7.369,5.671,4.827,4.596],
		"Total_ab_noise_unwtd": [8.502,6.775,5.392,4.605,4.193],
		"R_minus_Y_KK_noise": [0.03502,0.02804,0.02297,0.02085,0.0197],
		"B_minus_Y_KK_noise": [0.0349,0.02697,0.0235,0.02154,0.02062],
		"Y_Kelly_Keelan_noise": [0.03906,0.02569,0.01652,0.01448,0.01958],
		"Total_KK_noise": [0.04444,0.03071,0.02165,0.01928,0.023],
		"Chroma_KK_noise": [0.0212,0.01683,0.014,0.01273,0.01207],
		"Total_old_iso_noise": [0.05005,0.03577,0.02644,0.02371,0.02645],
		"Y_noise_from_YUV": [0.03906,0.02568,0.01652,0.01448,0.01958],