{
	"jsonResults": {
		"dateRun": "13-May-2025 14:47:26",
		"ini_time_size": "13-May-2025 14:46:26 17295B  MD5 = 627e4fa6024c61b97cf5d4658225c5cf",
		"version": "Imatest 24.2.6 Master Color/Tone Auto",
		"build": "2025-03-20",
		"image_file": "cup_55.0 mm_1600ISO_0EV_Dist2_OFF_Defocus1.tiff",
		"ColorSpace": "sRGB",
		"Reference": "Default values",
		"Ref_folder": "/usr/local/Imatest/v24.2/Master/",
		"Gamma": [0.3334],
		"patches_for_gamma_start_end": [1,5],
		"exposure_error_normalized_y_channel": [-0.0673],
		"mean_camera_Saturation_Pct": ["_NaN_"],
		"mean_chroma_level_CPIQ_Pct": ["_NaN_"],
		"CPIQ_chroma_quality_loss_JND": ["_NaN_"],
		"CPIQ_exposure_quality_loss_JND": ["_NaN_"],
		"pixel_offset": [0],
		"mean_patch_size_pxls": [274,303],
		"roi_settings": "Recent ROI settings are in roi, nwid_save, nht_save, fillf, and distort (same names as ini file)",
		"roi": [3013,1351,4727,1725,3013,1727,4727,1343],
		"nwid_save": [6024],
		"nht_save": [4020],
		"fillf": [0.8],
		"distort": [0],
		"grayscale_zone": [1,2,3,4,5],
		"grayscale_minus_log_exposure": [2,1.513,1.025,0.5375,0.05],
		"grayscale_Y_reflectivity": [0.01,0.03073,0.09441,0.2901,0.8913],
		"grayscale_Y_Printer_pixel_gamma22": [33.13,55.18,91.91,153.1,255],
		"grayscale_Y_density": [0.1828,0.293,0.4555,0.6785,0.9906],
		"grayscale_R_density": [0.1829,0.2946,0.4591,0.6806,0.9973],
		"grayscale_G_density": [0.1838,0.2929,0.455,0.6781,0.9881],
		"grayscale_B_density": [0.1728,0.2899,0.4506,0.6761,0.9951],
		"grayscale_Y_mean": [167.4,129.9,89.33,53.46,26.06],
		"grayscale_R_mean": [167.4,129.4,88.61,53.21,25.66],
		"grayscale_G_mean": [167,129.9,89.44,53.51,26.21],
		"grayscale_B_mean": [171.3,130.8,90.35,53.76,25.79],
		"White_Bal_error_Degrees": [242.7,101.7,170.7,83.43,18.34],
		"White_Bal_error_Mired": [-5.537,-2.371,-3.937,-1.95,-0.4328],
		"White_Bal_error_S_HSV": [0.02494,0.01082,0.01925,0.01034,0.02079],
		"White_Bal_error_Delta_C_ab": [2.361,0.5573,0.6578,0.2222,0.4169],
		"White_Bal_error_Delta_C_94": [2.361,0.5573,0.6578,0.2222,0.4169],
		"White_Bal_error_Delta_C_00": [2.442,0.5507,0.6657,0.2342,0.5784],
		"n_Patch": [1,2,3,4,5],
		"n_Row": [1,1,1,1,1],
		"n_Column": [1,2,3,4,5],
		"width_pixels": [275,276,275,275,275],
		"height_pixels": [305,305,305,305,305],
		"Pixels_total": [83875,84180,83875,83875,83875],
		"R_reference": [242.4,146.6,86.6,49.01,25.46],
		"G_reference": [242.4,146.6,86.6,49.01,25.46],
		"B_reference": [242.4,146.6,86.6,49.01,25.46],
		"R_input": [167.4,129.4,88.61,53.21,25.66],
		"G_input": [167,129.9,89.44,53.51,26.21],
		"B_input": [171.3,130.8,90.35,53.76,25.79],
		"L_reference": [95.63,60.79,36.82,20.33,8.991],
		"a_reference": [0,0,0,0,0],
		"b_reference": [0,0,0,0,0],
		"L_input": [68.64,54.32,37.96,22.37,9.294],
		"a_input": [0.939,-0.01665,-0.1386,-0.06959,-0.3683],
		"b_input": [-2.166,-0.5571,-0.643,-0.211,0.1953],
		"x_reference": [0.3127,0.3127,0.3127,0.3127,0.3127],
		"y_reference": [0.329,0.329,0.329,0.329,0.329],
		"Y_reference": [0.8913,0.2901,0.09441,0.03073,0.01],
		"x_input": [0.3094,0.3112,0.31,0.3114,0.3121],
		"y_input": [0.323,0.3274,0.3268,0.328,0.3317],
		"Y_input": [0.3885,0.2228,0.1007,0.03619,0.01037],
		"LUV_comment": "L2 is used to differentiate between the L in LAB and L in LUV.",
		"L2_reference": [805.1,262,85.28,27.75,9.033],
		"U_reference": [0.1978,0.1978,0.1978,0.1978,0.1978],
		"V_reference": [0.4683,0.4683,0.4683,0.4683,0.4683],
		"L2_input": [350.9,201.2,90.94,32.69,9.365],
		"U_input": [0.1978,0.1973,0.1968,0.1973,0.1964],
		"V_input": [0.4646,0.4672,0.4667,0.4676,0.4696],
		"patch_numbers_for_all_Delta_E_C": [1,2,3,4,5],
		"Delta_E_all": [27.1,6.49,1.32,2.05,0.515],
		"Delta_C_all": [2.36,0.557,0.658,0.222,0.417],
		"Delta_E94_all": [27.1,6.49,1.32,2.05,0.515],
		"Delta_C94_all": [2.36,0.557,0.658,0.222,0.417],
		"Delta_E2000_all": [18.4,5.92,1.18,1.45,0.608],
		"Delta_C2000_all": [2.44,0.551,0.666,0.234,0.578],
		"Delta_L_all": [-27,-6.47,1.14,2.04,0.303],
		"Delta_Chroma_all": [2.36,0.557,0.658,0.222,0.417],
		"Delta_Hue_Distance_all": [0,0,0,0,0],
		"Delta_Hue_Degrees_all": [0,0,0,0,0],
		"sat_corr_comment": "sat_corr explained on https://www.imatest.com/docs/colorcheck/#satcorr - not recommended.",
		"Delta_C_all_sat_corr": ["_NaN_","_NaN_","_NaN_","_NaN_","_NaN_"],
		"Delta_C94_all_sat_corr": ["_NaN_","_NaN_","_NaN_","_NaN_","_NaN_"],
		"Delta_C2000_all_sat_corr": ["_NaN_","_NaN_","_NaN_","_NaN_","_NaN_"],
		"grayscale_patch_numbers": [1,2,3,4,5],
		"Delta_E": [27.1,6.49,1.32,2.05,0.515],
		"Delta_C": [2.36,0.557,0.658,0.222,0.417],
		"Delta_E94": [27.1,6.49,1.32,2.05,0.515],
		"Delta_C94": [2.36,0.557,0.658,0.222,0.417],
		"Delta_E2000": [18.4,5.92,1.18,1.45,0.608],
		"Delta_C2000": [2.44,0.551,0.666,0.234,0.578],
		"Delta_L": [-27,-6.47,1.14,2.04,0.303],
		"Delta_Chroma": [2.36,0.557,0.658,0.222,0.417],
		"Delta_Hue_Distance": [0,0,0,0,0],
		"Delta_Hue_Degrees": [0,0,0,0,0],
		"mean_Delta_E": [7.49],
		"mean_Delta_C": [0.843],
		"mean_Delta_E94": [7.49],
		"mean_Delta_C94": [0.843],
		"mean_Delta_E2000": [5.52],
		"mean_Delta_C2000": [0.894],
		"mean_Delta_L": [-6],
		"mean_Delta_Chroma": [0.843],
		"mean_Delta_Hue_Distance": [0],
		"mean_Delta_Hue_Degrees": [0],
		"mean_Delta_C_sat_corr": ["_NaN_"],
		"mean_Delta_C94_sat_corr": ["_NaN_"],
		"mean_Delta_C2000_sat_corr": ["_NaN_"],
		"max_Delta_E": [27.1],
		"max_Delta_C": [2.36],
		"max_Delta_E94": [27.1],
		"max_Delta_C94": [2.36],
		"max_Delta_E2000": [18.4],
		"max_Delta_C2000": [2.44],
		"max_Delta_L": [2.04],
		"max_Delta_Chroma": [2.36],
		"max_Delta_Hue_Distance": [0],
		"max_Delta_Hue_Degrees": [0],
		"max_Delta_C_sat_corr": ["_NaN_"],
		"max_Delta_C94_sat_corr": ["_NaN_"],
		"max_Delta_C2000_sat_corr": ["_NaN_"],
		"mean_RegionSize": [83660.8],
		"Sequence_dark_to_light": [5,4,3,2,1],
		"Patch_number": [5,4,3,2,1],
		"R_noise": [0.04825,0.03321,0.0269,0.02483,0.02579],
		"G_noise": [0.03339,0.02038,0.01644,0.01629,0.01851],
		"B_noise": [0.04012,0.02565,0.02115,0.02021,0.02182],
		"R_SNR_ratio": [2.086,6.283,12.92,20.43,25.44],
		"G_SNR_ratio": [3.078,10.3,21.33,31.27,35.38],
		"B_SNR_ratio": [2.521,8.219,16.75,25.38,30.78],
		"R_SNR_dB": [6.384,15.96,22.22,26.21,28.11],
		"G_SNR_dB": [9.766,20.25,26.58,29.9,30.98],
		"B_SNR_dB": [8.031,18.3,24.48,28.09,29.77],
		"Gb_noise": [0.03013,0.01759,0.01372,0.01391,0.01675],
		"Gb_SNR_ratio": [3.391,11.92,25.54,36.62,39.19],
		"Gb_SNR_dB": [10.61,21.52,28.14,31.27,31.86],
		"Y_f_stop_SNR_ratio": [5.425,6.795,6.744,4.354,2.202],
		"Y_f_stop_SNR_dB": [14.69,16.64,16.58,12.78,6.855],
		"quality_levels_for_DR": [
				"Low,",
				"Medium,",
				"M-H,",
				"High,"
		],
		"SigNoise_levels_for_DR": [1,0.5,0.25,0.1],
		"Dynamic_Range_f_stops": [0,0,5.005,0],
		"Dynamic_Range_dB": [0,0,30.13,0],
		"noise_ISO15739_pct": [0.2231,0.182,0.3464,0.8458,1.398],
		"snr_ISO15739": [4.647,19.89,29.06,26.34,27.8],
		"noise_pct_ISO15739_at_13pct_Lref": [1.112],
		"snr_ISO15739_at_13pct_Lref": [27.04],
		"snr_dB_ISO15739_at_13pct_Lref": [28.64],
		"DynamicRange_at_density_2": [2004],
		"DynamicRange_total": [0],
		"DynamicRange_from_slope_OD": [1.95],
		"DynamicRange_from_slope_EV": [6.474],
		"DynamicRange_from_slope_dB": [39],
		"SNR_BW_dB_RGBY": [25.1,28.76,26.89,30.14],
		"L_noise": [3.534,2.013,1.456,1.385,1.598],
		"a_noise": [6.677,4.907,3.872,3.291,2.976],
		"b_noise": [6.246,4.622,3.64,3.148,2.872],
		"Total_Lab_noise_unwtd": [9.802,7.036,5.511,4.761,4.434],
		"Total_ab_noise_unwtd": [9.143,6.741,5.315,4.555,4.136],
		"R_minus_Y_KK_noise": [0.03732,0.02756,0.0231,0.02082,0.0196],
		"B_minus_Y_KK_noise": [0.03761,0.02699,0.02307,0.0213,0.02037],
		"Y_Kelly_Keelan_noise": [0.03013,0.01759,0.01372,0.01391,0.01675],
		"Total_KK_noise": [0.0377,0.0242,0.01959,0.01882,0.0206],
		"Chroma_KK_noise": [0.02265,0.01661,0.01399,0.01268,0.01199],
		"Total_old_iso_noise": [0.04501,0.0302,0.0248,0.02331,0.02435],
		"Y_noise_from_YUV": [0.03013,0.01759,0.01372,0.01391,0.01675],