{
	"jsonResults": {
		"dateRun": "07-May-2025 15:38:48",
		"ini_time_size": "07-May-2025 15:36:37 9257B  MD5 = aec660dacf760c9a1e8e4bee355e3a61",
		"version": "Imatest 24.2.6 Master Color/Tone Auto",
		"build": "2025-03-20",
		"image_file": "cup_55.0 mm_1600ISO_+1EV_Dist2_OFF_Focused.tiff",
		"ColorSpace": "sRGB",
		"Reference": "Default values",
		"Ref_folder": "/usr/local/Imatest/v24.2/Master/",
		"Gamma": [0.3279],
		"patches_for_gamma_start_end": [1,5],
		"exposure_error_normalized_y_channel": [0.0954],
		"mean_camera_Saturation_Pct": ["_NaN_"],
		"mean_chroma_level_CPIQ_Pct": ["_NaN_"],
		"CPIQ_chroma_quality_loss_JND": ["_NaN_"],
		"CPIQ_exposure_quality_loss_JND": ["_NaN_"],
		"pixel_offset": [0],
		"mean_patch_size_pxls": [246,305],
		"roi_settings": "Recent ROI settings are in roi, nwid_save, nht_save, fillf, and distort (same names as ini file)",
		"roi": [2997,1320,4753,1747,2997,1752,4753,1307],
		"nwid_save": [6024],
		"nht_save": [4020],
		"fillf": [0.7],
		"distort": [0],
		"grayscale_zone": [1,2,3,4,5],
		"grayscale_minus_log_exposure": [2,1.513,1.025,0.5375,0.05],
		"grayscale_Y_reflectivity": [0.01,0.03073,0.09441,0.2901,0.8913],
		"grayscale_Y_Printer_pixel_gamma22": [33.13,55.18,91.91,153.1,255],
		"grayscale_Y_density": [0.07444,0.1843,0.3441,0.5612,0.8749],
		"grayscale_R_density": [0.07608,0.1868,0.3474,0.5613,0.8792],
		"grayscale_G_density": [0.07489,0.1838,0.3436,0.5616,0.8742],
		"grayscale_B_density": [0.06526,0.1817,0.3393,0.5573,0.8692],
		"grayscale_Y_mean": [214.8,166.8,115.5,70.04,34.01],
		"grayscale_R_mean": [214,165.9,114.6,70.02,33.68],
		"grayscale_G_mean": [214.6,167,115.6,69.98,34.07],
		"grayscale_B_mean": [219.4,167.8,116.7,70.67,34.46],
		"White_Bal_error_Degrees": [256,107.1,169.4,84.53,165.5],
		"White_Bal_error_Mired": [-5.83,-2.494,-3.907,-1.975,-3.819],
		"White_Bal_error_S_HSV": [0.02459,0.01154,0.01847,0.009709,0.0228],
		"White_Bal_error_Delta_C_ab": [2.538,0.6171,0.7901,0.4451,0.3423],
		"White_Bal_error_Delta_C_94": [2.538,0.6171,0.7901,0.4451,0.3423],
		"White_Bal_error_Delta_C_00": [2.502,0.6672,0.7919,0.479,0.3515],
		"n_Patch": [1,2,3,4,5],
		"n_Row": [1,1,1,1,1],
		"n_Column": [1,2,3,4,5],
		"width_pixels": [247,247,247,247,246],
		"height_pixels": [307,307,307,307,308],
		"Pixels_total": [75829,75829,75829,75829,75768],
		"R_reference": [242.4,146.6,86.6,49.01,25.46],
		"G_reference": [242.4,146.6,86.6,49.01,25.46],
		"B_reference": [242.4,146.6,86.6,49.01,25.46],
		"R_input": [214,165.9,114.6,70.02,33.68],
		"G_input": [214.6,167,115.6,69.98,34.07],
		"B_input": [219.4,167.8,116.7,70.67,34.46],
		"L_reference": [95.63,60.79,36.82,20.33,8.991],
		"a_reference": [0,0,0,0,0],
		"b_reference": [0,0,0,0,0],
		"L_input": [85.93,68.42,48.62,29.74,13.24],
		"a_input": [0.6831,-0.2498,-0.1437,0.1705,-0.08165],
		"b_input": [-2.445,-0.5643,-0.7769,-0.4111,-0.3325],
		"x_reference": [0.3127,0.3127,0.3127,0.3127,0.3127],
		"y_reference": [0.329,0.329,0.329,0.329,0.329],
		"Y_reference": [0.8913,0.2901,0.09441,0.03073,0.01],
		"x_input": [0.3091,0.311,0.3101,0.3115,0.3101],
		"y_input": [0.3237,0.3279,0.3267,0.3269,0.3269],
		"Y_input": [0.6784,0.3855,0.1729,0.06132,0.01601],
		"LUV_comment": "L2 is used to differentiate between the L in LAB and L in LUV.",
		"L2_reference": [805.1,262,85.28,27.75,9.033],
		"U_reference": [0.1978,0.1978,0.1978,0.1978,0.1978],
		"V_reference": [0.4683,0.4683,0.4683,0.4683,0.4683],
		"L2_input": [612.8,348.2,156.2,55.39,14.46],
		"U_input": [0.1973,0.1971,0.1968,0.1978,0.1968],
		"V_input": [0.4649,0.4675,0.4667,0.467,0.4668],
		"patch_numbers_for_all_Delta_E_C": [1,2,3,4,5],
		"Delta_E_all": [10,7.66,11.8,9.42,4.26],
		"Delta_C_all": [2.54,0.617,0.79,0.445,0.342],
		"Delta_E94_all": [10,7.66,11.8,9.42,4.26],
		"Delta_C94_all": [2.54,0.617,0.79,0.445,0.342],
		"Delta_E2000_all": [6.53,6.35,10.8,6.89,2.71],
		"Delta_C2000_all": [2.5,0.667,0.792,0.479,0.352],
		"Delta_L_all": [-9.71,7.64,11.8,9.41,4.24],
		"Delta_Chroma_all": [2.54,0.617,0.79,0.445,0.342],
		"Delta_Hue_Distance_all": [0,0,0,0,0],
		"Delta_Hue_Degrees_all": [0,0,0,0,0],
		"sat_corr_comment": "sat_corr explained on https://www.imatest.com/docs/colorcheck/#satcorr - not recommended.",
		"Delta_C_all_sat_corr": ["_NaN_","_NaN_","_NaN_","_NaN_","_NaN_"],
		"Delta_C94_all_sat_corr": ["_NaN_","_NaN_","_NaN_","_NaN_","_NaN_"],
		"Delta_C2000_all_sat_corr": ["_NaN_","_NaN_","_NaN_","_NaN_","_NaN_"],
		"grayscale_patch_numbers": [1,2,3,4,5],
		"Delta_E": [10,7.66,11.8,9.42,4.26],
		"Delta_C": [2.54,0.617,0.79,0.445,0.342],
		"Delta_E94": [10,7.66,11.8,9.42,4.26],
		"Delta_C94": [2.54,0.617,0.79,0.445,0.342],
		"Delta_E2000": [6.53,6.35,10.8,6.89,2.71],
		"Delta_C2000": [2.5,0.667,0.792,0.479,0.352],
		"Delta_L": [-9.71,7.64,11.8,9.41,4.24],
		"Delta_Chroma": [2.54,0.617,0.79,0.445,0.342],
		"Delta_Hue_Distance": [0,0,0,0,0],
		"Delta_Hue_Degrees": [0,0,0,0,0],
		"mean_Delta_E": [8.64],
		"mean_Delta_C": [0.947],
		"mean_Delta_E94": [8.64],
		"mean_Delta_C94": [0.947],
		"mean_Delta_E2000": [6.66],
		"mean_Delta_C2000": [0.958],
		"mean_Delta_L": [4.68],
		"mean_Delta_Chroma": [0.947],
		"mean_Delta_Hue_Distance": [0],
		"mean_Delta_Hue_Degrees": [0],
		"mean_Delta_C_sat_corr": ["_NaN_"],
		"mean_Delta_C94_sat_corr": ["_NaN_"],
		"mean_Delta_C2000_sat_corr": ["_NaN_"],
		"max_Delta_E": [11.8],
		"max_Delta_C": [2.54],
		"max_Delta_E94": [11.8],
		"max_Delta_C94": [2.54],
		"max_Delta_E2000": [10.8],
		"max_Delta_C2000": [2.5],
		"max_Delta_L": [11.8],
		"max_Delta_Chroma": [2.54],
		"max_Delta_Hue_Distance": [0],
		"max_Delta_Hue_Degrees": [0],
		"max_Delta_C_sat_corr": ["_NaN_"],
		"max_Delta_C94_sat_corr": ["_NaN_"],
		"max_Delta_C2000_sat_corr": ["_NaN_"],
		"mean_RegionSize": [75570],
		"Sequence_dark_to_light": [5,4,3,2,1],
		"Patch_number": [5,4,3,2,1],
		"R_noise": [0.03712,0.02656,0.02341,0.02172,0.02059],
		"G_noise": [0.02097,0.01679,0.01479,0.01411,0.01343],
		"B_noise": [0.02802,0.02122,0.01887,0.01788,0.01679],
		"R_SNR_ratio": [3.558,10.34,19.2,29.95,40.77],
		"G_SNR_ratio": [6.372,16.35,30.65,46.42,62.66],
		"B_SNR_ratio": [4.823,13.06,24.26,36.81,51.25],
		"R_SNR_dB": [11.02,20.29,25.66,29.53,32.21],
		"G_SNR_dB": [16.09,24.27,29.73,33.33,35.94],
		"B_SNR_dB": [13.67,22.32,27.7,31.32,34.19],
		"Gb_noise": [0.01781,0.01409,0.0124,0.01187,0.01135],
		"Gb_SNR_ratio": [7.488,19.49,36.51,55.1,74.23],
		"Gb_SNR_dB": [17.49,25.8,31.25,34.82,37.41],
		"Y_f_stop_SNR_ratio": [10.24,10.13,9.449,6.996,4.897],
		"Y_f_stop_SNR_dB": [20.21,20.11,19.51,16.9,13.8],
		"quality_levels_for_DR": [
				"Low,",
				"Medium,",
				"M-H,",
				"High,"
		],
		"SigNoise_levels_for_DR": [1,0.5,0.25,0.1],
		"Dynamic_Range_f_stops": [0,0,0,1.917],
		"Dynamic_Range_dB": [0,0,0,11.54],
		"noise_ISO15739_pct": [0.189,0.2098,0.4563,1.055,1.38],
		"snr_ISO15739": [8.472,29.22,37.89,36.54,49.16],
		"noise_pct_ISO15739_at_13pct_Lref": [1.014],
		"snr_ISO15739_at_13pct_Lref": [36.63],
		"snr_dB_ISO15739_at_13pct_Lref": [31.28],
		"DynamicRange_at_density_2": [1322],
		"DynamicRange_total": [0],
		"DynamicRange_from_slope_OD": [1.95],
		"DynamicRange_from_slope_EV": [6.474],
		"DynamicRange_from_slope_dB": [39],
		"SNR_BW_dB_RGBY": [28.35,32.09,30.04,33.59],
		"L_noise": [2.147,1.557,1.26,1.13,1.029],
		"a_noise": [5.757,3.964,3.232,2.805,2.513],
		"b_noise": [5.403,3.792,3.077,2.718,2.452],
		"Total_Lab_noise_unwtd": [8.182,5.703,4.637,4.066,3.659],
		"Total_ab_noise_unwtd": [7.896,5.486,4.463,3.906,3.511],
		"R_minus_Y_KK_noise": [0.03142,0.02264,0.02,0.01847,0.01739],
		"B_minus_Y_KK_noise": [0.03014,0.02308,0.02039,0.01924,0.0182],
		"Y_Kelly_Keelan_noise": [0.01781,0.01409,0.0124,0.01187,0.01135],
		"Total_KK_noise": [0.02594,0.01971,0.01738,0.01639,0.01557],
		"Chroma_KK_noise": [0.01885,0.01378,0.01217,0.0113,0.01065],
		"Total_old_iso_noise": [0.03309,0.02474,0.02182,0.02046,0.01937],
		"Y_noise_from_YUV": [0.01781,0.01409,0.0124,0.01187,0.01135],
		"U_noise_from_YUV": [0.01416,0.01085,0.009579,0.009042,0.008552],