{
	"jsonResults": {
		"dateRun": "07-May-2025 15:38:48",
		"ini_time_size": "07-May-2025 15:36:37 9257B  MD5 = aec660dacf760c9a1e8e4bee355e3a61",
		"version": "Imatest 24.2.6 Master Color/Tone Auto",
		"build": "2025-03-20",
		"image_file": "cup_55.0 mm_100ISO_+1EV_Dist2_ON_Focused.tiff",
		"ColorSpace": "sRGB",
		"Reference": "Default values",
		"Ref_folder": "/usr/local/Imatest/v24.2/Master/",
		"Gamma": [0.3361],
		"patches_for_gamma_start_end": [1,5],
		"exposure_error_normalized_y_channel": [0.0848],
		"mean_camera_Saturation_Pct": ["_NaN_"],
		"mean_chroma_level_CPIQ_Pct": ["_NaN_"],
		"CPIQ_chroma_quality_loss_JND": ["_NaN_"],
		"CPIQ_exposure_quality_loss_JND": ["_NaN_"],
		"pixel_offset": [0],
		"mean_patch_size_pxls": [246,305],
		"roi_settings": "Recent ROI settings are in roi, nwid_save, nht_save, fillf, and distort (same names as ini file)",
		"roi": [2997,1320,4753,1747,2997,1752,4753,1307],
		"nwid_save": [6024],
		"nht_save": [4020],
		"fillf": [0.7],
		"distort": [0],
		"grayscale_zone": [1,2,3,4,5],
		"grayscale_minus_log_exposure": [2,1.513,1.025,0.5375,0.05],
		"grayscale_Y_reflectivity": [0.01,0.03073,0.09441,0.2901,0.8913],
		"grayscale_Y_Printer_pixel_gamma22": [33.13,55.18,91.91,153.1,255],
		"grayscale_Y_density": [0.07694,0.1898,0.3537,0.5733,0.8827],
		"grayscale_R_density": [0.07949,0.194,0.3569,0.5697,0.8737],
		"grayscale_G_density": [0.07712,0.1887,0.3531,0.5748,0.8862],
		"grayscale_B_density": [0.06776,0.1881,0.3494,0.5695,0.8745],
		"grayscale_Y_mean": [213.6,164.7,112.9,68.11,33.41],
		"grayscale_R_mean": [212.3,163.1,112.1,68.68,34.11],
		"grayscale_G_mean": [213.5,165.1,113.1,67.88,33.14],
		"grayscale_B_mean": [218.2,165.4,114.1,68.71,34.04],
		"White_Bal_error_Degrees": [273.7,118,155.9,19.48,16.12],
		"White_Bal_error_Mired": [-6.216,-2.744,-3.603,-0.4597,-0.3806],
		"White_Bal_error_S_HSV": [0.02665,0.01344,0.01716,0.01209,0.02835],
		"White_Bal_error_Delta_C_ab": [2.481,0.765,0.7012,0.6486,0.8132],
		"White_Bal_error_Delta_C_94": [2.481,0.765,0.7012,0.6486,0.8132],
		"White_Bal_error_Delta_C_00": [2.397,1.043,0.7151,0.854,1.083],
		"n_Patch": [1,2,3,4,5],
		"n_Row": [1,1,1,1,1],
		"n_Column": [1,2,3,4,5],
		"width_pixels": [247,247,247,247,246],
		"height_pixels": [307,307,307,307,308],
		"Pixels_total": [75829,75829,75829,75829,75768],
		"R_reference": [242.4,146.6,86.6,49.01,25.46],
		"G_reference": [242.4,146.6,86.6,49.01,25.46],
		"B_reference": [242.4,146.6,86.6,49.01,25.46],
		"R_input": [212.3,163.1,112.1,68.68,34.11],
		"G_input": [213.5,165.1,113.1,67.88,33.14],
		"B_input": [218.2,165.4,114.1,68.71,34.04],
		"L_reference": [95.63,60.79,36.82,20.33,8.991],
		"a_reference": [0,0,0,0,0],
		"b_reference": [0,0,0,0,0],
		"L_input": [85.49,67.64,47.62,28.9,12.94],
		"a_input": [0.4596,-0.6662,-0.1709,0.5196,0.6752],
		"b_input": [-2.438,-0.376,-0.6801,-0.3881,-0.4533],
		"x_reference": [0.3127,0.3127,0.3127,0.3127,0.3127],
		"y_reference": [0.329,0.329,0.329,0.329,0.329],
		"Y_reference": [0.8913,0.2901,0.09441,0.03073,0.01],
		"x_input": [0.3087,0.3107,0.3102,0.3128,0.3132],
		"y_input": [0.3238,0.3287,0.327,0.3264,0.3242],
		"Y_input": [0.6697,0.3748,0.165,0.05799,0.01553],
		"LUV_comment": "L2 is used to differentiate between the L in LAB and L in LUV.",
		"L2_reference": [805.1,262,85.28,27.75,9.033],
		"U_reference": [0.1978,0.1978,0.1978,0.1978,0.1978],
		"V_reference": [0.4683,0.4683,0.4683,0.4683,0.4683],
		"L2_input": [604.9,338.6,149,52.38,14.03],
		"U_input": [0.197,0.1965,0.1969,0.1988,0.2],
		"V_input": [0.4649,0.4678,0.4669,0.467,0.4658],
		"patch_numbers_for_all_Delta_E_C": [1,2,3,4,5],
		"Delta_E_all": [10.4,6.89,10.8,8.59,4.03],
		"Delta_C_all": [2.48,0.765,0.701,0.649,0.813],
		"Delta_E94_all": [10.4,6.89,10.8,8.59,4.03],
		"Delta_C94_all": [2.48,0.765,0.701,0.649,0.813],
		"Delta_E2000_all": [6.76,5.79,9.83,6.29,2.72],
		"Delta_C2000_all": [2.4,1.04,0.715,0.854,1.08],
		"Delta_L_all": [-10.1,6.85,10.8,8.57,3.95],
		"Delta_Chroma_all": [2.48,0.765,0.701,0.649,0.813],
		"Delta_Hue_Distance_all": [0,0,0,0,0],
		"Delta_Hue_Degrees_all": [0,0,0,0,0],
		"sat_corr_comment": "sat_corr explained on https://www.imatest.com/docs/colorcheck/#satcorr - not recommended.",
		"Delta_C_all_sat_corr": ["_NaN_","_NaN_","_NaN_","_NaN_","_NaN_"],
		"Delta_C94_all_sat_corr": ["_NaN_","_NaN_","_NaN_","_NaN_","_NaN_"],
		"Delta_C2000_all_sat_corr": ["_NaN_","_NaN_","_NaN_","_NaN_","_NaN_"],
		"grayscale_patch_numbers": [1,2,3,4,5],
		"Delta_E": [10.4,6.89,10.8,8.59,4.03],
		"Delta_C": [2.48,0.765,0.701,0.649,0.813],
		"Delta_E94": [10.4,6.89,10.8,8.59,4.03],
		"Delta_C94": [2.48,0.765,0.701,0.649,0.813],
		"Delta_E2000": [6.76,5.79,9.83,6.29,2.72],
		"Delta_C2000": [2.4,1.04,0.715,0.854,1.08],
		"Delta_L": [-10.1,6.85,10.8,8.57,3.95],
		"Delta_Chroma": [2.48,0.765,0.701,0.649,0.813],
		"Delta_Hue_Distance": [0,0,0,0,0],
		"Delta_Hue_Degrees": [0,0,0,0,0],
		"mean_Delta_E": [8.16],
		"mean_Delta_C": [1.08],
		"mean_Delta_E94": [8.16],
		"mean_Delta_C94": [1.08],
		"mean_Delta_E2000": [6.28],
		"mean_Delta_C2000": [1.22],
		"mean_Delta_L": [4],
		"mean_Delta_Chroma": [1.08],
		"mean_Delta_Hue_Distance": [0],
		"mean_Delta_Hue_Degrees": [0],
		"mean_Delta_C_sat_corr": ["_NaN_"],
		"mean_Delta_C94_sat_corr": ["_NaN_"],
		"mean_Delta_C2000_sat_corr": ["_NaN_"],
		"max_Delta_E": [10.8],
		"max_Delta_C": [2.48],
		"max_Delta_E94": [10.8],
		"max_Delta_C94": [2.48],
		"max_Delta_E2000": [9.83],
		"max_Delta_C2000": [2.4],
		"max_Delta_L": [10.8],
		"max_Delta_Chroma": [2.48],
		"max_Delta_Hue_Distance": [0],
		"max_Delta_Hue_Degrees": [0],
		"max_Delta_C_sat_corr": ["_NaN_"],
		"max_Delta_C94_sat_corr": ["_NaN_"],
		"max_Delta_C2000_sat_corr": ["_NaN_"],
		"mean_RegionSize": [75570],
		"Sequence_dark_to_light": [5,4,3,2,1],
		"Patch_number": [5,4,3,2,1],
		"R_noise": [0.008293,0.007716,0.006862,0.006994,0.006547],
		"G_noise": [0.006634,0.005942,0.005046,0.005247,0.004507],
		"B_noise": [0.007683,0.006916,0.006149,0.006425,0.005846],
		"R_SNR_ratio": [16.13,34.9,64.06,91.46,127.2],
		"G_SNR_ratio": [19.59,44.79,87.88,123.4,185.8],
		"B_SNR_ratio": [17.38,38.96,72.75,100.9,146.3],
		"R_SNR_dB": [24.15,30.86,36.13,39.22,42.09],
		"G_SNR_dB": [25.84,33.02,38.88,41.83,45.38],
		"B_SNR_dB": [24.8,31.81,37.24,40.08,43.31],
		"Gb_noise": [0.006002,0.005418,0.004483,0.004677,0.004007],
		"Gb_SNR_ratio": [21.83,49.3,98.8,138.1,209],
		"Gb_SNR_dB": [26.78,33.86,39.9,42.8,46.4],
		"Y_f_stop_SNR_ratio": [29.54,26.06,26.09,17.77,14],
		"Y_f_stop_SNR_dB": [29.41,28.32,28.33,25,22.92],
		"quality_levels_for_DR": [
				"Low,",
				"Medium,",
				"M-H,",
				"High,"
		],
		"SigNoise_levels_for_DR": [1,0.5,0.25,0.1],
		"Dynamic_Range_f_stops": [0,0,0,0],
		"Dynamic_Range_dB": [0,0,0,0],
		"noise_ISO15739_pct": [0.06653,0.08384,0.1687,0.4182,0.4873],
		"snr_ISO15739": [23.34,69.17,97.81,89.63,137.4],
		"noise_pct_ISO15739_at_13pct_Lref": [0.3976],
		"snr_ISO15739_at_13pct_Lref": [90.31],
		"snr_dB_ISO15739_at_13pct_Lref": [39.11],
		"DynamicRange_at_density_2": [3682],
		"DynamicRange_total": [0],
		"DynamicRange_from_slope_OD": [1.95],
		"DynamicRange_from_slope_EV": [6.474],
		"DynamicRange_from_slope_dB": [39],
		"SNR_BW_dB_RGBY": [38.23,40.73,38.97,41.73],
		"L_noise": [0.7429,0.6035,0.458,0.4465,0.3641],
		"a_noise": [1.241,1.006,0.8721,0.8248,0.7543],
		"b_noise": [1.272,1.043,0.9193,0.8788,0.7892],
		"Total_Lab_noise_unwtd": [1.926,1.569,1.347,1.285,1.151],
		"Total_ab_noise_unwtd": [1.777,1.449,1.267,1.205,1.092],
		"R_minus_Y_KK_noise": [0.006143,0.005649,0.00535,0.005422,0.005129],
		"B_minus_Y_KK_noise": [0.006896,0.006302,0.006058,0.006199,0.005851],
		"Y_Kelly_Keelan_noise": [0.006002,0.005418,0.004483,0.004677,0.004007],
		"Total_KK_noise": [0.007123,0.006461,0.005596,0.005784,0.005139],
		"Chroma_KK_noise": [0.003836,0.003521,0.003349,0.003403,0.003217],
		"Total_old_iso_noise": [0.008233,0.007492,0.006655,0.006843,0.006194],
		"Y_noise_from_YUV": [0.006002,0.005417,0.004483,0.004677,0.004007],