{
	"jsonResults": {
		"dateRun": "13-May-2025 14:47:26",
		"ini_time_size": "13-May-2025 14:46:26 17295B  MD5 = 627e4fa6024c61b97cf5d4658225c5cf",
		"version": "Imatest 24.2.6 Master Color/Tone Auto",
		"build": "2025-03-20",
		"image_file": "cup_55.0 mm_25600ISO_-3EV_Dist2_OFF_Defocus1.tiff",
		"ColorSpace": "sRGB",
		"Reference": "Default values",
		"Ref_folder": "/usr/local/Imatest/v24.2/Master/",
		"Gamma": [0.3166],
		"patches_for_gamma_start_end": [1,5],
		"exposure_error_normalized_y_channel": [-0.272],
		"mean_camera_Saturation_Pct": ["_NaN_"],
		"mean_chroma_level_CPIQ_Pct": ["_NaN_"],
		"CPIQ_chroma_quality_loss_JND": ["_NaN_"],
		"CPIQ_exposure_quality_loss_JND": ["_NaN_"],
		"pixel_offset": [0],
		"mean_patch_size_pxls": [274,303],
		"roi_settings": "Recent ROI settings are in roi, nwid_save, nht_save, fillf, and distort (same names as ini file)",
		"roi": [3013,1351,4727,1725,3013,1727,4727,1343],
		"nwid_save": [6024],
		"nht_save": [4020],
		"fillf": [0.8],
		"distort": [0],
		"grayscale_zone": [1,2,3,4,5],
		"grayscale_minus_log_exposure": [2,1.513,1.025,0.5375,0.05],
		"grayscale_Y_reflectivity": [0.01,0.03073,0.09441,0.2901,0.8913],
		"grayscale_Y_Printer_pixel_gamma22": [33.13,55.18,91.91,153.1,255],
		"grayscale_Y_density": [0.7123,0.8481,1.002,1.116,1.165],
		"grayscale_R_density": [0.7234,0.8072,0.8759,0.9277,0.9463],
		"grayscale_G_density": [0.7118,0.8637,1.057,1.208,1.277],
		"grayscale_B_density": [0.6857,0.8225,0.9295,1.004,1.045],
		"grayscale_Y_mean": [49.46,36.18,25.36,19.53,17.43],
		"grayscale_R_mean": [48.21,39.75,33.93,30.12,28.86],
		"grayscale_G_mean": [49.52,34.9,22.34,15.81,13.47],
		"grayscale_B_mean": [52.59,38.37,29.99,25.26,23],
		"White_Bal_error_Degrees": [777.8,-188,-1021,-1744,-2333],
		"White_Bal_error_Mired": [-16.44,4.582,28.66,56.4,86.16],
		"White_Bal_error_S_HSV": [0.08333,0.122,0.3416,0.4751,0.5332],
		"White_Bal_error_Delta_C_ab": [2.159,3.426,8.121,9.664,9.394],
		"White_Bal_error_Delta_C_94": [2.159,3.426,8.121,9.664,9.394],
		"White_Bal_error_Delta_C_00": [2.067,4.383,9.253,10.61,10.45],
		"n_Patch": [1,2,3,4,5],
		"n_Row": [1,1,1,1,1],
		"n_Column": [1,2,3,4,5],
		"width_pixels": [275,276,275,275,275],
		"height_pixels": [305,305,305,305,305],
		"Pixels_total": [83875,84180,83875,83875,83875],
		"R_reference": [242.4,146.6,86.6,49.01,25.46],
		"G_reference": [242.4,146.6,86.6,49.01,25.46],
		"B_reference": [242.4,146.6,86.6,49.01,25.46],
		"R_input": [48.21,39.75,33.93,30.12,28.86],
		"G_input": [49.52,34.9,22.34,15.81,13.47],
		"B_input": [52.59,38.37,29.99,25.26,23],
		"L_reference": [95.63,60.79,36.82,20.33,8.991],
		"a_reference": [0,0,0,0,0],
		"b_reference": [0,0,0,0,0],
		"L_input": [20.54,14.31,9.155,6.451,5.61],
		"a_input": [0.176,3.085,7.523,8.999,8.892],
		"b_input": [-2.152,-1.49,-3.06,-3.523,-3.032],
		"x_reference": [0.3127,0.3127,0.3127,0.3127,0.3127],
		"y_reference": [0.329,0.329,0.329,0.329,0.329],
		"Y_reference": [0.8913,0.2901,0.09441,0.03073,0.01],
		"x_input": [0.302,0.3182,0.3323,0.3409,0.3485],
		"y_input": [0.3167,0.3121,0.2859,0.2706,0.2681],
		"Y_input": [0.03127,0.01785,0.0102,0.007142,0.00621],
		"LUV_comment": "L2 is used to differentiate between the L in LAB and L in LUV.",
		"L2_reference": [805.1,262,85.28,27.75,9.033],
		"U_reference": [0.1978,0.1978,0.1978,0.1978,0.1978],
		"V_reference": [0.4683,0.4683,0.4683,0.4683,0.4683],
		"L2_input": [28.24,16.12,9.211,6.451,5.61],
		"U_input": [0.195,0.2083,0.2305,0.245,0.2525],
		"V_input": [0.46,0.4598,0.4462,0.4376,0.4371],
		"patch_numbers_for_all_Delta_E_C": [1,2,3,4,5],
		"Delta_E_all": [75.1,46.6,28.8,16.9,9.98],
		"Delta_C_all": [2.16,3.43,8.12,9.66,9.39],
		"Delta_E94_all": [75.1,46.6,28.8,16.9,9.98],
		"Delta_C94_all": [2.16,3.43,8.12,9.66,9.39],
		"Delta_E2000_all": [67.9,39.8,21.8,13.9,10.7],
		"Delta_C2000_all": [2.07,4.38,9.25,10.6,10.5],
		"Delta_L_all": [-75.1,-46.5,-27.7,-13.9,-3.38],
		"Delta_Chroma_all": [2.16,3.43,8.12,9.66,9.39],
		"Delta_Hue_Distance_all": [0,0,0,0,0],
		"Delta_Hue_Degrees_all": [0,0,0,0,0],
		"sat_corr_comment": "sat_corr explained on https://www.imatest.com/docs/colorcheck/#satcorr - not recommended.",
		"Delta_C_all_sat_corr": ["_NaN_","_NaN_","_NaN_","_NaN_","_NaN_"],
		"Delta_C94_all_sat_corr": ["_NaN_","_NaN_","_NaN_","_NaN_","_NaN_"],
		"Delta_C2000_all_sat_corr": ["_NaN_","_NaN_","_NaN_","_NaN_","_NaN_"],
		"grayscale_patch_numbers": [1,2,3,4,5],
		"Delta_E": [75.1,46.6,28.8,16.9,9.98],
		"Delta_C": [2.16,3.43,8.12,9.66,9.39],
		"Delta_E94": [75.1,46.6,28.8,16.9,9.98],
		"Delta_C94": [2.16,3.43,8.12,9.66,9.39],
		"Delta_E2000": [67.9,39.8,21.8,13.9,10.7],
		"Delta_C2000": [2.07,4.38,9.25,10.6,10.5],
		"Delta_L": [-75.1,-46.5,-27.7,-13.9,-3.38],
		"Delta_Chroma": [2.16,3.43,8.12,9.66,9.39],
		"Delta_Hue_Distance": [0,0,0,0,0],
		"Delta_Hue_Degrees": [0,0,0,0,0],
		"mean_Delta_E": [35.5],
		"mean_Delta_C": [6.55],
		"mean_Delta_E94": [35.5],
		"mean_Delta_C94": [6.55],
		"mean_Delta_E2000": [30.8],
		"mean_Delta_C2000": [7.35],
		"mean_Delta_L": [-33.3],
		"mean_Delta_Chroma": [6.55],
		"mean_Delta_Hue_Distance": [0],
		"mean_Delta_Hue_Degrees": [0],
		"mean_Delta_C_sat_corr": ["_NaN_"],
		"mean_Delta_C94_sat_corr": ["_NaN_"],
		"mean_Delta_C2000_sat_corr": ["_NaN_"],
		"max_Delta_E": [75.1],
		"max_Delta_C": [9.66],
		"max_Delta_E94": [75.1],
		"max_Delta_C94": [9.66],
		"max_Delta_E2000": [67.9],
		"max_Delta_C2000": [10.6],
		"max_Delta_L": [-3.38],
		"max_Delta_Chroma": [9.66],
		"max_Delta_Hue_Distance": [0],
		"max_Delta_Hue_Degrees": [0],
		"max_Delta_C_sat_corr": ["_NaN_"],
		"max_Delta_C94_sat_corr": ["_NaN_"],
		"max_Delta_C2000_sat_corr": ["_NaN_"],
		"mean_RegionSize": [83660.8],
		"Sequence_dark_to_light": [5,4,3,2,1],
		"Patch_number": [5,4,3,2,1],
		"R_noise": [0.09763,0.1009,0.1071,0.1164,0.1247],
		"G_noise": [0.0683,0.07335,0.08435,0.09352,0.09302],
		"B_noise": [0.08387,0.08772,0.0955,0.1042,0.1057],
		"R_SNR_ratio": [1.159,1.171,1.242,1.339,1.516],
		"G_SNR_ratio": [0.7734,0.8453,1.039,1.463,2.087],
		"B_SNR_ratio": [1.076,1.129,1.232,1.444,1.952],
		"R_SNR_dB": [1.282,1.373,1.885,2.538,3.614],
		"G_SNR_dB": [-2.232,-1.46,0.3304,3.307,6.392],
		"B_SNR_dB": [0.6333,1.058,1.809,3.192,5.809],
		"Gb_noise": [0.05701,0.06032,0.06826,0.07462,0.07493],
		"Gb_SNR_ratio": [1.199,1.27,1.457,1.901,2.589],
		"Gb_SNR_dB": [1.575,2.075,3.269,5.582,8.261],
		"Y_f_stop_SNR_ratio": [0.4291,0.391,0.2953,0.1592,0.08946],
		"Y_f_stop_SNR_dB": [-7.348,-8.156,-10.6,-15.96,-20.97],
		"quality_levels_for_DR": [
				"Low,",
				"Medium,",
				"M-H,",
				"High,"
		],
		"SigNoise_levels_for_DR": [1,0.5,0.25,0.1],
		"Dynamic_Range_f_stops": [0,0,0,0],
		"Dynamic_Range_dB": [0,0,0,0],
		"noise_ISO15739_pct": [2.223,2.735,4.836,8.921,10.77],
		"snr_ISO15739": [0.2794,0.2611,0.2109,0.2,0.2904],
		"noise_pct_ISO15739_at_13pct_Lref": [10.76],
		"snr_ISO15739_at_13pct_Lref": [0.2899],
		"snr_dB_ISO15739_at_13pct_Lref": [-10.75],
		"DynamicRange_at_density_2": [352],
		"DynamicRange_total": [0],
		"DynamicRange_from_slope_OD": [1.95],
		"DynamicRange_from_slope_EV": [6.474],
		"DynamicRange_from_slope_dB": [39],
		"SNR_BW_dB_RGBY": [0.07288,1.972,1.033,3.933],
		"L_noise": [6.365,6.727,7.529,8.084,7.906],
		"a_noise": [14.38,15.19,16.68,18.34,18.36],
		"b_noise": [14.21,15.05,16.76,18.59,18.51],
		"Total_Lab_noise_unwtd": [21.2,22.42,24.81,27.33,27.24],
		"Total_ab_noise_unwtd": [20.22,21.39,23.64,26.11,26.07],
		"R_minus_Y_KK_noise": [0.08517,0.08972,0.09714,0.1072,0.1126],
		"B_minus_Y_KK_noise": [0.08761,0.09289,0.1047,0.1174,0.1184],
		"Y_Kelly_Keelan_noise": [0.05701,0.06032,0.06826,0.07462,0.07493],
		"Total_KK_noise": [0.07713,0.08151,0.09086,0.09994,0.1019],
		"Chroma_KK_noise": [0.05196,0.05482,0.05997,0.06649,0.06905],
		"Total_old_iso_noise": [0.0955,0.1009,0.1116,0.123,0.1264],
		"Y_noise_from_YUV": [0.057,0.06031,0.06825,0.07461,0.07492],
		"U_noise_from_YUV": [0.04117,0.04365,0.04917,0.05518,0.05564],
		"V_noise_from_YUV": [0.06651,0.07007,0.07586,0.08372,0.08789],