{
	"jsonResults": {
		"dateRun": "13-May-2025 14:47:26",
		"ini_time_size": "13-May-2025 14:46:26 17295B  MD5 = 627e4fa6024c61b97cf5d4658225c5cf",
		"version": "Imatest 24.2.6 Master Color/Tone Auto",
		"build": "2025-03-20",
		"image_file": "cup_55.0 mm_100ISO_-3EV_Dist2_OFF_Focused.tiff",
		"ColorSpace": "sRGB",
		"Reference": "Default values",
		"Ref_folder": "/usr/local/Imatest/v24.2/Master/",
		"Gamma": [0.4354],
		"patches_for_gamma_start_end": [1,5],
		"exposure_error_normalized_y_channel": [-0.269],
		"mean_camera_Saturation_Pct": ["_NaN_"],
		"mean_chroma_level_CPIQ_Pct": ["_NaN_"],
		"CPIQ_chroma_quality_loss_JND": ["_NaN_"],
		"CPIQ_exposure_quality_loss_JND": ["_NaN_"],
		"pixel_offset": [0],
		"mean_patch_size_pxls": [274,303],
		"roi_settings": "Recent ROI settings are in roi, nwid_save, nht_save, fillf, and distort (same names as ini file)",
		"roi": [3013,1351,4727,1725,3013,1727,4727,1343],
		"nwid_save": [6024],
		"nht_save": [4020],
		"fillf": [0.8],
		"distort": [0],
		"grayscale_zone": [1,2,3,4,5],
		"grayscale_minus_log_exposure": [2,1.513,1.025,0.5375,0.05],
		"grayscale_Y_reflectivity": [0.01,0.03073,0.09441,0.2901,0.8913],
		"grayscale_Y_Printer_pixel_gamma22": [33.13,55.18,91.91,153.1,255],
		"grayscale_Y_density": [0.6778,0.8114,1.024,1.38,1.995],
		"grayscale_R_density": [0.671,0.8056,1.018,1.363,1.974],
		"grayscale_G_density": [0.6817,0.8144,1.027,1.389,2.01],
		"grayscale_B_density": [0.6592,0.7983,1.006,1.349,1.919],
		"grayscale_Y_mean": [53.55,39.37,24.15,10.62,2.579],
		"grayscale_R_mean": [54.39,39.89,24.49,11.05,2.705],
		"grayscale_G_mean": [53.07,39.1,23.95,10.41,2.492],
		"grayscale_B_mean": [55.89,40.57,25.14,11.42,3.073],
		"White_Bal_error_Degrees": [283.1,163.9,212.7,209.1,768.5],
		"White_Bal_error_Mired": [-6.421,-3.783,-4.874,-4.794,-16.27],
		"White_Bal_error_S_HSV": [0.05061,0.03645,0.04741,0.08853,0.1892],
		"White_Bal_error_Delta_C_ab": [2,1.114,0.9418,0.4707,0.2428],
		"White_Bal_error_Delta_C_94": [2,1.114,0.9418,0.4707,0.2428],
		"White_Bal_error_Delta_C_00": [2.304,1.335,1.11,0.5856,0.2851],
		"n_Patch": [1,2,3,4,5],
		"n_Row": [1,1,1,1,1],
		"n_Column": [1,2,3,4,5],
		"width_pixels": [275,276,275,275,275],
		"height_pixels": [305,305,305,305,305],
		"Pixels_total": [83875,84180,83875,83875,83875],
		"R_reference": [242.4,146.6,86.6,49.01,25.46],
		"G_reference": [242.4,146.6,86.6,49.01,25.46],
		"B_reference": [242.4,146.6,86.6,49.01,25.46],
		"R_input": [54.39,39.89,24.49,11.05,2.705],
		"G_input": [53.07,39.1,23.95,10.41,2.492],
		"B_input": [55.89,40.57,25.14,11.42,3.073],
		"L_reference": [95.63,60.79,36.82,20.33,8.991],
		"a_reference": [0,0,0,0,0],
		"b_reference": [0,0,0,0,0],
		"L_input": [22.42,15.82,8.326,2.915,0.7071],
		"a_input": [1.235,0.7232,0.5723,0.3232,0.1367],
		"b_input": [-1.573,-0.8472,-0.748,-0.3423,-0.2007],
		"x_reference": [0.3127,0.3127,0.3127,0.3127,0.3127],
		"y_reference": [0.329,0.329,0.329,0.329,0.329],
		"Y_reference": [0.8913,0.2901,0.09441,0.03073,0.01],
		"x_input": [0.3095,0.3109,0.3102,0.3107,0.3045],
		"y_input": [0.3185,0.322,0.3211,0.3187,0.3066],
		"Y_input": [0.03632,0.02063,0.009222,0.003227,0.0007828],
		"LUV_comment": "L2 is used to differentiate between the L in LAB and L in LUV.",
		"L2_reference": [805.1,262,85.28,27.75,9.033],
		"U_reference": [0.1978,0.1978,0.1978,0.1978,0.1978],
		"V_reference": [0.4683,0.4683,0.4683,0.4683,0.4683],
		"L2_input": [32.81,18.64,8.33,2.915,0.7071],
		"U_input": [0.1996,0.1992,0.1991,0.2004,0.2007],
		"V_input": [0.4621,0.4643,0.4637,0.4624,0.4546],
		"patch_numbers_for_all_Delta_E_C": [1,2,3,4,5],
		"Delta_E_all": [73.2,45,28.5,17.4,8.29],
		"Delta_C_all": [2,1.11,0.942,0.471,0.243],
		"Delta_E94_all": [73.2,45,28.5,17.4,8.29],
		"Delta_C94_all": [2,1.11,0.942,0.471,0.243],
		"Delta_E2000_all": [65.3,38.7,20.3,11.1,4.96],
		"Delta_C2000_all": [2.3,1.34,1.11,0.586,0.285],
		"Delta_L_all": [-73.2,-45,-28.5,-17.4,-8.28],
		"Delta_Chroma_all": [2,1.11,0.942,0.471,0.243],
		"Delta_Hue_Distance_all": [0,0,0,0,0],
		"Delta_Hue_Degrees_all": [0,0,0,0,0],
		"sat_corr_comment": "sat_corr explained on https://www.imatest.com/docs/colorcheck/#satcorr - not recommended.",
		"Delta_C_all_sat_corr": ["_NaN_","_NaN_","_NaN_","_NaN_","_NaN_"],
		"Delta_C94_all_sat_corr": ["_NaN_","_NaN_","_NaN_","_NaN_","_NaN_"],
		"Delta_C2000_all_sat_corr": ["_NaN_","_NaN_","_NaN_","_NaN_","_NaN_"],
		"grayscale_patch_numbers": [1,2,3,4,5],
		"Delta_E": [73.2,45,28.5,17.4,8.29],
		"Delta_C": [2,1.11,0.942,0.471,0.243],
		"Delta_E94": [73.2,45,28.5,17.4,8.29],
		"Delta_C94": [2,1.11,0.942,0.471,0.243],
		"Delta_E2000": [65.3,38.7,20.3,11.1,4.96],
		"Delta_C2000": [2.3,1.34,1.11,0.586,0.285],
		"Delta_L": [-73.2,-45,-28.5,-17.4,-8.28],
		"Delta_Chroma": [2,1.11,0.942,0.471,0.243],
		"Delta_Hue_Distance": [0,0,0,0,0],
		"Delta_Hue_Degrees": [0,0,0,0,0],
		"mean_Delta_E": [34.5],
		"mean_Delta_C": [0.954],
		"mean_Delta_E94": [34.5],
		"mean_Delta_C94": [0.954],
		"mean_Delta_E2000": [28.1],
		"mean_Delta_C2000": [1.12],
		"mean_Delta_L": [-34.5],
		"mean_Delta_Chroma": [0.954],
		"mean_Delta_Hue_Distance": [0],
		"mean_Delta_Hue_Degrees": [0],
		"mean_Delta_C_sat_corr": ["_NaN_"],
		"mean_Delta_C94_sat_corr": ["_NaN_"],
		"mean_Delta_C2000_sat_corr": ["_NaN_"],
		"max_Delta_E": [73.2],
		"max_Delta_C": [2],
		"max_Delta_E94": [73.2],
		"max_Delta_C94": [2],
		"max_Delta_E2000": [65.3],
		"max_Delta_C2000": [2.3],
		"max_Delta_L": [-8.28],
		"max_Delta_Chroma": [2],
		"max_Delta_Hue_Distance": [0],
		"max_Delta_Hue_Degrees": [0],
		"max_Delta_C_sat_corr": ["_NaN_"],
		"max_Delta_C94_sat_corr": ["_NaN_"],
		"max_Delta_C2000_sat_corr": ["_NaN_"],
		"mean_RegionSize": [83660.8],
		"Sequence_dark_to_light": [5,4,3,2,1],
		"Patch_number": [5,4,3,2,1],
		"R_noise": [0.006786,0.008617,0.007111,0.00628,0.005964],
		"G_noise": [0.00394,0.005407,0.004633,0.004207,0.004156],
		"B_noise": [0.005541,0.006966,0.005839,0.005343,0.005156],
		"R_SNR_ratio": [1.563,5.03,13.5,24.91,35.77],
		"G_SNR_ratio": [2.48,7.552,20.27,36.44,50.08],
		"B_SNR_ratio": [2.175,6.431,16.89,29.78,42.52],
		"R_SNR_dB": [3.88,14.03,22.61,27.93,31.07],
		"G_SNR_dB": [7.89,17.56,26.14,31.23,33.99],
		"B_SNR_dB": [6.749,16.17,24.55,29.48,32.57],
		"Gb_noise": [0.003264,0.004504,0.003836,0.003494,0.003442],
		"Gb_SNR_ratio": [3.099,9.248,24.69,44.18,61.02],
		"Gb_SNR_dB": [9.824,19.32,27.85,32.91,35.71],
		"Y_f_stop_SNR_ratio": [9.976,10.19,9.073,5.798,5.967],
		"Y_f_stop_SNR_dB": [19.98,20.16,19.15,15.27,15.51],
		"quality_levels_for_DR": [
				"Low,",
				"Medium,",
				"M-H,",
				"High,"
		],
		"SigNoise_levels_for_DR": [1,0.5,0.25,0.1],
		"Dynamic_Range_f_stops": [0,0,0,1.865],
		"Dynamic_Range_dB": [0,0,0,11.23],
		"noise_ISO15739_pct": [0.07542,0.1409,0.2694,0.5684,0.7674],
		"snr_ISO15739": [1.038,2.291,3.423,3.63,4.733],
		"noise_pct_ISO15739_at_13pct_Lref": [0.6632],
		"snr_ISO15739_at_13pct_Lref": [4.156],
		"snr_dB_ISO15739_at_13pct_Lref": [12.37],
		"DynamicRange_at_density_2": [5590],
		"DynamicRange_total": [0],
		"DynamicRange_from_slope_OD": [1.95],
		"DynamicRange_from_slope_EV": [6.474],
		"DynamicRange_from_slope_dB": [39],
		"SNR_BW_dB_RGBY": [28.57,32.04,29.97,33.66],
		"L_noise": [0.2282,0.3314,0.4931,0.4234,0.3974],
		"a_noise": [0.6523,0.8842,1.271,1.066,0.9744],
		"b_noise": [0.6255,0.8542,1.238,1.049,0.9753],
		"Total_Lab_noise_unwtd": [0.9321,1.273,1.842,1.555,1.435],
		"Total_ab_noise_unwtd": [0.9037,1.229,1.774,1.496,1.379],
		"R_minus_Y_KK_noise": [0.005851,0.007384,0.006129,0.005404,0.005139],
		"B_minus_Y_KK_noise": [0.006029,0.007647,0.006472,0.00583,0.005683],
		"Y_Kelly_Keelan_noise": [0.003264,0.004504,0.003836,0.003494,0.003442],
		"Total_KK_noise": [0.004838,0.006375,0.005375,0.004832,0.004697],
		"Chroma_KK_noise": [0.003571,0.004512,0.003764,0.003337,0.003195],
		"Total_old_iso_noise": [0.006195,0.008033,0.006743,0.006028,0.005824],
		"Y_noise_from_YUV": [0.003263,0.004503,0.003836,0.003494,0.003441],