{
	"jsonResults": {
		"dateRun": "13-May-2025 14:47:26",
		"ini_time_size": "13-May-2025 14:46:26 17295B  MD5 = 627e4fa6024c61b97cf5d4658225c5cf",
		"version": "Imatest 24.2.6 Master Color/Tone Auto",
		"build": "2025-03-20",
		"image_file": "cup_55.0 mm_1600ISO_0EV_Dist2_ON_Defocus1.tiff",
		"ColorSpace": "sRGB",
		"Reference": "Default values",
		"Ref_folder": "/usr/local/Imatest/v24.2/Master/",
		"Gamma": [0.3332],
		"patches_for_gamma_start_end": [1,5],
		"exposure_error_normalized_y_channel": [-0.0668],
		"mean_camera_Saturation_Pct": ["_NaN_"],
		"mean_chroma_level_CPIQ_Pct": ["_NaN_"],
		"CPIQ_chroma_quality_loss_JND": ["_NaN_"],
		"CPIQ_exposure_quality_loss_JND": ["_NaN_"],
		"pixel_offset": [0],
		"mean_patch_size_pxls": [274,303],
		"roi_settings": "Recent ROI settings are in roi, nwid_save, nht_save, fillf, and distort (same names as ini file)",
		"roi": [3013,1351,4727,1725,3013,1727,4727,1343],
		"nwid_save": [6024],
		"nht_save": [4020],
		"fillf": [0.8],
		"distort": [0],
		"grayscale_zone": [1,2,3,4,5],
		"grayscale_minus_log_exposure": [2,1.513,1.025,0.5375,0.05],
		"grayscale_Y_reflectivity": [0.01,0.03073,0.09441,0.2901,0.8913],
		"grayscale_Y_Printer_pixel_gamma22": [33.13,55.18,91.91,153.1,255],
		"grayscale_Y_density": [0.1824,0.2926,0.4551,0.6779,0.9897],
		"grayscale_R_density": [0.1829,0.2947,0.4591,0.6819,1],
		"grayscale_G_density": [0.1832,0.2923,0.4544,0.677,0.9865],
		"grayscale_B_density": [0.1723,0.289,0.4498,0.6755,0.992],
		"grayscale_Y_mean": [167.6,130,89.43,53.53,26.11],
		"grayscale_R_mean": [167.3,129.4,88.6,53.05,25.49],
		"grayscale_G_mean": [167.2,130.1,89.57,53.65,26.31],
		"grayscale_B_mean": [171.5,131.1,90.52,53.83,25.98],
		"White_Bal_error_Degrees": [252.5,123.1,187,112.5,100.8],
		"White_Bal_error_Mired": [-5.753,-2.86,-4.302,-2.617,-2.35],
		"White_Bal_error_S_HSV": [0.02475,0.0132,0.02115,0.01453,0.03112],
		"White_Bal_error_Delta_C_ab": [2.341,0.6498,0.7115,0.3012,0.4861],
		"White_Bal_error_Delta_C_94": [2.341,0.6498,0.7115,0.3012,0.4861],
		"White_Bal_error_Delta_C_00": [2.392,0.6445,0.7264,0.3817,0.7106],
		"n_Patch": [1,2,3,4,5],
		"n_Row": [1,1,1,1,1],
		"n_Column": [1,2,3,4,5],
		"width_pixels": [275,276,275,275,275],
		"height_pixels": [305,305,305,305,305],
		"Pixels_total": [83875,84180,83875,83875,83875],
		"R_reference": [242.4,146.6,86.6,49.01,25.46],
		"G_reference": [242.4,146.6,86.6,49.01,25.46],
		"B_reference": [242.4,146.6,86.6,49.01,25.46],
		"R_input": [167.3,129.4,88.6,53.05,25.49],
		"G_input": [167.2,130.1,89.57,53.65,26.31],
		"B_input": [171.5,131.1,90.52,53.83,25.98],
		"L_reference": [95.63,60.79,36.82,20.33,8.991],
		"a_reference": [0,0,0,0,0],
		"b_reference": [0,0,0,0,0],
		"L_input": [68.7,54.37,38,22.4,9.319],
		"a_input": [0.8547,-0.06599,-0.1768,-0.2146,-0.4776],
		"b_input": [-2.179,-0.6464,-0.6892,-0.2113,0.09043],
		"x_reference": [0.3127,0.3127,0.3127,0.3127,0.3127],
		"y_reference": [0.329,0.329,0.329,0.329,0.329],
		"Y_reference": [0.8913,0.2901,0.09441,0.03073,0.01],
		"x_input": [0.3092,0.3108,0.3098,0.3108,0.3106],
		"y_input": [0.3231,0.3272,0.3266,0.3283,0.3311],
		"Y_input": [0.3893,0.2232,0.1009,0.03628,0.0104],
		"LUV_comment": "L2 is used to differentiate between the L in LAB and L in LUV.",
		"L2_reference": [805.1,262,85.28,27.75,9.033],
		"U_reference": [0.1978,0.1978,0.1978,0.1978,0.1978],
		"V_reference": [0.4683,0.4683,0.4683,0.4683,0.4683],
		"L2_input": [351.7,201.6,91.15,32.78,9.393],
		"U_input": [0.1976,0.1972,0.1967,0.1968,0.1956],
		"V_input": [0.4646,0.4671,0.4666,0.4677,0.4691],
		"patch_numbers_for_all_Delta_E_C": [1,2,3,4,5],
		"Delta_E_all": [27,6.45,1.38,2.09,0.586],
		"Delta_C_all": [2.34,0.65,0.712,0.301,0.486],
		"Delta_E94_all": [27,6.45,1.38,2.09,0.586],
		"Delta_C94_all": [2.34,0.65,0.712,0.301,0.486],
		"Delta_E2000_all": [18.4,5.88,1.24,1.5,0.739],
		"Delta_C2000_all": [2.39,0.644,0.726,0.382,0.711],
		"Delta_L_all": [-26.9,-6.42,1.19,2.07,0.328],
		"Delta_Chroma_all": [2.34,0.65,0.712,0.301,0.486],
		"Delta_Hue_Distance_all": [0,0,0,0,0],
		"Delta_Hue_Degrees_all": [0,0,0,0,0],
		"sat_corr_comment": "sat_corr explained on https://www.imatest.com/docs/colorcheck/#satcorr - not recommended.",
		"Delta_C_all_sat_corr": ["_NaN_","_NaN_","_NaN_","_NaN_","_NaN_"],
		"Delta_C94_all_sat_corr": ["_NaN_","_NaN_","_NaN_","_NaN_","_NaN_"],
		"Delta_C2000_all_sat_corr": ["_NaN_","_NaN_","_NaN_","_NaN_","_NaN_"],
		"grayscale_patch_numbers": [1,2,3,4,5],
		"Delta_E": [27,6.45,1.38,2.09,0.586],
		"Delta_C": [2.34,0.65,0.712,0.301,0.486],
		"Delta_E94": [27,6.45,1.38,2.09,0.586],
		"Delta_C94": [2.34,0.65,0.712,0.301,0.486],
		"Delta_E2000": [18.4,5.88,1.24,1.5,0.739],
		"Delta_C2000": [2.39,0.644,0.726,0.382,0.711],
		"Delta_L": [-26.9,-6.42,1.19,2.07,0.328],
		"Delta_Chroma": [2.34,0.65,0.712,0.301,0.486],
		"Delta_Hue_Distance": [0,0,0,0,0],
		"Delta_Hue_Degrees": [0,0,0,0,0],
		"mean_Delta_E": [7.51],
		"mean_Delta_C": [0.898],
		"mean_Delta_E94": [7.51],
		"mean_Delta_C94": [0.898],
		"mean_Delta_E2000": [5.55],
		"mean_Delta_C2000": [0.971],
		"mean_Delta_L": [-5.95],
		"mean_Delta_Chroma": [0.898],
		"mean_Delta_Hue_Distance": [0],
		"mean_Delta_Hue_Degrees": [0],
		"mean_Delta_C_sat_corr": ["_NaN_"],
		"mean_Delta_C94_sat_corr": ["_NaN_"],
		"mean_Delta_C2000_sat_corr": ["_NaN_"],
		"max_Delta_E": [27],
		"max_Delta_C": [2.34],
		"max_Delta_E94": [27],
		"max_Delta_C94": [2.34],
		"max_Delta_E2000": [18.4],
		"max_Delta_C2000": [2.39],
		"max_Delta_L": [2.07],
		"max_Delta_Chroma": [2.34],
		"max_Delta_Hue_Distance": [0],
		"max_Delta_Hue_Degrees": [0],
		"max_Delta_C_sat_corr": ["_NaN_"],
		"max_Delta_C94_sat_corr": ["_NaN_"],
		"max_Delta_C2000_sat_corr": ["_NaN_"],
		"mean_RegionSize": [83660.8],
		"Sequence_dark_to_light": [5,4,3,2,1],
		"Patch_number": [5,4,3,2,1],
		"R_noise": [0.04803,0.03323,0.02687,0.02488,0.02564],
		"G_noise": [0.03349,0.02036,0.01648,0.01622,0.01874],
		"B_noise": [0.04027,0.0256,0.02125,0.02052,0.02181],
		"R_SNR_ratio": [2.081,6.261,12.93,20.39,25.59],
		"G_SNR_ratio": [3.08,10.33,21.32,31.46,35],
		"B_SNR_ratio": [2.53,8.247,16.7,25.05,30.83],
		"R_SNR_dB": [6.366,15.93,22.23,26.19,28.16],
		"G_SNR_dB": [9.771,20.28,26.57,29.95,30.88],
		"B_SNR_dB": [8.062,18.33,24.46,27.98,29.78],
		"Gb_noise": [0.03009,0.01757,0.01372,0.01386,0.01684],
		"Gb_SNR_ratio": [3.403,11.95,25.56,36.79,39.01],
		"Gb_SNR_dB": [10.64,21.55,28.15,31.32,31.82],
		"Y_f_stop_SNR_ratio": [5.4,6.827,6.747,4.364,2.207],
		"Y_f_stop_SNR_dB": [14.65,16.68,16.58,12.8,6.875],
		"quality_levels_for_DR": [
				"Low,",
				"Medium,",
				"M-H,",
				"High,"
		],
		"SigNoise_levels_for_DR": [1,0.5,0.25,0.1],
		"Dynamic_Range_f_stops": [0,0,5.009,0],
		"Dynamic_Range_dB": [0,0,30.15,0],
		"noise_ISO15739_pct": [0.2228,0.1817,0.3465,0.8426,1.405],
		"snr_ISO15739": [4.667,19.97,29.12,26.49,27.71],
		"noise_pct_ISO15739_at_13pct_Lref": [1.114],
		"snr_ISO15739_at_13pct_Lref": [27.08],
		"snr_dB_ISO15739_at_13pct_Lref": [28.65],
		"DynamicRange_at_density_2": [2006],
		"DynamicRange_total": [0],
		"DynamicRange_from_slope_OD": [1.95],
		"DynamicRange_from_slope_EV": [6.474],
		"DynamicRange_from_slope_dB": [39],
		"SNR_BW_dB_RGBY": [25.09,28.81,26.77,30.18],
		"L_noise": [3.527,2.009,1.456,1.38,1.607],
		"a_noise": [6.707,4.902,3.875,3.296,2.983],
		"b_noise": [6.293,4.593,3.666,3.174,2.872],
		"Total_Lab_noise_unwtd": [9.85,7.011,5.529,4.779,4.441],
		"Total_ab_noise_unwtd": [9.197,6.717,5.334,4.575,4.141],
		"R_minus_Y_KK_noise": [0.03741,0.02764,0.02311,0.02086,0.01971],
		"B_minus_Y_KK_noise": [0.03787,0.02684,0.02324,0.02147,0.02036],
		"Y_Kelly_Keelan_noise": [0.03009,0.01757,0.01372,0.01386,0.01684],
		"Total_KK_noise": [0.03771,0.02419,0.01962,0.01881,0.0207],
		"Chroma_KK_noise": [0.02273,0.01663,0.01402,0.01273,0.01204],
		"Total_old_iso_noise": [0.04506,0.03021,0.02483,0.02333,0.02447],
		"Y_noise_from_YUV": [0.03009,0.01757,0.01372,0.01385,0.01684],
		"U_noise_from_YUV": [0.01779,0.01261,0.01092,0.01009,0.009568],