{
	"jsonResults": {
		"dateRun": "13-May-2025 14:57:05",
		"ini_time_size": "13-May-2025 14:47:26 19023B  MD5 = f342b24a34f4f9a9d1ee09fe9c9baa3b",
		"version": "Imatest 24.2.6 Master Color/Tone Auto",
		"build": "2025-03-20",
		"image_file": "potted plant_55.0 mm_6400ISO_0EV_Dist2_ON_Defocus2.tiff",
		"ColorSpace": "sRGB",
		"Reference": "Default values",
		"Ref_folder": "/usr/local/Imatest/v24.2/Master/",
		"Gamma": [0.3372],
		"patches_for_gamma_start_end": [1,5],
		"exposure_error_normalized_y_channel": [-0.125],
		"mean_camera_Saturation_Pct": ["_NaN_"],
		"mean_chroma_level_CPIQ_Pct": ["_NaN_"],
		"CPIQ_chroma_quality_loss_JND": ["_NaN_"],
		"CPIQ_exposure_quality_loss_JND": ["_NaN_"],
		"pixel_offset": [0],
		"mean_patch_size_pxls": [274,303],
		"roi_settings": "Recent ROI settings are in roi, nwid_save, nht_save, fillf, and distort (same names as ini file)",
		"roi": [3013,1351,4727,1725,3013,1727,4727,1343],
		"nwid_save": [6024],
		"nht_save": [4020],
		"fillf": [0.8],
		"distort": [0],
		"grayscale_zone": [1,2,3,4,5],
		"grayscale_minus_log_exposure": [2,1.513,1.025,0.5375,0.05],
		"grayscale_Y_reflectivity": [0.01,0.03073,0.09441,0.2901,0.8913],
		"grayscale_Y_Printer_pixel_gamma22": [33.13,55.18,91.91,153.1,255],
		"grayscale_Y_density": [0.2447,0.3534,0.5178,0.7467,0.9925],
		"grayscale_R_density": [0.2449,0.3568,0.5252,0.7598,0.9649],
		"grayscale_G_density": [0.2461,0.353,0.5164,0.7431,1.003],
		"grayscale_B_density": [0.2308,0.3474,0.51,0.745,0.9782],
		"grayscale_Y_mean": [145.2,113,77.4,45.69,25.94],
		"grayscale_R_mean": [145.1,112.1,76.09,44.34,27.64],
		"grayscale_G_mean": [144.7,113.1,77.65,46.07,25.35],
		"grayscale_B_mean": [149.9,114.6,78.8,45.87,26.81],
		"White_Bal_error_Degrees": [341.4,198.9,297.1,230.6,-152.1],
		"White_Bal_error_Mired": [-7.678,-4.567,-6.726,-5.271,3.687],
		"White_Bal_error_S_HSV": [0.03455,0.02144,0.03441,0.03759,0.08291],
		"White_Bal_error_Delta_C_ab": [2.935,0.9542,0.9828,0.8244,1.605],
		"White_Bal_error_Delta_C_94": [2.935,0.9542,0.9828,0.8244,1.605],
		"White_Bal_error_Delta_C_00": [2.996,0.9376,1.046,1.193,2.192],
		"n_Patch": [1,2,3,4,5],
		"n_Row": [1,1,1,1,1],
		"n_Column": [1,2,3,4,5],
		"width_pixels": [275,276,275,275,275],
		"height_pixels": [305,305,305,305,305],
		"Pixels_total": [83875,84180,83875,83875,83875],
		"R_reference": [242.4,146.6,86.6,49.01,25.46],
		"G_reference": [242.4,146.6,86.6,49.01,25.46],
		"B_reference": [242.4,146.6,86.6,49.01,25.46],
		"R_input": [145.1,112.1,76.09,44.34,27.64],
		"G_input": [144.7,113.1,77.65,46.07,25.35],
		"B_input": [149.9,114.6,78.8,45.87,26.81],
		"L_reference": [95.63,60.79,36.82,20.33,8.991],
		"a_reference": [0,0,0,0,0],
		"b_reference": [0,0,0,0,0],
		"L_input": [60.24,47.65,32.92,18.79,9.243],
		"a_input": [1.169,-0.07459,-0.38,-0.8117,1.481],
		"b_input": [-2.692,-0.9513,-0.9063,-0.144,-0.6197],
		"x_reference": [0.3127,0.3127,0.3127,0.3127,0.3127],
		"y_reference": [0.329,0.329,0.329,0.329,0.329],
		"Y_reference": [0.8913,0.2901,0.09441,0.03073,0.01],
		"x_input": [0.3081,0.3096,0.308,0.3084,0.3167],
		"y_input": [0.3208,0.3261,0.3258,0.3298,0.3199],
		"Y_input": [0.2839,0.1652,0.07502,0.02699,0.01031],
		"LUV_comment": "L2 is used to differentiate between the L in LAB and L in LUV.",
		"L2_reference": [805.1,262,85.28,27.75,9.033],
		"U_reference": [0.1978,0.1978,0.1978,0.1978,0.1978],
		"V_reference": [0.4683,0.4683,0.4683,0.4683,0.4683],
		"L2_input": [256.4,149.2,67.76,24.38,9.309],
		"U_input": [0.1977,0.1968,0.1957,0.1946,0.2041],
		"V_input": [0.4632,0.4663,0.4659,0.4681,0.464],
		"patch_numbers_for_all_Delta_E_C": [1,2,3,4,5],
		"Delta_E_all": [35.5,13.2,4.02,1.75,1.62],
		"Delta_C_all": [2.93,0.954,0.983,0.824,1.6],
		"Delta_E94_all": [35.5,13.2,4.02,1.75,1.62],
		"Delta_C94_all": [2.93,0.954,0.983,0.824,1.6],
		"Delta_E2000_all": [25.2,12.6,3.37,1.6,2.2],
		"Delta_C2000_all": [3,0.938,1.05,1.19,2.19],
		"Delta_L_all": [-35.4,-13.1,-3.9,-1.54,0.252],
		"Delta_Chroma_all": [2.93,0.954,0.983,0.824,1.6],
		"Delta_Hue_Distance_all": [0,0,0,0,0],
		"Delta_Hue_Degrees_all": [0,0,0,0,0],
		"sat_corr_comment": "sat_corr explained on https://www.imatest.com/docs/colorcheck/#satcorr - not recommended.",
		"Delta_C_all_sat_corr": ["_NaN_","_NaN_","_NaN_","_NaN_","_NaN_"],
		"Delta_C94_all_sat_corr": ["_NaN_","_NaN_","_NaN_","_NaN_","_NaN_"],
		"Delta_C2000_all_sat_corr": ["_NaN_","_NaN_","_NaN_","_NaN_","_NaN_"],
		"grayscale_patch_numbers": [1,2,3,4,5],
		"Delta_E": [35.5,13.2,4.02,1.75,1.62],
		"Delta_C": [2.93,0.954,0.983,0.824,1.6],
		"Delta_E94": [35.5,13.2,4.02,1.75,1.62],
		"Delta_C94": [2.93,0.954,0.983,0.824,1.6],
		"Delta_E2000": [25.2,12.6,3.37,1.6,2.2],
		"Delta_C2000": [3,0.938,1.05,1.19,2.19],
		"Delta_L": [-35.4,-13.1,-3.9,-1.54,0.252],
		"Delta_Chroma": [2.93,0.954,0.983,0.824,1.6],
		"Delta_Hue_Distance": [0,0,0,0,0],
		"Delta_Hue_Degrees": [0,0,0,0,0],
		"mean_Delta_E": [11.2],
		"mean_Delta_C": [1.46],
		"mean_Delta_E94": [11.2],
		"mean_Delta_C94": [1.46],
		"mean_Delta_E2000": [9],
		"mean_Delta_C2000": [1.67],
		"mean_Delta_L": [-10.7],
		"mean_Delta_Chroma": [1.46],
		"mean_Delta_Hue_Distance": [0],
		"mean_Delta_Hue_Degrees": [0],
		"mean_Delta_C_sat_corr": ["_NaN_"],
		"mean_Delta_C94_sat_corr": ["_NaN_"],
		"mean_Delta_C2000_sat_corr": ["_NaN_"],
		"max_Delta_E": [35.5],
		"max_Delta_C": [2.93],
		"max_Delta_E94": [35.5],
		"max_Delta_C94": [2.93],
		"max_Delta_E2000": [25.2],
		"max_Delta_C2000": [3],
		"max_Delta_L": [0.252],
		"max_Delta_Chroma": [2.93],
		"max_Delta_Hue_Distance": [0],
		"max_Delta_Hue_Degrees": [0],
		"max_Delta_C_sat_corr": ["_NaN_"],
		"max_Delta_C94_sat_corr": ["_NaN_"],
		"max_Delta_C2000_sat_corr": ["_NaN_"],
		"mean_RegionSize": [83660.8],
		"Sequence_dark_to_light": [5,4,3,2,1],
		"Patch_number": [5,4,3,2,1],
		"R_noise": [0.07097,0.07272,0.05523,0.04531,0.04192],
		"G_noise": [0.05626,0.04336,0.03176,0.02813,0.02912],
		"B_noise": [0.06304,0.05646,0.04046,0.03451,0.0334],
		"R_SNR_ratio": [1.528,2.391,5.403,9.706,13.58],
		"G_SNR_ratio": [1.767,4.166,9.587,15.77,19.49],
		"B_SNR_ratio": [1.668,3.186,7.639,13.02,17.6],
		"R_SNR_dB": [3.68,7.571,14.65,19.74,22.65],
		"G_SNR_dB": [4.945,12.39,19.63,23.96,25.8],
		"B_SNR_dB": [4.444,10.07,17.66,22.29,24.91],
		"Gb_noise": [0.0486,0.03758,0.02698,0.02363,0.02532],
		"Gb_SNR_ratio": [2.094,4.767,11.25,18.76,22.49],
		"Gb_SNR_dB": [6.418,13.57,21.02,25.46,27.04],
		"Y_f_stop_SNR_ratio": [3.073,3.471,3.022,1.658,0.9837],
		"Y_f_stop_SNR_dB": [9.752,10.81,9.605,4.39,-0.1429],
		"quality_levels_for_DR": [
				"Low,",
				"Medium,",
				"M-H,",
				"High,"
		],
		"SigNoise_levels_for_DR": [1,0.5,0.25,0.1],
		"Dynamic_Range_f_stops": [6.413,4.244,0,0],
		"Dynamic_Range_dB": [38.61,25.55,0,0],
		"noise_ISO15739_pct": [0.3976,0.4187,0.6873,1.42,2.104],
		"snr_ISO15739": [2.592,6.445,10.92,11.63,13.49],
		"noise_pct_ISO15739_at_13pct_Lref": [1.843],
		"snr_ISO15739_at_13pct_Lref": [12.78],
		"snr_dB_ISO15739_at_13pct_Lref": [22.13],
		"DynamicRange_at_density_2": [1296],
		"DynamicRange_total": [0],
		"DynamicRange_from_slope_OD": [1.95],
		"DynamicRange_from_slope_EV": [6.474],
		"DynamicRange_from_slope_dB": [39],
		"SNR_BW_dB_RGBY": [18.7,22.84,21.06,24.35],
		"L_noise": [5.349,4.215,2.888,2.402,2.47],
		"a_noise": [10.27,10.19,7.584,6.141,5.268],
		"b_noise": [9.646,9.722,7.049,5.662,4.863],
		"Total_Lab_noise_unwtd": [15.07,14.7,10.75,8.691,7.583],
		"Total_ab_noise_unwtd": [14.09,14.08,10.35,8.352,7.169],
		"R_minus_Y_KK_noise": [0.05848,0.06055,0.04677,0.03876,0.03437],
		"B_minus_Y_KK_noise": [0.06114,0.05803,0.04387,0.03742,0.0336],
		"Y_Kelly_Keelan_noise": [0.0486,0.03758,0.02698,0.02363,0.02532],
		"Total_KK_noise": [0.06037,0.05227,0.03882,0.03318,0.03271],
		"Chroma_KK_noise": [0.03582,0.03632,0.02792,0.02329,0.02071],
		"Total_old_iso_noise": [0.07175,0.06556,0.04935,0.04176,0.03972],
		"Y_noise_from_YUV": [0.04859,0.03758,0.02698,0.02363,0.02531],
		"U_noise_from_YUV": [0.02873,0.02727,0.02061,0.01758,0.01579],