{
	"jsonResults": {
		"dateRun": "13-May-2025 14:57:05",
		"ini_time_size": "13-May-2025 14:47:26 19023B  MD5 = f342b24a34f4f9a9d1ee09fe9c9baa3b",
		"version": "Imatest 24.2.6 Master Color/Tone Auto",
		"build": "2025-03-20",
		"image_file": "potted plant_55.0 mm_1600ISO_0EV_Dist2_OFF_Focused.tiff",
		"ColorSpace": "sRGB",
		"Reference": "Default values",
		"Ref_folder": "/usr/local/Imatest/v24.2/Master/",
		"Gamma": [0.4053],
		"patches_for_gamma_start_end": [1,5],
		"exposure_error_normalized_y_channel": [-0.0851],
		"mean_camera_Saturation_Pct": ["_NaN_"],
		"mean_chroma_level_CPIQ_Pct": ["_NaN_"],
		"CPIQ_chroma_quality_loss_JND": ["_NaN_"],
		"CPIQ_exposure_quality_loss_JND": ["_NaN_"],
		"pixel_offset": [0],
		"mean_patch_size_pxls": [274,303],
		"roi_settings": "Recent ROI settings are in roi, nwid_save, nht_save, fillf, and distort (same names as ini file)",
		"roi": [3013,1351,4727,1725,3013,1727,4727,1343],
		"nwid_save": [6024],
		"nht_save": [4020],
		"fillf": [0.8],
		"distort": [0],
		"grayscale_zone": [1,2,3,4,5],
		"grayscale_minus_log_exposure": [2,1.513,1.025,0.5375,0.05],
		"grayscale_Y_reflectivity": [0.01,0.03073,0.09441,0.2901,0.8913],
		"grayscale_Y_Printer_pixel_gamma22": [33.13,55.18,91.91,153.1,255],
		"grayscale_Y_density": [0.1977,0.3097,0.4748,0.7048,1.061],
		"grayscale_R_density": [0.198,0.3116,0.479,0.7091,1.076],
		"grayscale_G_density": [0.1986,0.3095,0.4741,0.7039,1.057],
		"grayscale_B_density": [0.1876,0.3061,0.4699,0.7021,1.063],
		"grayscale_Y_mean": [161.8,125,85.45,50.31,22.15],
		"grayscale_R_mean": [161.6,124.4,84.63,49.83,21.43],
		"grayscale_G_mean": [161.4,125,85.6,50.43,22.37],
		"grayscale_B_mean": [165.6,126,86.43,50.63,22.06],
		"White_Bal_error_Degrees": [249.3,117.3,182.4,121.6,147.4],
		"White_Bal_error_Mired": [-5.683,-2.727,-4.199,-2.826,-3.411],
		"White_Bal_error_S_HSV": [0.02505,0.01254,0.0209,0.01588,0.04209],
		"White_Bal_error_Delta_C_ab": [2.304,0.6213,0.6604,0.3103,0.5114],
		"White_Bal_error_Delta_C_94": [2.304,0.6213,0.6604,0.3103,0.5114],
		"White_Bal_error_Delta_C_00": [2.37,0.6133,0.6896,0.3867,0.7517],
		"n_Patch": [1,2,3,4,5],
		"n_Row": [1,1,1,1,1],
		"n_Column": [1,2,3,4,5],
		"width_pixels": [275,276,275,275,275],
		"height_pixels": [305,305,305,305,305],
		"Pixels_total": [83875,84180,83875,83875,83875],
		"R_reference": [242.4,146.6,86.6,49.01,25.46],
		"G_reference": [242.4,146.6,86.6,49.01,25.46],
		"B_reference": [242.4,146.6,86.6,49.01,25.46],
		"R_input": [161.6,124.4,84.63,49.83,21.43],
		"G_input": [161.4,125,85.6,50.43,22.37],
		"B_input": [165.6,126,86.43,50.63,22.06],
		"L_reference": [95.63,60.79,36.82,20.33,8.991],
		"a_reference": [0,0,0,0,0],
		"b_reference": [0,0,0,0,0],
		"L_input": [66.53,52.4,36.34,20.93,7.319],
		"a_input": [0.8773,-0.02495,-0.2088,-0.2114,-0.5084],
		"b_input": [-2.13,-0.6208,-0.6265,-0.2271,0.05469],
		"x_reference": [0.3127,0.3127,0.3127,0.3127,0.3127],
		"y_reference": [0.329,0.329,0.329,0.329,0.329],
		"Y_reference": [0.8913,0.2901,0.09441,0.03073,0.01],
		"x_input": [0.3093,0.3109,0.3098,0.3107,0.3097],
		"y_input": [0.323,0.3272,0.3269,0.3282,0.3312],
		"Y_input": [0.3602,0.205,0.09185,0.03227,0.008103],
		"LUV_comment": "L2 is used to differentiate between the L in LAB and L in LUV.",
		"L2_reference": [805.1,262,85.28,27.75,9.033],
		"U_reference": [0.1978,0.1978,0.1978,0.1978,0.1978],
		"V_reference": [0.4683,0.4683,0.4683,0.4683,0.4683],
		"L2_input": [325.3,185.2,82.97,29.15,7.319],
		"U_input": [0.1977,0.1973,0.1966,0.1967,0.195],
		"V_input": [0.4646,0.4671,0.4667,0.4676,0.4691],
		"patch_numbers_for_all_Delta_E_C": [1,2,3,4,5],
		"Delta_E_all": [29.2,8.41,0.817,0.676,1.75],
		"Delta_C_all": [2.3,0.621,0.66,0.31,0.511],
		"Delta_E94_all": [29.2,8.41,0.817,0.676,1.75],
		"Delta_C94_all": [2.3,0.621,0.66,0.31,0.511],
		"Delta_E2000_all": [20.1,7.78,0.799,0.57,1.27],
		"Delta_C2000_all": [2.37,0.613,0.69,0.387,0.752],
		"Delta_L_all": [-29.1,-8.39,-0.481,0.6,-1.67],
		"Delta_Chroma_all": [2.3,0.621,0.66,0.31,0.511],
		"Delta_Hue_Distance_all": [0,0,0,0,0],
		"Delta_Hue_Degrees_all": [0,0,0,0,0],
		"sat_corr_comment": "sat_corr explained on https://www.imatest.com/docs/colorcheck/#satcorr - not recommended.",
		"Delta_C_all_sat_corr": ["_NaN_","_NaN_","_NaN_","_NaN_","_NaN_"],
		"Delta_C94_all_sat_corr": ["_NaN_","_NaN_","_NaN_","_NaN_","_NaN_"],
		"Delta_C2000_all_sat_corr": ["_NaN_","_NaN_","_NaN_","_NaN_","_NaN_"],
		"grayscale_patch_numbers": [1,2,3,4,5],
		"Delta_E": [29.2,8.41,0.817,0.676,1.75],
		"Delta_C": [2.3,0.621,0.66,0.31,0.511],
		"Delta_E94": [29.2,8.41,0.817,0.676,1.75],
		"Delta_C94": [2.3,0.621,0.66,0.31,0.511],
		"Delta_E2000": [20.1,7.78,0.799,0.57,1.27],
		"Delta_C2000": [2.37,0.613,0.69,0.387,0.752],
		"Delta_L": [-29.1,-8.39,-0.481,0.6,-1.67],
		"Delta_Chroma": [2.3,0.621,0.66,0.31,0.511],
		"Delta_Hue_Distance": [0,0,0,0,0],
		"Delta_Hue_Degrees": [0,0,0,0,0],
		"mean_Delta_E": [8.17],
		"mean_Delta_C": [0.881],
		"mean_Delta_E94": [8.17],
		"mean_Delta_C94": [0.881],
		"mean_Delta_E2000": [6.09],
		"mean_Delta_C2000": [0.962],
		"mean_Delta_L": [-7.81],
		"mean_Delta_Chroma": [0.881],
		"mean_Delta_Hue_Distance": [0],
		"mean_Delta_Hue_Degrees": [0],
		"mean_Delta_C_sat_corr": ["_NaN_"],
		"mean_Delta_C94_sat_corr": ["_NaN_"],
		"mean_Delta_C2000_sat_corr": ["_NaN_"],
		"max_Delta_E": [29.2],
		"max_Delta_C": [2.3],
		"max_Delta_E94": [29.2],
		"max_Delta_C94": [2.3],
		"max_Delta_E2000": [20.1],
		"max_Delta_C2000": [2.37],
		"max_Delta_L": [0.6],
		"max_Delta_Chroma": [2.3],
		"max_Delta_Hue_Distance": [0],
		"max_Delta_Hue_Degrees": [0],
		"max_Delta_C_sat_corr": ["_NaN_"],
		"max_Delta_C94_sat_corr": ["_NaN_"],
		"max_Delta_C2000_sat_corr": ["_NaN_"],
		"mean_RegionSize": [83660.8],
		"Sequence_dark_to_light": [5,4,3,2,1],
		"Patch_number": [5,4,3,2,1],
		"R_noise": [0.04333,0.03243,0.02646,0.02405,0.02266],
		"G_noise": [0.02627,0.01898,0.01638,0.01529,0.01463],
		"B_noise": [0.03492,0.02497,0.02106,0.01954,0.01846],
		"R_SNR_ratio": [1.939,6.025,12.54,20.29,27.98],
		"G_SNR_ratio": [3.34,10.42,20.5,32.07,43.28],
		"B_SNR_ratio": [2.477,7.952,16.1,25.3,35.17],
		"R_SNR_dB": [5.753,15.6,21.97,26.15,28.94],
		"G_SNR_dB": [10.47,20.36,26.23,30.12,32.73],
		"B_SNR_dB": [7.878,18.01,24.13,28.06,30.92],
		"Gb_noise": [0.02175,0.01596,0.01371,0.01285,0.01223],
		"Gb_SNR_ratio": [3.994,12.37,24.45,38.15,51.89],
		"Gb_SNR_dB": [12.03,21.84,27.77,31.63,34.3],
		"Y_f_stop_SNR_ratio": [7.285,7.192,6.595,4.803,3.136],
		"Y_f_stop_SNR_dB": [17.25,17.14,16.38,13.63,9.928],
		"quality_levels_for_DR": [
				"Low,",
				"Medium,",
				"M-H,",
				"High,"
		],
		"SigNoise_levels_for_DR": [1,0.5,0.25,0.1],
		"Dynamic_Range_f_stops": [0,0,5.47,0],
		"Dynamic_Range_dB": [0,0,32.93,0],
		"noise_ISO15739_pct": [0.2203,0.2273,0.4854,1.105,1.442],
		"snr_ISO15739": [3.679,14.2,18.92,18.56,24.98],
		"noise_pct_ISO15739_at_13pct_Lref": [1.17],
		"snr_ISO15739_at_13pct_Lref": [19.81],
		"snr_dB_ISO15739_at_13pct_Lref": [25.94],
		"DynamicRange_at_density_2": [1433],
		"DynamicRange_total": [0],
		"DynamicRange_from_slope_OD": [1.95],
		"DynamicRange_from_slope_EV": [6.474],
		"DynamicRange_from_slope_dB": [39],
		"SNR_BW_dB_RGBY": [25.19,29.12,26.99,30.64],
		"L_noise": [2.431,1.845,1.465,1.287,1.168],
		"a_noise": [6.605,4.96,3.839,3.263,2.968],
		"b_noise": [6.181,4.681,3.659,3.156,2.862],
		"Total_Lab_noise_unwtd": [9.367,7.065,5.502,4.718,4.285],
		"Total_ab_noise_unwtd": [9.046,6.82,5.303,4.539,4.123],
		"R_minus_Y_KK_noise": [0.0374,0.02766,0.0226,0.02046,0.01936],
		"B_minus_Y_KK_noise": [0.03828,0.02712,0.02301,0.0212,0.02016],
		"Y_Kelly_Keelan_noise": [0.02175,0.01596,0.01371,0.01285,0.01223],
		"Total_KK_noise": [0.0315,0.02308,0.01941,0.01793,0.01703],
		"Chroma_KK_noise": [0.02279,0.01668,0.01375,0.0125,0.01185],
		"Total_old_iso_noise": [0.04003,0.02936,0.02448,0.02247,0.02132],
		"Y_noise_from_YUV": [0.02174,0.01596,0.01371,0.01285,0.01222],
		"U_noise_from_YUV": [0.01799,0.01274,0.01081,0.009961,0.009474],