{
	"jsonResults": {
		"dateRun": "07-May-2025 15:41:17",
		"ini_time_size": "07-May-2025 15:38:48 9689B  MD5 = 0d65b9dbaf7752719a29f3cf5adccf4d",
		"version": "Imatest 24.2.6 Master Color/Tone Auto",
		"build": "2025-03-20",
		"image_file": "potted plant_55.0 mm_25600ISO_+1EV_Dist2_ON_Defocus1.tiff",
		"ColorSpace": "sRGB",
		"Reference": "Default values",
		"Ref_folder": "/usr/local/Imatest/v24.2/Master/",
		"Gamma": [0.3388],
		"patches_for_gamma_start_end": [1,5],
		"exposure_error_normalized_y_channel": [0.0319],
		"mean_camera_Saturation_Pct": ["_NaN_"],
		"mean_chroma_level_CPIQ_Pct": ["_NaN_"],
		"CPIQ_chroma_quality_loss_JND": ["_NaN_"],
		"CPIQ_exposure_quality_loss_JND": ["_NaN_"],
		"pixel_offset": [0],
		"mean_patch_size_pxls": [246,305],
		"roi_settings": "Recent ROI settings are in roi, nwid_save, nht_save, fillf, and distort (same names as ini file)",
		"roi": [2997,1320,4753,1747,2997,1752,4753,1307],
		"nwid_save": [6024],
		"nht_save": [4020],
		"fillf": [0.7],
		"distort": [0],
		"grayscale_zone": [1,2,3,4,5],
		"grayscale_minus_log_exposure": [2,1.513,1.025,0.5375,0.05],
		"grayscale_Y_reflectivity": [0.01,0.03073,0.09441,0.2901,0.8913],
		"grayscale_Y_Printer_pixel_gamma22": [33.13,55.18,91.91,153.1,255],
		"grayscale_Y_density": [0.1096,0.2197,0.3849,0.6274,0.9216],
		"grayscale_R_density": [0.1109,0.2244,0.4004,0.6458,0.8296],
		"grayscale_G_density": [0.111,0.2192,0.3812,0.6223,0.9579],
		"grayscale_B_density": [0.09206,0.2116,0.3768,0.6248,0.88],
		"grayscale_Y_mean": [198.1,153.7,105.1,60.14,30.54],
		"grayscale_R_mean": [197.5,152.1,101.4,57.64,37.75],
		"grayscale_G_mean": [197.5,153.9,106,60.85,28.09],
		"grayscale_B_mean": [206.3,156.7,107.1,60.5,33.61],
		"White_Bal_error_Degrees": [473.9,281.7,455.5,342.8,-887.3],
		"White_Bal_error_Mired": [-10.45,-6.39,-10.08,-7.708,24.32],
		"White_Bal_error_S_HSV": [0.04274,0.02917,0.05279,0.05272,0.2558],
		"White_Bal_error_Delta_C_ab": [4.706,1.674,1.954,1.457,6.261],
		"White_Bal_error_Delta_C_94": [4.706,1.674,1.954,1.457,6.261],
		"White_Bal_error_Delta_C_00": [4.548,1.619,2.454,2.066,7.571],
		"n_Patch": [1,2,3,4,5],
		"n_Row": [1,1,1,1,1],
		"n_Column": [1,2,3,4,5],
		"width_pixels": [247,247,247,247,246],
		"height_pixels": [307,307,307,307,308],
		"Pixels_total": [75829,75829,75829,75829,75768],
		"R_reference": [242.4,146.6,86.6,49.01,25.46],
		"G_reference": [242.4,146.6,86.6,49.01,25.46],
		"B_reference": [242.4,146.6,86.6,49.01,25.46],
		"R_input": [197.5,152.1,101.4,57.64,37.75],
		"G_input": [197.5,153.9,106,60.85,28.09],
		"B_input": [206.3,156.7,107.1,60.5,33.61],
		"L_reference": [95.63,60.79,36.82,20.33,8.991],
		"a_reference": [0,0,0,0,0],
		"b_reference": [0,0,0,0,0],
		"L_input": [79.93,63.51,44.47,25.39,11.66],
		"a_input": [1.677,-0.1289,-1.53,-1.434,5.94],
		"b_input": [-4.397,-1.669,-1.217,-0.2564,-1.978],
		"x_reference": [0.3127,0.3127,0.3127,0.3127,0.3127],
		"y_reference": [0.329,0.329,0.329,0.329,0.329],
		"Y_reference": [0.8913,0.2901,0.09441,0.03073,0.01],
		"x_input": [0.3064,0.3084,0.3051,0.3064,0.3303],
		"y_input": [0.3185,0.3248,0.3267,0.3302,0.3003],
		"Y_input": [0.5656,0.322,0.1416,0.04542,0.01356],
		"LUV_comment": "L2 is used to differentiate between the L in LAB and L in LUV.",
		"L2_reference": [805.1,262,85.28,27.75,9.033],
		"U_reference": [0.1978,0.1978,0.1978,0.1978,0.1978],
		"V_reference": [0.4683,0.4683,0.4683,0.4683,0.4683],
		"L2_input": [510.9,290.9,127.9,41.03,12.24],
		"U_input": [0.1974,0.1964,0.1934,0.193,0.2223],
		"V_input": [0.4616,0.4654,0.4659,0.468,0.4548],
		"patch_numbers_for_all_Delta_E_C": [1,2,3,4,5],
		"Delta_E_all": [16.4,3.19,7.89,5.26,6.81],
		"Delta_C_all": [4.71,1.67,1.95,1.46,6.26],
		"Delta_E94_all": [16.4,3.19,7.89,5.26,6.81],
		"Delta_C94_all": [4.71,1.67,1.95,1.46,6.26],
		"Delta_E2000_all": [11,2.83,7.22,4.16,7.75],
		"Delta_C2000_all": [4.55,1.62,2.45,2.07,7.57],
		"Delta_L_all": [-15.7,2.72,7.65,5.06,2.67],
		"Delta_Chroma_all": [4.71,1.67,1.95,1.46,6.26],
		"Delta_Hue_Distance_all": [0,0,0,0,0],
		"Delta_Hue_Degrees_all": [0,0,0,0,0],
		"sat_corr_comment": "sat_corr explained on https://www.imatest.com/docs/colorcheck/#satcorr - not recommended.",
		"Delta_C_all_sat_corr": ["_NaN_","_NaN_","_NaN_","_NaN_","_NaN_"],
		"Delta_C94_all_sat_corr": ["_NaN_","_NaN_","_NaN_","_NaN_","_NaN_"],
		"Delta_C2000_all_sat_corr": ["_NaN_","_NaN_","_NaN_","_NaN_","_NaN_"],
		"grayscale_patch_numbers": [1,2,3,4,5],
		"Delta_E": [16.4,3.19,7.89,5.26,6.81],
		"Delta_C": [4.71,1.67,1.95,1.46,6.26],
		"Delta_E94": [16.4,3.19,7.89,5.26,6.81],
		"Delta_C94": [4.71,1.67,1.95,1.46,6.26],
		"Delta_E2000": [11,2.83,7.22,4.16,7.75],
		"Delta_C2000": [4.55,1.62,2.45,2.07,7.57],
		"Delta_L": [-15.7,2.72,7.65,5.06,2.67],
		"Delta_Chroma": [4.71,1.67,1.95,1.46,6.26],
		"Delta_Hue_Distance": [0,0,0,0,0],
		"Delta_Hue_Degrees": [0,0,0,0,0],
		"mean_Delta_E": [7.91],
		"mean_Delta_C": [3.21],
		"mean_Delta_E94": [7.91],
		"mean_Delta_C94": [3.21],
		"mean_Delta_E2000": [6.6],
		"mean_Delta_C2000": [3.65],
		"mean_Delta_L": [0.478],
		"mean_Delta_Chroma": [3.21],
		"mean_Delta_Hue_Distance": [0],
		"mean_Delta_Hue_Degrees": [0],
		"mean_Delta_C_sat_corr": ["_NaN_"],
		"mean_Delta_C94_sat_corr": ["_NaN_"],
		"mean_Delta_C2000_sat_corr": ["_NaN_"],
		"max_Delta_E": [16.4],
		"max_Delta_C": [6.26],
		"max_Delta_E94": [16.4],
		"max_Delta_C94": [6.26],
		"max_Delta_E2000": [11],
		"max_Delta_C2000": [7.57],
		"max_Delta_L": [7.65],
		"max_Delta_Chroma": [6.26],
		"max_Delta_Hue_Distance": [0],
		"max_Delta_Hue_Degrees": [0],
		"max_Delta_C_sat_corr": ["_NaN_"],
		"max_Delta_C94_sat_corr": ["_NaN_"],
		"max_Delta_C2000_sat_corr": ["_NaN_"],
		"mean_RegionSize": [75570],
		"Sequence_dark_to_light": [5,4,3,2,1],
		"Patch_number": [5,4,3,2,1],
		"R_noise": [0.1132,0.1284,0.101,0.07206,0.06385],
		"G_noise": [0.09191,0.0872,0.0591,0.05063,0.04851],
		"B_noise": [0.09978,0.1033,0.06837,0.05605,0.05131],
		"R_SNR_ratio": [1.307,1.761,3.939,8.278,12.13],
		"G_SNR_ratio": [1.199,2.736,7.035,11.92,15.97],
		"B_SNR_ratio": [1.321,2.297,6.142,10.96,15.77],
		"R_SNR_dB": [2.328,4.914,11.91,18.36,21.68],
		"G_SNR_dB": [1.574,8.744,16.95,21.53,24.06],
		"B_SNR_dB": [2.418,7.224,15.77,20.8,23.95],
		"Gb_noise": [0.07463,0.07194,0.05045,0.04237,0.04092],
		"Gb_SNR_ratio": [1.605,3.279,8.17,14.23,18.99],
		"Gb_SNR_dB": [4.109,10.31,18.24,23.06,25.57],
		"Y_f_stop_SNR_ratio": [2.626,2.657,2.246,1.255,0.9604],
		"Y_f_stop_SNR_dB": [8.386,8.489,7.029,1.973,-0.3513],
		"quality_levels_for_DR": [
				"Low,",
				"Medium,",
				"M-H,",
				"High,"
		],
		"SigNoise_levels_for_DR": [1,0.5,0.25,0.1],
		"Dynamic_Range_f_stops": [6.204,3.491,0,0],
		"Dynamic_Range_dB": [37.35,21.02,0,0],
		"noise_ISO15739_pct": [0.7177,0.9529,1.575,3.179,4.26],
		"snr_ISO15739": [1.889,4.766,8.992,10.13,13.28],
		"noise_pct_ISO15739_at_13pct_Lref": [3.322],
		"snr_ISO15739_at_13pct_Lref": [10.55],
		"snr_dB_ISO15739_at_13pct_Lref": [20.46],
		"DynamicRange_at_density_2": [427.6],
		"DynamicRange_total": [0],
		"DynamicRange_from_slope_OD": [1.95],
		"DynamicRange_from_slope_EV": [6.474],
		"DynamicRange_from_slope_dB": [39],
		"SNR_BW_dB_RGBY": [17.51,20.58,19.69,22.12],
		"L_noise": [8.169,7.46,5.042,4.065,3.758],
		"a_noise": [17.39,17.46,12.38,9.289,7.961],
		"b_noise": [17.27,17.19,11.1,8.675,7.486],
		"Total_Lab_noise_unwtd": [25.83,25.61,17.37,13.34,11.56],
		"Total_ab_noise_unwtd": [24.51,24.5,16.62,12.71,10.93],
		"R_minus_Y_KK_noise": [0.1029,0.1128,0.08567,0.06214,0.05431],
		"B_minus_Y_KK_noise": [0.1083,0.1114,0.07351,0.06067,0.05483],
		"Y_Kelly_Keelan_noise": [0.07463,0.07194,0.05045,0.04237,0.04092],
		"Total_KK_noise": [0.09777,0.09907,0.07119,0.05654,0.05255],
		"Chroma_KK_noise": [0.06316,0.06811,0.05023,0.03743,0.03298],
		"Total_old_iso_noise": [0.1193,0.1237,0.09004,0.06968,0.06358],
		"Y_noise_from_YUV": [0.07462,0.07193,0.05045,0.04237,0.04091],
		"U_noise_from_YUV": [0.05089,0.05233,0.03454,0.02851,0.02576],