{
	"jsonResults": {
		"dateRun": "13-May-2025 14:57:05",
		"ini_time_size": "13-May-2025 14:47:26 19023B  MD5 = f342b24a34f4f9a9d1ee09fe9c9baa3b",
		"version": "Imatest 24.2.6 Master Color/Tone Auto",
		"build": "2025-03-20",
		"image_file": "potted plant_55.0 mm_1600ISO_-1EV_Dist2_OFF_Defocus2.tiff",
		"ColorSpace": "sRGB",
		"Reference": "Default values",
		"Ref_folder": "/usr/local/Imatest/v24.2/Master/",
		"Gamma": [0.3442],
		"patches_for_gamma_start_end": [1,5],
		"exposure_error_normalized_y_channel": [-0.183],
		"mean_camera_Saturation_Pct": ["_NaN_"],
		"mean_chroma_level_CPIQ_Pct": ["_NaN_"],
		"CPIQ_chroma_quality_loss_JND": ["_NaN_"],
		"CPIQ_exposure_quality_loss_JND": ["_NaN_"],
		"pixel_offset": [0],
		"mean_patch_size_pxls": [274,303],
		"roi_settings": "Recent ROI settings are in roi, nwid_save, nht_save, fillf, and distort (same names as ini file)",
		"roi": [3013,1351,4727,1725,3013,1727,4727,1343],
		"nwid_save": [6024],
		"nht_save": [4020],
		"fillf": [0.8],
		"distort": [0],
		"grayscale_zone": [1,2,3,4,5],
		"grayscale_minus_log_exposure": [2,1.513,1.025,0.5375,0.05],
		"grayscale_Y_reflectivity": [0.01,0.03073,0.09441,0.2901,0.8913],
		"grayscale_Y_Printer_pixel_gamma22": [33.13,55.18,91.91,153.1,255],
		"grayscale_Y_density": [0.3297,0.4417,0.6095,0.8432,1.09],
		"grayscale_R_density": [0.3291,0.443,0.6139,0.8519,1.086],
		"grayscale_G_density": [0.3311,0.4418,0.6089,0.841,1.092],
		"grayscale_B_density": [0.3177,0.4371,0.6027,0.8401,1.085],
		"grayscale_Y_mean": [119.4,92.21,62.66,36.58,20.72],
		"grayscale_R_mean": [119.5,91.95,62.03,35.86,20.94],
		"grayscale_G_mean": [119,92.19,62.75,36.77,20.63],
		"grayscale_B_mean": [122.7,93.22,63.66,36.85,20.95],
		"White_Bal_error_Degrees": [272.3,126.4,217.1,183.2,18.03],
		"White_Bal_error_Mired": [-6.186,-2.935,-4.973,-4.217,-0.4257],
		"White_Bal_error_S_HSV": [0.0304,0.01358,0.02559,0.02682,0.01514],
		"White_Bal_error_Delta_C_ab": [2.2,0.6382,0.6745,0.4457,0.2608],
		"White_Bal_error_Delta_C_94": [2.2,0.6382,0.6745,0.4457,0.2608],
		"White_Bal_error_Delta_C_00": [2.324,0.6431,0.6726,0.6211,0.347],
		"n_Patch": [1,2,3,4,5],
		"n_Row": [1,1,1,1,1],
		"n_Column": [1,2,3,4,5],
		"width_pixels": [275,276,275,275,275],
		"height_pixels": [305,305,305,305,305],
		"Pixels_total": [83875,84180,83875,83875,83875],
		"R_reference": [242.4,146.6,86.6,49.01,25.46],
		"G_reference": [242.4,146.6,86.6,49.01,25.46],
		"B_reference": [242.4,146.6,86.6,49.01,25.46],
		"R_input": [119.5,91.95,62.03,35.86,20.94],
		"G_input": [119,92.19,62.75,36.77,20.63],
		"B_input": [122.7,93.22,63.66,36.85,20.95],
		"L_reference": [95.63,60.79,36.82,20.33,8.991],
		"a_reference": [0,0,0,0,0],
		"b_reference": [0,0,0,0,0],
		"L_input": [50.18,39.16,26.5,14.48,6.644],
		"a_input": [0.967,0.1216,-0.09541,-0.3982,0.2085],
		"b_input": [-1.977,-0.6265,-0.6678,-0.2001,-0.1566],
		"x_reference": [0.3127,0.3127,0.3127,0.3127,0.3127],
		"y_reference": [0.329,0.329,0.329,0.329,0.329],
		"Y_reference": [0.8913,0.2901,0.09441,0.03073,0.01],
		"x_input": [0.3091,0.3108,0.3093,0.3095,0.3128],
		"y_input": [0.3219,0.3265,0.326,0.3286,0.3267],
		"Y_input": [0.1857,0.1075,0.04919,0.01814,0.007356],
		"LUV_comment": "L2 is used to differentiate between the L in LAB and L in LUV.",
		"L2_reference": [805.1,262,85.28,27.75,9.033],
		"U_reference": [0.1978,0.1978,0.1978,0.1978,0.1978],
		"V_reference": [0.4683,0.4683,0.4683,0.4683,0.4683],
		"L2_input": [167.8,97.15,44.43,16.39,6.644],
		"U_input": [0.198,0.1975,0.1966,0.1958,0.1987],
		"V_input": [0.4639,0.4667,0.4662,0.4676,0.4671],
		"patch_numbers_for_all_Delta_E_C": [1,2,3,4,5],
		"Delta_E_all": [45.5,21.6,10.3,5.87,2.36],
		"Delta_C_all": [2.2,0.638,0.675,0.446,0.261],
		"Delta_E94_all": [45.5,21.6,10.3,5.87,2.36],
		"Delta_C94_all": [2.2,0.638,0.675,0.446,0.261],
		"Delta_E2000_all": [34.1,21.6,8.17,3.99,1.48],
		"Delta_C2000_all": [2.32,0.643,0.673,0.621,0.347],
		"Delta_L_all": [-45.5,-21.6,-10.3,-5.85,-2.35],
		"Delta_Chroma_all": [2.2,0.638,0.675,0.446,0.261],
		"Delta_Hue_Distance_all": [0,0,0,0,0],
		"Delta_Hue_Degrees_all": [0,0,0,0,0],
		"sat_corr_comment": "sat_corr explained on https://www.imatest.com/docs/colorcheck/#satcorr - not recommended.",
		"Delta_C_all_sat_corr": ["_NaN_","_NaN_","_NaN_","_NaN_","_NaN_"],
		"Delta_C94_all_sat_corr": ["_NaN_","_NaN_","_NaN_","_NaN_","_NaN_"],
		"Delta_C2000_all_sat_corr": ["_NaN_","_NaN_","_NaN_","_NaN_","_NaN_"],
		"grayscale_patch_numbers": [1,2,3,4,5],
		"Delta_E": [45.5,21.6,10.3,5.87,2.36],
		"Delta_C": [2.2,0.638,0.675,0.446,0.261],
		"Delta_E94": [45.5,21.6,10.3,5.87,2.36],
		"Delta_C94": [2.2,0.638,0.675,0.446,0.261],
		"Delta_E2000": [34.1,21.6,8.17,3.99,1.48],
		"Delta_C2000": [2.32,0.643,0.673,0.621,0.347],
		"Delta_L": [-45.5,-21.6,-10.3,-5.85,-2.35],
		"Delta_Chroma": [2.2,0.638,0.675,0.446,0.261],
		"Delta_Hue_Distance": [0,0,0,0,0],
		"Delta_Hue_Degrees": [0,0,0,0,0],
		"mean_Delta_E": [17.1],
		"mean_Delta_C": [0.844],
		"mean_Delta_E94": [17.1],
		"mean_Delta_C94": [0.844],
		"mean_Delta_E2000": [13.9],
		"mean_Delta_C2000": [0.921],
		"mean_Delta_L": [-17.1],
		"mean_Delta_Chroma": [0.844],
		"mean_Delta_Hue_Distance": [0],
		"mean_Delta_Hue_Degrees": [0],
		"mean_Delta_C_sat_corr": ["_NaN_"],
		"mean_Delta_C94_sat_corr": ["_NaN_"],
		"mean_Delta_C2000_sat_corr": ["_NaN_"],
		"max_Delta_E": [45.5],
		"max_Delta_C": [2.2],
		"max_Delta_E94": [45.5],
		"max_Delta_C94": [2.2],
		"max_Delta_E2000": [34.1],
		"max_Delta_C2000": [2.32],
		"max_Delta_L": [-2.35],
		"max_Delta_Chroma": [2.2],
		"max_Delta_Hue_Distance": [0],
		"max_Delta_Hue_Degrees": [0],
		"max_Delta_C_sat_corr": ["_NaN_"],
		"max_Delta_C94_sat_corr": ["_NaN_"],
		"max_Delta_C2000_sat_corr": ["_NaN_"],
		"mean_RegionSize": [83660.8],
		"Sequence_dark_to_light": [5,4,3,2,1],
		"Patch_number": [5,4,3,2,1],
		"R_noise": [0.04764,0.0423,0.03109,0.02696,0.02699],
		"G_noise": [0.03771,0.02572,0.01893,0.01717,0.01883],
		"B_noise": [0.04324,0.03319,0.02427,0.02178,0.02267],
		"R_SNR_ratio": [1.723,3.325,7.825,13.37,17.37],
		"G_SNR_ratio": [2.145,5.607,13,21.06,24.78],
		"B_SNR_ratio": [1.9,4.354,10.29,16.78,21.23],
		"R_SNR_dB": [4.728,10.44,17.87,22.52,24.8],
		"G_SNR_dB": [6.63,14.97,22.28,26.47,27.88],
		"B_SNR_dB": [5.575,12.78,20.25,24.5,26.54],
		"Gb_noise": [0.03405,0.02301,0.01608,0.01448,0.01665],
		"Gb_SNR_ratio": [2.386,6.235,15.28,24.97,28.11],
		"Gb_SNR_dB": [7.554,15.9,23.68,27.95,28.98],
		"Y_f_stop_SNR_ratio": [3.947,4.74,4.189,2.207,1.128],
		"Y_f_stop_SNR_dB": [11.93,13.52,12.44,6.875,1.047],
		"quality_levels_for_DR": [
				"Low,",
				"Medium,",
				"M-H,",
				"High,"
		],
		"SigNoise_levels_for_DR": [1,0.5,0.25,0.1],
		"Dynamic_Range_f_stops": [0,5.034,3.324,0],
		"Dynamic_Range_dB": [0,30.3,20.01,0],
		"noise_ISO15739_pct": [0.3121,0.2861,0.4516,0.9472,1.497],
		"snr_ISO15739": [2.357,6.342,10.89,11.35,12.41],
		"noise_pct_ISO15739_at_13pct_Lref": [1.334],
		"snr_ISO15739_at_13pct_Lref": [12.1],
		"snr_dB_ISO15739_at_13pct_Lref": [21.65],
		"DynamicRange_at_density_2": [1801],
		"DynamicRange_total": [0],
		"DynamicRange_from_slope_OD": [1.95],
		"DynamicRange_from_slope_EV": [6.474],
		"DynamicRange_from_slope_dB": [39],
		"SNR_BW_dB_RGBY": [21.61,25.53,23.47,27.01],
		"L_noise": [3.725,2.736,1.803,1.53,1.687],
		"a_noise": [5.852,6.11,4.583,3.829,3.471],
		"b_noise": [5.473,5.772,4.347,3.689,3.309],
		"Total_Lab_noise_unwtd": [8.836,8.839,6.569,5.533,5.084],
		"Total_ab_noise_unwtd": [8.013,8.405,6.317,5.317,4.796],
		"R_minus_Y_KK_noise": [0.03595,0.03392,0.02625,0.02287,0.02149],
		"B_minus_Y_KK_noise": [0.03749,0.03256,0.02601,0.02351,0.02208],
		"Y_Kelly_Keelan_noise": [0.03405,0.02301,0.01608,0.01448,0.01665],
		"Total_KK_noise": [0.04054,0.03072,0.02259,0.02011,0.02119],
		"Chroma_KK_noise": [0.02201,0.02035,0.01587,0.01395,0.01311],
		"Total_old_iso_noise": [0.04703,0.03789,0.02842,0.02516,0.02551],
		"Y_noise_from_YUV": [0.03405,0.02301,0.01608,0.01448,0.01665],