{
	"jsonResults": {
		"dateRun": "13-May-2025 14:57:05",
		"ini_time_size": "13-May-2025 14:47:26 19023B  MD5 = f342b24a34f4f9a9d1ee09fe9c9baa3b",
		"version": "Imatest 24.2.6 Master Color/Tone Auto",
		"build": "2025-03-20",
		"image_file": "potted plant_55.0 mm_25600ISO_-3EV_Dist2_OFF_Defocus1.tiff",
		"ColorSpace": "sRGB",
		"Reference": "Default values",
		"Ref_folder": "/usr/local/Imatest/v24.2/Master/",
		"Gamma": [0.3049],
		"patches_for_gamma_start_end": [1,5],
		"exposure_error_normalized_y_channel": [-0.273],
		"mean_camera_Saturation_Pct": ["_NaN_"],
		"mean_chroma_level_CPIQ_Pct": ["_NaN_"],
		"CPIQ_chroma_quality_loss_JND": ["_NaN_"],
		"CPIQ_exposure_quality_loss_JND": ["_NaN_"],
		"pixel_offset": [0],
		"mean_patch_size_pxls": [274,303],
		"roi_settings": "Recent ROI settings are in roi, nwid_save, nht_save, fillf, and distort (same names as ini file)",
		"roi": [3013,1351,4727,1725,3013,1727,4727,1343],
		"nwid_save": [6024],
		"nht_save": [4020],
		"fillf": [0.8],
		"distort": [0],
		"grayscale_zone": [1,2,3,4,5],
		"grayscale_minus_log_exposure": [2,1.513,1.025,0.5375,0.05],
		"grayscale_Y_reflectivity": [0.01,0.03073,0.09441,0.2901,0.8913],
		"grayscale_Y_Printer_pixel_gamma22": [33.13,55.18,91.91,153.1,255],
		"grayscale_Y_density": [0.7158,0.8541,1.003,1.112,1.168],
		"grayscale_R_density": [0.7136,0.8007,0.8692,0.9207,0.9374],
		"grayscale_G_density": [0.7183,0.8743,1.059,1.202,1.286],
		"grayscale_B_density": [0.6986,0.8271,0.9425,1.023,1.056],
		"grayscale_Y_mean": [49.06,35.68,25.34,19.71,17.32],
		"grayscale_R_mean": [49.31,40.35,34.46,30.61,29.45],
		"grayscale_G_mean": [48.78,34.06,22.25,16.02,13.2],
		"grayscale_B_mean": [51.04,37.97,29.11,24.18,22.44],
		"White_Bal_error_Degrees": [323.4,-397.4,-1432,-2210,-2724],
		"White_Bal_error_Mired": [-7.293,10.02,43.49,79.25,111],
		"White_Bal_error_S_HSV": [0.04428,0.1559,0.3545,0.4766,0.5518],
		"White_Bal_error_Delta_C_ab": [1.56,4.157,8.001,9.239,9.594],
		"White_Bal_error_Delta_C_94": [1.56,4.157,8.001,9.239,9.594],
		"White_Bal_error_Delta_C_00": [1.712,5.286,9.261,10.38,10.69],
		"n_Patch": [1,2,3,4,5],
		"n_Row": [1,1,1,1,1],
		"n_Column": [1,2,3,4,5],
		"width_pixels": [275,276,275,275,275],
		"height_pixels": [305,305,305,305,305],
		"Pixels_total": [83875,84180,83875,83875,83875],
		"R_reference": [242.4,146.6,86.6,49.01,25.46],
		"G_reference": [242.4,146.6,86.6,49.01,25.46],
		"B_reference": [242.4,146.6,86.6,49.01,25.46],
		"R_input": [49.31,40.35,34.46,30.61,29.45],
		"G_input": [48.78,34.06,22.25,16.02,13.2],
		"B_input": [51.04,37.97,29.11,24.18,22.44],
		"L_reference": [95.63,60.79,36.82,20.33,8.991],
		"a_reference": [0,0,0,0,0],
		"b_reference": [0,0,0,0,0],
		"L_input": [20.36,14.09,9.163,6.533,5.605],
		"a_input": [0.7669,3.869,7.64,8.879,9.232],
		"b_input": [-1.359,-1.523,-2.376,-2.552,-2.611],
		"x_reference": [0.3127,0.3127,0.3127,0.3127,0.3127],
		"y_reference": [0.329,0.329,0.329,0.329,0.329],
		"Y_reference": [0.8913,0.2901,0.09441,0.03073,0.01],
		"x_input": [0.3086,0.3218,0.3386,0.349,0.3554],
		"y_input": [0.3199,0.31,0.2904,0.2787,0.2705],
		"Y_input": [0.03078,0.01746,0.01021,0.007232,0.006205],
		"LUV_comment": "L2 is used to differentiate between the L in LAB and L in LUV.",
		"L2_reference": [805.1,262,85.28,27.75,9.033],
		"U_reference": [0.1978,0.1978,0.1978,0.1978,0.1978],
		"V_reference": [0.4683,0.4683,0.4683,0.4683,0.4683],
		"L2_input": [27.81,15.77,9.22,6.533,5.605],
		"U_input": [0.1984,0.2118,0.2332,0.2473,0.2568],
		"V_input": [0.4628,0.4592,0.45,0.4443,0.4398],
		"patch_numbers_for_all_Delta_E_C": [1,2,3,4,5],
		"Delta_E_all": [75.3,46.9,28.8,16.6,10.2],
		"Delta_C_all": [1.56,4.16,8,9.24,9.59],
		"Delta_E94_all": [75.3,46.9,28.8,16.6,10.2],
		"Delta_C94_all": [1.56,4.16,8,9.24,9.59],
		"Delta_E2000_all": [68.2,40,21.8,13.7,10.9],
		"Delta_C2000_all": [1.71,5.29,9.26,10.4,10.7],
		"Delta_L_all": [-75.3,-46.7,-27.7,-13.8,-3.39],
		"Delta_Chroma_all": [1.56,4.16,8,9.24,9.59],
		"Delta_Hue_Distance_all": [0,0,0,0,0],
		"Delta_Hue_Degrees_all": [0,0,0,0,0],
		"sat_corr_comment": "sat_corr explained on https://www.imatest.com/docs/colorcheck/#satcorr - not recommended.",
		"Delta_C_all_sat_corr": ["_NaN_","_NaN_","_NaN_","_NaN_","_NaN_"],
		"Delta_C94_all_sat_corr": ["_NaN_","_NaN_","_NaN_","_NaN_","_NaN_"],
		"Delta_C2000_all_sat_corr": ["_NaN_","_NaN_","_NaN_","_NaN_","_NaN_"],
		"grayscale_patch_numbers": [1,2,3,4,5],
		"Delta_E": [75.3,46.9,28.8,16.6,10.2],
		"Delta_C": [1.56,4.16,8,9.24,9.59],
		"Delta_E94": [75.3,46.9,28.8,16.6,10.2],
		"Delta_C94": [1.56,4.16,8,9.24,9.59],
		"Delta_E2000": [68.2,40,21.8,13.7,10.9],
		"Delta_C2000": [1.71,5.29,9.26,10.4,10.7],
		"Delta_L": [-75.3,-46.7,-27.7,-13.8,-3.39],
		"Delta_Chroma": [1.56,4.16,8,9.24,9.59],
		"Delta_Hue_Distance": [0,0,0,0,0],
		"Delta_Hue_Degrees": [0,0,0,0,0],
		"mean_Delta_E": [35.5],
		"mean_Delta_C": [6.51],
		"mean_Delta_E94": [35.5],
		"mean_Delta_C94": [6.51],
		"mean_Delta_E2000": [30.9],
		"mean_Delta_C2000": [7.47],
		"mean_Delta_L": [-33.4],
		"mean_Delta_Chroma": [6.51],
		"mean_Delta_Hue_Distance": [0],
		"mean_Delta_Hue_Degrees": [0],
		"mean_Delta_C_sat_corr": ["_NaN_"],
		"mean_Delta_C94_sat_corr": ["_NaN_"],
		"mean_Delta_C2000_sat_corr": ["_NaN_"],
		"max_Delta_E": [75.3],
		"max_Delta_C": [9.59],
		"max_Delta_E94": [75.3],
		"max_Delta_C94": [9.59],
		"max_Delta_E2000": [68.2],
		"max_Delta_C2000": [10.7],
		"max_Delta_L": [-3.39],
		"max_Delta_Chroma": [9.59],
		"max_Delta_Hue_Distance": [0],
		"max_Delta_Hue_Degrees": [0],
		"max_Delta_C_sat_corr": ["_NaN_"],
		"max_Delta_C94_sat_corr": ["_NaN_"],
		"max_Delta_C2000_sat_corr": ["_NaN_"],
		"mean_RegionSize": [83660.8],
		"Sequence_dark_to_light": [5,4,3,2,1],
		"Patch_number": [5,4,3,2,1],
		"R_noise": [0.09925,0.1019,0.1082,0.1169,0.1248],
		"G_noise": [0.06797,0.07352,0.08341,0.09325,0.09307],
		"B_noise": [0.08294,0.08616,0.09408,0.1032,0.1062],
		"R_SNR_ratio": [1.164,1.178,1.249,1.353,1.55],
		"G_SNR_ratio": [0.7616,0.8546,1.046,1.432,2.055],
		"B_SNR_ratio": [1.061,1.101,1.214,1.443,1.884],
		"R_SNR_dB": [1.317,1.42,1.931,2.627,3.806],
		"G_SNR_dB": [-2.365,-1.365,0.3912,3.121,6.258],
		"B_SNR_dB": [0.5127,0.8319,1.681,3.185,5.502],
		"Gb_noise": [0.05648,0.06051,0.06772,0.07474,0.07487],
		"Gb_SNR_ratio": [1.203,1.277,1.467,1.872,2.569],
		"Gb_SNR_dB": [1.603,2.127,3.33,5.446,8.197],
		"Y_f_stop_SNR_ratio": [0.4326,0.3842,0.2855,0.1604,0.1024],
		"Y_f_stop_SNR_dB": [-7.278,-8.309,-10.89,-15.89,-19.79],
		"quality_levels_for_DR": [
				"Low,",
				"Medium,",
				"M-H,",
				"High,"
		],
		"SigNoise_levels_for_DR": [1,0.5,0.25,0.1],
		"Dynamic_Range_f_stops": [0,0,0,0],
		"Dynamic_Range_dB": [0,0,0,0],
		"noise_ISO15739_pct": [1.946,2.491,4.529,8.377,9.986],
		"snr_ISO15739": [0.319,0.2904,0.2253,0.2084,0.3083],
		"noise_pct_ISO15739_at_13pct_Lref": ["_NaN_"],
		"snr_ISO15739_at_13pct_Lref": ["_NaN_"],
		"snr_dB_ISO15739_at_13pct_Lref": ["_NaN_"],
		"DynamicRange_at_density_2": [0],
		"DynamicRange_total": [0],
		"DynamicRange_from_slope_OD": [1.95],
		"DynamicRange_from_slope_EV": [6.474],
		"DynamicRange_from_slope_dB": [39],
		"SNR_BW_dB_RGBY": [-0.1388,1.827,0.9469,3.749],
		"L_noise": [6.35,6.76,7.485,8.108,7.883],
		"a_noise": [14.57,15.26,16.64,18.19,18.47],
		"b_noise": [14.06,14.72,16.44,18.25,18.51],
		"Total_Lab_noise_unwtd": [21.22,22.25,24.56,27.01,27.31],
		"Total_ab_noise_unwtd": [20.25,21.2,23.4,25.76,26.15],
		"R_minus_Y_KK_noise": [0.08729,0.09068,0.09776,0.1072,0.1127],
		"B_minus_Y_KK_noise": [0.0865,0.09101,0.1024,0.1154,0.1188],
		"Y_Kelly_Keelan_noise": [0.05648,0.06051,0.06772,0.07474,0.07487],
		"Total_KK_noise": [0.07729,0.08175,0.09042,0.09982,0.102],
		"Chroma_KK_noise": [0.05277,0.05498,0.05991,0.06617,0.06921],
		"Total_old_iso_noise": [0.09625,0.1012,0.1113,0.1228,0.1265],
		"Y_noise_from_YUV": [0.05647,0.0605,0.06772,0.07473,0.07486],
		"U_noise_from_YUV": [0.04065,0.04276,0.0481,0.05421,0.05583],
		"V_noise_from_YUV": [0.06817,0.07081,0.07635,0.08372,0.08805],