{
	"jsonResults": {
		"dateRun": "13-May-2025 14:57:05",
		"ini_time_size": "13-May-2025 14:47:26 19023B  MD5 = f342b24a34f4f9a9d1ee09fe9c9baa3b",
		"version": "Imatest 24.2.6 Master Color/Tone Auto",
		"build": "2025-03-20",
		"image_file": "potted plant_55.0 mm_6400ISO_0EV_Dist2_ON_Defocus1.tiff",
		"ColorSpace": "sRGB",
		"Reference": "Default values",
		"Ref_folder": "/usr/local/Imatest/v24.2/Master/",
		"Gamma": [0.347],
		"patches_for_gamma_start_end": [1,5],
		"exposure_error_normalized_y_channel": [-0.124],
		"mean_camera_Saturation_Pct": ["_NaN_"],
		"mean_chroma_level_CPIQ_Pct": ["_NaN_"],
		"CPIQ_chroma_quality_loss_JND": ["_NaN_"],
		"CPIQ_exposure_quality_loss_JND": ["_NaN_"],
		"pixel_offset": [0],
		"mean_patch_size_pxls": [274,303],
		"roi_settings": "Recent ROI settings are in roi, nwid_save, nht_save, fillf, and distort (same names as ini file)",
		"roi": [3013,1351,4727,1725,3013,1727,4727,1343],
		"nwid_save": [6024],
		"nht_save": [4020],
		"fillf": [0.8],
		"distort": [0],
		"grayscale_zone": [1,2,3,4,5],
		"grayscale_minus_log_exposure": [2,1.513,1.025,0.5375,0.05],
		"grayscale_Y_reflectivity": [0.01,0.03073,0.09441,0.2901,0.8913],
		"grayscale_Y_Printer_pixel_gamma22": [33.13,55.18,91.91,153.1,255],
		"grayscale_Y_density": [0.2403,0.3525,0.5217,0.7641,1.133],
		"grayscale_R_density": [0.2408,0.3561,0.53,0.7794,1.063],
		"grayscale_G_density": [0.2415,0.3521,0.5201,0.7595,1.161],
		"grayscale_B_density": [0.2263,0.3468,0.5137,0.7668,1.095],
		"grayscale_Y_mean": [146.7,113.2,76.71,43.89,18.76],
		"grayscale_R_mean": [146.5,112.3,75.25,42.38,22.07],
		"grayscale_G_mean": [146.2,113.4,77,44.37,17.61],
		"grayscale_B_mean": [151.4,114.8,78.13,43.63,20.49],
		"White_Bal_error_Degrees": [350.3,196.1,315.9,177.7,-398.1],
		"White_Bal_error_Mired": [-7.868,-4.506,-7.131,-4.093,10.04],
		"White_Bal_error_S_HSV": [0.03443,0.02125,0.0368,0.04488,0.2023],
		"White_Bal_error_Delta_C_ab": [2.946,0.9236,1.03,1.076,2.72],
		"White_Bal_error_Delta_C_94": [2.946,0.9236,1.03,1.076,2.72],
		"White_Bal_error_Delta_C_00": [2.985,0.9129,1.121,1.547,3.594],
		"n_Patch": [1,2,3,4,5],
		"n_Row": [1,1,1,1,1],
		"n_Column": [1,2,3,4,5],
		"width_pixels": [275,276,275,275,275],
		"height_pixels": [305,305,305,305,305],
		"Pixels_total": [83875,84180,83875,83875,83875],
		"R_reference": [242.4,146.6,86.6,49.01,25.46],
		"G_reference": [242.4,146.6,86.6,49.01,25.46],
		"B_reference": [242.4,146.6,86.6,49.01,25.46],
		"R_input": [146.5,112.3,75.25,42.38,22.07],
		"G_input": [146.2,113.4,77,44.37,17.61],
		"B_input": [151.4,114.8,78.13,43.63,20.49],
		"L_reference": [95.63,60.79,36.82,20.33,8.991],
		"a_reference": [0,0,0,0,0],
		"b_reference": [0,0,0,0,0],
		"L_input": [60.81,47.74,32.62,17.96,5.814],
		"a_input": [1.117,-0.1119,-0.4576,-1.063,2.513],
		"b_input": [-2.726,-0.9168,-0.9226,0.1669,-1.041],
		"x_reference": [0.3127,0.3127,0.3127,0.3127,0.3127],
		"y_reference": [0.329,0.329,0.329,0.329,0.329],
		"Y_reference": [0.8913,0.2901,0.09441,0.03073,0.01],
		"x_input": [0.308,0.3097,0.3076,0.309,0.322],
		"y_input": [0.3208,0.3262,0.3258,0.3323,0.3079],
		"Y_input": [0.2903,0.1659,0.07365,0.02508,0.006436],
		"LUV_comment": "L2 is used to differentiate between the L in LAB and L in LUV.",
		"L2_reference": [805.1,262,85.28,27.75,9.033],
		"U_reference": [0.1978,0.1978,0.1978,0.1978,0.1978],
		"V_reference": [0.4683,0.4683,0.4683,0.4683,0.4683],
		"L2_input": [262.2,149.9,66.53,22.66,5.814],
		"U_input": [0.1976,0.1968,0.1955,0.194,0.2129],
		"V_input": [0.4631,0.4664,0.4658,0.4695,0.458],
		"patch_numbers_for_all_Delta_E_C": [1,2,3,4,5],
		"Delta_E_all": [34.9,13.1,4.32,2.61,4.18],
		"Delta_C_all": [2.95,0.924,1.03,1.08,2.72],
		"Delta_E94_all": [34.9,13.1,4.32,2.61,4.18],
		"Delta_C94_all": [2.95,0.924,1.03,1.08,2.72],
		"Delta_E2000_all": [24.7,12.5,3.62,2.25,4.09],
		"Delta_C2000_all": [2.98,0.913,1.12,1.55,3.59],
		"Delta_L_all": [-34.8,-13,-4.19,-2.38,-3.18],
		"Delta_Chroma_all": [2.95,0.924,1.03,1.08,2.72],
		"Delta_Hue_Distance_all": [0,0,0,0,0],
		"Delta_Hue_Degrees_all": [0,0,0,0,0],
		"sat_corr_comment": "sat_corr explained on https://www.imatest.com/docs/colorcheck/#satcorr - not recommended.",
		"Delta_C_all_sat_corr": ["_NaN_","_NaN_","_NaN_","_NaN_","_NaN_"],
		"Delta_C94_all_sat_corr": ["_NaN_","_NaN_","_NaN_","_NaN_","_NaN_"],
		"Delta_C2000_all_sat_corr": ["_NaN_","_NaN_","_NaN_","_NaN_","_NaN_"],
		"grayscale_patch_numbers": [1,2,3,4,5],
		"Delta_E": [34.9,13.1,4.32,2.61,4.18],
		"Delta_C": [2.95,0.924,1.03,1.08,2.72],
		"Delta_E94": [34.9,13.1,4.32,2.61,4.18],
		"Delta_C94": [2.95,0.924,1.03,1.08,2.72],
		"Delta_E2000": [24.7,12.5,3.62,2.25,4.09],
		"Delta_C2000": [2.98,0.913,1.12,1.55,3.59],
		"Delta_L": [-34.8,-13,-4.19,-2.38,-3.18],
		"Delta_Chroma": [2.95,0.924,1.03,1.08,2.72],
		"Delta_Hue_Distance": [0,0,0,0,0],
		"Delta_Hue_Degrees": [0,0,0,0,0],
		"mean_Delta_E": [11.8],
		"mean_Delta_C": [1.74],
		"mean_Delta_E94": [11.8],
		"mean_Delta_C94": [1.74],
		"mean_Delta_E2000": [9.44],
		"mean_Delta_C2000": [2.03],
		"mean_Delta_L": [-11.5],
		"mean_Delta_Chroma": [1.74],
		"mean_Delta_Hue_Distance": [0],
		"mean_Delta_Hue_Degrees": [0],
		"mean_Delta_C_sat_corr": ["_NaN_"],
		"mean_Delta_C94_sat_corr": ["_NaN_"],
		"mean_Delta_C2000_sat_corr": ["_NaN_"],
		"max_Delta_E": [34.9],
		"max_Delta_C": [2.95],
		"max_Delta_E94": [34.9],
		"max_Delta_C94": [2.95],
		"max_Delta_E2000": [24.7],
		"max_Delta_C2000": [3.59],
		"max_Delta_L": [-2.38],
		"max_Delta_Chroma": [2.95],
		"max_Delta_Hue_Distance": [0],
		"max_Delta_Hue_Degrees": [0],
		"max_Delta_C_sat_corr": ["_NaN_"],
		"max_Delta_C94_sat_corr": ["_NaN_"],
		"max_Delta_C2000_sat_corr": ["_NaN_"],
		"mean_RegionSize": [83660.8],
		"Sequence_dark_to_light": [5,4,3,2,1],
		"Patch_number": [5,4,3,2,1],
		"R_noise": [0.06477,0.07098,0.05553,0.04505,0.04015],
		"G_noise": [0.04836,0.04049,0.03114,0.02767,0.02706],
		"B_noise": [0.05576,0.05511,0.04004,0.03399,0.03154],
		"R_SNR_ratio": [1.336,2.341,5.314,9.777,14.3],
		"G_SNR_ratio": [1.428,4.297,9.696,16.07,21.19],
		"B_SNR_ratio": [1.441,3.105,7.651,13.24,18.83],
		"R_SNR_dB": [2.518,7.39,14.51,19.8,23.11],
		"G_SNR_dB": [3.092,12.66,19.73,24.12,26.52],
		"B_SNR_dB": [3.172,9.84,17.67,22.44,25.5],
		"Gb_noise": [0.03915,0.03385,0.02628,0.02328,0.02295],
		"Gb_SNR_ratio": [1.879,5.085,11.45,19.08,25.06],
		"Gb_SNR_dB": [5.48,14.13,21.17,25.61,27.98],
		"Y_f_stop_SNR_ratio": [3.524,3.638,3.195,2.073,1.554],
		"Y_f_stop_SNR_dB": [10.94,11.22,10.09,6.33,3.83],
		"quality_levels_for_DR": [
				"Low,",
				"Medium,",
				"M-H,",
				"High,"
		],
		"SigNoise_levels_for_DR": [1,0.5,0.25,0.1],
		"Dynamic_Range_f_stops": [0,5.035,0,0],
		"Dynamic_Range_dB": [0,30.31,0,0],
		"noise_ISO15739_pct": [0.2919,0.3532,0.674,1.453,1.977],
		"snr_ISO15739": [2.205,7.102,10.93,11.42,14.68],
		"noise_pct_ISO15739_at_13pct_Lref": [1.744],
		"snr_ISO15739_at_13pct_Lref": [13.23],
		"snr_dB_ISO15739_at_13pct_Lref": [22.43],
		"DynamicRange_at_density_2": [1640],
		"DynamicRange_total": [0],
		"DynamicRange_from_slope_OD": [1.95],
		"DynamicRange_from_slope_EV": [6.474],
		"DynamicRange_from_slope_dB": [39],
		"SNR_BW_dB_RGBY": [19.03,23.27,21.48,24.77],
		"L_noise": [4.119,3.81,2.813,2.365,2.231],
		"a_noise": [10.29,10.35,7.641,6.084,5.217],
		"b_noise": [9.583,9.958,7.071,5.571,4.822],
		"Total_Lab_noise_unwtd": [14.65,14.86,10.78,8.581,7.446],
		"Total_ab_noise_unwtd": [14.06,14.36,10.41,8.249,7.104],
		"R_minus_Y_KK_noise": [0.05815,0.06102,0.0473,0.03849,0.03398],
		"B_minus_Y_KK_noise": [0.06163,0.05941,0.04397,0.03683,0.0334],
		"Y_Kelly_Keelan_noise": [0.03915,0.03385,0.02628,0.02328,0.02295],
		"Total_KK_noise": [0.05301,0.04995,0.03853,0.03278,0.03077],
		"Chroma_KK_noise": [0.03574,0.03674,0.02818,0.02308,0.0205],
		"Total_old_iso_noise": [0.06561,0.06398,0.04931,0.04131,0.038],
		"Y_noise_from_YUV": [0.03915,0.03385,0.02627,0.02328,0.02295],
		"U_noise_from_YUV": [0.02896,0.02792,0.02066,0.0173,0.01569],