{
	"jsonResults": {
		"dateRun": "13-May-2025 14:57:05",
		"ini_time_size": "13-May-2025 14:47:26 19023B  MD5 = f342b24a34f4f9a9d1ee09fe9c9baa3b",
		"version": "Imatest 24.2.6 Master Color/Tone Auto",
		"build": "2025-03-20",
		"image_file": "potted plant_55.0 mm_100ISO_-1EV_Dist2_OFF_Defocus1.tiff",
		"ColorSpace": "sRGB",
		"Reference": "Default values",
		"Ref_folder": "/usr/local/Imatest/v24.2/Master/",
		"Gamma": [0.365],
		"patches_for_gamma_start_end": [1,5],
		"exposure_error_normalized_y_channel": [-0.215],
		"mean_camera_Saturation_Pct": ["_NaN_"],
		"mean_chroma_level_CPIQ_Pct": ["_NaN_"],
		"CPIQ_chroma_quality_loss_JND": ["_NaN_"],
		"CPIQ_exposure_quality_loss_JND": ["_NaN_"],
		"pixel_offset": [0],
		"mean_patch_size_pxls": [274,303],
		"roi_settings": "Recent ROI settings are in roi, nwid_save, nht_save, fillf, and distort (same names as ini file)",
		"roi": [3013,1351,4727,1725,3013,1727,4727,1343],
		"nwid_save": [6024],
		"nht_save": [4020],
		"fillf": [0.8],
		"distort": [0],
		"grayscale_zone": [1,2,3,4,5],
		"grayscale_minus_log_exposure": [2,1.513,1.025,0.5375,0.05],
		"grayscale_Y_reflectivity": [0.01,0.03073,0.09441,0.2901,0.8913],
		"grayscale_Y_Printer_pixel_gamma22": [33.13,55.18,91.91,153.1,255],
		"grayscale_Y_density": [0.3988,0.5177,0.6957,0.9509,1.362],
		"grayscale_R_density": [0.4007,0.5205,0.6976,0.9479,1.353],
		"grayscale_G_density": [0.3994,0.5173,0.6958,0.9524,1.366],
		"grayscale_B_density": [0.3881,0.5139,0.6889,0.9456,1.352],
		"grayscale_Y_mean": [101.8,77.41,51.39,28.55,11.07],
		"grayscale_R_mean": [101.4,76.92,51.16,28.75,11.31],
		"grayscale_G_mean": [101.7,77.49,51.38,28.45,10.98],
		"grayscale_B_mean": [104.3,78.1,52.19,28.9,11.33],
		"White_Bal_error_Degrees": [280.9,130.9,167.8,50.25,28.59],
		"White_Bal_error_Mired": [-6.372,-3.037,-3.872,-1.18,-0.6736],
		"White_Bal_error_S_HSV": [0.0286,0.01512,0.01986,0.0156,0.03098],
		"White_Bal_error_Delta_C_ab": [1.613,0.4569,0.561,0.3677,0.1818],
		"White_Bal_error_Delta_C_94": [1.613,0.4569,0.561,0.3677,0.1818],
		"White_Bal_error_Delta_C_00": [1.625,0.4658,0.5637,0.4615,0.242],
		"n_Patch": [1,2,3,4,5],
		"n_Row": [1,1,1,1,1],
		"n_Column": [1,2,3,4,5],
		"width_pixels": [275,276,275,275,275],
		"height_pixels": [305,305,305,305,305],
		"Pixels_total": [83875,84180,83875,83875,83875],
		"R_reference": [242.4,146.6,86.6,49.01,25.46],
		"G_reference": [242.4,146.6,86.6,49.01,25.46],
		"B_reference": [242.4,146.6,86.6,49.01,25.46],
		"R_input": [101.4,76.92,51.16,28.75,11.31],
		"G_input": [101.7,77.49,51.38,28.45,10.98],
		"B_input": [104.3,78.1,52.19,28.9,11.33],
		"L_reference": [95.63,60.79,36.82,20.33,8.991],
		"a_reference": [0,0,0,0,0],
		"b_reference": [0,0,0,0,0],
		"L_input": [43.11,32.92,21.43,10.54,3.045],
		"a_input": [0.439,-0.1014,0.09505,0.2566,0.1447],
		"b_input": [-1.553,-0.4455,-0.5529,-0.2633,-0.1102],
		"x_reference": [0.3127,0.3127,0.3127,0.3127,0.3127],
		"y_reference": [0.329,0.329,0.329,0.329,0.329],
		"Y_reference": [0.8913,0.2901,0.09441,0.03073,0.01],
		"x_input": [0.3087,0.3106,0.3102,0.3122,0.3127],
		"y_input": [0.3231,0.3273,0.3258,0.3263,0.3255],
		"Y_input": [0.1323,0.07503,0.03358,0.01198,0.003371],
		"LUV_comment": "L2 is used to differentiate between the L in LAB and L in LUV.",
		"L2_reference": [805.1,262,85.28,27.75,9.033],
		"U_reference": [0.1978,0.1978,0.1978,0.1978,0.1978],
		"V_reference": [0.4683,0.4683,0.4683,0.4683,0.4683],
		"L2_input": [119.5,67.77,30.34,10.82,3.045],
		"U_input": [0.1973,0.197,0.1973,0.1985,0.1992],
		"V_input": [0.4646,0.4671,0.4662,0.4668,0.4664],
		"patch_numbers_for_all_Delta_E_C": [1,2,3,4,5],
		"Delta_E_all": [52.5,27.9,15.4,9.8,5.95],
		"Delta_C_all": [1.61,0.457,0.561,0.368,0.182],
		"Delta_E94_all": [52.5,27.9,15.4,9.8,5.95],
		"Delta_C94_all": [1.61,0.457,0.561,0.368,0.182],
		"Delta_E2000_all": [41,27.1,11.8,6.48,3.6],
		"Delta_C2000_all": [1.62,0.466,0.564,0.461,0.242],
		"Delta_L_all": [-52.5,-27.9,-15.4,-9.79,-5.95],
		"Delta_Chroma_all": [1.61,0.457,0.561,0.368,0.182],
		"Delta_Hue_Distance_all": [0,0,0,0,0],
		"Delta_Hue_Degrees_all": [0,0,0,0,0],
		"sat_corr_comment": "sat_corr explained on https://www.imatest.com/docs/colorcheck/#satcorr - not recommended.",
		"Delta_C_all_sat_corr": ["_NaN_","_NaN_","_NaN_","_NaN_","_NaN_"],
		"Delta_C94_all_sat_corr": ["_NaN_","_NaN_","_NaN_","_NaN_","_NaN_"],
		"Delta_C2000_all_sat_corr": ["_NaN_","_NaN_","_NaN_","_NaN_","_NaN_"],
		"grayscale_patch_numbers": [1,2,3,4,5],
		"Delta_E": [52.5,27.9,15.4,9.8,5.95],
		"Delta_C": [1.61,0.457,0.561,0.368,0.182],
		"Delta_E94": [52.5,27.9,15.4,9.8,5.95],
		"Delta_C94": [1.61,0.457,0.561,0.368,0.182],
		"Delta_E2000": [41,27.1,11.8,6.48,3.6],
		"Delta_C2000": [1.62,0.466,0.564,0.461,0.242],
		"Delta_L": [-52.5,-27.9,-15.4,-9.79,-5.95],
		"Delta_Chroma": [1.61,0.457,0.561,0.368,0.182],
		"Delta_Hue_Distance": [0,0,0,0,0],
		"Delta_Hue_Degrees": [0,0,0,0,0],
		"mean_Delta_E": [22.3],
		"mean_Delta_C": [0.636],
		"mean_Delta_E94": [22.3],
		"mean_Delta_C94": [0.636],
		"mean_Delta_E2000": [18],
		"mean_Delta_C2000": [0.672],
		"mean_Delta_L": [-22.3],
		"mean_Delta_Chroma": [0.636],
		"mean_Delta_Hue_Distance": [0],
		"mean_Delta_Hue_Degrees": [0],
		"mean_Delta_C_sat_corr": ["_NaN_"],
		"mean_Delta_C94_sat_corr": ["_NaN_"],
		"mean_Delta_C2000_sat_corr": ["_NaN_"],
		"max_Delta_E": [52.5],
		"max_Delta_C": [1.61],
		"max_Delta_E94": [52.5],
		"max_Delta_C94": [1.61],
		"max_Delta_E2000": [41],
		"max_Delta_C2000": [1.62],
		"max_Delta_L": [-5.95],
		"max_Delta_Chroma": [1.61],
		"max_Delta_Hue_Distance": [0],
		"max_Delta_Hue_Degrees": [0],
		"max_Delta_C_sat_corr": ["_NaN_"],
		"max_Delta_C94_sat_corr": ["_NaN_"],
		"max_Delta_C2000_sat_corr": ["_NaN_"],
		"mean_RegionSize": [83660.8],
		"Sequence_dark_to_light": [5,4,3,2,1],
		"Patch_number": [5,4,3,2,1],
		"R_noise": [0.01174,0.007258,0.006058,0.00649,0.007773],
		"G_noise": [0.01008,0.005121,0.003997,0.004789,0.006487],
		"B_noise": [0.00999,0.0062,0.005109,0.005541,0.006795],
		"R_SNR_ratio": [3.778,15.53,33.12,46.48,51.13],
		"G_SNR_ratio": [4.273,21.79,50.41,63.45,61.46],
		"B_SNR_ratio": [4.448,18.28,40.06,55.27,60.22],
		"R_SNR_dB": [11.54,23.83,30.4,33.34,34.17],
		"G_SNR_dB": [12.61,26.76,34.05,36.05,35.77],
		"B_SNR_dB": [12.96,25.24,32.05,34.85,35.59],
		"Gb_noise": [0.009473,0.004496,0.003335,0.004261,0.006126],
		"Gb_SNR_ratio": [4.584,24.9,60.43,71.24,65.16],
		"Gb_SNR_dB": [13.23,27.92,35.63,37.05,36.28],
		"Y_f_stop_SNR_ratio": [9.636,14.32,17.74,10.86,4.466],
		"Y_f_stop_SNR_dB": [19.68,23.12,24.98,20.71,13],
		"quality_levels_for_DR": [
				"Low,",
				"Medium,",
				"M-H,",
				"High,"
		],
		"SigNoise_levels_for_DR": [1,0.5,0.25,0.1],
		"Dynamic_Range_f_stops": [0,0,0,4.955],
		"Dynamic_Range_dB": [0,0,0,29.83],
		"noise_ISO15739_pct": [0.09061,0.06004,0.1084,0.3312,0.6502],
		"snr_ISO15739": [3.72,19.95,30.99,22.66,20.35],
		"noise_pct_ISO15739_at_13pct_Lref": [0.5406],
		"snr_ISO15739_at_13pct_Lref": [21.14],
		"snr_dB_ISO15739_at_13pct_Lref": [26.5],
		"DynamicRange_at_density_2": [5827],
		"DynamicRange_total": [0],
		"DynamicRange_from_slope_OD": [1.95],
		"DynamicRange_from_slope_EV": [6.474],
		"DynamicRange_from_slope_dB": [39],
		"SNR_BW_dB_RGBY": [32.92,35.56,34.29,36.57],
		"L_noise": [0.8981,0.569,0.3887,0.4656,0.6404],
		"a_noise": [0.8867,1.194,0.9739,0.8863,0.8097],
		"b_noise": [0.8709,1.193,0.9646,0.888,0.8337],
		"Total_Lab_noise_unwtd": [1.533,1.781,1.425,1.338,1.327],
		"Total_ab_noise_unwtd": [1.243,1.688,1.371,1.255,1.162],
		"R_minus_Y_KK_noise": [0.007268,0.005769,0.005186,0.005007,0.004795],
		"B_minus_Y_KK_noise": [0.007631,0.00633,0.005573,0.005484,0.005398],
		"Y_Kelly_Keelan_noise": [0.009473,0.004496,0.003335,0.004261,0.006126],
		"Total_KK_noise": [0.01047,0.005747,0.004622,0.005273,0.00682],
		"Chroma_KK_noise": [0.004457,0.003579,0.0032,0.003105,0.002996],
		"Total_old_iso_noise": [0.01153,0.006922,0.005771,0.006247,0.007544],