{
	"jsonResults": {
		"dateRun": "07-May-2025 15:41:17",
		"ini_time_size": "07-May-2025 15:38:48 9689B  MD5 = 0d65b9dbaf7752719a29f3cf5adccf4d",
		"version": "Imatest 24.2.6 Master Color/Tone Auto",
		"build": "2025-03-20",
		"image_file": "potted plant_55.0 mm_25600ISO_+1EV_Dist2_ON_Focused.tiff",
		"ColorSpace": "sRGB",
		"Reference": "Default values",
		"Ref_folder": "/usr/local/Imatest/v24.2/Master/",
		"Gamma": [0.3442],
		"patches_for_gamma_start_end": [1,5],
		"exposure_error_normalized_y_channel": [0.0313],
		"mean_camera_Saturation_Pct": ["_NaN_"],
		"mean_chroma_level_CPIQ_Pct": ["_NaN_"],
		"CPIQ_chroma_quality_loss_JND": ["_NaN_"],
		"CPIQ_exposure_quality_loss_JND": ["_NaN_"],
		"pixel_offset": [0],
		"mean_patch_size_pxls": [246,305],
		"roi_settings": "Recent ROI settings are in roi, nwid_save, nht_save, fillf, and distort (same names as ini file)",
		"roi": [2997,1320,4753,1747,2997,1752,4753,1307],
		"nwid_save": [6024],
		"nht_save": [4020],
		"fillf": [0.7],
		"distort": [0],
		"grayscale_zone": [1,2,3,4,5],
		"grayscale_minus_log_exposure": [2,1.513,1.025,0.5375,0.05],
		"grayscale_Y_reflectivity": [0.01,0.03073,0.09441,0.2901,0.8913],
		"grayscale_Y_Printer_pixel_gamma22": [33.13,55.18,91.91,153.1,255],
		"grayscale_Y_density": [0.1089,0.2201,0.3879,0.6376,0.9498],
		"grayscale_R_density": [0.1109,0.2255,0.4023,0.6509,0.842],
		"grayscale_G_density": [0.11,0.2194,0.3848,0.6341,0.993],
		"grayscale_B_density": [0.09219,0.2118,0.3782,0.6339,0.9049],
		"grayscale_Y_mean": [198.5,153.6,104.4,58.74,28.62],
		"grayscale_R_mean": [197.5,151.7,101,56.97,36.69],
		"grayscale_G_mean": [197.9,153.9,105.1,59.22,25.91],
		"grayscale_B_mean": [206.2,156.6,106.7,59.25,31.74],
		"White_Bal_error_Degrees": [464.2,298.3,477.1,288.4,-1156],
		"White_Bal_error_Mired": [-10.25,-6.75,-10.52,-6.536,33.27],
		"White_Bal_error_S_HSV": [0.04214,0.03105,0.05391,0.03846,0.2936],
		"White_Bal_error_Delta_C_ab": [4.419,1.72,1.924,1.013,6.884],
		"White_Bal_error_Delta_C_94": [4.419,1.72,1.924,1.013,6.884],
		"White_Bal_error_Delta_C_00": [4.245,1.674,2.261,1.42,8.221],
		"n_Patch": [1,2,3,4,5],
		"n_Row": [1,1,1,1,1],
		"n_Column": [1,2,3,4,5],
		"width_pixels": [247,247,247,247,246],
		"height_pixels": [307,307,307,307,308],
		"Pixels_total": [75829,75829,75829,75829,75768],
		"R_reference": [242.4,146.6,86.6,49.01,25.46],
		"G_reference": [242.4,146.6,86.6,49.01,25.46],
		"B_reference": [242.4,146.6,86.6,49.01,25.46],
		"R_input": [197.5,151.7,101,56.97,36.69],
		"G_input": [197.9,153.9,105.1,59.22,25.91],
		"B_input": [206.2,156.6,106.7,59.25,31.74],
		"L_reference": [95.63,60.79,36.82,20.33,8.991],
		"a_reference": [0,0,0,0,0],
		"b_reference": [0,0,0,0,0],
		"L_input": [80.05,63.46,44.17,24.76,10.74],
		"a_input": [1.413,-0.2357,-1.256,-0.9492,6.598],
		"b_input": [-4.187,-1.704,-1.458,-0.354,-1.965],
		"x_reference": [0.3127,0.3127,0.3127,0.3127,0.3127],
		"y_reference": [0.329,0.329,0.329,0.329,0.329],
		"Y_reference": [0.8913,0.2901,0.09441,0.03073,0.01],
		"x_input": [0.3064,0.3081,0.3049,0.3076,0.3346],
		"y_input": [0.3191,0.3248,0.3255,0.3289,0.2979],
		"Y_input": [0.5677,0.3214,0.1395,0.04338,0.01225],
		"LUV_comment": "L2 is used to differentiate between the L in LAB and L in LUV.",
		"L2_reference": [805.1,262,85.28,27.75,9.033],
		"U_reference": [0.1978,0.1978,0.1978,0.1978,0.1978],
		"V_reference": [0.4683,0.4683,0.4683,0.4683,0.4683],
		"L2_input": [512.8,290.3,126.1,39.18,11.07],
		"U_input": [0.1972,0.1962,0.1937,0.1943,0.2266],
		"V_input": [0.462,0.4654,0.4653,0.4675,0.454],
		"patch_numbers_for_all_Delta_E_C": [1,2,3,4,5],
		"Delta_E_all": [16.2,3.17,7.6,4.54,7.1],
		"Delta_C_all": [4.42,1.72,1.92,1.01,6.88],
		"Delta_E94_all": [16.2,3.17,7.6,4.54,7.1],
		"Delta_C94_all": [4.42,1.72,1.92,1.01,6.88],
		"Delta_E2000_all": [10.8,2.83,6.89,3.45,8.29],
		"Delta_C2000_all": [4.24,1.67,2.26,1.42,8.22],
		"Delta_L_all": [-15.6,2.67,7.35,4.43,1.75],
		"Delta_Chroma_all": [4.42,1.72,1.92,1.01,6.88],
		"Delta_Hue_Distance_all": [0,0,0,0,0],
		"Delta_Hue_Degrees_all": [0,0,0,0,0],
		"sat_corr_comment": "sat_corr explained on https://www.imatest.com/docs/colorcheck/#satcorr - not recommended.",
		"Delta_C_all_sat_corr": ["_NaN_","_NaN_","_NaN_","_NaN_","_NaN_"],
		"Delta_C94_all_sat_corr": ["_NaN_","_NaN_","_NaN_","_NaN_","_NaN_"],
		"Delta_C2000_all_sat_corr": ["_NaN_","_NaN_","_NaN_","_NaN_","_NaN_"],
		"grayscale_patch_numbers": [1,2,3,4,5],
		"Delta_E": [16.2,3.17,7.6,4.54,7.1],
		"Delta_C": [4.42,1.72,1.92,1.01,6.88],
		"Delta_E94": [16.2,3.17,7.6,4.54,7.1],
		"Delta_C94": [4.42,1.72,1.92,1.01,6.88],
		"Delta_E2000": [10.8,2.83,6.89,3.45,8.29],
		"Delta_C2000": [4.24,1.67,2.26,1.42,8.22],
		"Delta_L": [-15.6,2.67,7.35,4.43,1.75],
		"Delta_Chroma": [4.42,1.72,1.92,1.01,6.88],
		"Delta_Hue_Distance": [0,0,0,0,0],
		"Delta_Hue_Degrees": [0,0,0,0,0],
		"mean_Delta_E": [7.72],
		"mean_Delta_C": [3.19],
		"mean_Delta_E94": [7.72],
		"mean_Delta_C94": [3.19],
		"mean_Delta_E2000": [6.46],
		"mean_Delta_C2000": [3.56],
		"mean_Delta_L": [0.123],
		"mean_Delta_Chroma": [3.19],
		"mean_Delta_Hue_Distance": [0],
		"mean_Delta_Hue_Degrees": [0],
		"mean_Delta_C_sat_corr": ["_NaN_"],
		"mean_Delta_C94_sat_corr": ["_NaN_"],
		"mean_Delta_C2000_sat_corr": ["_NaN_"],
		"max_Delta_E": [16.2],
		"max_Delta_C": [6.88],
		"max_Delta_E94": [16.2],
		"max_Delta_C94": [6.88],
		"max_Delta_E2000": [10.8],
		"max_Delta_C2000": [8.22],
		"max_Delta_L": [7.35],
		"max_Delta_Chroma": [6.88],
		"max_Delta_Hue_Distance": [0],
		"max_Delta_Hue_Degrees": [0],
		"max_Delta_C_sat_corr": ["_NaN_"],
		"max_Delta_C94_sat_corr": ["_NaN_"],
		"max_Delta_C2000_sat_corr": ["_NaN_"],
		"mean_RegionSize": [75570],
		"Sequence_dark_to_light": [5,4,3,2,1],
		"Patch_number": [5,4,3,2,1],
		"R_noise": [0.1115,0.1273,0.1006,0.07204,0.06294],
		"G_noise": [0.08868,0.08832,0.0604,0.05007,0.04628],
		"B_noise": [0.09726,0.103,0.06974,0.05529,0.04888],
		"R_SNR_ratio": [1.291,1.755,3.937,8.259,12.31],
		"G_SNR_ratio": [1.146,2.629,6.827,12.05,16.77],
		"B_SNR_ratio": [1.28,2.256,6.002,11.11,16.55],
		"R_SNR_dB": [2.217,4.885,11.9,18.34,21.8],
		"G_SNR_dB": [1.183,8.397,16.68,21.62,24.49],
		"B_SNR_dB": [2.143,7.067,15.57,20.91,24.37],
		"Gb_noise": [0.07131,0.07196,0.0515,0.04189,0.03827],
		"Gb_SNR_ratio": [1.574,3.201,7.948,14.38,20.34],
		"Gb_SNR_dB": [3.941,10.11,18,23.16,26.17],
		"Y_f_stop_SNR_ratio": [2.837,2.719,2.23,1.274,1.023],
		"Y_f_stop_SNR_dB": [9.059,8.689,6.966,2.106,0.1951],
		"quality_levels_for_DR": [
				"Low,",
				"Medium,",
				"M-H,",
				"High,"
		],
		"SigNoise_levels_for_DR": [1,0.5,0.25,0.1],
		"Dynamic_Range_f_stops": [0,3.487,0,0],
		"Dynamic_Range_dB": [0,20.99,0,0],
		"noise_ISO15739_pct": [0.6975,0.97,1.639,3.21,4.074],
		"snr_ISO15739": [1.757,4.472,8.512,10.01,13.94],
		"noise_pct_ISO15739_at_13pct_Lref": [3.299],
		"snr_ISO15739_at_13pct_Lref": [10.42],
		"snr_dB_ISO15739_at_13pct_Lref": [20.35],
		"DynamicRange_at_density_2": [424.9],
		"DynamicRange_total": [0],
		"DynamicRange_from_slope_OD": [1.95],
		"DynamicRange_from_slope_EV": [6.474],
		"DynamicRange_from_slope_dB": [39],
		"SNR_BW_dB_RGBY": [17.62,20.78,19.92,22.33],
		"L_noise": [7.82,7.451,5.143,4.018,3.51],
		"a_noise": [17.35,17.73,12.44,9.239,8.023],
		"b_noise": [17.18,17.48,11.43,8.68,7.376],
		"Total_Lab_noise_unwtd": [25.64,25.99,17.66,13.3,11.45],
		"Total_ab_noise_unwtd": [24.42,24.9,16.89,12.68,10.9],
		"R_minus_Y_KK_noise": [0.1023,0.1132,0.08505,0.06199,0.05507],
		"B_minus_Y_KK_noise": [0.1075,0.1134,0.07582,0.06067,0.05405],
		"Y_Kelly_Keelan_noise": [0.07131,0.07196,0.0515,0.04189,0.03827],
		"Total_KK_noise": [0.09497,0.09941,0.07195,0.05613,0.05067],
		"Chroma_KK_noise": [0.06273,0.06858,0.05024,0.03737,0.03321],
		"Total_old_iso_noise": [0.1167,0.1242,0.09056,0.0693,0.06223],
		"Y_noise_from_YUV": [0.0713,0.07195,0.0515,0.04188,0.03826],
		"U_noise_from_YUV": [0.05053,0.05328,0.03562,0.02851,0.02539],
		"V_noise_from_YUV": [0.07985,0.08836,0.06642,0.04841,0.04301],