{
	"jsonResults": {
		"dateRun": "13-May-2025 14:57:05",
		"ini_time_size": "13-May-2025 14:47:26 19023B  MD5 = f342b24a34f4f9a9d1ee09fe9c9baa3b",
		"version": "Imatest 24.2.6 Master Color/Tone Auto",
		"build": "2025-03-20",
		"image_file": "potted plant_55.0 mm_1600ISO_-2EV_Dist2_ON_Defocus2.tiff",
		"ColorSpace": "sRGB",
		"Reference": "Default values",
		"Ref_folder": "/usr/local/Imatest/v24.2/Master/",
		"Gamma": [0.3717],
		"patches_for_gamma_start_end": [1,5],
		"exposure_error_normalized_y_channel": [-0.235],
		"mean_camera_Saturation_Pct": ["_NaN_"],
		"mean_chroma_level_CPIQ_Pct": ["_NaN_"],
		"CPIQ_chroma_quality_loss_JND": ["_NaN_"],
		"CPIQ_exposure_quality_loss_JND": ["_NaN_"],
		"pixel_offset": [0],
		"mean_patch_size_pxls": [274,303],
		"roi_settings": "Recent ROI settings are in roi, nwid_save, nht_save, fillf, and distort (same names as ini file)",
		"roi": [3013,1351,4727,1725,3013,1727,4727,1343],
		"nwid_save": [6024],
		"nht_save": [4020],
		"fillf": [0.8],
		"distort": [0],
		"grayscale_zone": [1,2,3,4,5],
		"grayscale_minus_log_exposure": [2,1.513,1.025,0.5375,0.05],
		"grayscale_Y_reflectivity": [0.01,0.03073,0.09441,0.2901,0.8913],
		"grayscale_Y_Printer_pixel_gamma22": [33.13,55.18,91.91,153.1,255],
		"grayscale_Y_density": [0.4666,0.5832,0.7644,1.032,1.311],
		"grayscale_R_density": [0.4638,0.5832,0.7697,1.036,1.25],
		"grayscale_G_density": [0.4689,0.584,0.7641,1.031,1.337],
		"grayscale_B_density": [0.4527,0.5758,0.7533,1.02,1.265],
		"grayscale_Y_mean": [87.09,66.57,43.86,23.71,12.45],
		"grayscale_R_mean": [87.65,66.58,43.34,23.44,14.33],
		"grayscale_G_mean": [86.63,66.46,43.9,23.72,11.75],
		"grayscale_B_mean": [89.91,67.73,45.01,24.37,13.86],
		"White_Bal_error_Degrees": [265.8,158.7,302,256.5,-76.52],
		"White_Bal_error_Mired": [-6.043,-3.668,-6.83,-5.841,1.833],
		"White_Bal_error_S_HSV": [0.03643,0.01877,0.03704,0.03781,0.1803],
		"White_Bal_error_Delta_C_ab": [2.079,0.8285,0.8061,0.5054,1.312],
		"White_Bal_error_Delta_C_94": [2.079,0.8285,0.8061,0.5054,1.312],
		"White_Bal_error_Delta_C_00": [2.296,0.8913,0.792,0.5012,1.757],
		"n_Patch": [1,2,3,4,5],
		"n_Row": [1,1,1,1,1],
		"n_Column": [1,2,3,4,5],
		"width_pixels": [275,276,275,275,275],
		"height_pixels": [305,305,305,305,305],
		"Pixels_total": [83875,84180,83875,83875,83875],
		"R_reference": [242.4,146.6,86.6,49.01,25.46],
		"G_reference": [242.4,146.6,86.6,49.01,25.46],
		"B_reference": [242.4,146.6,86.6,49.01,25.46],
		"R_input": [87.65,66.58,43.34,23.44,14.33],
		"G_input": [86.63,66.46,43.9,23.72,11.75],
		"B_input": [89.91,67.73,45.01,24.37,13.86],
		"L_reference": [95.63,60.79,36.82,20.33,8.991],
		"a_reference": [0,0,0,0,0],
		"b_reference": [0,0,0,0,0],
		"L_input": [37.02,28.23,17.94,8.1,3.471],
		"a_input": [1.111,0.3358,0.01654,0.03529,1.14],
		"b_input": [-1.757,-0.7574,-0.806,-0.5042,-0.6508],
		"x_reference": [0.3127,0.3127,0.3127,0.3127,0.3127],
		"y_reference": [0.329,0.329,0.329,0.329,0.329],
		"Y_reference": [0.8913,0.2901,0.09441,0.03073,0.01],
		"x_input": [0.3094,0.3105,0.3082,0.3089,0.3167],
		"y_input": [0.3208,0.325,0.3241,0.3246,0.3096],
		"Y_input": [0.09551,0.05542,0.02505,0.008968,0.003843],
		"LUV_comment": "L2 is used to differentiate between the L in LAB and L in LUV.",
		"L2_reference": [805.1,262,85.28,27.75,9.033],
		"U_reference": [0.1978,0.1978,0.1978,0.1978,0.1978],
		"V_reference": [0.4683,0.4683,0.4683,0.4683,0.4683],
		"L2_input": [86.28,50.06,22.62,8.101,3.471],
		"U_input": [0.1986,0.1978,0.1965,0.1968,0.2083],
		"V_input": [0.4634,0.4658,0.465,0.4654,0.4581],
		"patch_numbers_for_all_Delta_E_C": [1,2,3,4,5],
		"Delta_E_all": [58.6,32.6,18.9,12.2,5.67],
		"Delta_C_all": [2.08,0.828,0.806,0.505,1.31],
		"Delta_E94_all": [58.6,32.6,18.9,12.2,5.67],
		"Delta_C94_all": [2.08,0.828,0.806,0.505,1.31],
		"Delta_E2000_all": [47.5,30.6,14.2,8,3.77],
		"Delta_C2000_all": [2.3,0.891,0.792,0.501,1.76],
		"Delta_L_all": [-58.6,-32.6,-18.9,-12.2,-5.52],
		"Delta_Chroma_all": [2.08,0.828,0.806,0.505,1.31],
		"Delta_Hue_Distance_all": [0,0,0,0,0],
		"Delta_Hue_Degrees_all": [0,0,0,0,0],
		"sat_corr_comment": "sat_corr explained on https://www.imatest.com/docs/colorcheck/#satcorr - not recommended.",
		"Delta_C_all_sat_corr": ["_NaN_","_NaN_","_NaN_","_NaN_","_NaN_"],
		"Delta_C94_all_sat_corr": ["_NaN_","_NaN_","_NaN_","_NaN_","_NaN_"],
		"Delta_C2000_all_sat_corr": ["_NaN_","_NaN_","_NaN_","_NaN_","_NaN_"],
		"grayscale_patch_numbers": [1,2,3,4,5],
		"Delta_E": [58.6,32.6,18.9,12.2,5.67],
		"Delta_C": [2.08,0.828,0.806,0.505,1.31],
		"Delta_E94": [58.6,32.6,18.9,12.2,5.67],
		"Delta_C94": [2.08,0.828,0.806,0.505,1.31],
		"Delta_E2000": [47.5,30.6,14.2,8,3.77],
		"Delta_C2000": [2.3,0.891,0.792,0.501,1.76],
		"Delta_L": [-58.6,-32.6,-18.9,-12.2,-5.52],
		"Delta_Chroma": [2.08,0.828,0.806,0.505,1.31],
		"Delta_Hue_Distance": [0,0,0,0,0],
		"Delta_Hue_Degrees": [0,0,0,0,0],
		"mean_Delta_E": [25.6],
		"mean_Delta_C": [1.11],
		"mean_Delta_E94": [25.6],
		"mean_Delta_C94": [1.11],
		"mean_Delta_E2000": [20.8],
		"mean_Delta_C2000": [1.25],
		"mean_Delta_L": [-25.6],
		"mean_Delta_Chroma": [1.11],
		"mean_Delta_Hue_Distance": [0],
		"mean_Delta_Hue_Degrees": [0],
		"mean_Delta_C_sat_corr": ["_NaN_"],
		"mean_Delta_C94_sat_corr": ["_NaN_"],
		"mean_Delta_C2000_sat_corr": ["_NaN_"],
		"max_Delta_E": [58.6],
		"max_Delta_C": [2.08],
		"max_Delta_E94": [58.6],
		"max_Delta_C94": [2.08],
		"max_Delta_E2000": [47.5],
		"max_Delta_C2000": [2.3],
		"max_Delta_L": [-5.52],
		"max_Delta_Chroma": [2.08],
		"max_Delta_Hue_Distance": [0],
		"max_Delta_Hue_Degrees": [0],
		"max_Delta_C_sat_corr": ["_NaN_"],
		"max_Delta_C94_sat_corr": ["_NaN_"],
		"max_Delta_C2000_sat_corr": ["_NaN_"],
		"mean_RegionSize": [83660.8],
		"Sequence_dark_to_light": [5,4,3,2,1],
		"Patch_number": [5,4,3,2,1],
		"R_noise": [0.04209,0.04597,0.03683,0.02962,0.028],
		"G_noise": [0.03177,0.029,0.0209,0.01816,0.01881],
		"B_noise": [0.03699,0.03681,0.02733,0.02335,0.02313],
		"R_SNR_ratio": [1.335,2,4.615,8.814,12.28],
		"G_SNR_ratio": [1.45,3.208,8.237,14.35,18.06],
		"B_SNR_ratio": [1.469,2.596,6.457,11.38,15.24],
		"R_SNR_dB": [2.512,6.02,13.28,18.9,21.78],
		"G_SNR_dB": [3.229,10.12,18.32,23.14,25.13],
		"B_SNR_dB": [3.341,8.286,16.2,21.12,23.66],
		"Gb_noise": [0.02788,0.02472,0.01764,0.01528,0.0163],
		"Gb_SNR_ratio": [1.751,3.761,9.749,17.09,20.95],
		"Gb_SNR_dB": [4.868,11.51,19.78,24.65,26.42],
		"Y_f_stop_SNR_ratio": [3.047,3.425,2.941,1.538,0.9779],
		"Y_f_stop_SNR_dB": [9.676,10.69,9.371,3.741,-0.1943],
		"quality_levels_for_DR": [
				"Low,",
				"Medium,",
				"M-H,",
				"High,"
		],
		"SigNoise_levels_for_DR": [1,0.5,0.25,0.1],
		"Dynamic_Range_f_stops": [6.38,4.075,0,0],
		"Dynamic_Range_dB": [38.4,24.53,0,0],
		"noise_ISO15739_pct": [0.3638,0.4331,0.6817,1.37,2.019],
		"snr_ISO15739": [1.056,2.071,3.674,4.046,4.73],
		"noise_pct_ISO15739_at_13pct_Lref": [1.8],
		"snr_ISO15739_at_13pct_Lref": [4.499],
		"snr_dB_ISO15739_at_13pct_Lref": [13.06],
		"DynamicRange_at_density_2": [1456],
		"DynamicRange_total": [0],
		"DynamicRange_from_slope_OD": [1.95],
		"DynamicRange_from_slope_EV": [6.474],
		"DynamicRange_from_slope_dB": [39],
		"SNR_BW_dB_RGBY": [18.48,22.73,20.54,24.23],
		"L_noise": [2.745,2.816,2.065,1.698,1.74],
		"a_noise": [5.121,6.847,5.596,4.409,3.906],
		"b_noise": [4.835,6.412,5.252,4.199,3.734],
		"Total_Lab_noise_unwtd": [7.559,9.793,7.948,6.321,5.677],
		"Total_ab_noise_unwtd": [7.043,9.38,7.675,6.089,5.403],
		"R_minus_Y_KK_noise": [0.03381,0.03862,0.03127,0.02519,0.02304],
		"B_minus_Y_KK_noise": [0.03539,0.03907,0.02996,0.02537,0.02359],
		"Y_Kelly_Keelan_noise": [0.02788,0.02472,0.01764,0.01528,0.0163],
		"Total_KK_noise": [0.03473,0.03408,0.02575,0.02161,0.02151],
		"Chroma_KK_noise": [0.02072,0.02346,0.01876,0.01529,0.01404],
		"Total_old_iso_noise": [0.04134,0.04254,0.03287,0.02725,0.02636],
		"Y_noise_from_YUV": [0.02788,0.02472,0.01764,0.01528,0.0163],
		"U_noise_from_YUV": [0.01663,0.01836,0.01408,0.01192,0.01108],