{
	"jsonResults": {
		"dateRun": "13-May-2025 14:57:05",
		"ini_time_size": "13-May-2025 14:47:26 19023B  MD5 = f342b24a34f4f9a9d1ee09fe9c9baa3b",
		"version": "Imatest 24.2.6 Master Color/Tone Auto",
		"build": "2025-03-20",
		"image_file": "potted plant_55.0 mm_6400ISO_-3EV_Dist2_ON_Focused.tiff",
		"ColorSpace": "sRGB",
		"Reference": "Default values",
		"Ref_folder": "/usr/local/Imatest/v24.2/Master/",
		"Gamma": [0.4771],
		"patches_for_gamma_start_end": [1,5],
		"exposure_error_normalized_y_channel": [-0.27],
		"mean_camera_Saturation_Pct": ["_NaN_"],
		"mean_chroma_level_CPIQ_Pct": ["_NaN_"],
		"CPIQ_chroma_quality_loss_JND": ["_NaN_"],
		"CPIQ_exposure_quality_loss_JND": ["_NaN_"],
		"pixel_offset": [0],
		"mean_patch_size_pxls": [274,303],
		"roi_settings": "Recent ROI settings are in roi, nwid_save, nht_save, fillf, and distort (same names as ini file)",
		"roi": [3013,1351,4727,1725,3013,1727,4727,1343],
		"nwid_save": [6024],
		"nht_save": [4020],
		"fillf": [0.8],
		"distort": [0],
		"grayscale_zone": [1,2,3,4,5],
		"grayscale_minus_log_exposure": [2,1.513,1.025,0.5375,0.05],
		"grayscale_Y_reflectivity": [0.01,0.03073,0.09441,0.2901,0.8913],
		"grayscale_Y_Printer_pixel_gamma22": [33.13,55.18,91.91,153.1,255],
		"grayscale_Y_density": [0.675,0.8191,1.052,1.32,1.513],
		"grayscale_R_density": [0.685,0.8324,1.02,1.165,1.261],
		"grayscale_G_density": [0.6739,0.816,1.064,1.39,1.651],
		"grayscale_B_density": [0.6565,0.8117,1.026,1.236,1.371],
		"grayscale_Y_mean": [53.9,38.67,22.64,12.21,7.829],
		"grayscale_R_mean": [52.66,37.51,24.36,17.44,13.98],
		"grayscale_G_mean": [54.03,38.95,21.99,10.39,5.698],
		"grayscale_B_mean": [56.24,39.34,24.01,14.8,10.85],
		"White_Bal_error_Degrees": [564.5,334.5,-16.57,-1006,-1754],
		"White_Bal_error_Mired": [-12.29,-7.53,0.3931,28.18,56.87],
		"White_Bal_error_S_HSV": [0.06356,0.04662,0.0973,0.4043,0.5924],
		"White_Bal_error_Delta_C_ab": [1.592,0.741,1.937,3.192,3.219],
		"White_Bal_error_Delta_C_94": [1.592,0.741,1.937,3.192,3.219],
		"White_Bal_error_Delta_C_00": [1.539,0.9476,2.528,4.184,4.212],
		"n_Patch": [1,2,3,4,5],
		"n_Row": [1,1,1,1,1],
		"n_Column": [1,2,3,4,5],
		"width_pixels": [275,276,275,275,275],
		"height_pixels": [305,305,305,305,305],
		"Pixels_total": [83875,84180,83875,83875,83875],
		"R_reference": [242.4,146.6,86.6,49.01,25.46],
		"G_reference": [242.4,146.6,86.6,49.01,25.46],
		"B_reference": [242.4,146.6,86.6,49.01,25.46],
		"R_input": [52.66,37.51,24.36,17.44,13.98],
		"G_input": [54.03,38.95,21.99,10.39,5.698],
		"B_input": [56.24,39.34,24.01,14.8,10.85],
		"L_reference": [95.63,60.79,36.82,20.33,8.991],
		"a_reference": [0,0,0,0,0],
		"b_reference": [0,0,0,0,0],
		"L_input": [22.57,15.48,7.57,3.458,2.174],
		"a_input": [-0.064,-0.5575,1.658,2.987,3.006],
		"b_input": [-1.591,-0.4882,-1.002,-1.126,-1.152],
		"x_reference": [0.3127,0.3127,0.3127,0.3127,0.3127],
		"y_reference": [0.329,0.329,0.329,0.329,0.329],
		"Y_reference": [0.8913,0.2901,0.09441,0.03073,0.01],
		"x_input": [0.3045,0.3071,0.3149,0.3321,0.3412],
		"y_input": [0.3207,0.3271,0.3153,0.2911,0.2718],
		"Y_input": [0.03677,0.01999,0.00838,0.003828,0.002407],
		"LUV_comment": "L2 is used to differentiate between the L in LAB and L in LUV.",
		"L2_reference": [805.1,262,85.28,27.75,9.033],
		"U_reference": [0.1978,0.1978,0.1978,0.1978,0.1978],
		"V_reference": [0.4683,0.4683,0.4683,0.4683,0.4683],
		"L2_input": [33.21,18.06,7.57,3.458,2.174],
		"U_input": [0.1952,0.1946,0.2047,0.2279,0.2446],
		"V_input": [0.4626,0.4665,0.4612,0.4495,0.4385],
		"patch_numbers_for_all_Delta_E_C": [1,2,3,4,5],
		"Delta_E_all": [73.1,45.3,29.3,17.2,7.54],
		"Delta_C_all": [1.59,0.741,1.94,3.19,3.22],
		"Delta_E94_all": [73.1,45.3,29.3,17.2,7.54],
		"Delta_C94_all": [1.59,0.741,1.94,3.19,3.22],
		"Delta_E2000_all": [65.1,38.8,20.9,11.5,5.88],
		"Delta_C2000_all": [1.54,0.948,2.53,4.18,4.21],
		"Delta_L_all": [-73.1,-45.3,-29.2,-16.9,-6.82],
		"Delta_Chroma_all": [1.59,0.741,1.94,3.19,3.22],
		"Delta_Hue_Distance_all": [0,0,0,0,0],
		"Delta_Hue_Degrees_all": [0,0,0,0,0],
		"sat_corr_comment": "sat_corr explained on https://www.imatest.com/docs/colorcheck/#satcorr - not recommended.",
		"Delta_C_all_sat_corr": ["_NaN_","_NaN_","_NaN_","_NaN_","_NaN_"],
		"Delta_C94_all_sat_corr": ["_NaN_","_NaN_","_NaN_","_NaN_","_NaN_"],
		"Delta_C2000_all_sat_corr": ["_NaN_","_NaN_","_NaN_","_NaN_","_NaN_"],
		"grayscale_patch_numbers": [1,2,3,4,5],
		"Delta_E": [73.1,45.3,29.3,17.2,7.54],
		"Delta_C": [1.59,0.741,1.94,3.19,3.22],
		"Delta_E94": [73.1,45.3,29.3,17.2,7.54],
		"Delta_C94": [1.59,0.741,1.94,3.19,3.22],
		"Delta_E2000": [65.1,38.8,20.9,11.5,5.88],
		"Delta_C2000": [1.54,0.948,2.53,4.18,4.21],
		"Delta_L": [-73.1,-45.3,-29.2,-16.9,-6.82],
		"Delta_Chroma": [1.59,0.741,1.94,3.19,3.22],
		"Delta_Hue_Distance": [0,0,0,0,0],
		"Delta_Hue_Degrees": [0,0,0,0,0],
		"mean_Delta_E": [34.5],
		"mean_Delta_C": [2.14],
		"mean_Delta_E94": [34.5],
		"mean_Delta_C94": [2.14],
		"mean_Delta_E2000": [28.4],
		"mean_Delta_C2000": [2.68],
		"mean_Delta_L": [-34.3],
		"mean_Delta_Chroma": [2.14],
		"mean_Delta_Hue_Distance": [0],
		"mean_Delta_Hue_Degrees": [0],
		"mean_Delta_C_sat_corr": ["_NaN_"],
		"mean_Delta_C94_sat_corr": ["_NaN_"],
		"mean_Delta_C2000_sat_corr": ["_NaN_"],
		"max_Delta_E": [73.1],
		"max_Delta_C": [3.22],
		"max_Delta_E94": [73.1],
		"max_Delta_C94": [3.22],
		"max_Delta_E2000": [65.1],
		"max_Delta_C2000": [4.21],
		"max_Delta_L": [-6.82],
		"max_Delta_Chroma": [3.22],
		"max_Delta_Hue_Distance": [0],
		"max_Delta_Hue_Degrees": [0],
		"max_Delta_C_sat_corr": ["_NaN_"],
		"max_Delta_C94_sat_corr": ["_NaN_"],
		"max_Delta_C2000_sat_corr": ["_NaN_"],
		"mean_RegionSize": [83660.8],
		"Sequence_dark_to_light": [5,4,3,2,1],
		"Patch_number": [5,4,3,2,1],
		"R_noise": [0.05184,0.05778,0.06735,0.07131,0.06671],
		"G_noise": [0.0307,0.04063,0.04864,0.04245,0.03658],
		"B_noise": [0.04178,0.04879,0.05771,0.05663,0.04763],
		"R_SNR_ratio": [1.058,1.184,1.418,2.063,3.096],
		"G_SNR_ratio": [0.7278,1.003,1.773,3.599,5.792],
		"B_SNR_ratio": [1.018,1.19,1.632,2.724,4.63],
		"R_SNR_dB": [0.4857,1.465,3.036,6.289,9.816],
		"G_SNR_dB": [-2.76,0.02534,4.973,11.12,15.26],
		"B_SNR_dB": [0.1581,1.509,4.253,8.705,13.31],
		"Gb_noise": [0.02621,0.03336,0.03911,0.03528,0.03064],
		"Gb_SNR_ratio": [1.171,1.435,2.27,4.299,6.898],
		"Gb_SNR_dB": [1.373,3.136,7.12,12.67,16.77],
		"Y_f_stop_SNR_ratio": [1.203,1.073,0.8193,0.5374,0.4044],
		"Y_f_stop_SNR_dB": [1.606,0.6108,-1.731,-5.394,-7.864],
		"quality_levels_for_DR": [
				"Low,",
				"Medium,",
				"M-H,",
				"High,"
		],
		"SigNoise_levels_for_DR": [1,0.5,0.25,0.1],
		"Dynamic_Range_f_stops": [2.001,0,0,0],
		"Dynamic_Range_dB": [12.04,0,0,0],
		"noise_ISO15739_pct": [1.092,1.714,3.622,6.507,7.353],
		"snr_ISO15739": [0.2205,0.2234,0.2314,0.3073,0.5001],
		"noise_pct_ISO15739_at_13pct_Lref": [6.805],
		"snr_ISO15739_at_13pct_Lref": [0.3753],
		"snr_dB_ISO15739_at_13pct_Lref": [-8.513],
		"DynamicRange_at_density_2": [333.4],
		"DynamicRange_total": [0],
		"DynamicRange_from_slope_OD": [1.95],
		"DynamicRange_from_slope_EV": [6.474],
		"DynamicRange_from_slope_dB": [39],
		"SNR_BW_dB_RGBY": [7.207,11.71,9.209,13.32],
		"L_noise": [2.386,3.241,4.237,3.993,3.376],
		"a_noise": [6.781,8.469,10.93,10.68,9.417],
		"b_noise": [5.941,7.737,10.35,10.33,8.759],
		"Total_Lab_noise_unwtd": [9.326,11.92,15.64,15.39,13.3],
		"Total_ab_noise_unwtd": [9.016,11.47,15.05,14.86,12.86],
		"R_minus_Y_KK_noise": [0.04429,0.05102,0.06047,0.06152,0.05714],
		"B_minus_Y_KK_noise": [0.04259,0.05269,0.06483,0.06156,0.05255],
		"Y_Kelly_Keelan_noise": [0.02621,0.03336,0.03911,0.03528,0.03064],
		"Total_KK_noise": [0.03734,0.04565,0.05404,0.05132,0.04575],
		"Chroma_KK_noise": [0.02659,0.03115,0.03728,0.03727,0.03397],
		"Total_old_iso_noise": [0.04725,0.05677,0.0674,0.06537,0.05891],
		"Y_noise_from_YUV": [0.02621,0.03336,0.03911,0.03527,0.03064],
		"U_noise_from_YUV": [0.02001,0.02476,0.03046,0.02893,0.02469],