{
	"jsonResults": {
		"dateRun": "13-May-2025 14:57:05",
		"ini_time_size": "13-May-2025 14:47:26 19023B  MD5 = f342b24a34f4f9a9d1ee09fe9c9baa3b",
		"version": "Imatest 24.2.6 Master Color/Tone Auto",
		"build": "2025-03-20",
		"image_file": "potted plant_55.0 mm_1600ISO_-3EV_Dist2_OFF_Focused.tiff",
		"ColorSpace": "sRGB",
		"Reference": "Default values",
		"Ref_folder": "/usr/local/Imatest/v24.2/Master/",
		"Gamma": [0.428],
		"patches_for_gamma_start_end": [1,5],
		"exposure_error_normalized_y_channel": [-0.261],
		"mean_camera_Saturation_Pct": ["_NaN_"],
		"mean_chroma_level_CPIQ_Pct": ["_NaN_"],
		"CPIQ_chroma_quality_loss_JND": ["_NaN_"],
		"CPIQ_exposure_quality_loss_JND": ["_NaN_"],
		"pixel_offset": [0],
		"mean_patch_size_pxls": [274,303],
		"roi_settings": "Recent ROI settings are in roi, nwid_save, nht_save, fillf, and distort (same names as ini file)",
		"roi": [3013,1351,4727,1725,3013,1727,4727,1343],
		"nwid_save": [6024],
		"nht_save": [4020],
		"fillf": [0.8],
		"distort": [0],
		"grayscale_zone": [1,2,3,4,5],
		"grayscale_minus_log_exposure": [2,1.513,1.025,0.5375,0.05],
		"grayscale_Y_reflectivity": [0.01,0.03073,0.09441,0.2901,0.8913],
		"grayscale_Y_Printer_pixel_gamma22": [33.13,55.18,91.91,153.1,255],
		"grayscale_Y_density": [0.6015,0.7316,0.9402,1.273,1.661],
		"grayscale_R_density": [0.5993,0.7357,0.9518,1.246,1.467],
		"grayscale_G_density": [0.604,0.7314,0.9377,1.283,1.755],
		"grayscale_B_density": [0.583,0.7215,0.9316,1.253,1.555],
		"grayscale_Y_mean": [63.84,47.31,29.26,13.6,5.563],
		"grayscale_R_mean": [64.15,46.86,28.49,14.46,8.696],
		"grayscale_G_mean": [63.46,47.33,29.43,13.28,4.478],
		"grayscale_B_mean": [66.61,48.42,29.85,14.23,7.101],
		"White_Bal_error_Degrees": [373.9,267.3,307.1,-30.02,-1003],
		"White_Bal_error_Mired": [-8.368,-6.077,-6.941,0.7139,28.08],
		"White_Bal_error_S_HSV": [0.04725,0.03221,0.04549,0.0815,0.4851],
		"White_Bal_error_Delta_C_ab": [2.08,0.7736,0.5567,0.6241,1.588],
		"White_Bal_error_Delta_C_94": [2.08,0.7736,0.5567,0.6241,1.588],
		"White_Bal_error_Delta_C_00": [2.246,0.7623,0.6622,0.8531,2.172],
		"n_Patch": [1,2,3,4,5],
		"n_Row": [1,1,1,1,1],
		"n_Column": [1,2,3,4,5],
		"width_pixels": [275,276,275,275,275],
		"height_pixels": [305,305,305,305,305],
		"Pixels_total": [83875,84180,83875,83875,83875],
		"R_reference": [242.4,146.6,86.6,49.01,25.46],
		"G_reference": [242.4,146.6,86.6,49.01,25.46],
		"B_reference": [242.4,146.6,86.6,49.01,25.46],
		"R_input": [64.15,46.86,28.49,14.46,8.696],
		"G_input": [63.46,47.33,29.43,13.28,4.478],
		"B_input": [66.61,48.42,29.85,14.23,7.101],
		"L_reference": [95.63,60.79,36.82,20.33,8.991],
		"a_reference": [0,0,0,0,0],
		"b_reference": [0,0,0,0,0],
		"L_input": [27.02,19.55,10.9,3.834,1.526],
		"a_input": [1.007,0.05094,-0.3369,0.5419,1.468],
		"b_input": [-1.82,-0.7719,-0.4432,-0.3096,-0.6047],
		"x_reference": [0.3127,0.3127,0.3127,0.3127,0.3127],
		"y_reference": [0.329,0.329,0.329,0.329,0.329],
		"Y_reference": [0.8913,0.2901,0.09441,0.03073,0.01],
		"x_input": [0.308,0.3087,0.3077,0.3145,0.332],
		"y_input": [0.3188,0.3245,0.3265,0.3204,0.2856],
		"Y_input": [0.05102,0.02878,0.01247,0.004245,0.001689],
		"LUV_comment": "L2 is used to differentiate between the L in LAB and L in LUV.",
		"L2_reference": [805.1,262,85.28,27.75,9.033],
		"U_reference": [0.1978,0.1978,0.1978,0.1978,0.1978],
		"V_reference": [0.4683,0.4683,0.4683,0.4683,0.4683],
		"L2_input": [46.09,25.99,11.26,3.834,1.526],
		"U_input": [0.1984,0.1967,0.1952,0.2024,0.2305],
		"V_input": [0.462,0.4653,0.4662,0.4639,0.446],
		"patch_numbers_for_all_Delta_E_C": [1,2,3,4,5],
		"Delta_E_all": [68.6,41.2,25.9,16.5,7.63],
		"Delta_C_all": [2.08,0.774,0.557,0.624,1.59],
		"Delta_E94_all": [68.6,41.2,25.9,16.5,7.63],
		"Delta_C94_all": [2.08,0.774,0.557,0.624,1.59],
		"Delta_E2000_all": [59.3,36.4,18.7,10.6,4.98],
		"Delta_C2000_all": [2.25,0.762,0.662,0.853,2.17],
		"Delta_L_all": [-68.6,-41.2,-25.9,-16.5,-7.47],
		"Delta_Chroma_all": [2.08,0.774,0.557,0.624,1.59],
		"Delta_Hue_Distance_all": [0,0,0,0,0],
		"Delta_Hue_Degrees_all": [0,0,0,0,0],
		"sat_corr_comment": "sat_corr explained on https://www.imatest.com/docs/colorcheck/#satcorr - not recommended.",
		"Delta_C_all_sat_corr": ["_NaN_","_NaN_","_NaN_","_NaN_","_NaN_"],
		"Delta_C94_all_sat_corr": ["_NaN_","_NaN_","_NaN_","_NaN_","_NaN_"],
		"Delta_C2000_all_sat_corr": ["_NaN_","_NaN_","_NaN_","_NaN_","_NaN_"],
		"grayscale_patch_numbers": [1,2,3,4,5],
		"Delta_E": [68.6,41.2,25.9,16.5,7.63],
		"Delta_C": [2.08,0.774,0.557,0.624,1.59],
		"Delta_E94": [68.6,41.2,25.9,16.5,7.63],
		"Delta_C94": [2.08,0.774,0.557,0.624,1.59],
		"Delta_E2000": [59.3,36.4,18.7,10.6,4.98],
		"Delta_C2000": [2.25,0.762,0.662,0.853,2.17],
		"Delta_L": [-68.6,-41.2,-25.9,-16.5,-7.47],
		"Delta_Chroma": [2.08,0.774,0.557,0.624,1.59],
		"Delta_Hue_Distance": [0,0,0,0,0],
		"Delta_Hue_Degrees": [0,0,0,0,0],
		"mean_Delta_E": [32],
		"mean_Delta_C": [1.12],
		"mean_Delta_E94": [32],
		"mean_Delta_C94": [1.12],
		"mean_Delta_E2000": [26],
		"mean_Delta_C2000": [1.34],
		"mean_Delta_L": [-31.9],
		"mean_Delta_Chroma": [1.12],
		"mean_Delta_Hue_Distance": [0],
		"mean_Delta_Hue_Degrees": [0],
		"mean_Delta_C_sat_corr": ["_NaN_"],
		"mean_Delta_C94_sat_corr": ["_NaN_"],
		"mean_Delta_C2000_sat_corr": ["_NaN_"],
		"max_Delta_E": [68.6],
		"max_Delta_C": [2.08],
		"max_Delta_E94": [68.6],
		"max_Delta_C94": [2.08],
		"max_Delta_E2000": [59.3],
		"max_Delta_C2000": [2.25],
		"max_Delta_L": [-7.47],
		"max_Delta_Chroma": [2.08],
		"max_Delta_Hue_Distance": [0],
		"max_Delta_Hue_Degrees": [0],
		"max_Delta_C_sat_corr": ["_NaN_"],
		"max_Delta_C94_sat_corr": ["_NaN_"],
		"max_Delta_C2000_sat_corr": ["_NaN_"],
		"mean_RegionSize": [83660.8],
		"Sequence_dark_to_light": [5,4,3,2,1],
		"Patch_number": [5,4,3,2,1],
		"R_noise": [0.03308,0.04146,0.04314,0.03484,0.03002],
		"G_noise": [0.02016,0.02891,0.02445,0.01975,0.01845],
		"B_noise": [0.02673,0.03536,0.0333,0.02615,0.02319],
		"R_SNR_ratio": [1.031,1.368,2.59,5.274,8.38],
		"G_SNR_ratio": [0.871,1.801,4.721,9.4,13.49],
		"B_SNR_ratio": [1.042,1.579,3.515,7.262,11.27],
		"R_SNR_dB": [0.263,2.72,8.266,14.44,18.47],
		"G_SNR_dB": [-1.2,5.111,13.48,19.46,22.6],
		"B_SNR_dB": [0.3551,3.965,10.92,17.22,21.04],
		"Gb_noise": [0.01712,0.02337,0.02043,0.01662,0.01526],
		"Gb_SNR_ratio": [1.274,2.282,5.618,11.16,16.4],
		"Gb_SNR_dB": [2.105,7.168,14.99,20.95,24.3],
		"Y_f_stop_SNR_ratio": [2.622,2.518,1.998,1.228,1.136],
		"Y_f_stop_SNR_dB": [8.372,8.02,6.012,1.784,1.111],
		"quality_levels_for_DR": [
				"Low,",
				"Medium,",
				"M-H,",
				"High,"
		],
		"SigNoise_levels_for_DR": [1,0.5,0.25,0.1],
		"Dynamic_Range_f_stops": [0,3.231,0,0],
		"Dynamic_Range_dB": [0,19.45,0,0],
		"noise_ISO15739_pct": [0.3677,0.6644,1.237,2.282,2.873],
		"snr_ISO15739": [0.4594,0.6389,1.008,1.261,1.776],
		"noise_pct_ISO15739_at_13pct_Lref": [2.569],
		"snr_ISO15739_at_13pct_Lref": [1.511],
		"snr_dB_ISO15739_at_13pct_Lref": [3.588],
		"DynamicRange_at_density_2": [1162],
		"DynamicRange_total": [46.38],
		"DynamicRange_from_slope_OD": [1.95],
		"DynamicRange_from_slope_EV": [6.474],
		"DynamicRange_from_slope_dB": [39],
		"SNR_BW_dB_RGBY": [15.05,19.98,17.54,21.47],
		"L_noise": [1.314,2.122,2.44,1.931,1.703],
		"a_noise": [3.613,5.732,6.771,5.275,4.583],
		"b_noise": [3.262,5.417,6.419,4.988,4.286],
		"Total_Lab_noise_unwtd": [5.041,8.167,9.644,7.513,6.502],
		"Total_ab_noise_unwtd": [4.867,7.886,9.33,7.26,6.275],
		"R_minus_Y_KK_noise": [0.02827,0.03687,0.03691,0.02967,0.02593],
		"B_minus_Y_KK_noise": [0.02764,0.03952,0.03666,0.02867,0.02577],
		"Y_Kelly_Keelan_noise": [0.01712,0.02337,0.02043,0.01662,0.01526],
		"Total_KK_noise": [0.02415,0.0326,0.03026,0.02438,0.02189],
		"Chroma_KK_noise": [0.01704,0.02273,0.02232,0.01783,0.01569],
		"Total_old_iso_noise": [0.03044,0.04082,0.03878,0.03117,0.02774],
		"Y_noise_from_YUV": [0.01712,0.02336,0.02043,0.01662,0.01526],
		"U_noise_from_YUV": [0.01299,0.01857,0.01723,0.01347,0.01211],