{
	"jsonResults": {
		"dateRun": "07-May-2025 15:41:17",
		"ini_time_size": "07-May-2025 15:38:48 9689B  MD5 = 0d65b9dbaf7752719a29f3cf5adccf4d",
		"version": "Imatest 24.2.6 Master Color/Tone Auto",
		"build": "2025-03-20",
		"image_file": "potted plant_55.0 mm_100ISO_+1EV_Dist2_ON_Defocus1.tiff",
		"ColorSpace": "sRGB",
		"Reference": "Default values",
		"Ref_folder": "/usr/local/Imatest/v24.2/Master/",
		"Gamma": [0.3305],
		"patches_for_gamma_start_end": [1,5],
		"exposure_error_normalized_y_channel": [0.113],
		"mean_camera_Saturation_Pct": ["_NaN_"],
		"mean_chroma_level_CPIQ_Pct": ["_NaN_"],
		"CPIQ_chroma_quality_loss_JND": ["_NaN_"],
		"CPIQ_exposure_quality_loss_JND": ["_NaN_"],
		"pixel_offset": [0],
		"mean_patch_size_pxls": [246,305],
		"roi_settings": "Recent ROI settings are in roi, nwid_save, nht_save, fillf, and distort (same names as ini file)",
		"roi": [2997,1320,4753,1747,2997,1752,4753,1307],
		"nwid_save": [6024],
		"nht_save": [4020],
		"fillf": [0.7],
		"distort": [0],
		"grayscale_zone": [1,2,3,4,5],
		"grayscale_minus_log_exposure": [2,1.513,1.025,0.5375,0.05],
		"grayscale_Y_reflectivity": [0.01,0.03073,0.09441,0.2901,0.8913],
		"grayscale_Y_Printer_pixel_gamma22": [33.13,55.18,91.91,153.1,255],
		"grayscale_Y_density": [0.06398,0.1754,0.3365,0.5496,0.8327],
		"grayscale_R_density": [0.06728,0.1801,0.3401,0.5467,0.8246],
		"grayscale_G_density": [0.06408,0.1743,0.336,0.5509,0.8355],
		"grayscale_B_density": [0.05352,0.1724,0.3312,0.5451,0.8283],
		"grayscale_Y_mean": [220.1,170.3,117.5,71.94,37.49],
		"grayscale_R_mean": [218.4,168.4,116.5,72.42,38.19],
		"grayscale_G_mean": [220,170.7,117.6,71.72,37.24],
		"grayscale_B_mean": [225.4,171.4,118.9,72.68,37.86],
		"White_Bal_error_Degrees": [322,159,186.5,45.57,-39.5],
		"White_Bal_error_Mired": [-7.262,-3.673,-4.291,-1.071,0.9406],
		"White_Bal_error_S_HSV": [0.03119,0.01764,0.02028,0.0132,0.02479],
		"White_Bal_error_Delta_C_ab": [2.885,0.9461,0.8794,0.6918,0.6426],
		"White_Bal_error_Delta_C_94": [2.885,0.9461,0.8794,0.6918,0.6426],
		"White_Bal_error_Delta_C_00": [2.747,1.17,0.8799,0.873,0.8994],
		"n_Patch": [1,2,3,4,5],
		"n_Row": [1,1,1,1,1],
		"n_Column": [1,2,3,4,5],
		"width_pixels": [247,247,247,247,246],
		"height_pixels": [307,307,307,307,308],
		"Pixels_total": [75829,75829,75829,75829,75768],
		"R_reference": [242.4,146.6,86.6,49.01,25.46],
		"G_reference": [242.4,146.6,86.6,49.01,25.46],
		"B_reference": [242.4,146.6,86.6,49.01,25.46],
		"R_input": [218.4,168.4,116.5,72.42,38.19],
		"G_input": [220,170.7,117.6,71.72,37.24],
		"B_input": [225.4,171.4,118.9,72.68,37.86],
		"L_reference": [95.63,60.79,36.82,20.33,8.991],
		"a_reference": [0,0,0,0,0],
		"b_reference": [0,0,0,0,0],
		"L_input": [87.79,69.71,49.44,30.57,14.91],
		"a_input": [0.4462,-0.6626,-0.1612,0.5016,0.5863],
		"b_input": [-2.851,-0.6753,-0.8645,-0.4764,-0.2629],
		"x_reference": [0.3127,0.3127,0.3127,0.3127,0.3127],
		"y_reference": [0.329,0.329,0.329,0.329,0.329],
		"Y_reference": [0.8913,0.2901,0.09441,0.03073,0.01],
		"x_input": [0.308,0.31,0.3098,0.3123,0.3139],
		"y_input": [0.3231,0.328,0.3265,0.3262,0.3259],
		"Y_input": [0.7162,0.4034,0.1795,0.06469,0.01893],
		"LUV_comment": "L2 is used to differentiate between the L in LAB and L in LUV.",
		"L2_reference": [805.1,262,85.28,27.75,9.033],
		"U_reference": [0.1978,0.1978,0.1978,0.1978,0.1978],
		"V_reference": [0.4683,0.4683,0.4683,0.4683,0.4683],
		"L2_input": [647,364.4,162.2,58.43,17.1],
		"U_input": [0.1968,0.1964,0.1967,0.1986,0.1998],
		"V_input": [0.4644,0.4674,0.4665,0.4667,0.4669],
		"patch_numbers_for_all_Delta_E_C": [1,2,3,4,5],
		"Delta_E_all": [8.36,8.97,12.6,10.3,5.96],
		"Delta_C_all": [2.89,0.946,0.879,0.692,0.643],
		"Delta_E94_all": [8.36,8.97,12.6,10.3,5.96],
		"Delta_C94_all": [2.89,0.946,0.879,0.692,0.643],
		"Delta_E2000_all": [5.56,7.41,11.6,7.56,3.89],
		"Delta_C2000_all": [2.75,1.17,0.88,0.873,0.899],
		"Delta_L_all": [-7.85,8.92,12.6,10.2,5.92],
		"Delta_Chroma_all": [2.89,0.946,0.879,0.692,0.643],
		"Delta_Hue_Distance_all": [0,0,0,0,0],
		"Delta_Hue_Degrees_all": [0,0,0,0,0],
		"sat_corr_comment": "sat_corr explained on https://www.imatest.com/docs/colorcheck/#satcorr - not recommended.",
		"Delta_C_all_sat_corr": ["_NaN_","_NaN_","_NaN_","_NaN_","_NaN_"],
		"Delta_C94_all_sat_corr": ["_NaN_","_NaN_","_NaN_","_NaN_","_NaN_"],
		"Delta_C2000_all_sat_corr": ["_NaN_","_NaN_","_NaN_","_NaN_","_NaN_"],
		"grayscale_patch_numbers": [1,2,3,4,5],
		"Delta_E": [8.36,8.97,12.6,10.3,5.96],
		"Delta_C": [2.89,0.946,0.879,0.692,0.643],
		"Delta_E94": [8.36,8.97,12.6,10.3,5.96],
		"Delta_C94": [2.89,0.946,0.879,0.692,0.643],
		"Delta_E2000": [5.56,7.41,11.6,7.56,3.89],
		"Delta_C2000": [2.75,1.17,0.88,0.873,0.899],
		"Delta_L": [-7.85,8.92,12.6,10.2,5.92],
		"Delta_Chroma": [2.89,0.946,0.879,0.692,0.643],
		"Delta_Hue_Distance": [0,0,0,0,0],
		"Delta_Hue_Degrees": [0,0,0,0,0],
		"mean_Delta_E": [9.24],
		"mean_Delta_C": [1.21],
		"mean_Delta_E94": [9.24],
		"mean_Delta_C94": [1.21],
		"mean_Delta_E2000": [7.21],
		"mean_Delta_C2000": [1.31],
		"mean_Delta_L": [5.97],
		"mean_Delta_Chroma": [1.21],
		"mean_Delta_Hue_Distance": [0],
		"mean_Delta_Hue_Degrees": [0],
		"mean_Delta_C_sat_corr": ["_NaN_"],
		"mean_Delta_C94_sat_corr": ["_NaN_"],
		"mean_Delta_C2000_sat_corr": ["_NaN_"],
		"max_Delta_E": [12.6],
		"max_Delta_C": [2.89],
		"max_Delta_E94": [12.6],
		"max_Delta_C94": [2.89],
		"max_Delta_E2000": [11.6],
		"max_Delta_C2000": [2.75],
		"max_Delta_L": [12.6],
		"max_Delta_Chroma": [2.89],
		"max_Delta_Hue_Distance": [0],
		"max_Delta_Hue_Degrees": [0],
		"max_Delta_C_sat_corr": ["_NaN_"],
		"max_Delta_C94_sat_corr": ["_NaN_"],
		"max_Delta_C2000_sat_corr": ["_NaN_"],
		"mean_RegionSize": [75570],
		"Sequence_dark_to_light": [5,4,3,2,1],
		"Patch_number": [5,4,3,2,1],
		"R_noise": [0.02609,0.01477,0.006802,0.01116,0.01819],
		"G_noise": [0.02604,0.01398,0.004774,0.01015,0.01747],
		"B_noise": [0.02376,0.01282,0.005687,0.01059,0.0177],
		"R_SNR_ratio": [5.74,19.22,67.18,59.16,47.09],
		"G_SNR_ratio": [5.607,20.11,96.64,65.93,49.39],
		"B_SNR_ratio": [6.25,22.23,82.01,63.48,49.96],
		"R_SNR_dB": [15.18,25.68,36.54,35.44,33.46],
		"G_SNR_dB": [14.98,26.07,39.7,36.38,33.87],
		"B_SNR_dB": [15.92,26.94,38.28,36.05,33.97],
		"Gb_noise": [0.02559,0.01365,0.004187,0.009863,0.01732],
		"Gb_SNR_ratio": [5.745,20.67,110,67.7,49.84],
		"Gb_SNR_dB": [15.19,26.31,40.83,36.61,33.95],
		"Y_f_stop_SNR_ratio": [6.963,12.59,28.43,7.098,3.26],
		"Y_f_stop_SNR_dB": [16.86,22,29.08,17.02,10.26],
		"quality_levels_for_DR": [
				"Low,",
				"Medium,",
				"M-H,",
				"High,"
		],
		"SigNoise_levels_for_DR": [1,0.5,0.25,0.1],
		"Dynamic_Range_f_stops": [0,0,5.924,4.232],
		"Dynamic_Range_dB": [0,0,35.66,25.48],
		"noise_ISO15739_pct": [0.314,0.2331,0.1722,0.9596,2.29],
		"snr_ISO15739": [6.028,27.76,104.2,42.04,31.27],
		"noise_pct_ISO15739_at_13pct_Lref": [0.8226],
		"snr_ISO15739_at_13pct_Lref": [52.86],
		"snr_dB_ISO15739_at_13pct_Lref": [34.46],
		"DynamicRange_at_density_2": [711.2],
		"DynamicRange_total": [0],
		"DynamicRange_from_slope_OD": [1.95],
		"DynamicRange_from_slope_EV": [6.474],
		"DynamicRange_from_slope_dB": [39],
		"SNR_BW_dB_RGBY": [34.33,35.15,34.78,35.4],
		"L_noise": [2.975,1.474,0.4243,0.9406,1.582],
		"a_noise": [1.295,1.005,0.8803,0.8238,0.7943],
		"b_noise": [1.35,1.033,0.9169,0.8589,0.8495],
		"Total_Lab_noise_unwtd": [3.515,2.061,1.34,1.517,1.963],
		"Total_ab_noise_unwtd": [1.871,1.441,1.271,1.19,1.163],
		"R_minus_Y_KK_noise": [0.006383,0.005595,0.00535,0.005386,0.005411],
		"B_minus_Y_KK_noise": [0.007486,0.006317,0.006089,0.006097,0.006327],
		"Y_Kelly_Keelan_noise": [0.02559,0.01365,0.004187,0.009863,0.01732],
		"Total_KK_noise": [0.0259,0.01409,0.005365,0.01042,0.01765],
		"Chroma_KK_noise": [0.004037,0.003499,0.003354,0.003371,0.003419],
		"Total_old_iso_noise": [0.02626,0.01458,0.006464,0.01104,0.01803],
		"Y_noise_from_YUV": [0.02559,0.01365,0.004187,0.009863,0.01732],