{
	"jsonResults": {
		"dateRun": "13-May-2025 14:57:05",
		"ini_time_size": "13-May-2025 14:47:26 19023B  MD5 = f342b24a34f4f9a9d1ee09fe9c9baa3b",
		"version": "Imatest 24.2.6 Master Color/Tone Auto",
		"build": "2025-03-20",
		"image_file": "potted plant_55.0 mm_6400ISO_-2EV_Dist2_ON_Defocus2.tiff",
		"ColorSpace": "sRGB",
		"Reference": "Default values",
		"Ref_folder": "/usr/local/Imatest/v24.2/Master/",
		"Gamma": [0.4079],
		"patches_for_gamma_start_end": [1,5],
		"exposure_error_normalized_y_channel": [-0.249],
		"mean_camera_Saturation_Pct": ["_NaN_"],
		"mean_chroma_level_CPIQ_Pct": ["_NaN_"],
		"CPIQ_chroma_quality_loss_JND": ["_NaN_"],
		"CPIQ_exposure_quality_loss_JND": ["_NaN_"],
		"pixel_offset": [0],
		"mean_patch_size_pxls": [274,303],
		"roi_settings": "Recent ROI settings are in roi, nwid_save, nht_save, fillf, and distort (same names as ini file)",
		"roi": [3013,1351,4727,1725,3013,1727,4727,1343],
		"nwid_save": [6024],
		"nht_save": [4020],
		"fillf": [0.8],
		"distort": [0],
		"grayscale_zone": [1,2,3,4,5],
		"grayscale_minus_log_exposure": [2,1.513,1.025,0.5375,0.05],
		"grayscale_Y_reflectivity": [0.01,0.03073,0.09441,0.2901,0.8913],
		"grayscale_Y_Printer_pixel_gamma22": [33.13,55.18,91.91,153.1,255],
		"grayscale_Y_density": [0.528,0.6522,0.851,1.13,1.321],
		"grayscale_R_density": [0.5285,0.6601,0.8596,1.058,1.17],
		"grayscale_G_density": [0.5296,0.6508,0.8487,1.158,1.388],
		"grayscale_B_density": [0.5109,0.6433,0.8488,1.094,1.246],
		"grayscale_Y_mean": [75.61,56.8,35.94,18.9,12.17],
		"grayscale_R_mean": [75.52,55.78,35.23,22.32,17.22],
		"grayscale_G_mean": [75.32,56.99,36.13,17.72,10.44],
		"grayscale_B_mean": [78.64,57.98,36.12,20.51,14.48],
		"White_Bal_error_Degrees": [398.9,313.4,163.5,-468.6,-1043],
		"White_Bal_error_Mired": [-8.896,-7.076,-3.774,11.95,29.4],
		"White_Bal_error_S_HSV": [0.04218,0.03796,0.0247,0.2061,0.3938],
		"White_Bal_error_Delta_C_ab": [2.107,0.8514,0.4345,2.745,2.993],
		"White_Bal_error_Delta_C_94": [2.107,0.8514,0.4345,2.745,2.993],
		"White_Bal_error_Delta_C_00": [2.183,0.8906,0.6237,3.646,3.964],
		"n_Patch": [1,2,3,4,5],
		"n_Row": [1,1,1,1,1],
		"n_Column": [1,2,3,4,5],
		"width_pixels": [275,276,275,275,275],
		"height_pixels": [305,305,305,305,305],
		"Pixels_total": [83875,84180,83875,83875,83875],
		"R_reference": [242.4,146.6,86.6,49.01,25.46],
		"G_reference": [242.4,146.6,86.6,49.01,25.46],
		"B_reference": [242.4,146.6,86.6,49.01,25.46],
		"R_input": [75.52,55.78,35.23,22.32,17.22],
		"G_input": [75.32,56.99,36.13,17.72,10.44],
		"B_input": [78.64,57.98,36.12,20.51,14.48],
		"L_reference": [95.63,60.79,36.82,20.33,8.991],
		"a_reference": [0,0,0,0,0],
		"b_reference": [0,0,0,0,0],
		"L_input": [32.15,23.88,14.17,5.873,3.441],
		"a_input": [0.8164,-0.2844,-0.4112,2.568,2.826],
		"b_input": [-1.942,-0.8025,-0.1405,-0.9699,-0.9857],
		"x_reference": [0.3127,0.3127,0.3127,0.3127,0.3127],
		"y_reference": [0.329,0.329,0.329,0.329,0.329],
		"Y_reference": [0.8913,0.2901,0.09441,0.03073,0.01],
		"x_input": [0.3074,0.3078,0.3098,0.3231,0.3327],
		"y_input": [0.3196,0.3254,0.329,0.3087,0.294],
		"Y_input": [0.07153,0.04065,0.01759,0.006501,0.00381],
		"LUV_comment": "L2 is used to differentiate between the L in LAB and L in LUV.",
		"L2_reference": [805.1,262,85.28,27.75,9.033],
		"U_reference": [0.1978,0.1978,0.1978,0.1978,0.1978],
		"V_reference": [0.4683,0.4683,0.4683,0.4683,0.4683],
		"L2_input": [64.61,36.71,15.89,5.873,3.441],
		"U_input": [0.1977,0.1957,0.1958,0.2134,0.227],
		"V_input": [0.4624,0.4657,0.4679,0.4586,0.4513],
		"patch_numbers_for_all_Delta_E_C": [1,2,3,4,5],
		"Delta_E_all": [63.5,36.9,22.7,14.7,6.31],
		"Delta_C_all": [2.11,0.851,0.435,2.74,2.99],
		"Delta_E94_all": [63.5,36.9,22.7,14.7,6.31],
		"Delta_C94_all": [2.11,0.851,0.435,2.74,2.99],
		"Delta_E2000_all": [53,33.6,16.6,10,5.19],
		"Delta_C2000_all": [2.18,0.891,0.624,3.65,3.96],
		"Delta_L_all": [-63.5,-36.9,-22.7,-14.5,-5.55],
		"Delta_Chroma_all": [2.11,0.851,0.435,2.74,2.99],
		"Delta_Hue_Distance_all": [0,0,0,0,0],
		"Delta_Hue_Degrees_all": [0,0,0,0,0],
		"sat_corr_comment": "sat_corr explained on https://www.imatest.com/docs/colorcheck/#satcorr - not recommended.",
		"Delta_C_all_sat_corr": ["_NaN_","_NaN_","_NaN_","_NaN_","_NaN_"],
		"Delta_C94_all_sat_corr": ["_NaN_","_NaN_","_NaN_","_NaN_","_NaN_"],
		"Delta_C2000_all_sat_corr": ["_NaN_","_NaN_","_NaN_","_NaN_","_NaN_"],
		"grayscale_patch_numbers": [1,2,3,4,5],
		"Delta_E": [63.5,36.9,22.7,14.7,6.31],
		"Delta_C": [2.11,0.851,0.435,2.74,2.99],
		"Delta_E94": [63.5,36.9,22.7,14.7,6.31],
		"Delta_C94": [2.11,0.851,0.435,2.74,2.99],
		"Delta_E2000": [53,33.6,16.6,10,5.19],
		"Delta_C2000": [2.18,0.891,0.624,3.65,3.96],
		"Delta_L": [-63.5,-36.9,-22.7,-14.5,-5.55],
		"Delta_Chroma": [2.11,0.851,0.435,2.74,2.99],
		"Delta_Hue_Distance": [0,0,0,0,0],
		"Delta_Hue_Degrees": [0,0,0,0,0],
		"mean_Delta_E": [28.8],
		"mean_Delta_C": [1.83],
		"mean_Delta_E94": [28.8],
		"mean_Delta_C94": [1.83],
		"mean_Delta_E2000": [23.7],
		"mean_Delta_C2000": [2.26],
		"mean_Delta_L": [-28.6],
		"mean_Delta_Chroma": [1.83],
		"mean_Delta_Hue_Distance": [0],
		"mean_Delta_Hue_Degrees": [0],
		"mean_Delta_C_sat_corr": ["_NaN_"],
		"mean_Delta_C94_sat_corr": ["_NaN_"],
		"mean_Delta_C2000_sat_corr": ["_NaN_"],
		"max_Delta_E": [63.5],
		"max_Delta_C": [2.99],
		"max_Delta_E94": [63.5],
		"max_Delta_C94": [2.99],
		"max_Delta_E2000": [53],
		"max_Delta_C2000": [3.96],
		"max_Delta_L": [-5.55],
		"max_Delta_Chroma": [2.99],
		"max_Delta_Hue_Distance": [0],
		"max_Delta_Hue_Degrees": [0],
		"max_Delta_C_sat_corr": ["_NaN_"],
		"max_Delta_C94_sat_corr": ["_NaN_"],
		"max_Delta_C2000_sat_corr": ["_NaN_"],
		"mean_RegionSize": [83660.8],
		"Sequence_dark_to_light": [5,4,3,2,1],
		"Patch_number": [5,4,3,2,1],
		"R_noise": [0.05783,0.06407,0.07139,0.06555,0.05558],
		"G_noise": [0.04067,0.04766,0.04457,0.03522,0.03249],
		"B_noise": [0.04874,0.05577,0.05848,0.04669,0.04067],
		"R_SNR_ratio": [1.168,1.366,1.935,3.337,5.328],
		"G_SNR_ratio": [1.007,1.458,3.178,6.346,9.091],
		"B_SNR_ratio": [1.165,1.443,2.422,4.869,7.583],
		"R_SNR_dB": [1.348,2.709,5.736,10.47,14.53],
		"G_SNR_dB": [0.05763,3.274,10.04,16.05,19.17],
		"B_SNR_dB": [1.33,3.182,7.683,13.75,17.6],
		"Gb_noise": [0.03395,0.03874,0.03665,0.02994,0.02761],
		"Gb_SNR_ratio": [1.406,1.913,3.845,7.441,10.74],
		"Gb_SNR_dB": [2.961,5.634,11.7,17.43,20.62],
		"Y_f_stop_SNR_ratio": [1.649,1.604,1.252,0.7426,0.4797],
		"Y_f_stop_SNR_dB": [4.345,4.105,1.953,-2.585,-6.381],
		"quality_levels_for_DR": [
				"Low,",
				"Medium,",
				"M-H,",
				"High,"
		],
		"SigNoise_levels_for_DR": [1,0.5,0.25,0.1],
		"Dynamic_Range_f_stops": [3.834,0,0,0],
		"Dynamic_Range_dB": [23.08,0,0,0],
		"noise_ISO15739_pct": [0.7256,1.051,1.925,3.415,4.292],
		"snr_ISO15739": [0.5251,0.6188,0.9135,1.19,1.666],
		"noise_pct_ISO15739_at_13pct_Lref": [3.886],
		"snr_ISO15739_at_13pct_Lref": [1.446],
		"snr_dB_ISO15739_at_13pct_Lref": [3.203],
		"DynamicRange_at_density_2": [627],
		"DynamicRange_total": [33.92],
		"DynamicRange_from_slope_OD": [1.95],
		"DynamicRange_from_slope_EV": [6.474],
		"DynamicRange_from_slope_dB": [39],
		"SNR_BW_dB_RGBY": [10.61,16.01,13.56,17.42],
		"L_noise": [3.372,4.076,4.148,3.298,2.965],
		"a_noise": [8.285,10.11,10.99,9.04,7.681],
		"b_noise": [7.511,9.574,10.7,8.432,7.081],
		"Total_Lab_noise_unwtd": [11.68,14.51,15.89,12.79,10.86],
		"Total_ab_noise_unwtd": [11.18,13.92,15.34,12.36,10.45],
		"R_minus_Y_KK_noise": [0.05038,0.05706,0.06219,0.05561,0.04702],
		"B_minus_Y_KK_noise": [0.05083,0.06169,0.0641,0.0508,0.044],
		"Y_Kelly_Keelan_noise": [0.03395,0.03874,0.03665,0.02994,0.02761],
		"Total_KK_noise": [0.04569,0.05239,0.05276,0.04457,0.03936],
		"Chroma_KK_noise": [0.03059,0.03526,0.03796,0.03301,0.02805],
		"Total_old_iso_noise": [0.05648,0.06476,0.0669,0.05734,0.04987],
		"Y_noise_from_YUV": [0.03394,0.03874,0.03664,0.02994,0.02761],
		"U_noise_from_YUV": [0.02388,0.02899,0.03012,0.02387,0.02067],