{
	"jsonResults": {
		"dateRun": "13-May-2025 14:57:05",
		"ini_time_size": "13-May-2025 14:47:26 19023B  MD5 = f342b24a34f4f9a9d1ee09fe9c9baa3b",
		"version": "Imatest 24.2.6 Master Color/Tone Auto",
		"build": "2025-03-20",
		"image_file": "potted plant_55.0 mm_100ISO_-1EV_Dist2_ON_Defocus2.tiff",
		"ColorSpace": "sRGB",
		"Reference": "Default values",
		"Ref_folder": "/usr/local/Imatest/v24.2/Master/",
		"Gamma": [0.3551],
		"patches_for_gamma_start_end": [1,5],
		"exposure_error_normalized_y_channel": [-0.215],
		"mean_camera_Saturation_Pct": ["_NaN_"],
		"mean_chroma_level_CPIQ_Pct": ["_NaN_"],
		"CPIQ_chroma_quality_loss_JND": ["_NaN_"],
		"CPIQ_exposure_quality_loss_JND": ["_NaN_"],
		"pixel_offset": [0],
		"mean_patch_size_pxls": [274,303],
		"roi_settings": "Recent ROI settings are in roi, nwid_save, nht_save, fillf, and distort (same names as ini file)",
		"roi": [3013,1351,4727,1725,3013,1727,4727,1343],
		"nwid_save": [6024],
		"nht_save": [4020],
		"fillf": [0.8],
		"distort": [0],
		"grayscale_zone": [1,2,3,4,5],
		"grayscale_minus_log_exposure": [2,1.513,1.025,0.5375,0.05],
		"grayscale_Y_reflectivity": [0.01,0.03073,0.09441,0.2901,0.8913],
		"grayscale_Y_Printer_pixel_gamma22": [33.13,55.18,91.91,153.1,255],
		"grayscale_Y_density": [0.404,0.5188,0.6919,0.9305,1.206],
		"grayscale_R_density": [0.4069,0.5225,0.6948,0.9286,1.2],
		"grayscale_G_density": [0.4042,0.518,0.6916,0.9315,1.208],
		"grayscale_B_density": [0.3938,0.5153,0.6859,0.926,1.199],
		"grayscale_Y_mean": [100.6,77.23,51.84,29.93,15.87],
		"grayscale_R_mean": [99.91,76.57,51.49,30.05,16.07],
		"grayscale_G_mean": [100.5,77.36,51.87,29.86,15.78],
		"grayscale_B_mean": [103,77.85,52.56,30.24,16.13],
		"White_Bal_error_Degrees": [287.2,139.3,167.8,52.82,34.6],
		"White_Bal_error_Mired": [-6.511,-3.227,-3.871,-1.24,-0.8145],
		"White_Bal_error_S_HSV": [0.02981,0.01644,0.02031,0.01248,0.02124],
		"White_Bal_error_Delta_C_ab": [1.496,0.4613,0.4953,0.2957,0.2199],
		"White_Bal_error_Delta_C_94": [1.496,0.4613,0.4953,0.2957,0.2199],
		"White_Bal_error_Delta_C_00": [1.475,0.5115,0.4899,0.3594,0.2873],
		"n_Patch": [1,2,3,4,5],
		"n_Row": [1,1,1,1,1],
		"n_Column": [1,2,3,4,5],
		"width_pixels": [275,276,275,275,275],
		"height_pixels": [305,305,305,305,305],
		"Pixels_total": [83875,84180,83875,83875,83875],
		"R_reference": [242.4,146.6,86.6,49.01,25.46],
		"G_reference": [242.4,146.6,86.6,49.01,25.46],
		"B_reference": [242.4,146.6,86.6,49.01,25.46],
		"R_input": [99.91,76.57,51.49,30.05,16.07],
		"G_input": [100.5,77.36,51.87,29.86,15.78],
		"B_input": [103,77.85,52.56,30.24,16.13],
		"L_reference": [95.63,60.79,36.82,20.33,8.991],
		"a_reference": [0,0,0,0,0],
		"b_reference": [0,0,0,0,0],
		"L_input": [42.61,32.84,21.63,11.23,4.632],
		"a_input": [0.2716,-0.2097,-0.004753,0.1873,0.168],
		"b_input": [-1.471,-0.4109,-0.4953,-0.2288,-0.1419],
		"x_reference": [0.3127,0.3127,0.3127,0.3127,0.3127],
		"y_reference": [0.329,0.329,0.329,0.329,0.329],
		"Y_reference": [0.8913,0.2901,0.09441,0.03073,0.01],
		"x_input": [0.3085,0.3105,0.3101,0.3121,0.3126],
		"y_input": [0.3236,0.3276,0.3263,0.3268,0.3261],
		"Y_input": [0.129,0.07466,0.03414,0.01293,0.005128],
		"LUV_comment": "L2 is used to differentiate between the L in LAB and L in LUV.",
		"L2_reference": [805.1,262,85.28,27.75,9.033],
		"U_reference": [0.1978,0.1978,0.1978,0.1978,0.1978],
		"V_reference": [0.4683,0.4683,0.4683,0.4683,0.4683],
		"L2_input": [116.5,67.44,30.84,11.68,4.632],
		"U_input": [0.197,0.1968,0.197,0.1982,0.1988],
		"V_input": [0.4648,0.4672,0.4665,0.4671,0.4667],
		"patch_numbers_for_all_Delta_E_C": [1,2,3,4,5],
		"Delta_E_all": [53,27.9,15.2,9.11,4.37],
		"Delta_C_all": [1.5,0.461,0.495,0.296,0.22],
		"Delta_E94_all": [53,27.9,15.2,9.11,4.37],
		"Delta_C94_all": [1.5,0.461,0.495,0.296,0.22],
		"Delta_E2000_all": [41.5,27.2,11.7,6.04,2.67],
		"Delta_C2000_all": [1.48,0.512,0.49,0.359,0.287],
		"Delta_L_all": [-53,-27.9,-15.2,-9.1,-4.36],
		"Delta_Chroma_all": [1.5,0.461,0.495,0.296,0.22],
		"Delta_Hue_Distance_all": [0,0,0,0,0],
		"Delta_Hue_Degrees_all": [0,0,0,0,0],
		"sat_corr_comment": "sat_corr explained on https://www.imatest.com/docs/colorcheck/#satcorr - not recommended.",
		"Delta_C_all_sat_corr": ["_NaN_","_NaN_","_NaN_","_NaN_","_NaN_"],
		"Delta_C94_all_sat_corr": ["_NaN_","_NaN_","_NaN_","_NaN_","_NaN_"],
		"Delta_C2000_all_sat_corr": ["_NaN_","_NaN_","_NaN_","_NaN_","_NaN_"],
		"grayscale_patch_numbers": [1,2,3,4,5],
		"Delta_E": [53,27.9,15.2,9.11,4.37],
		"Delta_C": [1.5,0.461,0.495,0.296,0.22],
		"Delta_E94": [53,27.9,15.2,9.11,4.37],
		"Delta_C94": [1.5,0.461,0.495,0.296,0.22],
		"Delta_E2000": [41.5,27.2,11.7,6.04,2.67],
		"Delta_C2000": [1.48,0.512,0.49,0.359,0.287],
		"Delta_L": [-53,-27.9,-15.2,-9.1,-4.36],
		"Delta_Chroma": [1.5,0.461,0.495,0.296,0.22],
		"Delta_Hue_Distance": [0,0,0,0,0],
		"Delta_Hue_Degrees": [0,0,0,0,0],
		"mean_Delta_E": [21.9],
		"mean_Delta_C": [0.594],
		"mean_Delta_E94": [21.9],
		"mean_Delta_C94": [0.594],
		"mean_Delta_E2000": [17.8],
		"mean_Delta_C2000": [0.625],
		"mean_Delta_L": [-21.9],
		"mean_Delta_Chroma": [0.594],
		"mean_Delta_Hue_Distance": [0],
		"mean_Delta_Hue_Degrees": [0],
		"mean_Delta_C_sat_corr": ["_NaN_"],
		"mean_Delta_C94_sat_corr": ["_NaN_"],
		"mean_Delta_C2000_sat_corr": ["_NaN_"],
		"max_Delta_E": [53],
		"max_Delta_C": [1.5],
		"max_Delta_E94": [53],
		"max_Delta_C94": [1.5],
		"max_Delta_E2000": [41.5],
		"max_Delta_C2000": [1.48],
		"max_Delta_L": [-4.36],
		"max_Delta_Chroma": [1.5],
		"max_Delta_Hue_Distance": [0],
		"max_Delta_Hue_Degrees": [0],
		"max_Delta_C_sat_corr": ["_NaN_"],
		"max_Delta_C94_sat_corr": ["_NaN_"],
		"max_Delta_C2000_sat_corr": ["_NaN_"],
		"mean_RegionSize": [83660.8],
		"Sequence_dark_to_light": [5,4,3,2,1],
		"Patch_number": [5,4,3,2,1],
		"R_noise": [0.02289,0.01369,0.007673,0.006988,0.01106],
		"G_noise": [0.02228,0.01263,0.006067,0.005447,0.01055],
		"B_noise": [0.02277,0.01297,0.006615,0.006347,0.01142],
		"R_SNR_ratio": [2.753,8.607,26.32,42.97,35.43],
		"G_SNR_ratio": [2.778,9.273,33.53,55.69,37.39],
		"B_SNR_ratio": [2.777,9.142,31.16,48.1,35.36],
		"R_SNR_dB": [8.797,18.7,28.4,32.66,30.99],
		"G_SNR_dB": [8.874,19.34,30.51,34.92,31.45],
		"B_SNR_dB": [8.872,19.22,29.87,33.64,30.97],
		"Gb_noise": [0.02205,0.0124,0.00566,0.005033,0.0103],
		"Gb_SNR_ratio": [2.823,9.462,35.92,60.17,38.28],
		"Gb_SNR_dB": [9.013,19.52,31.11,35.59,31.66],
		"Y_f_stop_SNR_ratio": [5.489,11.72,10.12,3.511,1.544],
		"Y_f_stop_SNR_dB": [14.79,21.38,20.1,10.91,3.773],
		"quality_levels_for_DR": [
				"Low,",
				"Medium,",
				"M-H,",
				"High,"
		],
		"SigNoise_levels_for_DR": [1,0.5,0.25,0.1],
		"Dynamic_Range_f_stops": [0,5.819,4.555,3.249],
		"Dynamic_Range_dB": [0,35.03,27.42,19.56],
		"noise_ISO15739_pct": [0.2316,0.1775,0.1848,0.3823,1.071],
		"snr_ISO15739": [2.214,7.284,18.47,19.53,12.05],
		"noise_pct_ISO15739_at_13pct_Lref": [0.87],
		"snr_ISO15739_at_13pct_Lref": [14.23],
		"snr_dB_ISO15739_at_13pct_Lref": [23.06],
		"DynamicRange_at_density_2": [2424],
		"DynamicRange_total": [0],
		"DynamicRange_from_slope_OD": [1.95],
		"DynamicRange_from_slope_EV": [6.474],
		"DynamicRange_from_slope_dB": [39],
		"SNR_BW_dB_RGBY": [31.96,34.13,32.8,34.81],
		"L_noise": [2.538,1.521,0.6565,0.5503,1.083],
		"a_noise": [0.9531,1.172,0.9684,0.8703,0.8134],
		"b_noise": [0.9119,1.171,0.9586,0.8726,0.8349],
		"Total_Lab_noise_unwtd": [2.86,2.249,1.513,1.35,1.591],
		"Total_ab_noise_unwtd": [1.319,1.656,1.363,1.232,1.166],
		"R_minus_Y_KK_noise": [0.007005,0.005697,0.005191,0.004959,0.004819],
		"B_minus_Y_KK_noise": [0.007154,0.006237,0.005544,0.005386,0.005399],
		"Y_Kelly_Keelan_noise": [0.02205,0.0124,0.00566,0.005033,0.0103],
		"Total_KK_noise": [0.02246,0.0129,0.0065,0.005895,0.01073],
		"Chroma_KK_noise": [0.004266,0.003532,0.003197,0.003068,0.003007],
		"Total_old_iso_noise": [0.02293,0.01345,0.007362,0.006761,0.01121],
		"Y_noise_from_YUV": [0.02205,0.0124,0.00566,0.005033,0.0103],