{
	"jsonResults": {
		"dateRun": "07-May-2025 15:41:17",
		"ini_time_size": "07-May-2025 15:38:48 9689B  MD5 = 0d65b9dbaf7752719a29f3cf5adccf4d",
		"version": "Imatest 24.2.6 Master Color/Tone Auto",
		"build": "2025-03-20",
		"image_file": "potted plant_55.0 mm_25600ISO_+1EV_Dist2_OFF_Focused.tiff",
		"ColorSpace": "sRGB",
		"Reference": "Default values",
		"Ref_folder": "/usr/local/Imatest/v24.2/Master/",
		"Gamma": [0.344],
		"patches_for_gamma_start_end": [1,5],
		"exposure_error_normalized_y_channel": [0.0293],
		"mean_camera_Saturation_Pct": ["_NaN_"],
		"mean_chroma_level_CPIQ_Pct": ["_NaN_"],
		"CPIQ_chroma_quality_loss_JND": ["_NaN_"],
		"CPIQ_exposure_quality_loss_JND": ["_NaN_"],
		"pixel_offset": [0],
		"mean_patch_size_pxls": [246,305],
		"roi_settings": "Recent ROI settings are in roi, nwid_save, nht_save, fillf, and distort (same names as ini file)",
		"roi": [2997,1320,4753,1747,2997,1752,4753,1307],
		"nwid_save": [6024],
		"nht_save": [4020],
		"fillf": [0.7],
		"distort": [0],
		"grayscale_zone": [1,2,3,4,5],
		"grayscale_minus_log_exposure": [2,1.513,1.025,0.5375,0.05],
		"grayscale_Y_reflectivity": [0.01,0.03073,0.09441,0.2901,0.8913],
		"grayscale_Y_Printer_pixel_gamma22": [33.13,55.18,91.91,153.1,255],
		"grayscale_Y_density": [0.1099,0.2213,0.389,0.6382,0.9451],
		"grayscale_R_density": [0.111,0.2251,0.4045,0.6503,0.8411],
		"grayscale_G_density": [0.1113,0.2211,0.3854,0.6349,0.9856],
		"grayscale_B_density": [0.09389,0.2122,0.3805,0.6359,0.9097],
		"grayscale_Y_mean": [198,153.2,104.1,58.66,28.94],
		"grayscale_R_mean": [197.5,151.8,100.5,57.05,36.77],
		"grayscale_G_mean": [197.4,153.3,105,59.11,26.36],
		"grayscale_B_mean": [205.4,156.4,106.2,58.98,31.39],
		"White_Bal_error_Degrees": [426.9,289.1,466.4,240.1,-1233],
		"White_Bal_error_Mired": [-9.482,-6.551,-10.3,-5.48,36.03],
		"White_Bal_error_S_HSV": [0.03923,0.02934,0.05377,0.03475,0.283],
		"White_Bal_error_Delta_C_ab": [4.303,1.855,1.956,0.9303,6.408],
		"White_Bal_error_Delta_C_94": [4.303,1.855,1.956,0.9303,6.408],
		"White_Bal_error_Delta_C_00": [4.201,1.784,2.423,1.331,7.802],
		"n_Patch": [1,2,3,4,5],
		"n_Row": [1,1,1,1,1],
		"n_Column": [1,2,3,4,5],
		"width_pixels": [247,247,247,247,246],
		"height_pixels": [307,307,307,307,308],
		"Pixels_total": [75829,75829,75829,75829,75768],
		"R_reference": [242.4,146.6,86.6,49.01,25.46],
		"G_reference": [242.4,146.6,86.6,49.01,25.46],
		"B_reference": [242.4,146.6,86.6,49.01,25.46],
		"R_input": [197.5,151.8,100.5,57.05,36.77],
		"G_input": [197.4,153.3,105,59.11,26.36],
		"B_input": [205.4,156.4,106.2,58.98,31.39],
		"L_reference": [95.63,60.79,36.82,20.33,8.991],
		"a_reference": [0,0,0,0,0],
		"b_reference": [0,0,0,0,0],
		"L_input": [79.88,63.29,44.06,24.72,10.89],
		"a_input": [1.552,0.114,-1.48,-0.902,6.231],
		"b_input": [-4.013,-1.851,-1.279,-0.2277,-1.496],
		"x_reference": [0.3127,0.3127,0.3127,0.3127,0.3127],
		"y_reference": [0.329,0.329,0.329,0.329,0.329],
		"Y_reference": [0.8913,0.2901,0.09441,0.03073,0.01],
		"x_input": [0.307,0.3084,0.3049,0.3083,0.336],
		"y_input": [0.3194,0.3242,0.3264,0.3295,0.3021],
		"Y_input": [0.5646,0.3194,0.1388,0.04326,0.01245],
		"LUV_comment": "L2 is used to differentiate between the L in LAB and L in LUV.",
		"L2_reference": [805.1,262,85.28,27.75,9.033],
		"U_reference": [0.1978,0.1978,0.1978,0.1978,0.1978],
		"V_reference": [0.4683,0.4683,0.4683,0.4683,0.4683],
		"L2_input": [510,288.5,125.4,39.08,11.25],
		"U_input": [0.1975,0.1967,0.1934,0.1946,0.2258],
		"V_input": [0.4622,0.4651,0.4658,0.4679,0.4567],
		"patch_numbers_for_all_Delta_E_C": [1,2,3,4,5],
		"Delta_E_all": [16.3,3.12,7.5,4.49,6.68],
		"Delta_C_all": [4.3,1.85,1.96,0.93,6.41],
		"Delta_E94_all": [16.3,3.12,7.5,4.49,6.68],
		"Delta_C94_all": [4.3,1.85,1.96,0.93,6.41],
		"Delta_E2000_all": [10.9,2.79,6.85,3.39,7.89],
		"Delta_C2000_all": [4.2,1.78,2.42,1.33,7.8],
		"Delta_L_all": [-15.8,2.51,7.24,4.39,1.89],
		"Delta_Chroma_all": [4.3,1.85,1.96,0.93,6.41],
		"Delta_Hue_Distance_all": [0,0,0,0,0],
		"Delta_Hue_Degrees_all": [0,0,0,0,0],
		"sat_corr_comment": "sat_corr explained on https://www.imatest.com/docs/colorcheck/#satcorr - not recommended.",
		"Delta_C_all_sat_corr": ["_NaN_","_NaN_","_NaN_","_NaN_","_NaN_"],
		"Delta_C94_all_sat_corr": ["_NaN_","_NaN_","_NaN_","_NaN_","_NaN_"],
		"Delta_C2000_all_sat_corr": ["_NaN_","_NaN_","_NaN_","_NaN_","_NaN_"],
		"grayscale_patch_numbers": [1,2,3,4,5],
		"Delta_E": [16.3,3.12,7.5,4.49,6.68],
		"Delta_C": [4.3,1.85,1.96,0.93,6.41],
		"Delta_E94": [16.3,3.12,7.5,4.49,6.68],
		"Delta_C94": [4.3,1.85,1.96,0.93,6.41],
		"Delta_E2000": [10.9,2.79,6.85,3.39,7.89],
		"Delta_C2000": [4.2,1.78,2.42,1.33,7.8],
		"Delta_L": [-15.8,2.51,7.24,4.39,1.89],
		"Delta_Chroma": [4.3,1.85,1.96,0.93,6.41],
		"Delta_Hue_Distance": [0,0,0,0,0],
		"Delta_Hue_Degrees": [0,0,0,0,0],
		"mean_Delta_E": [7.62],
		"mean_Delta_C": [3.09],
		"mean_Delta_E94": [7.62],
		"mean_Delta_C94": [3.09],
		"mean_Delta_E2000": [6.37],
		"mean_Delta_C2000": [3.51],
		"mean_Delta_L": [0.0555],
		"mean_Delta_Chroma": [3.09],
		"mean_Delta_Hue_Distance": [0],
		"mean_Delta_Hue_Degrees": [0],
		"mean_Delta_C_sat_corr": ["_NaN_"],
		"mean_Delta_C94_sat_corr": ["_NaN_"],
		"mean_Delta_C2000_sat_corr": ["_NaN_"],
		"max_Delta_E": [16.3],
		"max_Delta_C": [6.41],
		"max_Delta_E94": [16.3],
		"max_Delta_C94": [6.41],
		"max_Delta_E2000": [10.9],
		"max_Delta_C2000": [7.8],
		"max_Delta_L": [7.24],
		"max_Delta_Chroma": [6.41],
		"max_Delta_Hue_Distance": [0],
		"max_Delta_Hue_Degrees": [0],
		"max_Delta_C_sat_corr": ["_NaN_"],
		"max_Delta_C94_sat_corr": ["_NaN_"],
		"max_Delta_C2000_sat_corr": ["_NaN_"],
		"mean_RegionSize": [75570],
		"Sequence_dark_to_light": [5,4,3,2,1],
		"Patch_number": [5,4,3,2,1],
		"R_noise": [0.1125,0.127,0.1009,0.07114,0.06264],
		"G_noise": [0.08898,0.08788,0.06022,0.04994,0.04605],
		"B_noise": [0.09724,0.1024,0.06958,0.05533,0.04903],
		"R_SNR_ratio": [1.282,1.762,3.905,8.371,12.36],
		"G_SNR_ratio": [1.162,2.638,6.837,12.03,16.81],
		"B_SNR_ratio": [1.266,2.259,5.985,11.09,16.43],
		"R_SNR_dB": [2.155,4.92,11.83,18.46,21.84],
		"G_SNR_dB": [1.303,8.424,16.7,21.61,24.51],
		"B_SNR_dB": [2.05,7.078,15.54,20.9,24.31],
		"Gb_noise": [0.07138,0.07207,0.05145,0.04171,0.03824],
		"Gb_SNR_ratio": [1.59,3.192,7.936,14.4,20.3],
		"Gb_SNR_dB": [4.027,10.08,17.99,23.17,26.15],
		"Y_f_stop_SNR_ratio": [2.836,2.724,2.224,1.263,1.008],
		"Y_f_stop_SNR_dB": [9.054,8.706,6.944,2.027,0.07275],
		"quality_levels_for_DR": [
				"Low,",
				"Medium,",
				"M-H,",
				"High,"
		],
		"SigNoise_levels_for_DR": [1,0.5,0.25,0.1],
		"Dynamic_Range_f_stops": [0,3.477,0,0],
		"Dynamic_Range_dB": [0,20.93,0,0],
		"noise_ISO15739_pct": [0.6991,0.9717,1.632,3.178,4.045],
		"snr_ISO15739": [1.781,4.452,8.504,10.05,13.96],
		"noise_pct_ISO15739_at_13pct_Lref": [3.274],
		"snr_ISO15739_at_13pct_Lref": [10.48],
		"snr_dB_ISO15739_at_13pct_Lref": [20.41],
		"DynamicRange_at_density_2": [427.3],
		"DynamicRange_total": [0],
		"DynamicRange_from_slope_OD": [1.95],
		"DynamicRange_from_slope_EV": [6.474],
		"DynamicRange_from_slope_dB": [39],
		"SNR_BW_dB_RGBY": [17.71,20.78,19.89,22.34],
		"L_noise": [7.842,7.471,5.139,4.001,3.508],
		"a_noise": [17.51,17.51,12.42,9.225,7.916],
		"b_noise": [17.13,17.27,11.47,8.652,7.472],
		"Total_Lab_noise_unwtd": [25.72,25.7,17.67,13.27,11.44],
		"Total_ab_noise_unwtd": [24.49,24.59,16.91,12.65,10.89],
		"R_minus_Y_KK_noise": [0.1037,0.1122,0.0851,0.06134,0.05429],
		"B_minus_Y_KK_noise": [0.1073,0.1118,0.07601,0.06051,0.05471],
		"Y_Kelly_Keelan_noise": [0.07138,0.07207,0.05145,0.04171,0.03824],
		"Total_KK_noise": [0.09543,0.09904,0.07194,0.05578,0.05048],
		"Chroma_KK_noise": [0.06335,0.06793,0.05029,0.03704,0.03295],
		"Total_old_iso_noise": [0.1175,0.1235,0.09059,0.0688,0.06187],
		"Y_noise_from_YUV": [0.07137,0.07206,0.05144,0.0417,0.03824],
		"U_noise_from_YUV": [0.05043,0.05254,0.03572,0.02843,0.02571],
		"V_noise_from_YUV": [0.08096,0.08763,0.06646,0.0479,0.04239],