{
	"jsonResults": {
		"dateRun": "13-May-2025 14:57:05",
		"ini_time_size": "13-May-2025 14:47:26 19023B  MD5 = f342b24a34f4f9a9d1ee09fe9c9baa3b",
		"version": "Imatest 24.2.6 Master Color/Tone Auto",
		"build": "2025-03-20",
		"image_file": "potted plant_55.0 mm_25600ISO_0EV_Dist2_OFF_Defocus1.tiff",
		"ColorSpace": "sRGB",
		"Reference": "Default values",
		"Ref_folder": "/usr/local/Imatest/v24.2/Master/",
		"Gamma": [0.3793],
		"patches_for_gamma_start_end": [1,5],
		"exposure_error_normalized_y_channel": [-0.133],
		"mean_camera_Saturation_Pct": ["_NaN_"],
		"mean_chroma_level_CPIQ_Pct": ["_NaN_"],
		"CPIQ_chroma_quality_loss_JND": ["_NaN_"],
		"CPIQ_exposure_quality_loss_JND": ["_NaN_"],
		"pixel_offset": [0],
		"mean_patch_size_pxls": [274,303],
		"roi_settings": "Recent ROI settings are in roi, nwid_save, nht_save, fillf, and distort (same names as ini file)",
		"roi": [3013,1351,4727,1725,3013,1727,4727,1343],
		"nwid_save": [6024],
		"nht_save": [4020],
		"fillf": [0.8],
		"distort": [0],
		"grayscale_zone": [1,2,3,4,5],
		"grayscale_minus_log_exposure": [2,1.513,1.025,0.5375,0.05],
		"grayscale_Y_reflectivity": [0.01,0.03073,0.09441,0.2901,0.8913],
		"grayscale_Y_Printer_pixel_gamma22": [33.13,55.18,91.91,153.1,255],
		"grayscale_Y_density": [0.2475,0.3641,0.549,0.8116,1.041],
		"grayscale_R_density": [0.2513,0.3752,0.5724,0.781,0.8911],
		"grayscale_G_density": [0.2489,0.3624,0.544,0.8229,1.106],
		"grayscale_B_density": [0.2238,0.3492,0.5327,0.795,0.9718],
		"grayscale_Y_mean": [144.2,110.3,72.03,39.35,23.23],
		"grayscale_R_mean": [143,107.5,68.26,42.23,32.77],
		"grayscale_G_mean": [143.8,110.7,72.87,38.34,19.99],
		"grayscale_B_mean": [152.3,114.1,74.79,40.88,27.21],
		"White_Bal_error_Degrees": [691.6,558,761.8,-185.1,-1620],
		"White_Bal_error_Mired": [-14.8,-12.16,-16.14,4.509,51.05],
		"White_Bal_error_S_HSV": [0.06135,0.05807,0.08724,0.09201,0.3898],
		"White_Bal_error_Delta_C_ab": [4.845,2.383,2.301,2.597,8.446],
		"White_Bal_error_Delta_C_94": [4.845,2.383,2.301,2.597,8.446],
		"White_Bal_error_Delta_C_00": [4.577,2.32,2.639,3.435,9.664],
		"n_Patch": [1,2,3,4,5],
		"n_Row": [1,1,1,1,1],
		"n_Column": [1,2,3,4,5],
		"width_pixels": [275,276,275,275,275],
		"height_pixels": [305,305,305,305,305],
		"Pixels_total": [83875,84180,83875,83875,83875],
		"R_reference": [242.4,146.6,86.6,49.01,25.46],
		"G_reference": [242.4,146.6,86.6,49.01,25.46],
		"B_reference": [242.4,146.6,86.6,49.01,25.46],
		"R_input": [143,107.5,68.26,42.23,32.77],
		"G_input": [143.8,110.7,72.87,38.34,19.99],
		"B_input": [152.3,114.1,74.79,40.88,27.21],
		"L_reference": [95.63,60.79,36.82,20.33,8.991],
		"a_reference": [0,0,0,0,0],
		"b_reference": [0,0,0,0,0],
		"L_input": [59.88,46.55,30.62,15.82,8.126],
		"a_input": [1.431,-0.5018,-1.435,2.385,8.068],
		"b_input": [-4.629,-2.329,-1.798,-1.029,-2.499],
		"x_reference": [0.3127,0.3127,0.3127,0.3127,0.3127],
		"y_reference": [0.329,0.329,0.329,0.329,0.329],
		"Y_reference": [0.8913,0.2901,0.09441,0.03073,0.01],
		"x_input": [0.3036,0.3043,0.3007,0.3175,0.3411],
		"y_input": [0.3153,0.322,0.3232,0.3173,0.2868],
		"Y_input": [0.2799,0.1568,0.06492,0.02064,0.008997],
		"LUV_comment": "L2 is used to differentiate between the L in LAB and L in LUV.",
		"L2_reference": [805.1,262,85.28,27.75,9.033],
		"U_reference": [0.1978,0.1978,0.1978,0.1978,0.1978],
		"V_reference": [0.4683,0.4683,0.4683,0.4683,0.4683],
		"L2_input": [252.8,141.6,58.64,18.65,8.127],
		"U_input": [0.1966,0.1946,0.1916,0.2058,0.2369],
		"V_input": [0.4595,0.4633,0.4634,0.4626,0.4482],
		"patch_numbers_for_all_Delta_E_C": [1,2,3,4,5],
		"Delta_E_all": [36.1,14.4,6.61,5.21,8.49],
		"Delta_C_all": [4.85,2.38,2.3,2.6,8.45],
		"Delta_E94_all": [36.1,14.4,6.61,5.21,8.49],
		"Delta_C94_all": [4.85,2.38,2.3,2.6,8.45],
		"Delta_E2000_all": [25.7,14,5.67,4.6,9.68],
		"Delta_C2000_all": [4.58,2.32,2.64,3.43,9.66],
		"Delta_L_all": [-35.8,-14.2,-6.2,-4.51,-0.865],
		"Delta_Chroma_all": [4.85,2.38,2.3,2.6,8.45],
		"Delta_Hue_Distance_all": [0,0,0,0,0],
		"Delta_Hue_Degrees_all": [0,0,0,0,0],
		"sat_corr_comment": "sat_corr explained on https://www.imatest.com/docs/colorcheck/#satcorr - not recommended.",
		"Delta_C_all_sat_corr": ["_NaN_","_NaN_","_NaN_","_NaN_","_NaN_"],
		"Delta_C94_all_sat_corr": ["_NaN_","_NaN_","_NaN_","_NaN_","_NaN_"],
		"Delta_C2000_all_sat_corr": ["_NaN_","_NaN_","_NaN_","_NaN_","_NaN_"],
		"grayscale_patch_numbers": [1,2,3,4,5],
		"Delta_E": [36.1,14.4,6.61,5.21,8.49],
		"Delta_C": [4.85,2.38,2.3,2.6,8.45],
		"Delta_E94": [36.1,14.4,6.61,5.21,8.49],
		"Delta_C94": [4.85,2.38,2.3,2.6,8.45],
		"Delta_E2000": [25.7,14,5.67,4.6,9.68],
		"Delta_C2000": [4.58,2.32,2.64,3.43,9.66],
		"Delta_L": [-35.8,-14.2,-6.2,-4.51,-0.865],
		"Delta_Chroma": [4.85,2.38,2.3,2.6,8.45],
		"Delta_Hue_Distance": [0,0,0,0,0],
		"Delta_Hue_Degrees": [0,0,0,0,0],
		"mean_Delta_E": [14.2],
		"mean_Delta_C": [4.11],
		"mean_Delta_E94": [14.2],
		"mean_Delta_C94": [4.11],
		"mean_Delta_E2000": [11.9],
		"mean_Delta_C2000": [4.53],
		"mean_Delta_L": [-12.3],
		"mean_Delta_Chroma": [4.11],
		"mean_Delta_Hue_Distance": [0],
		"mean_Delta_Hue_Degrees": [0],
		"mean_Delta_C_sat_corr": ["_NaN_"],
		"mean_Delta_C94_sat_corr": ["_NaN_"],
		"mean_Delta_C2000_sat_corr": ["_NaN_"],
		"max_Delta_E": [36.1],
		"max_Delta_C": [8.45],
		"max_Delta_E94": [36.1],
		"max_Delta_C94": [8.45],
		"max_Delta_E2000": [25.7],
		"max_Delta_C2000": [9.66],
		"max_Delta_L": [-0.865],
		"max_Delta_Chroma": [8.45],
		"max_Delta_Hue_Distance": [0],
		"max_Delta_Hue_Degrees": [0],
		"max_Delta_C_sat_corr": ["_NaN_"],
		"max_Delta_C94_sat_corr": ["_NaN_"],
		"max_Delta_C2000_sat_corr": ["_NaN_"],
		"mean_RegionSize": [83660.8],
		"Sequence_dark_to_light": [5,4,3,2,1],
		"Patch_number": [5,4,3,2,1],
		"R_noise": [0.1056,0.1196,0.1246,0.09395,0.07546],
		"G_noise": [0.08093,0.09507,0.0772,0.0579,0.05213],
		"B_noise": [0.09135,0.1064,0.09269,0.06646,0.05605],
		"R_SNR_ratio": [1.217,1.384,2.148,4.487,7.431],
		"G_SNR_ratio": [0.9688,1.581,3.702,7.497,10.81],
		"B_SNR_ratio": [1.168,1.507,3.164,6.733,10.66],
		"R_SNR_dB": [1.703,2.826,6.64,13.04,17.42],
		"G_SNR_dB": [-0.2752,3.981,11.37,17.5,20.68],
		"B_SNR_dB": [1.35,3.561,10.01,16.56,20.55],
		"Gb_noise": [0.06592,0.07614,0.06482,0.04924,0.04361],
		"Gb_SNR_ratio": [1.382,2.027,4.358,8.781,12.97],
		"Gb_SNR_dB": [2.809,6.135,12.78,18.87,22.26],
		"Y_f_stop_SNR_ratio": [1.885,1.775,1.324,0.776,0.5921],
		"Y_f_stop_SNR_dB": [5.506,4.982,2.44,-2.203,-4.552],
		"quality_levels_for_DR": [
				"Low,",
				"Medium,",
				"M-H,",
				"High,"
		],
		"SigNoise_levels_for_DR": [1,0.5,0.25,0.1],
		"Dynamic_Range_f_stops": [3.982,0,0,0],
		"Dynamic_Range_dB": [23.97,0,0,0],
		"noise_ISO15739_pct": [0.754,1.145,2.046,3.526,4.304],
		"snr_ISO15739": [1.193,1.803,3.173,4.446,6.503],
		"noise_pct_ISO15739_at_13pct_Lref": [3.846],
		"snr_ISO15739_at_13pct_Lref": [5.292],
		"snr_dB_ISO15739_at_13pct_Lref": [14.47],
		"DynamicRange_at_density_2": [534.6],
		"DynamicRange_total": [0],
		"DynamicRange_from_slope_OD": [1.95],
		"DynamicRange_from_slope_EV": [6.474],
		"DynamicRange_from_slope_dB": [39],
		"SNR_BW_dB_RGBY": [12.82,17.03,15.83,18.44],
		"L_noise": [7.304,8.205,6.589,4.906,4.21],
		"a_noise": [16.2,18.49,16,11.75,9.737],
		"b_noise": [15.83,18.92,15.46,10.91,8.965],
		"Total_Lab_noise_unwtd": [23.8,27.7,23.2,16.77,13.89],
		"Total_ab_noise_unwtd": [22.65,26.46,22.25,16.03,13.24],
		"R_minus_Y_KK_noise": [0.09525,0.1093,0.1069,0.07948,0.06483],
		"B_minus_Y_KK_noise": [0.09845,0.1202,0.1005,0.07264,0.06215],
		"Y_Kelly_Keelan_noise": [0.06592,0.07614,0.06482,0.04924,0.04361],
		"Total_KK_noise": [0.08792,0.102,0.091,0.0682,0.05843],
		"Chroma_KK_noise": [0.05817,0.06786,0.06387,0.04719,0.03889],
		"Total_old_iso_noise": [0.1082,0.1255,0.1146,0.08551,0.07218],
		"Y_noise_from_YUV": [0.06591,0.07613,0.06482,0.04924,0.04361],
		"U_noise_from_YUV": [0.04626,0.05648,0.04723,0.03413,0.0292],
		"V_noise_from_YUV": [0.07438,0.08535,0.08351,0.06207,0.05062],