{
	"jsonResults": {
		"dateRun": "07-May-2025 15:41:17",
		"ini_time_size": "07-May-2025 15:38:48 9689B  MD5 = 0d65b9dbaf7752719a29f3cf5adccf4d",
		"version": "Imatest 24.2.6 Master Color/Tone Auto",
		"build": "2025-03-20",
		"image_file": "potted plant_55.0 mm_1600ISO_+1EV_Dist2_ON_Focused.tiff",
		"ColorSpace": "sRGB",
		"Reference": "Default values",
		"Ref_folder": "/usr/local/Imatest/v24.2/Master/",
		"Gamma": [0.3281],
		"patches_for_gamma_start_end": [1,5],
		"exposure_error_normalized_y_channel": [0.0952],
		"mean_camera_Saturation_Pct": ["_NaN_"],
		"mean_chroma_level_CPIQ_Pct": ["_NaN_"],
		"CPIQ_chroma_quality_loss_JND": ["_NaN_"],
		"CPIQ_exposure_quality_loss_JND": ["_NaN_"],
		"pixel_offset": [0],
		"mean_patch_size_pxls": [246,305],
		"roi_settings": "Recent ROI settings are in roi, nwid_save, nht_save, fillf, and distort (same names as ini file)",
		"roi": [2997,1320,4753,1747,2997,1752,4753,1307],
		"nwid_save": [6024],
		"nht_save": [4020],
		"fillf": [0.7],
		"distort": [0],
		"grayscale_zone": [1,2,3,4,5],
		"grayscale_minus_log_exposure": [2,1.513,1.025,0.5375,0.05],
		"grayscale_Y_reflectivity": [0.01,0.03073,0.09441,0.2901,0.8913],
		"grayscale_Y_Printer_pixel_gamma22": [33.13,55.18,91.91,153.1,255],
		"grayscale_Y_density": [0.07452,0.1844,0.3444,0.5612,0.8768],
		"grayscale_R_density": [0.07704,0.1879,0.3491,0.5629,0.8877],
		"grayscale_G_density": [0.07476,0.1837,0.3436,0.5612,0.8743],
		"grayscale_B_density": [0.06482,0.181,0.3385,0.5564,0.8705],
		"grayscale_Y_mean": [214.8,166.8,115.4,70.04,33.86],
		"grayscale_R_mean": [213.5,165.4,114.1,69.76,33.02],
		"grayscale_G_mean": [214.7,167,115.6,70.05,34.06],
		"grayscale_B_mean": [219.6,168.1,117,70.82,34.36],
		"White_Bal_error_Degrees": [286.8,146.3,219.7,131.3,268.3],
		"White_Bal_error_Mired": [-6.501,-3.385,-5.031,-3.045,-6.099],
		"White_Bal_error_S_HSV": [0.02776,0.01582,0.02412,0.01486,0.03886],
		"White_Bal_error_Delta_C_ab": [2.644,0.8383,0.9872,0.5114,0.5485],
		"White_Bal_error_Delta_C_94": [2.644,0.8383,0.9872,0.5114,0.5485],
		"White_Bal_error_Delta_C_00": [2.555,0.9141,1.012,0.5091,0.699],
		"n_Patch": [1,2,3,4,5],
		"n_Row": [1,1,1,1,1],
		"n_Column": [1,2,3,4,5],
		"width_pixels": [247,247,247,247,246],
		"height_pixels": [307,307,307,307,308],
		"Pixels_total": [75829,75829,75829,75829,75768],
		"R_reference": [242.4,146.6,86.6,49.01,25.46],
		"G_reference": [242.4,146.6,86.6,49.01,25.46],
		"B_reference": [242.4,146.6,86.6,49.01,25.46],
		"R_input": [213.5,165.4,114.1,69.76,33.02],
		"G_input": [214.7,167,115.6,70.05,34.06],
		"B_input": [219.6,168.1,117,70.82,34.36],
		"L_reference": [95.63,60.79,36.82,20.33,8.991],
		"a_reference": [0,0,0,0,0],
		"b_reference": [0,0,0,0,0],
		"L_input": [85.91,68.41,48.6,29.74,13.16],
		"a_input": [0.5335,-0.367,-0.2812,0.05442,-0.4035],
		"b_input": [-2.59,-0.7537,-0.9463,-0.5085,-0.3715],
		"x_reference": [0.3127,0.3127,0.3127,0.3127,0.3127],
		"y_reference": [0.329,0.329,0.329,0.329,0.329],
		"Y_reference": [0.8913,0.2901,0.09441,0.03073,0.01],
		"x_input": [0.3086,0.3103,0.3092,0.3107,0.3082],
		"y_input": [0.3235,0.3275,0.3263,0.3267,0.3274],
		"Y_input": [0.6781,0.3853,0.1727,0.06132,0.01589],
		"LUV_comment": "L2 is used to differentiate between the L in LAB and L in LUV.",
		"L2_reference": [805.1,262,85.28,27.75,9.033],
		"U_reference": [0.1978,0.1978,0.1978,0.1978,0.1978],
		"V_reference": [0.4683,0.4683,0.4683,0.4683,0.4683],
		"L2_input": [612.5,348,156,55.39,14.35],
		"U_input": [0.197,0.1967,0.1964,0.1973,0.1953],
		"V_input": [0.4647,0.4672,0.4664,0.4668,0.4668],
		"patch_numbers_for_all_Delta_E_C": [1,2,3,4,5],
		"Delta_E_all": [10.1,7.66,11.8,9.43,4.21],
		"Delta_C_all": [2.64,0.838,0.987,0.511,0.548],
		"Delta_E94_all": [10.1,7.66,11.8,9.43,4.21],
		"Delta_C94_all": [2.64,0.838,0.987,0.511,0.548],
		"Delta_E2000_all": [6.56,6.37,10.8,6.9,2.73],
		"Delta_C2000_all": [2.55,0.914,1.01,0.509,0.699],
		"Delta_L_all": [-9.72,7.62,11.8,9.41,4.17],
		"Delta_Chroma_all": [2.64,0.838,0.987,0.511,0.548],
		"Delta_Hue_Distance_all": [0,0,0,0,0],
		"Delta_Hue_Degrees_all": [0,0,0,0,0],
		"sat_corr_comment": "sat_corr explained on https://www.imatest.com/docs/colorcheck/#satcorr - not recommended.",
		"Delta_C_all_sat_corr": ["_NaN_","_NaN_","_NaN_","_NaN_","_NaN_"],
		"Delta_C94_all_sat_corr": ["_NaN_","_NaN_","_NaN_","_NaN_","_NaN_"],
		"Delta_C2000_all_sat_corr": ["_NaN_","_NaN_","_NaN_","_NaN_","_NaN_"],
		"grayscale_patch_numbers": [1,2,3,4,5],
		"Delta_E": [10.1,7.66,11.8,9.43,4.21],
		"Delta_C": [2.64,0.838,0.987,0.511,0.548],
		"Delta_E94": [10.1,7.66,11.8,9.43,4.21],
		"Delta_C94": [2.64,0.838,0.987,0.511,0.548],
		"Delta_E2000": [6.56,6.37,10.8,6.9,2.73],
		"Delta_C2000": [2.55,0.914,1.01,0.509,0.699],
		"Delta_L": [-9.72,7.62,11.8,9.41,4.17],
		"Delta_Chroma": [2.64,0.838,0.987,0.511,0.548],
		"Delta_Hue_Distance": [0,0,0,0,0],
		"Delta_Hue_Degrees": [0,0,0,0,0],
		"mean_Delta_E": [8.64],
		"mean_Delta_C": [1.11],
		"mean_Delta_E94": [8.64],
		"mean_Delta_C94": [1.11],
		"mean_Delta_E2000": [6.68],
		"mean_Delta_C2000": [1.14],
		"mean_Delta_L": [4.65],
		"mean_Delta_Chroma": [1.11],
		"mean_Delta_Hue_Distance": [0],
		"mean_Delta_Hue_Degrees": [0],
		"mean_Delta_C_sat_corr": ["_NaN_"],
		"mean_Delta_C94_sat_corr": ["_NaN_"],
		"mean_Delta_C2000_sat_corr": ["_NaN_"],
		"max_Delta_E": [11.8],
		"max_Delta_C": [2.64],
		"max_Delta_E94": [11.8],
		"max_Delta_C94": [2.64],
		"max_Delta_E2000": [10.8],
		"max_Delta_C2000": [2.55],
		"max_Delta_L": [11.8],
		"max_Delta_Chroma": [2.64],
		"max_Delta_Hue_Distance": [0],
		"max_Delta_Hue_Degrees": [0],
		"max_Delta_C_sat_corr": ["_NaN_"],
		"max_Delta_C94_sat_corr": ["_NaN_"],
		"max_Delta_C2000_sat_corr": ["_NaN_"],
		"mean_RegionSize": [75570],
		"Sequence_dark_to_light": [5,4,3,2,1],
		"Patch_number": [5,4,3,2,1],
		"R_noise": [0.04483,0.029,0.02422,0.02233,0.02111],
		"G_noise": [0.02419,0.01764,0.01527,0.01435,0.01378],
		"B_noise": [0.03289,0.02289,0.01951,0.01827,0.01728],
		"R_SNR_ratio": [2.889,9.433,18.48,29.05,39.67],
		"G_SNR_ratio": [5.523,15.57,29.7,45.66,61.07],
		"B_SNR_ratio": [4.096,12.13,23.51,36.07,49.84],
		"R_SNR_dB": [9.215,19.49,25.34,29.26,31.97],
		"G_SNR_dB": [14.84,23.85,29.45,33.19,35.72],
		"B_SNR_dB": [12.25,21.68,27.43,31.14,33.95],
		"Gb_noise": [0.02061,0.0149,0.01282,0.01215,0.01167],
		"Gb_SNR_ratio": [6.442,18.43,35.29,53.81,72.19],
		"Gb_SNR_dB": [16.18,25.31,30.95,34.62,37.17],
		"Y_f_stop_SNR_ratio": [9.966,9.902,9.132,6.624,4.25],
		"Y_f_stop_SNR_dB": [19.97,19.91,19.21,16.42,12.57],
		"quality_levels_for_DR": [
				"Low,",
				"Medium,",
				"M-H,",
				"High,"
		],
		"SigNoise_levels_for_DR": [1,0.5,0.25,0.1],
		"Dynamic_Range_f_stops": [0,0,0,0],
		"Dynamic_Range_dB": [0,0,0,0],
		"noise_ISO15739_pct": [0.2182,0.2216,0.472,1.08,1.419],
		"snr_ISO15739": [7.28,27.68,36.59,35.66,47.79],
		"noise_pct_ISO15739_at_13pct_Lref": [1.038],
		"snr_ISO15739_at_13pct_Lref": [35.72],
		"snr_dB_ISO15739_at_13pct_Lref": [31.06],
		"DynamicRange_at_density_2": [1144],
		"DynamicRange_total": [0],
		"DynamicRange_from_slope_OD": [1.95],
		"DynamicRange_from_slope_EV": [6.474],
		"DynamicRange_from_slope_dB": [39],
		"SNR_BW_dB_RGBY": [28.1,31.95,29.84,33.39],
		"L_noise": [2.452,1.644,1.303,1.156,1.058],
		"a_noise": [6.758,4.271,3.322,2.846,2.569],
		"b_noise": [6.319,4.07,3.2,2.762,2.518],
		"Total_Lab_noise_unwtd": [9.572,6.124,4.793,4.131,3.75],
		"Total_ab_noise_unwtd": [9.252,5.9,4.613,3.966,3.597],
		"R_minus_Y_KK_noise": [0.03787,0.02457,0.02062,0.01887,0.0178],
		"B_minus_Y_KK_noise": [0.03571,0.02478,0.0212,0.01955,0.01869],
		"Y_Kelly_Keelan_noise": [0.02061,0.0149,0.01282,0.01215,0.01167],
		"Total_KK_noise": [0.03061,0.02108,0.01796,0.01675,0.01598],
		"Chroma_KK_noise": [0.02263,0.01491,0.01258,0.01153,0.01091],
		"Total_old_iso_noise": [0.03933,0.02658,0.02255,0.0209,0.01987],
		"Y_noise_from_YUV": [0.02061,0.0149,0.01282,0.01215,0.01167],
		"U_noise_from_YUV": [0.01678,0.01165,0.009959,0.009184,0.008781],