{
	"jsonResults": {
		"dateRun": "13-May-2025 14:57:05",
		"ini_time_size": "13-May-2025 14:47:26 19023B  MD5 = f342b24a34f4f9a9d1ee09fe9c9baa3b",
		"version": "Imatest 24.2.6 Master Color/Tone Auto",
		"build": "2025-03-20",
		"image_file": "potted plant_55.0 mm_25600ISO_-2EV_Dist2_ON_Defocus1.tiff",
		"ColorSpace": "sRGB",
		"Reference": "Default values",
		"Ref_folder": "/usr/local/Imatest/v24.2/Master/",
		"Gamma": [0.3912],
		"patches_for_gamma_start_end": [1,5],
		"exposure_error_normalized_y_channel": [-0.256],
		"mean_camera_Saturation_Pct": ["_NaN_"],
		"mean_chroma_level_CPIQ_Pct": ["_NaN_"],
		"CPIQ_chroma_quality_loss_JND": ["_NaN_"],
		"CPIQ_exposure_quality_loss_JND": ["_NaN_"],
		"pixel_offset": [0],
		"mean_patch_size_pxls": [274,303],
		"roi_settings": "Recent ROI settings are in roi, nwid_save, nht_save, fillf, and distort (same names as ini file)",
		"roi": [3013,1351,4727,1725,3013,1727,4727,1343],
		"nwid_save": [6024],
		"nht_save": [4020],
		"fillf": [0.8],
		"distort": [0],
		"grayscale_zone": [1,2,3,4,5],
		"grayscale_minus_log_exposure": [2,1.513,1.025,0.5375,0.05],
		"grayscale_Y_reflectivity": [0.01,0.03073,0.09441,0.2901,0.8913],
		"grayscale_Y_Printer_pixel_gamma22": [33.13,55.18,91.91,153.1,255],
		"grayscale_Y_density": [0.5517,0.6957,0.8864,1.059,1.15],
		"grayscale_R_density": [0.5661,0.6923,0.8149,0.8893,0.934],
		"grayscale_G_density": [0.5507,0.6992,0.9147,1.138,1.259],
		"grayscale_B_density": [0.5202,0.6714,0.8455,0.9642,1.035],
		"grayscale_Y_mean": [71.59,51.39,33.12,22.27,18.06],
		"grayscale_R_mean": [69.25,51.79,39.05,32.91,29.69],
		"grayscale_G_mean": [71.75,50.97,31.03,18.56,14.05],
		"grayscale_B_mean": [76.97,54.35,36.4,27.69,23.53],
		"White_Bal_error_Degrees": [1048,476.4,-475.9,-1666,-2379],
		"White_Bal_error_Mired": [-21.37,-10.51,12.16,53.02,88.79],
		"White_Bal_error_S_HSV": [0.1004,0.06215,0.2054,0.436,0.5266],
		"White_Bal_error_Delta_C_ab": [3.485,2.317,5.52,9.92,9.719],
		"White_Bal_error_Delta_C_94": [3.485,2.317,5.52,9.92,9.719],
		"White_Bal_error_Delta_C_00": [3.237,2.504,6.716,10.85,10.74],
		"n_Patch": [1,2,3,4,5],
		"n_Row": [1,1,1,1,1],
		"n_Column": [1,2,3,4,5],
		"width_pixels": [275,276,275,275,275],
		"height_pixels": [305,305,305,305,305],
		"Pixels_total": [83875,84180,83875,83875,83875],
		"R_reference": [242.4,146.6,86.6,49.01,25.46],
		"G_reference": [242.4,146.6,86.6,49.01,25.46],
		"B_reference": [242.4,146.6,86.6,49.01,25.46],
		"R_input": [69.25,51.79,39.05,32.91,29.69],
		"G_input": [71.75,50.97,31.03,18.56,14.05],
		"B_input": [76.97,54.35,36.4,27.69,23.53],
		"L_reference": [95.63,60.79,36.82,20.33,8.991],
		"a_reference": [0,0,0,0,0],
		"b_reference": [0,0,0,0,0],
		"L_input": [30.43,21.43,12.88,7.725,5.88],
		"a_input": [0.1878,1.157,5.07,9.295,9.237],
		"b_input": [-3.48,-2.007,-2.184,-3.466,-3.023],
		"x_reference": [0.3127,0.3127,0.3127,0.3127,0.3127],
		"y_reference": [0.329,0.329,0.329,0.329,0.329],
		"Y_reference": [0.8913,0.2901,0.09441,0.03073,0.01],
		"x_input": [0.2988,0.3069,0.3237,0.3406,0.3495],
		"y_input": [0.3135,0.316,0.3021,0.2759,0.2695],
		"Y_input": [0.06412,0.03359,0.01544,0.008552,0.006509],
		"LUV_comment": "L2 is used to differentiate between the L in LAB and L in LUV.",
		"L2_reference": [805.1,262,85.28,27.75,9.033],
		"U_reference": [0.1978,0.1978,0.1978,0.1978,0.1978],
		"V_reference": [0.4683,0.4683,0.4683,0.4683,0.4683],
		"L2_input": [57.92,30.34,13.95,7.725,5.88],
		"U_input": [0.1939,0.1987,0.2166,0.242,0.2526],
		"V_input": [0.4577,0.4603,0.4549,0.4411,0.4382],
		"patch_numbers_for_all_Delta_E_C": [1,2,3,4,5],
		"Delta_E_all": [65.3,39.4,24.6,16,10.2],
		"Delta_C_all": [3.49,2.32,5.52,9.92,9.72],
		"Delta_E94_all": [65.3,39.4,24.6,16,10.2],
		"Delta_C94_all": [3.49,2.32,5.52,9.92,9.72],
		"Delta_E2000_all": [55.1,35.3,18.7,13.6,10.9],
		"Delta_C2000_all": [3.24,2.5,6.72,10.8,10.7],
		"Delta_L_all": [-65.2,-39.4,-23.9,-12.6,-3.11],
		"Delta_Chroma_all": [3.49,2.32,5.52,9.92,9.72],
		"Delta_Hue_Distance_all": [0,0,0,0,0],
		"Delta_Hue_Degrees_all": [0,0,0,0,0],
		"sat_corr_comment": "sat_corr explained on https://www.imatest.com/docs/colorcheck/#satcorr - not recommended.",
		"Delta_C_all_sat_corr": ["_NaN_","_NaN_","_NaN_","_NaN_","_NaN_"],
		"Delta_C94_all_sat_corr": ["_NaN_","_NaN_","_NaN_","_NaN_","_NaN_"],
		"Delta_C2000_all_sat_corr": ["_NaN_","_NaN_","_NaN_","_NaN_","_NaN_"],
		"grayscale_patch_numbers": [1,2,3,4,5],
		"Delta_E": [65.3,39.4,24.6,16,10.2],
		"Delta_C": [3.49,2.32,5.52,9.92,9.72],
		"Delta_E94": [65.3,39.4,24.6,16,10.2],
		"Delta_C94": [3.49,2.32,5.52,9.92,9.72],
		"Delta_E2000": [55.1,35.3,18.7,13.6,10.9],
		"Delta_C2000": [3.24,2.5,6.72,10.8,10.7],
		"Delta_L": [-65.2,-39.4,-23.9,-12.6,-3.11],
		"Delta_Chroma": [3.49,2.32,5.52,9.92,9.72],
		"Delta_Hue_Distance": [0,0,0,0,0],
		"Delta_Hue_Degrees": [0,0,0,0,0],
		"mean_Delta_E": [31.1],
		"mean_Delta_C": [6.19],
		"mean_Delta_E94": [31.1],
		"mean_Delta_C94": [6.19],
		"mean_Delta_E2000": [26.7],
		"mean_Delta_C2000": [6.81],
		"mean_Delta_L": [-28.8],
		"mean_Delta_Chroma": [6.19],
		"mean_Delta_Hue_Distance": [0],
		"mean_Delta_Hue_Degrees": [0],
		"mean_Delta_C_sat_corr": ["_NaN_"],
		"mean_Delta_C94_sat_corr": ["_NaN_"],
		"mean_Delta_C2000_sat_corr": ["_NaN_"],
		"max_Delta_E": [65.3],
		"max_Delta_C": [9.92],
		"max_Delta_E94": [65.3],
		"max_Delta_C94": [9.92],
		"max_Delta_E2000": [55.1],
		"max_Delta_C2000": [10.8],
		"max_Delta_L": [-3.11],
		"max_Delta_Chroma": [9.92],
		"max_Delta_Hue_Distance": [0],
		"max_Delta_Hue_Degrees": [0],
		"max_Delta_C_sat_corr": ["_NaN_"],
		"max_Delta_C94_sat_corr": ["_NaN_"],
		"max_Delta_C2000_sat_corr": ["_NaN_"],
		"mean_RegionSize": [83660.8],
		"Sequence_dark_to_light": [5,4,3,2,1],
		"Patch_number": [5,4,3,2,1],
		"R_noise": [0.1007,0.1051,0.1158,0.1267,0.1247],
		"G_noise": [0.06975,0.07848,0.09238,0.09277,0.07893],
		"B_noise": [0.08527,0.09176,0.1021,0.1052,0.08915],
		"R_SNR_ratio": [1.156,1.228,1.323,1.603,2.177],
		"G_SNR_ratio": [0.7902,0.9274,1.317,2.154,3.565],
		"B_SNR_ratio": [1.082,1.184,1.398,2.027,3.386],
		"R_SNR_dB": [1.262,1.781,2.43,4.097,6.758],
		"G_SNR_dB": [-2.045,-0.6548,2.394,6.666,11.04],
		"B_SNR_dB": [0.6874,1.464,2.913,6.136,10.59],
		"Gb_noise": [0.05794,0.06414,0.07383,0.07452,0.06564],
		"Gb_SNR_ratio": [1.222,1.361,1.759,2.704,4.277],
		"Gb_SNR_dB": [1.744,2.68,4.908,8.64,12.62],
		"Y_f_stop_SNR_ratio": [0.7454,0.625,0.4775,0.2843,0.1758],
		"Y_f_stop_SNR_dB": [-2.552,-4.083,-6.42,-10.92,-15.1],
		"quality_levels_for_DR": [
				"Low,",
				"Medium,",
				"M-H,",
				"High,"
		],
		"SigNoise_levels_for_DR": [1,0.5,0.25,0.1],
		"Dynamic_Range_f_stops": [0,0,0,0],
		"Dynamic_Range_dB": [0,0,0,0],
		"noise_ISO15739_pct": [1.808,2.4,4.632,8.5,9.299],
		"snr_ISO15739": [0.36,0.3563,0.3333,0.3952,0.6895],
		"noise_pct_ISO15739_at_13pct_Lref": [8.987],
		"snr_ISO15739_at_13pct_Lref": [0.5745],
		"snr_dB_ISO15739_at_13pct_Lref": [-4.815],
		"DynamicRange_at_density_2": [273.9],
		"DynamicRange_total": [0],
		"DynamicRange_from_slope_OD": [1.95],
		"DynamicRange_from_slope_EV": [6.474],
		"DynamicRange_from_slope_dB": [39],
		"SNR_BW_dB_RGBY": [3.674,6.382,5.294,8.285],
		"L_noise": [6.508,7.121,8.04,7.769,6.633],
		"a_noise": [14.82,15.91,18.14,18.46,16.19],
		"b_noise": [14.53,15.95,18.16,18.35,15.11],
		"Total_Lab_noise_unwtd": [21.75,23.63,26.9,27.17,23.12],
		"Total_ab_noise_unwtd": [20.76,22.53,25.67,26.03,22.14],
		"R_minus_Y_KK_noise": [0.08827,0.0941,0.1065,0.1148,0.1082],
		"B_minus_Y_KK_noise": [0.08966,0.09879,0.1145,0.118,0.09822],
		"Y_Kelly_Keelan_noise": [0.05794,0.06414,0.07383,0.07452,0.06564],
		"Total_KK_noise": [0.07898,0.08627,0.09885,0.1022,0.09177],
		"Chroma_KK_noise": [0.05368,0.0577,0.06574,0.07,0.06413],
		"Total_old_iso_noise": [0.09813,0.1065,0.1217,0.1273,0.1155],
		"Y_noise_from_YUV": [0.05793,0.06413,0.07382,0.07451,0.06563],
		"U_noise_from_YUV": [0.04213,0.04642,0.05381,0.05547,0.04615],
		"V_noise_from_YUV": [0.06893,0.07348,0.0832,0.08961,0.08447],