{
	"jsonResults": {
		"dateRun": "13-May-2025 14:57:05",
		"ini_time_size": "13-May-2025 14:47:26 19023B  MD5 = f342b24a34f4f9a9d1ee09fe9c9baa3b",
		"version": "Imatest 24.2.6 Master Color/Tone Auto",
		"build": "2025-03-20",
		"image_file": "potted plant_55.0 mm_1600ISO_0EV_Dist2_ON_Focused.tiff",
		"ColorSpace": "sRGB",
		"Reference": "Default values",
		"Ref_folder": "/usr/local/Imatest/v24.2/Master/",
		"Gamma": [0.406],
		"patches_for_gamma_start_end": [1,5],
		"exposure_error_normalized_y_channel": [-0.0831],
		"mean_camera_Saturation_Pct": ["_NaN_"],
		"mean_chroma_level_CPIQ_Pct": ["_NaN_"],
		"CPIQ_chroma_quality_loss_JND": ["_NaN_"],
		"CPIQ_exposure_quality_loss_JND": ["_NaN_"],
		"pixel_offset": [0],
		"mean_patch_size_pxls": [274,303],
		"roi_settings": "Recent ROI settings are in roi, nwid_save, nht_save, fillf, and distort (same names as ini file)",
		"roi": [3013,1351,4727,1725,3013,1727,4727,1343],
		"nwid_save": [6024],
		"nht_save": [4020],
		"fillf": [0.8],
		"distort": [0],
		"grayscale_zone": [1,2,3,4,5],
		"grayscale_minus_log_exposure": [2,1.513,1.025,0.5375,0.05],
		"grayscale_Y_reflectivity": [0.01,0.03073,0.09441,0.2901,0.8913],
		"grayscale_Y_Printer_pixel_gamma22": [33.13,55.18,91.91,153.1,255],
		"grayscale_Y_density": [0.1958,0.3077,0.4729,0.7036,1.062],
		"grayscale_R_density": [0.196,0.31,0.4766,0.7046,1.067],
		"grayscale_G_density": [0.1969,0.3075,0.4723,0.704,1.062],
		"grayscale_B_density": [0.185,0.3038,0.4669,0.6961,1.05],
		"grayscale_Y_mean": [162.4,125.5,85.84,50.46,22.1],
		"grayscale_R_mean": [162.4,124.9,85.1,50.34,21.88],
		"grayscale_G_mean": [162,125.6,85.94,50.41,22.11],
		"grayscale_B_mean": [166.6,126.7,87.02,51.34,22.72],
		"White_Bal_error_Degrees": [265.5,132.4,196.9,167,244.5],
		"White_Bal_error_Mired": [-6.038,-3.071,-4.523,-3.854,-5.578],
		"White_Bal_error_S_HSV": [0.02707,0.01419,0.02211,0.01937,0.03687],
		"White_Bal_error_Delta_C_ab": [2.504,0.6902,0.7595,0.6303,0.4548],
		"White_Bal_error_Delta_C_94": [2.504,0.6902,0.7595,0.6303,0.4548],
		"White_Bal_error_Delta_C_00": [2.578,0.682,0.7549,0.6548,0.4532],
		"n_Patch": [1,2,3,4,5],
		"n_Row": [1,1,1,1,1],
		"n_Column": [1,2,3,4,5],
		"width_pixels": [275,276,275,275,275],
		"height_pixels": [305,305,305,305,305],
		"Pixels_total": [83875,84180,83875,83875,83875],
		"R_reference": [242.4,146.6,86.6,49.01,25.46],
		"G_reference": [242.4,146.6,86.6,49.01,25.46],
		"B_reference": [242.4,146.6,86.6,49.01,25.46],
		"R_input": [162.4,124.9,85.1,50.34,21.88],
		"G_input": [162,125.6,85.94,50.41,22.11],
		"B_input": [166.6,126.7,87.02,51.34,22.72],
		"L_reference": [95.63,60.79,36.82,20.33,8.991],
		"a_reference": [0,0,0,0,0],
		"b_reference": [0,0,0,0,0],
		"L_input": [66.79,52.62,36.5,21,7.297],
		"a_input": [0.9884,-0.05114,-0.1014,0.1885,0.04715],
		"b_input": [-2.301,-0.6883,-0.7527,-0.6014,-0.4524],
		"x_reference": [0.3127,0.3127,0.3127,0.3127,0.3127],
		"y_reference": [0.329,0.329,0.329,0.329,0.329],
		"Y_reference": [0.8913,0.2901,0.09441,0.03073,0.01],
		"x_input": [0.3091,0.3107,0.3097,0.3103,0.3091],
		"y_input": [0.3225,0.327,0.3262,0.3253,0.3247],
		"Y_input": [0.3635,0.207,0.0927,0.03245,0.008079],
		"LUV_comment": "L2 is used to differentiate between the L in LAB and L in LUV.",
		"L2_reference": [805.1,262,85.28,27.75,9.033],
		"U_reference": [0.1978,0.1978,0.1978,0.1978,0.1978],
		"V_reference": [0.4683,0.4683,0.4683,0.4683,0.4683],
		"L2_input": [328.4,187,83.74,29.31,7.297],
		"U_input": [0.1978,0.1972,0.1967,0.1975,0.1969],
		"V_input": [0.4643,0.467,0.4664,0.466,0.4655],
		"patch_numbers_for_all_Delta_E_C": [1,2,3,4,5],
		"Delta_E_all": [29,8.2,0.824,0.918,1.75],
		"Delta_C_all": [2.5,0.69,0.76,0.63,0.455],
		"Delta_E94_all": [29,8.2,0.824,0.918,1.75],
		"Delta_C94_all": [2.5,0.69,0.76,0.63,0.455],
		"Delta_E2000_all": [19.9,7.57,0.801,0.803,1.14],
		"Delta_C2000_all": [2.58,0.682,0.755,0.655,0.453],
		"Delta_L_all": [-28.8,-8.17,-0.32,0.668,-1.69],
		"Delta_Chroma_all": [2.5,0.69,0.76,0.63,0.455],
		"Delta_Hue_Distance_all": [0,0,0,0,0],
		"Delta_Hue_Degrees_all": [0,0,0,0,0],
		"sat_corr_comment": "sat_corr explained on https://www.imatest.com/docs/colorcheck/#satcorr - not recommended.",
		"Delta_C_all_sat_corr": ["_NaN_","_NaN_","_NaN_","_NaN_","_NaN_"],
		"Delta_C94_all_sat_corr": ["_NaN_","_NaN_","_NaN_","_NaN_","_NaN_"],
		"Delta_C2000_all_sat_corr": ["_NaN_","_NaN_","_NaN_","_NaN_","_NaN_"],
		"grayscale_patch_numbers": [1,2,3,4,5],
		"Delta_E": [29,8.2,0.824,0.918,1.75],
		"Delta_C": [2.5,0.69,0.76,0.63,0.455],
		"Delta_E94": [29,8.2,0.824,0.918,1.75],
		"Delta_C94": [2.5,0.69,0.76,0.63,0.455],
		"Delta_E2000": [19.9,7.57,0.801,0.803,1.14],
		"Delta_C2000": [2.58,0.682,0.755,0.655,0.453],
		"Delta_L": [-28.8,-8.17,-0.32,0.668,-1.69],
		"Delta_Chroma": [2.5,0.69,0.76,0.63,0.455],
		"Delta_Hue_Distance": [0,0,0,0,0],
		"Delta_Hue_Degrees": [0,0,0,0,0],
		"mean_Delta_E": [8.13],
		"mean_Delta_C": [1.01],
		"mean_Delta_E94": [8.13],
		"mean_Delta_C94": [1.01],
		"mean_Delta_E2000": [6.04],
		"mean_Delta_C2000": [1.02],
		"mean_Delta_L": [-7.67],
		"mean_Delta_Chroma": [1.01],
		"mean_Delta_Hue_Distance": [0],
		"mean_Delta_Hue_Degrees": [0],
		"mean_Delta_C_sat_corr": ["_NaN_"],
		"mean_Delta_C94_sat_corr": ["_NaN_"],
		"mean_Delta_C2000_sat_corr": ["_NaN_"],
		"max_Delta_E": [29],
		"max_Delta_C": [2.5],
		"max_Delta_E94": [29],
		"max_Delta_C94": [2.5],
		"max_Delta_E2000": [19.9],
		"max_Delta_C2000": [2.58],
		"max_Delta_L": [0.668],
		"max_Delta_Chroma": [2.5],
		"max_Delta_Hue_Distance": [0],
		"max_Delta_Hue_Degrees": [0],
		"max_Delta_C_sat_corr": ["_NaN_"],
		"max_Delta_C94_sat_corr": ["_NaN_"],
		"max_Delta_C2000_sat_corr": ["_NaN_"],
		"mean_RegionSize": [83660.8],
		"Sequence_dark_to_light": [5,4,3,2,1],
		"Patch_number": [5,4,3,2,1],
		"R_noise": [0.04316,0.03285,0.02677,0.0243,0.02278],
		"G_noise": [0.02699,0.01926,0.0165,0.01522,0.01462],
		"B_noise": [0.03523,0.02501,0.0212,0.0196,0.01831],
		"R_SNR_ratio": [1.988,6.009,12.46,20.16,27.95],
		"G_SNR_ratio": [3.212,10.27,20.42,32.37,43.48],
		"B_SNR_ratio": [2.529,8.05,16.1,25.36,35.67],
		"R_SNR_dB": [5.968,15.58,21.91,26.09,28.93],
		"G_SNR_dB": [10.14,20.23,26.2,30.2,32.77],
		"B_SNR_dB": [8.058,18.12,24.14,28.08,31.05],
		"Gb_noise": [0.02217,0.0162,0.01375,0.01272,0.01224],
		"Gb_SNR_ratio": [3.91,12.21,24.48,38.69,52.06],
		"Gb_SNR_dB": [11.84,21.74,27.78,31.75,34.33],
		"Y_f_stop_SNR_ratio": [7.301,7.288,6.61,4.762,3.097],
		"Y_f_stop_SNR_dB": [17.27,17.25,16.4,13.56,9.819],
		"quality_levels_for_DR": [
				"Low,",
				"Medium,",
				"M-H,",
				"High,"
		],
		"SigNoise_levels_for_DR": [1,0.5,0.25,0.1],
		"Dynamic_Range_f_stops": [0,0,5.432,0],
		"Dynamic_Range_dB": [0,0,32.7,0],
		"noise_ISO15739_pct": [0.2249,0.2312,0.4883,1.099,1.45],
		"snr_ISO15739": [3.592,14.04,18.99,18.84,25.07],
		"noise_pct_ISO15739_at_13pct_Lref": [1.164],
		"snr_ISO15739_at_13pct_Lref": [20.01],
		"snr_dB_ISO15739_at_13pct_Lref": [26.02],
		"DynamicRange_at_density_2": [1393],
		"DynamicRange_total": [0],
		"DynamicRange_from_slope_OD": [1.95],
		"DynamicRange_from_slope_EV": [6.474],
		"DynamicRange_from_slope_dB": [39],
		"SNR_BW_dB_RGBY": [25.14,29.2,27.01,30.76],
		"L_noise": [2.464,1.869,1.468,1.274,1.168],
		"a_noise": [6.693,4.984,3.882,3.309,2.959],
		"b_noise": [6.298,4.714,3.683,3.161,2.847],
		"Total_Lab_noise_unwtd": [9.515,7.11,5.549,4.75,4.269],
		"Total_ab_noise_unwtd": [9.19,6.86,5.351,4.576,4.107],
		"R_minus_Y_KK_noise": [0.03754,0.02799,0.02301,0.02083,0.01943],
		"B_minus_Y_KK_noise": [0.03886,0.02735,0.02319,0.02125,0.02008],
		"Y_Kelly_Keelan_noise": [0.02217,0.0162,0.01375,0.01272,0.01224],
		"Total_KK_noise": [0.0319,0.02339,0.0196,0.01796,0.01705],
		"Chroma_KK_noise": [0.02294,0.01686,0.01397,0.01268,0.01187],
		"Total_old_iso_noise": [0.04044,0.02972,0.02478,0.02262,0.02135],
		"Y_noise_from_YUV": [0.02217,0.0162,0.01375,0.01272,0.01224],
		"U_noise_from_YUV": [0.01826,0.01285,0.0109,0.009986,0.009434],