{
	"jsonResults": {
		"dateRun": "13-May-2025 13:25:26",
		"ini_time_size": "13-May-2025 12:34:36 18833B  MD5 = 6430a69d13571d0b394247d2af9742ab",
		"version": "Imatest 24.2.6 Master Color/Tone Auto",
		"build": "2025-03-20",
		"image_file": "sports ball_55.0 mm_6400ISO_-2EV_Dist2_OFF_Defocus1.tiff",
		"ColorSpace": "sRGB",
		"Reference": "Default values",
		"Ref_folder": "/usr/local/Imatest/v24.2/Master/",
		"Gamma": [0.4226],
		"patches_for_gamma_start_end": [1,5],
		"exposure_error_normalized_y_channel": [-0.247],
		"mean_camera_Saturation_Pct": ["_NaN_"],
		"mean_chroma_level_CPIQ_Pct": ["_NaN_"],
		"CPIQ_chroma_quality_loss_JND": ["_NaN_"],
		"CPIQ_exposure_quality_loss_JND": ["_NaN_"],
		"pixel_offset": [0],
		"mean_patch_size_pxls": [274,303],
		"roi_settings": "Recent ROI settings are in roi, nwid_save, nht_save, fillf, and distort (same names as ini file)",
		"roi": [2988,1286,4702,1660,2988,1662,4702,1278],
		"nwid_save": [6024],
		"nht_save": [4020],
		"fillf": [0.8],
		"distort": [0],
		"grayscale_zone": [1,2,3,4,5],
		"grayscale_minus_log_exposure": [2,1.513,1.025,0.5375,0.05],
		"grayscale_Y_reflectivity": [0.01,0.03073,0.09441,0.2901,0.8913],
		"grayscale_Y_Printer_pixel_gamma22": [33.13,55.18,91.91,153.1,255],
		"grayscale_Y_density": [0.5139,0.6415,0.8475,1.146,1.426],
		"grayscale_R_density": [0.5165,0.654,0.8637,1.082,1.228],
		"grayscale_G_density": [0.5154,0.6391,0.8445,1.172,1.526],
		"grayscale_B_density": [0.4922,0.6295,0.8313,1.102,1.3],
		"grayscale_Y_mean": [78.1,58.21,36.23,18.22,9.56],
		"grayscale_R_mean": [77.63,56.56,34.9,21.12,15.08],
		"grayscale_G_mean": [77.83,58.54,36.48,17.16,7.596],
		"grayscale_B_mean": [82.09,59.84,37.6,20.16,12.79],
		"White_Bal_error_Degrees": [559.3,457.6,549.3,-192.3,-1013],
		"White_Bal_error_Mired": [-12.19,-10.12,-11.99,4.691,28.4],
		"White_Bal_error_S_HSV": [0.05436,0.05478,0.07191,0.1879,0.4961],
		"White_Bal_error_Delta_C_ab": [2.689,1.225,1.093,2.558,3.183],
		"White_Bal_error_Delta_C_94": [2.689,1.225,1.093,2.558,3.183],
		"White_Bal_error_Delta_C_00": [2.686,1.322,1.165,3.334,4.128],
		"n_Patch": [1,2,3,4,5],
		"n_Row": [1,1,1,1,1],
		"n_Column": [1,2,3,4,5],
		"width_pixels": [275,276,275,275,275],
		"height_pixels": [305,305,305,305,305],
		"Pixels_total": [83875,84180,83875,83875,83875],
		"R_reference": [242.4,146.6,86.6,49.01,25.46],
		"G_reference": [242.4,146.6,86.6,49.01,25.46],
		"B_reference": [242.4,146.6,86.6,49.01,25.46],
		"R_input": [77.63,56.56,34.9,21.12,15.08],
		"G_input": [77.83,58.54,36.48,17.16,7.596],
		"B_input": [82.09,59.84,37.6,20.16,12.79],
		"L_reference": [95.63,60.79,36.82,20.33,8.991],
		"a_reference": [0,0,0,0,0],
		"b_reference": [0,0,0,0,0],
		"L_input": [33.22,24.52,14.31,5.579,2.67],
		"a_input": [0.8684,-0.5334,-0.4359,2.271,2.909],
		"b_input": [-2.545,-1.103,-1.002,-1.177,-1.293],
		"x_reference": [0.3127,0.3127,0.3127,0.3127,0.3127],
		"y_reference": [0.329,0.329,0.329,0.329,0.329],
		"Y_reference": [0.8913,0.2901,0.09441,0.03073,0.01],
		"x_input": [0.3053,0.3055,0.3042,0.3189,0.3321],
		"y_input": [0.3173,0.3244,0.3233,0.3065,0.2789],
		"Y_input": [0.07639,0.04262,0.01784,0.006176,0.002956],
		"LUV_comment": "L2 is used to differentiate between the L in LAB and L in LUV.",
		"L2_reference": [805.1,262,85.28,27.75,9.033],
		"U_reference": [0.1978,0.1978,0.1978,0.1978,0.1978],
		"V_reference": [0.4683,0.4683,0.4683,0.4683,0.4683],
		"L2_input": [69.01,38.5,16.12,5.579,2.67],
		"U_input": [0.1971,0.1945,0.194,0.2111,0.2338],
		"V_input": [0.4608,0.4648,0.4639,0.4567,0.4417],
		"patch_numbers_for_all_Delta_E_C": [1,2,3,4,5],
		"Delta_E_all": [62.5,36.3,22.5,15,7.08],
		"Delta_C_all": [2.69,1.23,1.09,2.56,3.18],
		"Delta_E94_all": [62.5,36.3,22.5,15,7.08],
		"Delta_C94_all": [2.69,1.23,1.09,2.56,3.18],
		"Delta_E2000_all": [51.8,33.2,16.6,10.1,5.62],
		"Delta_C2000_all": [2.69,1.32,1.17,3.33,4.13],
		"Delta_L_all": [-62.4,-36.3,-22.5,-14.8,-6.32],
		"Delta_Chroma_all": [2.69,1.23,1.09,2.56,3.18],
		"Delta_Hue_Distance_all": [0,0,0,0,0],
		"Delta_Hue_Degrees_all": [0,0,0,0,0],
		"sat_corr_comment": "sat_corr explained on https://www.imatest.com/docs/colorcheck/#satcorr - not recommended.",
		"Delta_C_all_sat_corr": ["_NaN_","_NaN_","_NaN_","_NaN_","_NaN_"],
		"Delta_C94_all_sat_corr": ["_NaN_","_NaN_","_NaN_","_NaN_","_NaN_"],
		"Delta_C2000_all_sat_corr": ["_NaN_","_NaN_","_NaN_","_NaN_","_NaN_"],
		"grayscale_patch_numbers": [1,2,3,4,5],
		"Delta_E": [62.5,36.3,22.5,15,7.08],
		"Delta_C": [2.69,1.23,1.09,2.56,3.18],
		"Delta_E94": [62.5,36.3,22.5,15,7.08],
		"Delta_C94": [2.69,1.23,1.09,2.56,3.18],
		"Delta_E2000": [51.8,33.2,16.6,10.1,5.62],
		"Delta_C2000": [2.69,1.32,1.17,3.33,4.13],
		"Delta_L": [-62.4,-36.3,-22.5,-14.8,-6.32],
		"Delta_Chroma": [2.69,1.23,1.09,2.56,3.18],
		"Delta_Hue_Distance": [0,0,0,0,0],
		"Delta_Hue_Degrees": [0,0,0,0,0],
		"mean_Delta_E": [28.7],
		"mean_Delta_C": [2.15],
		"mean_Delta_E94": [28.7],
		"mean_Delta_C94": [2.15],
		"mean_Delta_E2000": [23.4],
		"mean_Delta_C2000": [2.53],
		"mean_Delta_L": [-28.5],
		"mean_Delta_Chroma": [2.15],
		"mean_Delta_Hue_Distance": [0],
		"mean_Delta_Hue_Degrees": [0],
		"mean_Delta_C_sat_corr": ["_NaN_"],
		"mean_Delta_C94_sat_corr": ["_NaN_"],
		"mean_Delta_C2000_sat_corr": ["_NaN_"],
		"max_Delta_E": [62.5],
		"max_Delta_C": [3.18],
		"max_Delta_E94": [62.5],
		"max_Delta_C94": [3.18],
		"max_Delta_E2000": [51.8],
		"max_Delta_C2000": [4.13],
		"max_Delta_L": [-6.32],
		"max_Delta_Chroma": [3.18],
		"max_Delta_Hue_Distance": [0],
		"max_Delta_Hue_Degrees": [0],
		"max_Delta_C_sat_corr": ["_NaN_"],
		"max_Delta_C94_sat_corr": ["_NaN_"],
		"max_Delta_C2000_sat_corr": ["_NaN_"],
		"mean_RegionSize": [83660.8],
		"Sequence_dark_to_light": [5,4,3,2,1],
		"Patch_number": [5,4,3,2,1],
		"R_noise": [0.05422,0.0635,0.07176,0.06508,0.05417],
		"G_noise": [0.03519,0.0472,0.04434,0.03487,0.03153],
		"B_noise": [0.04533,0.05529,0.05689,0.04652,0.03928],
		"R_SNR_ratio": [1.09,1.305,1.907,3.409,5.621],
		"G_SNR_ratio": [0.8465,1.425,3.227,6.583,9.68],
		"B_SNR_ratio": [1.107,1.43,2.592,5.045,8.196],
		"R_SNR_dB": [0.7505,2.309,5.609,10.65,15],
		"G_SNR_dB": [-1.448,3.079,10.18,16.37,19.72],
		"B_SNR_dB": [0.8801,3.107,8.273,14.06,18.27],
		"Gb_noise": [0.02957,0.03817,0.03635,0.02962,0.02644],
		"Gb_SNR_ratio": [1.268,1.872,3.908,7.707,11.58],
		"Gb_SNR_dB": [2.062,5.444,11.84,17.74,21.28],
		"Y_f_stop_SNR_ratio": [1.82,1.711,1.332,0.8458,0.7088],
		"Y_f_stop_SNR_dB": [5.204,4.667,2.491,-1.454,-2.99],
		"quality_levels_for_DR": [
				"Low,",
				"Medium,",
				"M-H,",
				"High,"
		],
		"SigNoise_levels_for_DR": [1,0.5,0.25,0.1],
		"Dynamic_Range_f_stops": [4.175,0,0,0],
		"Dynamic_Range_dB": [25.13,0,0,0],
		"noise_ISO15739_pct": [0.5772,0.9707,1.894,3.418,4.157],
		"snr_ISO15739": [0.5122,0.6363,0.942,1.247,1.838],
		"noise_pct_ISO15739_at_13pct_Lref": [3.771],
		"snr_ISO15739_at_13pct_Lref": [1.53],
		"snr_dB_ISO15739_at_13pct_Lref": [3.692],
		"DynamicRange_at_density_2": [735.6],
		"DynamicRange_total": [36.33],
		"DynamicRange_from_slope_OD": [1.95],
		"DynamicRange_from_slope_EV": [6.474],
		"DynamicRange_from_slope_dB": [39],
		"SNR_BW_dB_RGBY": [11.15,16.56,14.06,17.98],
		"L_noise": [2.763,3.983,4.111,3.248,2.821],
		"a_noise": [7.469,10.04,11.04,8.95,7.554],
		"b_noise": [6.715,9.575,10.52,8.439,6.987],
		"Total_Lab_noise_unwtd": [10.42,14.43,15.8,12.72,10.67],
		"Total_ab_noise_unwtd": [10.04,13.87,15.25,12.3,10.29],
		"R_minus_Y_KK_noise": [0.0468,0.05684,0.0626,0.05515,0.04625],
		"B_minus_Y_KK_noise": [0.04705,0.06178,0.06277,0.05087,0.04364],
		"Y_Kelly_Keelan_noise": [0.02957,0.03817,0.03635,0.02962,0.02644],
		"Total_KK_noise": [0.04099,0.05191,0.05255,0.0442,0.03826],
		"Chroma_KK_noise": [0.02839,0.03518,0.03795,0.03281,0.02765],
		"Total_old_iso_noise": [0.05128,0.06431,0.06678,0.0569,0.04871],
		"Y_noise_from_YUV": [0.02957,0.03816,0.03635,0.02962,0.02644],
		"U_noise_from_YUV": [0.02211,0.02903,0.02949,0.0239,0.0205],