{
	"jsonResults": {
		"dateRun": "13-May-2025 13:25:26",
		"ini_time_size": "13-May-2025 12:34:36 18833B  MD5 = 6430a69d13571d0b394247d2af9742ab",
		"version": "Imatest 24.2.6 Master Color/Tone Auto",
		"build": "2025-03-20",
		"image_file": "sports ball_55.0 mm_6400ISO_-3EV_Dist2_OFF_Focused.tiff",
		"ColorSpace": "sRGB",
		"Reference": "Default values",
		"Ref_folder": "/usr/local/Imatest/v24.2/Master/",
		"Gamma": [0.4736],
		"patches_for_gamma_start_end": [1,5],
		"exposure_error_normalized_y_channel": [-0.269],
		"mean_camera_Saturation_Pct": ["_NaN_"],
		"mean_chroma_level_CPIQ_Pct": ["_NaN_"],
		"CPIQ_chroma_quality_loss_JND": ["_NaN_"],
		"CPIQ_exposure_quality_loss_JND": ["_NaN_"],
		"pixel_offset": [0],
		"mean_patch_size_pxls": [274,303],
		"roi_settings": "Recent ROI settings are in roi, nwid_save, nht_save, fillf, and distort (same names as ini file)",
		"roi": [2988,1286,4702,1660,2988,1662,4702,1278],
		"nwid_save": [6024],
		"nht_save": [4020],
		"fillf": [0.8],
		"distort": [0],
		"grayscale_zone": [1,2,3,4,5],
		"grayscale_minus_log_exposure": [2,1.513,1.025,0.5375,0.05],
		"grayscale_Y_reflectivity": [0.01,0.03073,0.09441,0.2901,0.8913],
		"grayscale_Y_Printer_pixel_gamma22": [33.13,55.18,91.91,153.1,255],
		"grayscale_Y_density": [0.6635,0.8059,1.037,1.313,1.506],
		"grayscale_R_density": [0.6674,0.815,1.005,1.165,1.257],
		"grayscale_G_density": [0.6644,0.8041,1.05,1.381,1.642],
		"grayscale_B_density": [0.6431,0.7978,1.01,1.219,1.364],
		"grayscale_Y_mean": [55.34,39.87,23.43,12.4,7.957],
		"grayscale_R_mean": [54.84,39.04,25.22,17.43,14.13],
		"grayscale_G_mean": [55.22,40.03,22.75,10.6,5.815],
		"grayscale_B_mean": [58,40.62,24.9,15.39,11.02],
		"White_Bal_error_Degrees": [514.1,289.8,-7.351,-719.7,-1720],
		"White_Bal_error_Mired": [-11.28,-6.567,0.1742,19.16,55.35],
		"White_Bal_error_S_HSV": [0.0545,0.0388,0.09819,0.3918,0.5884],
		"White_Bal_error_Delta_C_ab": [1.863,0.6228,2.071,3.295,3.25],
		"White_Bal_error_Delta_C_94": [1.863,0.6228,2.071,3.295,3.25],
		"White_Bal_error_Delta_C_00": [1.861,0.6983,2.69,4.254,4.247],
		"n_Patch": [1,2,3,4,5],
		"n_Row": [1,1,1,1,1],
		"n_Column": [1,2,3,4,5],
		"width_pixels": [275,276,275,275,275],
		"height_pixels": [305,305,305,305,305],
		"Pixels_total": [83875,84180,83875,83875,83875],
		"R_reference": [242.4,146.6,86.6,49.01,25.46],
		"G_reference": [242.4,146.6,86.6,49.01,25.46],
		"B_reference": [242.4,146.6,86.6,49.01,25.46],
		"R_input": [54.84,39.04,25.22,17.43,14.13],
		"G_input": [55.22,40.03,22.75,10.6,5.815],
		"B_input": [58,40.62,24.9,15.39,11.02],
		"L_reference": [95.63,60.79,36.82,20.33,8.991],
		"a_reference": [0,0,0,0,0],
		"b_reference": [0,0,0,0,0],
		"L_input": [23.23,16.05,7.968,3.515,2.212],
		"a_input": [0.4926,-0.3038,1.768,3.003,3.032],
		"b_input": [-1.796,-0.5437,-1.078,-1.357,-1.171],
		"x_reference": [0.3127,0.3127,0.3127,0.3127,0.3127],
		"y_reference": [0.329,0.329,0.329,0.329,0.329],
		"Y_reference": [0.8913,0.2901,0.09441,0.03073,0.01],
		"x_input": [0.3057,0.308,0.3149,0.3281,0.3408],
		"y_input": [0.3188,0.3262,0.3148,0.2881,0.2721],
		"Y_input": [0.03867,0.0211,0.008821,0.003891,0.002448],
		"LUV_comment": "L2 is used to differentiate between the L in LAB and L in LUV.",
		"L2_reference": [805.1,262,85.28,27.75,9.033],
		"U_reference": [0.1978,0.1978,0.1978,0.1978,0.1978],
		"V_reference": [0.4683,0.4683,0.4683,0.4683,0.4683],
		"L2_input": [34.93,19.06,7.968,3.515,2.212],
		"U_input": [0.1968,0.1956,0.2048,0.2262,0.2442],
		"V_input": [0.4617,0.4661,0.4609,0.4469,0.4386],
		"patch_numbers_for_all_Delta_E_C": [1,2,3,4,5],
		"Delta_E_all": [72.4,44.7,28.9,17.1,7.52],
		"Delta_C_all": [1.86,0.623,2.07,3.3,3.25],
		"Delta_E94_all": [72.4,44.7,28.9,17.1,7.52],
		"Delta_C94_all": [1.86,0.623,2.07,3.3,3.25],
		"Delta_E2000_all": [64.2,38.5,20.7,11.5,5.89],
		"Delta_C2000_all": [1.86,0.698,2.69,4.25,4.25],
		"Delta_L_all": [-72.4,-44.7,-28.9,-16.8,-6.78],
		"Delta_Chroma_all": [1.86,0.623,2.07,3.3,3.25],
		"Delta_Hue_Distance_all": [0,0,0,0,0],
		"Delta_Hue_Degrees_all": [0,0,0,0,0],
		"sat_corr_comment": "sat_corr explained on https://www.imatest.com/docs/colorcheck/#satcorr - not recommended.",
		"Delta_C_all_sat_corr": ["_NaN_","_NaN_","_NaN_","_NaN_","_NaN_"],
		"Delta_C94_all_sat_corr": ["_NaN_","_NaN_","_NaN_","_NaN_","_NaN_"],
		"Delta_C2000_all_sat_corr": ["_NaN_","_NaN_","_NaN_","_NaN_","_NaN_"],
		"grayscale_patch_numbers": [1,2,3,4,5],
		"Delta_E": [72.4,44.7,28.9,17.1,7.52],
		"Delta_C": [1.86,0.623,2.07,3.3,3.25],
		"Delta_E94": [72.4,44.7,28.9,17.1,7.52],
		"Delta_C94": [1.86,0.623,2.07,3.3,3.25],
		"Delta_E2000": [64.2,38.5,20.7,11.5,5.89],
		"Delta_C2000": [1.86,0.698,2.69,4.25,4.25],
		"Delta_L": [-72.4,-44.7,-28.9,-16.8,-6.78],
		"Delta_Chroma": [1.86,0.623,2.07,3.3,3.25],
		"Delta_Hue_Distance": [0,0,0,0,0],
		"Delta_Hue_Degrees": [0,0,0,0,0],
		"mean_Delta_E": [34.2],
		"mean_Delta_C": [2.22],
		"mean_Delta_E94": [34.2],
		"mean_Delta_C94": [2.22],
		"mean_Delta_E2000": [28.2],
		"mean_Delta_C2000": [2.75],
		"mean_Delta_L": [-33.9],
		"mean_Delta_Chroma": [2.22],
		"mean_Delta_Hue_Distance": [0],
		"mean_Delta_Hue_Degrees": [0],
		"mean_Delta_C_sat_corr": ["_NaN_"],
		"mean_Delta_C94_sat_corr": ["_NaN_"],
		"mean_Delta_C2000_sat_corr": ["_NaN_"],
		"max_Delta_E": [72.4],
		"max_Delta_C": [3.3],
		"max_Delta_E94": [72.4],
		"max_Delta_C94": [3.3],
		"max_Delta_E2000": [64.2],
		"max_Delta_C2000": [4.25],
		"max_Delta_L": [-6.78],
		"max_Delta_Chroma": [3.3],
		"max_Delta_Hue_Distance": [0],
		"max_Delta_Hue_Degrees": [0],
		"max_Delta_C_sat_corr": ["_NaN_"],
		"max_Delta_C94_sat_corr": ["_NaN_"],
		"max_Delta_C2000_sat_corr": ["_NaN_"],
		"mean_RegionSize": [83660.8],
		"Sequence_dark_to_light": [5,4,3,2,1],
		"Patch_number": [5,4,3,2,1],
		"R_noise": [0.05262,0.05789,0.06778,0.07187,0.06552],
		"G_noise": [0.0308,0.04085,0.04896,0.04247,0.03598],
		"B_noise": [0.04218,0.04955,0.05831,0.05534,0.04657],
		"R_SNR_ratio": [1.053,1.181,1.459,2.13,3.283],
		"G_SNR_ratio": [0.7405,1.018,1.822,3.697,6.019],
		"B_SNR_ratio": [1.025,1.218,1.674,2.878,4.884],
		"R_SNR_dB": [0.4473,1.443,3.283,6.569,10.32],
		"G_SNR_dB": [-2.61,0.1535,5.211,11.36,15.59],
		"B_SNR_dB": [0.2145,1.714,4.476,9.183,13.78],
		"Gb_noise": [0.02654,0.03372,0.03936,0.03512,0.03019],
		"Gb_SNR_ratio": [1.176,1.442,2.334,4.451,7.189],
		"Gb_SNR_dB": [1.407,3.18,7.363,12.97,17.13],
		"Y_f_stop_SNR_ratio": [1.241,1.1,0.8449,0.5555,0.4052],
		"Y_f_stop_SNR_dB": [1.876,0.8272,-1.464,-5.106,-7.846],
		"quality_levels_for_DR": [
				"Low,",
				"Medium,",
				"M-H,",
				"High,"
		],
		"SigNoise_levels_for_DR": [1,0.5,0.25,0.1],
		"Dynamic_Range_f_stops": [2.156,0,0,0],
		"Dynamic_Range_dB": [12.98,0,0,0],
		"noise_ISO15739_pct": [1.058,1.657,3.493,6.267,7.05],
		"snr_ISO15739": [0.2314,0.2348,0.2525,0.3366,0.5485],
		"noise_pct_ISO15739_at_13pct_Lref": [6.549],
		"snr_ISO15739_at_13pct_Lref": [0.4129],
		"snr_dB_ISO15739_at_13pct_Lref": [-7.683],
		"DynamicRange_at_density_2": [347],
		"DynamicRange_total": [0],
		"DynamicRange_from_slope_OD": [1.95],
		"DynamicRange_from_slope_EV": [6.474],
		"DynamicRange_from_slope_dB": [39],
		"SNR_BW_dB_RGBY": [7.395,11.97,9.666,13.61],
		"L_noise": [2.425,3.284,4.284,3.963,3.328],
		"a_noise": [6.856,8.475,11.03,10.72,9.187],
		"b_noise": [5.983,7.865,10.47,10.17,8.559],
		"Total_Lab_noise_unwtd": [9.417,12.02,15.8,15.3,12.99],
		"Total_ab_noise_unwtd": [9.1,11.56,15.2,14.78,12.56],
		"R_minus_Y_KK_noise": [0.04452,0.05072,0.06094,0.06236,0.05612],
		"B_minus_Y_KK_noise": [0.04275,0.0533,0.0653,0.06052,0.05137],
		"Y_Kelly_Keelan_noise": [0.02654,0.03372,0.03936,0.03512,0.03019],
		"Total_KK_noise": [0.03766,0.04587,0.05441,0.05139,0.04497],
		"Chroma_KK_noise": [0.02672,0.03111,0.03757,0.03751,0.03333],
		"Total_old_iso_noise": [0.04759,0.0569,0.06788,0.06564,0.05787],
		"Y_noise_from_YUV": [0.02654,0.03371,0.03935,0.03512,0.03019],
		"U_noise_from_YUV": [0.02009,0.02504,0.03068,0.02844,0.02414],