{
	"jsonResults": {
		"dateRun": "13-May-2025 13:25:26",
		"ini_time_size": "13-May-2025 12:34:36 18833B  MD5 = 6430a69d13571d0b394247d2af9742ab",
		"version": "Imatest 24.2.6 Master Color/Tone Auto",
		"build": "2025-03-20",
		"image_file": "sports ball_55.0 mm_6400ISO_0EV_Dist2_ON_Defocus2.tiff",
		"ColorSpace": "sRGB",
		"Reference": "Default values",
		"Ref_folder": "/usr/local/Imatest/v24.2/Master/",
		"Gamma": [0.3367],
		"patches_for_gamma_start_end": [1,5],
		"exposure_error_normalized_y_channel": [-0.119],
		"mean_camera_Saturation_Pct": ["_NaN_"],
		"mean_chroma_level_CPIQ_Pct": ["_NaN_"],
		"CPIQ_chroma_quality_loss_JND": ["_NaN_"],
		"CPIQ_exposure_quality_loss_JND": ["_NaN_"],
		"pixel_offset": [0],
		"mean_patch_size_pxls": [274,303],
		"roi_settings": "Recent ROI settings are in roi, nwid_save, nht_save, fillf, and distort (same names as ini file)",
		"roi": [2988,1286,4702,1660,2988,1662,4702,1278],
		"nwid_save": [6024],
		"nht_save": [4020],
		"fillf": [0.8],
		"distort": [0],
		"grayscale_zone": [1,2,3,4,5],
		"grayscale_minus_log_exposure": [2,1.513,1.025,0.5375,0.05],
		"grayscale_Y_reflectivity": [0.01,0.03073,0.09441,0.2901,0.8913],
		"grayscale_Y_Printer_pixel_gamma22": [33.13,55.18,91.91,153.1,255],
		"grayscale_Y_density": [0.2356,0.3457,0.5099,0.7391,0.9691],
		"grayscale_R_density": [0.2361,0.3479,0.519,0.7527,0.9444],
		"grayscale_G_density": [0.2368,0.3457,0.5079,0.7355,0.9781],
		"grayscale_B_density": [0.2221,0.3392,0.5028,0.736,0.9558],
		"grayscale_Y_mean": [148.2,115,78.83,46.49,27.38],
		"grayscale_R_mean": [148.1,114.4,77.18,45.06,28.98],
		"grayscale_G_mean": [147.8,115,79.18,46.89,26.82],
		"grayscale_B_mean": [152.9,116.8,80.12,46.84,28.23],
		"White_Bal_error_Degrees": [339.2,191,310.9,267.8,-127.5],
		"White_Bal_error_Mired": [-7.631,-4.392,-7.022,-6.087,3.077],
		"White_Bal_error_S_HSV": [0.03344,0.02002,0.03669,0.0389,0.07471],
		"White_Bal_error_Delta_C_ab": [2.884,1.064,1.034,0.8526,1.525],
		"White_Bal_error_Delta_C_94": [2.884,1.064,1.034,0.8526,1.525],
		"White_Bal_error_Delta_C_00": [2.926,1.05,1.201,1.214,2.082],
		"n_Patch": [1,2,3,4,5],
		"n_Row": [1,1,1,1,1],
		"n_Column": [1,2,3,4,5],
		"width_pixels": [275,276,275,275,275],
		"height_pixels": [305,305,305,305,305],
		"Pixels_total": [83875,84180,83875,83875,83875],
		"R_reference": [242.4,146.6,86.6,49.01,25.46],
		"G_reference": [242.4,146.6,86.6,49.01,25.46],
		"B_reference": [242.4,146.6,86.6,49.01,25.46],
		"R_input": [148.1,114.4,77.18,45.06,28.98],
		"G_input": [147.8,115,79.18,46.89,26.82],
		"B_input": [152.9,116.8,80.12,46.84,28.23],
		"L_reference": [95.63,60.79,36.82,20.33,8.991],
		"a_reference": [0,0,0,0,0],
		"b_reference": [0,0,0,0,0],
		"L_input": [61.41,48.45,33.53,19.17,9.964],
		"a_input": [1.095,0.1414,-0.6024,-0.8146,1.398],
		"b_input": [-2.668,-1.054,-0.8408,-0.2517,-0.6091],
		"x_reference": [0.3127,0.3127,0.3127,0.3127,0.3127],
		"y_reference": [0.329,0.329,0.329,0.329,0.329],
		"Y_reference": [0.8913,0.2901,0.09441,0.03073,0.01],
		"x_input": [0.3081,0.3099,0.3076,0.3079,0.3162],
		"y_input": [0.321,0.3255,0.3264,0.3292,0.3205],
		"Y_input": [0.2972,0.1715,0.07785,0.02787,0.01121],
		"LUV_comment": "L2 is used to differentiate between the L in LAB and L in LUV.",
		"L2_reference": [805.1,262,85.28,27.75,9.033],
		"U_reference": [0.1978,0.1978,0.1978,0.1978,0.1978],
		"V_reference": [0.4683,0.4683,0.4683,0.4683,0.4683],
		"L2_input": [268.5,155,70.32,25.18,10.13],
		"U_input": [0.1976,0.1972,0.1953,0.1944,0.2035],
		"V_input": [0.4633,0.466,0.4662,0.4677,0.4642],
		"patch_numbers_for_all_Delta_E_C": [1,2,3,4,5],
		"Delta_E_all": [34.3,12.4,3.45,1.44,1.81],
		"Delta_C_all": [2.88,1.06,1.03,0.853,1.53],
		"Delta_E94_all": [34.3,12.4,3.45,1.44,1.81],
		"Delta_C94_all": [2.88,1.06,1.03,0.853,1.53],
		"Delta_E2000_all": [24.2,11.8,2.97,1.45,2.17],
		"Delta_C2000_all": [2.93,1.05,1.2,1.21,2.08],
		"Delta_L_all": [-34.2,-12.3,-3.29,-1.16,0.973],
		"Delta_Chroma_all": [2.88,1.06,1.03,0.853,1.53],
		"Delta_Hue_Distance_all": [0,0,0,0,0],
		"Delta_Hue_Degrees_all": [0,0,0,0,0],
		"sat_corr_comment": "sat_corr explained on https://www.imatest.com/docs/colorcheck/#satcorr - not recommended.",
		"Delta_C_all_sat_corr": ["_NaN_","_NaN_","_NaN_","_NaN_","_NaN_"],
		"Delta_C94_all_sat_corr": ["_NaN_","_NaN_","_NaN_","_NaN_","_NaN_"],
		"Delta_C2000_all_sat_corr": ["_NaN_","_NaN_","_NaN_","_NaN_","_NaN_"],
		"grayscale_patch_numbers": [1,2,3,4,5],
		"Delta_E": [34.3,12.4,3.45,1.44,1.81],
		"Delta_C": [2.88,1.06,1.03,0.853,1.53],
		"Delta_E94": [34.3,12.4,3.45,1.44,1.81],
		"Delta_C94": [2.88,1.06,1.03,0.853,1.53],
		"Delta_E2000": [24.2,11.8,2.97,1.45,2.17],
		"Delta_C2000": [2.93,1.05,1.2,1.21,2.08],
		"Delta_L": [-34.2,-12.3,-3.29,-1.16,0.973],
		"Delta_Chroma": [2.88,1.06,1.03,0.853,1.53],
		"Delta_Hue_Distance": [0,0,0,0,0],
		"Delta_Hue_Degrees": [0,0,0,0,0],
		"mean_Delta_E": [10.7],
		"mean_Delta_C": [1.47],
		"mean_Delta_E94": [10.7],
		"mean_Delta_C94": [1.47],
		"mean_Delta_E2000": [8.52],
		"mean_Delta_C2000": [1.69],
		"mean_Delta_L": [-10],
		"mean_Delta_Chroma": [1.47],
		"mean_Delta_Hue_Distance": [0],
		"mean_Delta_Hue_Degrees": [0],
		"mean_Delta_C_sat_corr": ["_NaN_"],
		"mean_Delta_C94_sat_corr": ["_NaN_"],
		"mean_Delta_C2000_sat_corr": ["_NaN_"],
		"max_Delta_E": [34.3],
		"max_Delta_C": [2.88],
		"max_Delta_E94": [34.3],
		"max_Delta_C94": [2.88],
		"max_Delta_E2000": [24.2],
		"max_Delta_C2000": [2.93],
		"max_Delta_L": [0.973],
		"max_Delta_Chroma": [2.88],
		"max_Delta_Hue_Distance": [0],
		"max_Delta_Hue_Degrees": [0],
		"max_Delta_C_sat_corr": ["_NaN_"],
		"max_Delta_C94_sat_corr": ["_NaN_"],
		"max_Delta_C2000_sat_corr": ["_NaN_"],
		"mean_RegionSize": [83660.8],
		"Sequence_dark_to_light": [5,4,3,2,1],
		"Patch_number": [5,4,3,2,1],
		"R_noise": [0.07235,0.07238,0.05535,0.04426,0.04127],
		"G_noise": [0.056,0.04274,0.03151,0.02815,0.0284],
		"B_noise": [0.06338,0.05578,0.04003,0.03443,0.03291],
		"R_SNR_ratio": [1.571,2.441,5.469,10.14,14.07],
		"G_SNR_ratio": [1.878,4.302,9.855,16.03,20.41],
		"B_SNR_ratio": [1.747,3.293,7.85,13.3,18.22],
		"R_SNR_dB": [3.923,7.753,14.76,20.12,22.97],
		"G_SNR_dB": [5.474,12.67,19.87,24.1,26.2],
		"B_SNR_dB": [4.845,10.35,17.9,22.48,25.21],
		"Gb_noise": [0.04855,0.03689,0.02685,0.02355,0.02471],
		"Gb_SNR_ratio": [2.211,4.942,11.51,19.16,23.53],
		"Gb_SNR_dB": [6.893,13.88,21.22,25.65,27.43],
		"Y_f_stop_SNR_ratio": [3.254,3.568,3.091,1.688,0.9534],
		"Y_f_stop_SNR_dB": [10.25,11.05,9.801,4.549,-0.4147],
		"quality_levels_for_DR": [
				"Low,",
				"Medium,",
				"M-H,",
				"High,"
		],
		"SigNoise_levels_for_DR": [1,0.5,0.25,0.1],
		"Dynamic_Range_f_stops": [6.304,4.302,0,0],
		"Dynamic_Range_dB": [37.95,25.9,0,0],
		"noise_ISO15739_pct": [0.4088,0.4204,0.6877,1.406,2.032],
		"snr_ISO15739": [2.743,6.629,11.32,12.2,14.62],
		"noise_pct_ISO15739_at_13pct_Lref": [1.783],
		"snr_ISO15739_at_13pct_Lref": [13.66],
		"snr_dB_ISO15739_at_13pct_Lref": [22.71],
		"DynamicRange_at_density_2": [1240],
		"DynamicRange_total": [0],
		"DynamicRange_from_slope_OD": [1.95],
		"DynamicRange_from_slope_EV": [6.474],
		"DynamicRange_from_slope_dB": [39],
		"SNR_BW_dB_RGBY": [19.1,23.03,21.28,24.58],
		"L_noise": [5.359,4.133,2.867,2.387,2.402],
		"a_noise": [10.39,10.17,7.524,6.061,5.157],
		"b_noise": [9.69,9.642,6.917,5.642,4.789],
		"Total_Lab_noise_unwtd": [15.18,14.61,10.61,8.617,7.437],
		"Total_ab_noise_unwtd": [14.21,14.01,10.22,8.28,7.038],
		"R_minus_Y_KK_noise": [0.05939,0.0606,0.0468,0.03797,0.0338],
		"B_minus_Y_KK_noise": [0.06111,0.05751,0.0432,0.03742,0.03321],
		"Y_Kelly_Keelan_noise": [0.04855,0.03689,0.02685,0.02355,0.02471],
		"Total_KK_noise": [0.06058,0.05174,0.03868,0.03286,0.03204],
		"Chroma_KK_noise": [0.03623,0.03627,0.02785,0.02292,0.02039],
		"Total_old_iso_noise": [0.07219,0.06512,0.04921,0.04125,0.03896],
		"Y_noise_from_YUV": [0.04855,0.03689,0.02684,0.02355,0.02471],
		"U_noise_from_YUV": [0.02871,0.02702,0.0203,0.01758,0.01561],