{
	"jsonResults": {
		"dateRun": "13-May-2025 13:25:26",
		"ini_time_size": "13-May-2025 12:34:36 18833B  MD5 = 6430a69d13571d0b394247d2af9742ab",
		"version": "Imatest 24.2.6 Master Color/Tone Auto",
		"build": "2025-03-20",
		"image_file": "sports ball_55.0 mm_1600ISO_0EV_Dist2_OFF_Focused.tiff",
		"ColorSpace": "sRGB",
		"Reference": "Default values",
		"Ref_folder": "/usr/local/Imatest/v24.2/Master/",
		"Gamma": [0.4038],
		"patches_for_gamma_start_end": [1,5],
		"exposure_error_normalized_y_channel": [-0.0776],
		"mean_camera_Saturation_Pct": ["_NaN_"],
		"mean_chroma_level_CPIQ_Pct": ["_NaN_"],
		"CPIQ_chroma_quality_loss_JND": ["_NaN_"],
		"CPIQ_exposure_quality_loss_JND": ["_NaN_"],
		"pixel_offset": [0],
		"mean_patch_size_pxls": [274,303],
		"roi_settings": "Recent ROI settings are in roi, nwid_save, nht_save, fillf, and distort (same names as ini file)",
		"roi": [2988,1286,4702,1660,2988,1662,4702,1278],
		"nwid_save": [6024],
		"nht_save": [4020],
		"fillf": [0.8],
		"distort": [0],
		"grayscale_zone": [1,2,3,4,5],
		"grayscale_minus_log_exposure": [2,1.513,1.025,0.5375,0.05],
		"grayscale_Y_reflectivity": [0.01,0.03073,0.09441,0.2901,0.8913],
		"grayscale_Y_Printer_pixel_gamma22": [33.13,55.18,91.91,153.1,255],
		"grayscale_Y_density": [0.1912,0.3025,0.4673,0.6962,1.05],
		"grayscale_R_density": [0.1916,0.3045,0.4714,0.6988,1.058],
		"grayscale_G_density": [0.1921,0.3022,0.4667,0.6958,1.048],
		"grayscale_B_density": [0.1809,0.2995,0.4618,0.6931,1.048],
		"grayscale_Y_mean": [164.2,127.1,86.94,51.32,22.72],
		"grayscale_R_mean": [164,126.5,86.13,51.02,22.3],
		"grayscale_G_mean": [163.8,127.2,87.07,51.38,22.84],
		"grayscale_B_mean": [168.1,127.9,88.05,51.69,22.83],
		"White_Bal_error_Degrees": [255.4,106.6,192.5,103.4,135.3],
		"White_Bal_error_Mired": [-5.817,-2.482,-4.425,-2.41,-3.137],
		"White_Bal_error_S_HSV": [0.02548,0.01153,0.0218,0.01296,0.0237],
		"White_Bal_error_Delta_C_ab": [2.372,0.5347,0.7233,0.2698,0.2707],
		"White_Bal_error_Delta_C_94": [2.372,0.5347,0.7233,0.2698,0.2707],
		"White_Bal_error_Delta_C_00": [2.434,0.5389,0.7337,0.2826,0.3903],
		"n_Patch": [1,2,3,4,5],
		"n_Row": [1,1,1,1,1],
		"n_Column": [1,2,3,4,5],
		"width_pixels": [275,276,275,275,275],
		"height_pixels": [305,305,305,305,305],
		"Pixels_total": [83875,84180,83875,83875,83875],
		"R_reference": [242.4,146.6,86.6,49.01,25.46],
		"G_reference": [242.4,146.6,86.6,49.01,25.46],
		"B_reference": [242.4,146.6,86.6,49.01,25.46],
		"R_input": [164,126.5,86.13,51.02,22.3],
		"G_input": [163.8,127.2,87.07,51.38,22.84],
		"B_input": [168.1,127.9,88.05,51.69,22.83],
		"L_reference": [95.63,60.79,36.82,20.33,8.991],
		"a_reference": [0,0,0,0,0],
		"b_reference": [0,0,0,0,0],
		"L_input": [67.44,53.22,36.96,21.4,7.602],
		"a_input": [0.8956,-0.09672,-0.1636,-0.08067,-0.2558],
		"b_input": [-2.197,-0.5259,-0.7045,-0.2574,-0.08848],
		"x_reference": [0.3127,0.3127,0.3127,0.3127,0.3127],
		"y_reference": [0.329,0.329,0.329,0.329,0.329],
		"Y_reference": [0.8913,0.2901,0.09441,0.03073,0.01],
		"x_input": [0.3092,0.311,0.3097,0.3111,0.3103],
		"y_input": [0.3229,0.3276,0.3265,0.3278,0.329],
		"Y_input": [0.3722,0.2125,0.09518,0.0335,0.008416],
		"LUV_comment": "L2 is used to differentiate between the L in LAB and L in LUV.",
		"L2_reference": [805.1,262,85.28,27.75,9.033],
		"U_reference": [0.1978,0.1978,0.1978,0.1978,0.1978],
		"V_reference": [0.4683,0.4683,0.4683,0.4683,0.4683],
		"L2_input": [336.2,191.9,85.98,30.26,7.602],
		"U_input": [0.1977,0.1972,0.1967,0.1972,0.1961],
		"V_input": [0.4645,0.4673,0.4665,0.4674,0.468],
		"patch_numbers_for_all_Delta_E_C": [1,2,3,4,5],
		"Delta_E_all": [28.3,7.59,0.738,1.1,1.42],
		"Delta_C_all": [2.37,0.535,0.723,0.27,0.271],
		"Delta_E94_all": [28.3,7.59,0.738,1.1,1.42],
		"Delta_C94_all": [2.37,0.535,0.723,0.27,0.271],
		"Delta_E2000_all": [19.4,6.97,0.744,0.794,0.941],
		"Delta_C2000_all": [2.43,0.539,0.734,0.283,0.39],
		"Delta_L_all": [-28.2,-7.57,0.145,1.06,-1.39],
		"Delta_Chroma_all": [2.37,0.535,0.723,0.27,0.271],
		"Delta_Hue_Distance_all": [0,0,0,0,0],
		"Delta_Hue_Degrees_all": [0,0,0,0,0],
		"sat_corr_comment": "sat_corr explained on https://www.imatest.com/docs/colorcheck/#satcorr - not recommended.",
		"Delta_C_all_sat_corr": ["_NaN_","_NaN_","_NaN_","_NaN_","_NaN_"],
		"Delta_C94_all_sat_corr": ["_NaN_","_NaN_","_NaN_","_NaN_","_NaN_"],
		"Delta_C2000_all_sat_corr": ["_NaN_","_NaN_","_NaN_","_NaN_","_NaN_"],
		"grayscale_patch_numbers": [1,2,3,4,5],
		"Delta_E": [28.3,7.59,0.738,1.1,1.42],
		"Delta_C": [2.37,0.535,0.723,0.27,0.271],
		"Delta_E94": [28.3,7.59,0.738,1.1,1.42],
		"Delta_C94": [2.37,0.535,0.723,0.27,0.271],
		"Delta_E2000": [19.4,6.97,0.744,0.794,0.941],
		"Delta_C2000": [2.43,0.539,0.734,0.283,0.39],
		"Delta_L": [-28.2,-7.57,0.145,1.06,-1.39],
		"Delta_Chroma": [2.37,0.535,0.723,0.27,0.271],
		"Delta_Hue_Distance": [0,0,0,0,0],
		"Delta_Hue_Degrees": [0,0,0,0,0],
		"mean_Delta_E": [7.82],
		"mean_Delta_C": [0.834],
		"mean_Delta_E94": [7.82],
		"mean_Delta_C94": [0.834],
		"mean_Delta_E2000": [5.76],
		"mean_Delta_C2000": [0.876],
		"mean_Delta_L": [-7.19],
		"mean_Delta_Chroma": [0.834],
		"mean_Delta_Hue_Distance": [0],
		"mean_Delta_Hue_Degrees": [0],
		"mean_Delta_C_sat_corr": ["_NaN_"],
		"mean_Delta_C94_sat_corr": ["_NaN_"],
		"mean_Delta_C2000_sat_corr": ["_NaN_"],
		"max_Delta_E": [28.3],
		"max_Delta_C": [2.37],
		"max_Delta_E94": [28.3],
		"max_Delta_C94": [2.37],
		"max_Delta_E2000": [19.4],
		"max_Delta_C2000": [2.43],
		"max_Delta_L": [1.06],
		"max_Delta_Chroma": [2.37],
		"max_Delta_Hue_Distance": [0],
		"max_Delta_Hue_Degrees": [0],
		"max_Delta_C_sat_corr": ["_NaN_"],
		"max_Delta_C94_sat_corr": ["_NaN_"],
		"max_Delta_C2000_sat_corr": ["_NaN_"],
		"mean_RegionSize": [83660.8],
		"Sequence_dark_to_light": [5,4,3,2,1],
		"Patch_number": [5,4,3,2,1],
		"R_noise": [0.04324,0.0324,0.02606,0.02384,0.02227],
		"G_noise": [0.02619,0.01883,0.01624,0.01512,0.01443],
		"B_noise": [0.03472,0.02464,0.02093,0.01952,0.01829],
		"R_SNR_ratio": [2.022,6.176,12.96,20.8,28.89],
		"G_SNR_ratio": [3.42,10.7,21.03,32.97,44.54],
		"B_SNR_ratio": [2.579,8.226,16.5,25.7,36.05],
		"R_SNR_dB": [6.116,15.81,22.25,26.36,29.22],
		"G_SNR_dB": [10.68,20.59,26.46,30.36,32.98],
		"B_SNR_dB": [8.23,18.3,24.35,28.2,31.14],
		"Gb_noise": [0.02158,0.01582,0.01356,0.01266,0.01209],
		"Gb_SNR_ratio": [4.129,12.72,25.14,39.36,53.28],
		"Gb_SNR_dB": [12.32,22.09,28.01,31.9,34.53],
		"Y_f_stop_SNR_ratio": [7.438,7.388,6.762,4.914,3.209],
		"Y_f_stop_SNR_dB": [17.43,17.37,16.6,13.83,10.13],
		"quality_levels_for_DR": [
				"Low,",
				"Medium,",
				"M-H,",
				"High,"
		],
		"SigNoise_levels_for_DR": [1,0.5,0.25,0.1],
		"Dynamic_Range_f_stops": [0,0,5.555,0],
		"Dynamic_Range_dB": [0,0,33.44,0],
		"noise_ISO15739_pct": [0.2182,0.2249,0.4797,1.089,1.428],
		"snr_ISO15739": [3.857,14.89,19.84,19.51,26.07],
		"noise_pct_ISO15739_at_13pct_Lref": [1.151],
		"snr_ISO15739_at_13pct_Lref": [20.71],
		"snr_dB_ISO15739_at_13pct_Lref": [26.32],
		"DynamicRange_at_density_2": [1430],
		"DynamicRange_total": [0],
		"DynamicRange_from_slope_OD": [1.95],
		"DynamicRange_from_slope_EV": [6.474],
		"DynamicRange_from_slope_dB": [39],
		"SNR_BW_dB_RGBY": [25.37,29.33,27.11,30.87],
		"L_noise": [2.434,1.824,1.446,1.265,1.151],
		"a_noise": [6.69,4.926,3.776,3.248,2.899],
		"b_noise": [6.209,4.61,3.616,3.144,2.826],
		"Total_Lab_noise_unwtd": [9.446,6.989,5.424,4.694,4.209],
		"Total_ab_noise_unwtd": [9.128,6.746,5.228,4.52,4.049],
		"R_minus_Y_KK_noise": [0.03753,0.02768,0.02234,0.02038,0.01897],
		"B_minus_Y_KK_noise": [0.03811,0.02677,0.0228,0.02118,0.01997],
		"Y_Kelly_Keelan_noise": [0.02158,0.01582,0.01356,0.01266,0.01209],
		"Total_KK_noise": [0.03141,0.02296,0.01921,0.01777,0.01678],
		"Chroma_KK_noise": [0.02282,0.01664,0.0136,0.01246,0.01164],
		"Total_old_iso_noise": [0.04,0.02925,0.02422,0.02231,0.02098],
		"Y_noise_from_YUV": [0.02158,0.01582,0.01356,0.01266,0.01208],