{
	"jsonResults": {
		"dateRun": "07-May-2025 15:33:53",
		"ini_time_size": "07-May-2025 15:23:25 9643B  MD5 = 75acdc0de22899c71ce88bc2f3161bb6",
		"version": "Imatest 24.2.6 Master Color/Tone Auto",
		"build": "2025-03-20",
		"image_file": "sports ball_55.0 mm_6400ISO_+1EV_Dist2_ON_Focused.tiff",
		"ColorSpace": "sRGB",
		"Reference": "Default values",
		"Ref_folder": "/usr/local/Imatest/v24.2/Master/",
		"Gamma": [0.3949],
		"patches_for_gamma_start_end": [1,5],
		"exposure_error_normalized_y_channel": [0.0563],
		"mean_camera_Saturation_Pct": ["_NaN_"],
		"mean_chroma_level_CPIQ_Pct": ["_NaN_"],
		"CPIQ_chroma_quality_loss_JND": ["_NaN_"],
		"CPIQ_exposure_quality_loss_JND": ["_NaN_"],
		"pixel_offset": [0],
		"mean_patch_size_pxls": [246,305],
		"roi_settings": "Recent ROI settings are in roi, nwid_save, nht_save, fillf, and distort (same names as ini file)",
		"roi": [2962,1260,4718,1687,2962,1692,4718,1247],
		"nwid_save": [6024],
		"nht_save": [4020],
		"fillf": [0.7],
		"distort": [0],
		"grayscale_zone": [1,2,3,4,5],
		"grayscale_minus_log_exposure": [2,1.513,1.025,0.5375,0.05],
		"grayscale_Y_reflectivity": [0.01,0.03073,0.09441,0.2901,0.8913],
		"grayscale_Y_Printer_pixel_gamma22": [33.13,55.18,91.91,153.1,255],
		"grayscale_Y_density": [0.09558,0.2053,0.3667,0.5904,0.9327],
		"grayscale_R_density": [0.09665,0.2086,0.3734,0.6002,0.9085],
		"grayscale_G_density": [0.09646,0.2048,0.3654,0.5878,0.9409],
		"grayscale_B_density": [0.08383,0.2011,0.3605,0.5869,0.9259],
		"grayscale_Y_mean": [204.6,158.9,109.6,65.49,29.77],
		"grayscale_R_mean": [204.1,157.7,107.9,64.03,31.48],
		"grayscale_G_mean": [204.2,159.1,109.9,65.87,29.22],
		"grayscale_B_mean": [210.2,160.5,111.2,66.01,30.24],
		"White_Bal_error_Degrees": [311.1,159.8,259.9,233.2,-235.1],
		"White_Bal_error_Mired": [-7.027,-3.69,-5.914,-5.329,5.774],
		"White_Bal_error_S_HSV": [0.02908,0.01705,0.02913,0.03008,0.07201],
		"White_Bal_error_Delta_C_ab": [3.2,0.916,1.089,0.8215,1.373],
		"White_Bal_error_Delta_C_94": [3.2,0.916,1.089,0.8215,1.373],
		"White_Bal_error_Delta_C_00": [3.178,0.9333,1.195,1.135,1.939],
		"n_Patch": [1,2,3,4,5],
		"n_Row": [1,1,1,1,1],
		"n_Column": [1,2,3,4,5],
		"width_pixels": [247,247,247,247,246],
		"height_pixels": [307,307,307,307,308],
		"Pixels_total": [75829,75829,75829,75829,75768],
		"R_reference": [242.4,146.6,86.6,49.01,25.46],
		"G_reference": [242.4,146.6,86.6,49.01,25.46],
		"B_reference": [242.4,146.6,86.6,49.01,25.46],
		"R_input": [204.1,157.7,107.9,64.03,31.48],
		"G_input": [204.2,159.1,109.9,65.87,29.22],
		"B_input": [210.2,160.5,111.2,66.01,30.24],
		"L_reference": [95.63,60.79,36.82,20.33,8.991],
		"a_reference": [0,0,0,0,0],
		"b_reference": [0,0,0,0,0],
		"L_input": [82.27,65.47,46.28,27.75,11.16],
		"a_input": [1.087,-0.2361,-0.5082,-0.7389,1.335],
		"b_input": [-3.009,-0.8851,-0.9628,-0.3589,-0.3189],
		"x_reference": [0.3127,0.3127,0.3127,0.3127,0.3127],
		"y_reference": [0.329,0.329,0.329,0.329,0.329],
		"Y_reference": [0.8913,0.2901,0.09441,0.03073,0.01],
		"x_input": [0.3084,0.3102,0.3085,0.3086,0.3178],
		"y_input": [0.322,0.327,0.3264,0.3285,0.3232],
		"Y_input": [0.6081,0.3464,0.1547,0.05366,0.01283],
		"LUV_comment": "L2 is used to differentiate between the L in LAB and L in LUV.",
		"L2_reference": [805.1,262,85.28,27.75,9.033],
		"U_reference": [0.1978,0.1978,0.1978,0.1978,0.1978],
		"V_reference": [0.4683,0.4683,0.4683,0.4683,0.4683],
		"L2_input": [549.3,312.9,139.8,48.47,11.59],
		"U_input": [0.1975,0.1968,0.1959,0.1952,0.2036],
		"V_input": [0.4639,0.4669,0.4663,0.4675,0.4659],
		"patch_numbers_for_all_Delta_E_C": [1,2,3,4,5],
		"Delta_E_all": [13.7,4.77,9.52,7.47,2.56],
		"Delta_C_all": [3.2,0.916,1.09,0.821,1.37],
		"Delta_E94_all": [13.7,4.77,9.52,7.47,2.56],
		"Delta_C94_all": [3.2,0.916,1.09,0.821,1.37],
		"Delta_E2000_all": [9.03,4.05,8.59,5.48,2.37],
		"Delta_C2000_all": [3.18,0.933,1.2,1.14,1.94],
		"Delta_L_all": [-13.4,4.68,9.46,7.42,2.17],
		"Delta_Chroma_all": [3.2,0.916,1.09,0.821,1.37],
		"Delta_Hue_Distance_all": [0,0,0,0,0],
		"Delta_Hue_Degrees_all": [0,0,0,0,0],
		"sat_corr_comment": "sat_corr explained on https://www.imatest.com/docs/colorcheck/#satcorr - not recommended.",
		"Delta_C_all_sat_corr": ["_NaN_","_NaN_","_NaN_","_NaN_","_NaN_"],
		"Delta_C94_all_sat_corr": ["_NaN_","_NaN_","_NaN_","_NaN_","_NaN_"],
		"Delta_C2000_all_sat_corr": ["_NaN_","_NaN_","_NaN_","_NaN_","_NaN_"],
		"grayscale_patch_numbers": [1,2,3,4,5],
		"Delta_E": [13.7,4.77,9.52,7.47,2.56],
		"Delta_C": [3.2,0.916,1.09,0.821,1.37],
		"Delta_E94": [13.7,4.77,9.52,7.47,2.56],
		"Delta_C94": [3.2,0.916,1.09,0.821,1.37],
		"Delta_E2000": [9.03,4.05,8.59,5.48,2.37],
		"Delta_C2000": [3.18,0.933,1.2,1.14,1.94],
		"Delta_L": [-13.4,4.68,9.46,7.42,2.17],
		"Delta_Chroma": [3.2,0.916,1.09,0.821,1.37],
		"Delta_Hue_Distance": [0,0,0,0,0],
		"Delta_Hue_Degrees": [0,0,0,0,0],
		"mean_Delta_E": [7.61],
		"mean_Delta_C": [1.48],
		"mean_Delta_E94": [7.61],
		"mean_Delta_C94": [1.48],
		"mean_Delta_E2000": [5.9],
		"mean_Delta_C2000": [1.68],
		"mean_Delta_L": [2.07],
		"mean_Delta_Chroma": [1.48],
		"mean_Delta_Hue_Distance": [0],
		"mean_Delta_Hue_Degrees": [0],
		"mean_Delta_C_sat_corr": ["_NaN_"],
		"mean_Delta_C94_sat_corr": ["_NaN_"],
		"mean_Delta_C2000_sat_corr": ["_NaN_"],
		"max_Delta_E": [13.7],
		"max_Delta_C": [3.2],
		"max_Delta_E94": [13.7],
		"max_Delta_C94": [3.2],
		"max_Delta_E2000": [9.03],
		"max_Delta_C2000": [3.18],
		"max_Delta_L": [9.46],
		"max_Delta_Chroma": [3.2],
		"max_Delta_Hue_Distance": [0],
		"max_Delta_Hue_Degrees": [0],
		"max_Delta_C_sat_corr": ["_NaN_"],
		"max_Delta_C94_sat_corr": ["_NaN_"],
		"max_Delta_C2000_sat_corr": ["_NaN_"],
		"mean_RegionSize": [75570],
		"Sequence_dark_to_light": [5,4,3,2,1],
		"Patch_number": [5,4,3,2,1],
		"R_noise": [0.07919,0.06989,0.04867,0.03968,0.0351],
		"G_noise": [0.05575,0.03641,0.02873,0.02559,0.02385],
		"B_noise": [0.06731,0.04917,0.03641,0.03062,0.02736],
		"R_SNR_ratio": [1.559,3.593,8.696,15.59,22.8],
		"G_SNR_ratio": [2.055,7.095,15.01,24.39,33.57],
		"B_SNR_ratio": [1.762,5.265,11.97,20.55,30.13],
		"R_SNR_dB": [3.858,11.11,18.79,23.86,27.16],
		"G_SNR_dB": [6.257,17.02,23.53,27.74,30.52],
		"B_SNR_dB": [4.921,14.43,21.57,26.26,29.58],
		"Gb_noise": [0.04487,0.03114,0.02416,0.02138,0.01988],
		"Gb_SNR_ratio": [2.602,8.249,17.79,29.16,40.37],
		"Gb_SNR_dB": [8.307,18.33,25,29.29,32.12],
		"Y_f_stop_SNR_ratio": [5.566,5.382,4.682,3.104,1.928],
		"Y_f_stop_SNR_dB": [14.91,14.62,13.41,9.838,5.701],
		"quality_levels_for_DR": [
				"Low,",
				"Medium,",
				"M-H,",
				"High,"
		],
		"SigNoise_levels_for_DR": [1,0.5,0.25,0.1],
		"Dynamic_Range_f_stops": [0,6.323,3.782,0],
		"Dynamic_Range_dB": [0,38.07,22.77,0],
		"noise_ISO15739_pct": [0.5365,0.5245,1.018,2.2,2.811],
		"snr_ISO15739": [2.392,10.23,15.2,15.75,21.63],
		"noise_pct_ISO15739_at_13pct_Lref": [2.008],
		"snr_ISO15739_at_13pct_Lref": [15.66],
		"snr_dB_ISO15739_at_13pct_Lref": [23.89],
		"DynamicRange_at_density_2": [405.3],
		"DynamicRange_total": [0],
		"DynamicRange_from_slope_OD": [1.95],
		"DynamicRange_from_slope_EV": [6.474],
		"DynamicRange_from_slope_dB": [39],
		"SNR_BW_dB_RGBY": [22.77,26.58,25.02,28.14],
		"L_noise": [4.97,3.359,2.464,2.049,1.817],
		"a_noise": [12.68,9.281,6.527,5.136,4.361],
		"b_noise": [12.25,8.743,6.06,4.758,4.099],
		"Total_Lab_noise_unwtd": [18.32,13.19,9.241,7.295,6.255],
		"Total_ab_noise_unwtd": [17.63,12.75,8.906,7.001,5.985],
		"R_minus_Y_KK_noise": [0.071,0.05903,0.04154,0.03413,0.03028],
		"B_minus_Y_KK_noise": [0.07533,0.05373,0.03985,0.0334,0.03017],
		"Y_Kelly_Keelan_noise": [0.04487,0.03114,0.02416,0.02138,0.01988],
		"Total_KK_noise": [0.0626,0.04686,0.03471,0.02967,0.02704],
		"Chroma_KK_noise": [0.04365,0.03502,0.02492,0.02057,0.01833],
		"Total_old_iso_noise": [0.0784,0.06051,0.04407,0.03716,0.03358],
		"Y_noise_from_YUV": [0.04486,0.03113,0.02416,0.02138,0.01988],
		"U_noise_from_YUV": [0.03539,0.02525,0.01872,0.0157,0.01417],