{
	"jsonResults": {
		"dateRun": "13-May-2025 13:25:26",
		"ini_time_size": "13-May-2025 12:34:36 18833B  MD5 = 6430a69d13571d0b394247d2af9742ab",
		"version": "Imatest 24.2.6 Master Color/Tone Auto",
		"build": "2025-03-20",
		"image_file": "sports ball_55.0 mm_25600ISO_-1EV_Dist2_OFF_Defocus1.tiff",
		"ColorSpace": "sRGB",
		"Reference": "Default values",
		"Ref_folder": "/usr/local/Imatest/v24.2/Master/",
		"Gamma": [0.4168],
		"patches_for_gamma_start_end": [1,5],
		"exposure_error_normalized_y_channel": [-0.213],
		"mean_camera_Saturation_Pct": ["_NaN_"],
		"mean_chroma_level_CPIQ_Pct": ["_NaN_"],
		"CPIQ_chroma_quality_loss_JND": ["_NaN_"],
		"CPIQ_exposure_quality_loss_JND": ["_NaN_"],
		"pixel_offset": [0],
		"mean_patch_size_pxls": [274,303],
		"roi_settings": "Recent ROI settings are in roi, nwid_save, nht_save, fillf, and distort (same names as ini file)",
		"roi": [2988,1286,4702,1660,2988,1662,4702,1278],
		"nwid_save": [6024],
		"nht_save": [4020],
		"fillf": [0.8],
		"distort": [0],
		"grayscale_zone": [1,2,3,4,5],
		"grayscale_minus_log_exposure": [2,1.513,1.025,0.5375,0.05],
		"grayscale_Y_reflectivity": [0.01,0.03073,0.09441,0.2901,0.8913],
		"grayscale_Y_Printer_pixel_gamma22": [33.13,55.18,91.91,153.1,255],
		"grayscale_Y_density": [0.3836,0.511,0.7142,0.9523,1.107],
		"grayscale_R_density": [0.3969,0.5337,0.7229,0.8565,0.9162],
		"grayscale_G_density": [0.3831,0.5069,0.7145,0.9933,1.198],
		"grayscale_B_density": [0.351,0.4867,0.6864,0.8855,1.008],
		"grayscale_Y_mean": [105.4,78.63,49.25,28.46,19.95],
		"grayscale_R_mean": [102.2,74.61,48.27,35.49,30.93],
		"grayscale_G_mean": [105.5,79.37,49.21,25.9,16.18],
		"grayscale_B_mean": [113.6,83.14,52.5,33.19,25.05],
		"White_Bal_error_Degrees": [1134,988.2,766.7,-426,-2058],
		"White_Bal_error_Mired": [-22.85,-20.3,-16.23,10.79,71.29],
		"White_Bal_error_S_HSV": [0.1004,0.1026,0.08057,0.2702,0.4769],
		"White_Bal_error_Delta_C_ab": [4.993,3.067,2.267,7.151,9.672],
		"White_Bal_error_Delta_C_94": [4.993,3.067,2.267,7.151,9.672],
		"White_Bal_error_Delta_C_00": [4.513,3.056,2.194,8.231,10.7],
		"n_Patch": [1,2,3,4,5],
		"n_Row": [1,1,1,1,1],
		"n_Column": [1,2,3,4,5],
		"width_pixels": [275,276,275,275,275],
		"height_pixels": [305,305,305,305,305],
		"Pixels_total": [83875,84180,83875,83875,83875],
		"R_reference": [242.4,146.6,86.6,49.01,25.46],
		"G_reference": [242.4,146.6,86.6,49.01,25.46],
		"B_reference": [242.4,146.6,86.6,49.01,25.46],
		"R_input": [102.2,74.61,48.27,35.49,30.93],
		"G_input": [105.5,79.37,49.21,25.9,16.18],
		"B_input": [113.6,83.14,52.5,33.19,25.05],
		"L_reference": [95.63,60.79,36.82,20.33,8.991],
		"a_reference": [0,0,0,0,0],
		"b_reference": [0,0,0,0,0],
		"L_input": [44.6,33.46,20.45,10.64,6.653],
		"a_input": [0.4923,-1.044,0.3866,6.387,9.18],
		"b_input": [-4.969,-2.883,-2.234,-3.215,-3.046],
		"x_reference": [0.3127,0.3127,0.3127,0.3127,0.3127],
		"y_reference": [0.329,0.329,0.329,0.329,0.329],
		"Y_reference": [0.8913,0.2901,0.09441,0.03073,0.01],
		"x_input": [0.298,0.2983,0.3024,0.3239,0.346],
		"y_input": [0.3118,0.3185,0.3158,0.2897,0.2749],
		"Y_input": [0.1426,0.07752,0.03102,0.01211,0.007366],
		"LUV_comment": "L2 is used to differentiate between the L in LAB and L in LUV.",
		"L2_reference": [805.1,262,85.28,27.75,9.033],
		"U_reference": [0.1978,0.1978,0.1978,0.1978,0.1978],
		"V_reference": [0.4683,0.4683,0.4683,0.4683,0.4683],
		"L2_input": [128.8,70.03,28.02,10.94,6.653],
		"U_input": [0.194,0.1917,0.1956,0.2223,0.2468],
		"V_input": [0.4566,0.4605,0.4595,0.4473,0.4413],
		"patch_numbers_for_all_Delta_E_C": [1,2,3,4,5],
		"Delta_E_all": [51.3,27.5,16.5,12,9.95],
		"Delta_C_all": [4.99,3.07,2.27,7.15,9.67],
		"Delta_E94_all": [51.3,27.5,16.5,12,9.95],
		"Delta_C94_all": [4.99,3.07,2.27,7.15,9.67],
		"Delta_E2000_all": [39.7,26.9,12.7,10.4,10.8],
		"Delta_C2000_all": [4.51,3.06,2.19,8.23,10.7],
		"Delta_L_all": [-51,-27.3,-16.4,-9.69,-2.34],
		"Delta_Chroma_all": [4.99,3.07,2.27,7.15,9.67],
		"Delta_Hue_Distance_all": [0,0,0,0,0],
		"Delta_Hue_Degrees_all": [0,0,0,0,0],
		"sat_corr_comment": "sat_corr explained on https://www.imatest.com/docs/colorcheck/#satcorr - not recommended.",
		"Delta_C_all_sat_corr": ["_NaN_","_NaN_","_NaN_","_NaN_","_NaN_"],
		"Delta_C94_all_sat_corr": ["_NaN_","_NaN_","_NaN_","_NaN_","_NaN_"],
		"Delta_C2000_all_sat_corr": ["_NaN_","_NaN_","_NaN_","_NaN_","_NaN_"],
		"grayscale_patch_numbers": [1,2,3,4,5],
		"Delta_E": [51.3,27.5,16.5,12,9.95],
		"Delta_C": [4.99,3.07,2.27,7.15,9.67],
		"Delta_E94": [51.3,27.5,16.5,12,9.95],
		"Delta_C94": [4.99,3.07,2.27,7.15,9.67],
		"Delta_E2000": [39.7,26.9,12.7,10.4,10.8],
		"Delta_C2000": [4.51,3.06,2.19,8.23,10.7],
		"Delta_L": [-51,-27.3,-16.4,-9.69,-2.34],
		"Delta_Chroma": [4.99,3.07,2.27,7.15,9.67],
		"Delta_Hue_Distance": [0,0,0,0,0],
		"Delta_Hue_Degrees": [0,0,0,0,0],
		"mean_Delta_E": [23.5],
		"mean_Delta_C": [5.43],
		"mean_Delta_E94": [23.5],
		"mean_Delta_C94": [5.43],
		"mean_Delta_E2000": [20.1],
		"mean_Delta_C2000": [5.74],
		"mean_Delta_L": [-21.4],
		"mean_Delta_Chroma": [5.43],
		"mean_Delta_Hue_Distance": [0],
		"mean_Delta_Hue_Degrees": [0],
		"mean_Delta_C_sat_corr": ["_NaN_"],
		"mean_Delta_C94_sat_corr": ["_NaN_"],
		"mean_Delta_C2000_sat_corr": ["_NaN_"],
		"max_Delta_E": [51.3],
		"max_Delta_C": [9.67],
		"max_Delta_E94": [51.3],
		"max_Delta_C94": [9.67],
		"max_Delta_E2000": [39.7],
		"max_Delta_C2000": [10.7],
		"max_Delta_L": [-2.34],
		"max_Delta_Chroma": [9.67],
		"max_Delta_Hue_Distance": [0],
		"max_Delta_Hue_Degrees": [0],
		"max_Delta_C_sat_corr": ["_NaN_"],
		"max_Delta_C94_sat_corr": ["_NaN_"],
		"max_Delta_C2000_sat_corr": ["_NaN_"],
		"mean_RegionSize": [83660.8],
		"Sequence_dark_to_light": [5,4,3,2,1],
		"Patch_number": [5,4,3,2,1],
		"R_noise": [0.1018,0.1105,0.1247,0.1205,0.09826],
		"G_noise": [0.07431,0.08819,0.09404,0.07304,0.06078],
		"B_noise": [0.08784,0.09896,0.1064,0.08533,0.06615],
		"R_SNR_ratio": [1.191,1.26,1.518,2.428,4.08],
		"G_SNR_ratio": [0.8539,1.152,2.052,4.262,6.81],
		"B_SNR_ratio": [1.118,1.315,1.935,3.821,6.737],
		"R_SNR_dB": [1.521,2.006,3.624,7.705,12.21],
		"G_SNR_dB": [-1.372,1.227,6.244,12.59,16.66],
		"B_SNR_dB": [0.9707,2.38,5.733,11.64,16.57],
		"Gb_noise": [0.06131,0.07098,0.07548,0.06142,0.05128],
		"Gb_SNR_ratio": [1.276,1.572,2.559,5.02,8.062],
		"Gb_SNR_dB": [2.118,3.932,8.16,14.01,18.13],
		"Y_f_stop_SNR_ratio": [1.265,1.107,0.8047,0.4996,0.336],
		"Y_f_stop_SNR_dB": [2.043,0.885,-1.887,-6.027,-9.473],
		"quality_levels_for_DR": [
				"Low,",
				"Medium,",
				"M-H,",
				"High,"
		],
		"SigNoise_levels_for_DR": [1,0.5,0.25,0.1],
		"Dynamic_Range_f_stops": [2.081,0,0,0],
		"Dynamic_Range_dB": [12.53,0,0,0],
		"noise_ISO15739_pct": [1.195,1.724,3.401,5.731,6.357],
		"snr_ISO15739": [0.6166,0.7025,0.9119,1.353,2.243],
		"noise_pct_ISO15739_at_13pct_Lref": [5.998],
		"snr_ISO15739_at_13pct_Lref": [1.732],
		"snr_dB_ISO15739_at_13pct_Lref": [4.773],
		"DynamicRange_at_density_2": [337],
		"DynamicRange_total": [34.07],
		"DynamicRange_from_slope_OD": [1.95],
		"DynamicRange_from_slope_EV": [6.474],
		"DynamicRange_from_slope_dB": [39],
		"SNR_BW_dB_RGBY": [7.974,12.32,10.97,13.83],
		"L_noise": [6.838,7.796,7.956,6.193,5.099],
		"a_noise": [15.24,17.35,18.54,15.24,12.36],
		"b_noise": [15.12,17.49,18.65,14.26,11.14],
		"Total_Lab_noise_unwtd": [22.53,25.84,27.47,21.77,17.41],
		"Total_ab_noise_unwtd": [21.47,24.64,26.29,20.87,16.64],
		"R_minus_Y_KK_noise": [0.08998,0.1008,0.1132,0.1034,0.08368],
		"B_minus_Y_KK_noise": [0.09345,0.1095,0.1195,0.09286,0.07395],
		"Y_Kelly_Keelan_noise": [0.06131,0.07098,0.07548,0.06142,0.05128],
		"Total_KK_noise": [0.08238,0.0945,0.1026,0.08668,0.07117],
		"Chroma_KK_noise": [0.05502,0.06238,0.06949,0.06116,0.04935],
		"Total_old_iso_noise": [0.1017,0.116,0.1272,0.1095,0.08937],
		"Y_noise_from_YUV": [0.06131,0.07097,0.07547,0.06142,0.05127],
		"U_noise_from_YUV": [0.04391,0.05147,0.05616,0.04363,0.03475],