{
	"jsonResults": {
		"dateRun": "13-May-2025 13:25:26",
		"ini_time_size": "13-May-2025 12:34:36 18833B  MD5 = 6430a69d13571d0b394247d2af9742ab",
		"version": "Imatest 24.2.6 Master Color/Tone Auto",
		"build": "2025-03-20",
		"image_file": "sports ball_55.0 mm_25600ISO_-3EV_Dist2_ON_Focused.tiff",
		"ColorSpace": "sRGB",
		"Reference": "Default values",
		"Ref_folder": "/usr/local/Imatest/v24.2/Master/",
		"Gamma": [0.3187],
		"patches_for_gamma_start_end": [1,5],
		"exposure_error_normalized_y_channel": [-0.272],
		"mean_camera_Saturation_Pct": ["_NaN_"],
		"mean_chroma_level_CPIQ_Pct": ["_NaN_"],
		"CPIQ_chroma_quality_loss_JND": ["_NaN_"],
		"CPIQ_exposure_quality_loss_JND": ["_NaN_"],
		"pixel_offset": [0],
		"mean_patch_size_pxls": [274,303],
		"roi_settings": "Recent ROI settings are in roi, nwid_save, nht_save, fillf, and distort (same names as ini file)",
		"roi": [2988,1286,4702,1660,2988,1662,4702,1278],
		"nwid_save": [6024],
		"nht_save": [4020],
		"fillf": [0.8],
		"distort": [0],
		"grayscale_zone": [1,2,3,4,5],
		"grayscale_minus_log_exposure": [2,1.513,1.025,0.5375,0.05],
		"grayscale_Y_reflectivity": [0.01,0.03073,0.09441,0.2901,0.8913],
		"grayscale_Y_Printer_pixel_gamma22": [33.13,55.18,91.91,153.1,255],
		"grayscale_Y_density": [0.7066,0.8454,1.001,1.112,1.169],
		"grayscale_R_density": [0.7021,0.7916,0.8666,0.9245,0.9473],
		"grayscale_G_density": [0.7099,0.8657,1.059,1.201,1.283],
		"grayscale_B_density": [0.6879,0.8185,0.9307,1.019,1.05],
		"grayscale_Y_mean": [50.11,36.4,25.46,19.68,17.26],
		"grayscale_R_mean": [50.63,41.2,34.67,30.34,28.79],
		"grayscale_G_mean": [49.74,34.74,22.27,16.04,13.28],
		"grayscale_B_mean": [52.31,38.73,29.91,24.42,22.73],
		"White_Bal_error_Degrees": [320.1,-409.1,-1275,-2059,-2422],
		"White_Bal_error_Mired": [-7.221,10.33,37.55,71.31,91.36],
		"White_Bal_error_S_HSV": [0.04924,0.1568,0.3576,0.4715,0.5386],
		"White_Bal_error_Delta_C_ab": [1.8,4.242,8.412,9.208,9.34],
		"White_Bal_error_Delta_C_94": [1.8,4.242,8.412,9.208,9.34],
		"White_Bal_error_Delta_C_00": [2.021,5.384,9.569,10.32,10.42],
		"n_Patch": [1,2,3,4,5],
		"n_Row": [1,1,1,1,1],
		"n_Column": [1,2,3,4,5],
		"width_pixels": [275,276,275,275,275],
		"height_pixels": [305,305,305,305,305],
		"Pixels_total": [83875,84180,83875,83875,83875],
		"R_reference": [242.4,146.6,86.6,49.01,25.46],
		"G_reference": [242.4,146.6,86.6,49.01,25.46],
		"B_reference": [242.4,146.6,86.6,49.01,25.46],
		"R_input": [50.63,41.2,34.67,30.34,28.79],
		"G_input": [49.74,34.74,22.27,16.04,13.28],
		"B_input": [52.31,38.73,29.91,24.42,22.73],
		"L_reference": [95.63,60.79,36.82,20.33,8.991],
		"a_reference": [0,0,0,0,0],
		"b_reference": [0,0,0,0,0],
		"L_input": [20.84,14.44,9.231,6.509,5.548],
		"a_input": [0.9983,3.953,7.906,8.78,8.873],
		"b_input": [-1.497,-1.539,-2.875,-2.776,-2.918],
		"x_reference": [0.3127,0.3127,0.3127,0.3127,0.3127],
		"y_reference": [0.329,0.329,0.329,0.329,0.329],
		"Y_reference": [0.8913,0.2901,0.09441,0.03073,0.01],
		"x_input": [0.3088,0.322,0.3359,0.3464,0.3499],
		"y_input": [0.3189,0.3099,0.2863,0.2772,0.2685],
		"Y_input": [0.03204,0.01807,0.01029,0.007206,0.006142],
		"LUV_comment": "L2 is used to differentiate between the L in LAB and L in LUV.",
		"L2_reference": [805.1,262,85.28,27.75,9.033],
		"U_reference": [0.1978,0.1978,0.1978,0.1978,0.1978],
		"V_reference": [0.4683,0.4683,0.4683,0.4683,0.4683],
		"L2_input": [28.94,16.33,9.296,6.509,5.548],
		"U_input": [0.199,0.212,0.2331,0.246,0.2535],
		"V_input": [0.4622,0.4592,0.4471,0.4428,0.4376],
		"patch_numbers_for_all_Delta_E_C": [1,2,3,4,5],
		"Delta_E_all": [74.8,46.5,28.8,16.6,9.95],
		"Delta_C_all": [1.8,4.24,8.41,9.21,9.34],
		"Delta_E94_all": [74.8,46.5,28.8,16.6,9.95],
		"Delta_C94_all": [1.8,4.24,8.41,9.21,9.34],
		"Delta_E2000_all": [67.5,39.8,21.9,13.7,10.6],
		"Delta_C2000_all": [2.02,5.38,9.57,10.3,10.4],
		"Delta_L_all": [-74.8,-46.3,-27.6,-13.8,-3.44],
		"Delta_Chroma_all": [1.8,4.24,8.41,9.21,9.34],
		"Delta_Hue_Distance_all": [0,0,0,0,0],
		"Delta_Hue_Degrees_all": [0,0,0,0,0],
		"sat_corr_comment": "sat_corr explained on https://www.imatest.com/docs/colorcheck/#satcorr - not recommended.",
		"Delta_C_all_sat_corr": ["_NaN_","_NaN_","_NaN_","_NaN_","_NaN_"],
		"Delta_C94_all_sat_corr": ["_NaN_","_NaN_","_NaN_","_NaN_","_NaN_"],
		"Delta_C2000_all_sat_corr": ["_NaN_","_NaN_","_NaN_","_NaN_","_NaN_"],
		"grayscale_patch_numbers": [1,2,3,4,5],
		"Delta_E": [74.8,46.5,28.8,16.6,9.95],
		"Delta_C": [1.8,4.24,8.41,9.21,9.34],
		"Delta_E94": [74.8,46.5,28.8,16.6,9.95],
		"Delta_C94": [1.8,4.24,8.41,9.21,9.34],
		"Delta_E2000": [67.5,39.8,21.9,13.7,10.6],
		"Delta_C2000": [2.02,5.38,9.57,10.3,10.4],
		"Delta_L": [-74.8,-46.3,-27.6,-13.8,-3.44],
		"Delta_Chroma": [1.8,4.24,8.41,9.21,9.34],
		"Delta_Hue_Distance": [0,0,0,0,0],
		"Delta_Hue_Degrees": [0,0,0,0,0],
		"mean_Delta_E": [35.4],
		"mean_Delta_C": [6.6],
		"mean_Delta_E94": [35.4],
		"mean_Delta_C94": [6.6],
		"mean_Delta_E2000": [30.7],
		"mean_Delta_C2000": [7.54],
		"mean_Delta_L": [-33.2],
		"mean_Delta_Chroma": [6.6],
		"mean_Delta_Hue_Distance": [0],
		"mean_Delta_Hue_Degrees": [0],
		"mean_Delta_C_sat_corr": ["_NaN_"],
		"mean_Delta_C94_sat_corr": ["_NaN_"],
		"mean_Delta_C2000_sat_corr": ["_NaN_"],
		"max_Delta_E": [74.8],
		"max_Delta_C": [9.34],
		"max_Delta_E94": [74.8],
		"max_Delta_C94": [9.34],
		"max_Delta_E2000": [67.5],
		"max_Delta_C2000": [10.4],
		"max_Delta_L": [-3.44],
		"max_Delta_Chroma": [9.34],
		"max_Delta_Hue_Distance": [0],
		"max_Delta_Hue_Degrees": [0],
		"max_Delta_C_sat_corr": ["_NaN_"],
		"max_Delta_C94_sat_corr": ["_NaN_"],
		"max_Delta_C2000_sat_corr": ["_NaN_"],
		"mean_RegionSize": [83660.8],
		"Sequence_dark_to_light": [5,4,3,2,1],
		"Patch_number": [5,4,3,2,1],
		"R_noise": [0.09819,0.1018,0.1075,0.1173,0.1242],
		"G_noise": [0.06781,0.07382,0.08403,0.0938,0.09288],
		"B_noise": [0.0831,0.08707,0.09531,0.1041,0.106],
		"R_SNR_ratio": [1.15,1.169,1.264,1.377,1.598],
		"G_SNR_ratio": [0.7683,0.8519,1.039,1.453,2.1],
		"B_SNR_ratio": [1.073,1.1,1.231,1.459,1.935],
		"R_SNR_dB": [1.213,1.36,2.037,2.78,4.073],
		"G_SNR_dB": [-2.289,-1.392,0.3347,3.243,6.445],
		"B_SNR_dB": [0.6083,0.8261,1.804,3.283,5.734],
		"Gb_noise": [0.05654,0.06077,0.06799,0.075,0.07478],
		"Gb_SNR_ratio": [1.197,1.27,1.468,1.903,2.628],
		"Gb_SNR_dB": [1.564,2.077,3.336,5.591,8.392],
		"Y_f_stop_SNR_ratio": [0.4439,0.398,0.2978,0.1633,0.1037],
		"Y_f_stop_SNR_dB": [-7.055,-8.002,-10.52,-15.74,-19.69],
		"quality_levels_for_DR": [
				"Low,",
				"Medium,",
				"M-H,",
				"High,"
		],
		"SigNoise_levels_for_DR": [1,0.5,0.25,0.1],
		"Dynamic_Range_f_stops": [0,0,0,0],
		"Dynamic_Range_dB": [0,0,0,0],
		"noise_ISO15739_pct": [2.099,2.674,4.802,8.908,10.61],
		"snr_ISO15739": [0.2926,0.2695,0.2143,0.2029,0.302],
		"noise_pct_ISO15739_at_13pct_Lref": [10.58],
		"snr_ISO15739_at_13pct_Lref": [0.3002],
		"snr_dB_ISO15739_at_13pct_Lref": [-10.45],
		"DynamicRange_at_density_2": [367.2],
		"DynamicRange_total": [0],
		"DynamicRange_from_slope_OD": [1.95],
		"DynamicRange_from_slope_EV": [6.474],
		"DynamicRange_from_slope_dB": [39],
		"SNR_BW_dB_RGBY": [0.1475,2.092,1.188,4.034],
		"L_noise": [6.336,6.785,7.489,8.113,7.847],
		"a_noise": [14.43,15.29,16.68,18.26,18.27],
		"b_noise": [14.1,14.89,16.79,18.46,18.47],
		"Total_Lab_noise_unwtd": [21.14,22.39,24.83,27.2,27.14],
		"Total_ab_noise_unwtd": [20.17,21.34,23.67,25.96,25.98],
		"R_minus_Y_KK_noise": [0.08584,0.09041,0.09743,0.1079,0.1123],
		"B_minus_Y_KK_noise": [0.08672,0.09212,0.1048,0.1168,0.1186],
		"Y_Kelly_Keelan_noise": [0.05654,0.06077,0.06799,0.075,0.07478],
		"Total_KK_noise": [0.0769,0.08198,0.09076,0.1004,0.1017],
		"Chroma_KK_noise": [0.05213,0.05502,0.06012,0.06669,0.06896],
		"Total_old_iso_noise": [0.09548,0.1014,0.1116,0.1235,0.1261],
		"Y_noise_from_YUV": [0.05653,0.06076,0.06798,0.07499,0.07477],
		"U_noise_from_YUV": [0.04075,0.04328,0.04923,0.05489,0.05575],
		"V_noise_from_YUV": [0.06703,0.0706,0.07609,0.08424,0.08768],