{
	"jsonResults": {
		"dateRun": "07-May-2025 15:33:53",
		"ini_time_size": "07-May-2025 15:23:25 9643B  MD5 = 75acdc0de22899c71ce88bc2f3161bb6",
		"version": "Imatest 24.2.6 Master Color/Tone Auto",
		"build": "2025-03-20",
		"image_file": "sports ball_55.0 mm_6400ISO_+1EV_Dist2_ON_Defocus2.tiff",
		"ColorSpace": "sRGB",
		"Reference": "Default values",
		"Ref_folder": "/usr/local/Imatest/v24.2/Master/",
		"Gamma": [0.3173],
		"patches_for_gamma_start_end": [1,5],
		"exposure_error_normalized_y_channel": [0.0851],
		"mean_camera_Saturation_Pct": ["_NaN_"],
		"mean_chroma_level_CPIQ_Pct": ["_NaN_"],
		"CPIQ_chroma_quality_loss_JND": ["_NaN_"],
		"CPIQ_exposure_quality_loss_JND": ["_NaN_"],
		"pixel_offset": [0],
		"mean_patch_size_pxls": [246,305],
		"roi_settings": "Recent ROI settings are in roi, nwid_save, nht_save, fillf, and distort (same names as ini file)",
		"roi": [2962,1260,4718,1687,2962,1692,4718,1247],
		"nwid_save": [6024],
		"nht_save": [4020],
		"fillf": [0.7],
		"distort": [0],
		"grayscale_zone": [1,2,3,4,5],
		"grayscale_minus_log_exposure": [2,1.513,1.025,0.5375,0.05],
		"grayscale_Y_reflectivity": [0.01,0.03073,0.09441,0.2901,0.8913],
		"grayscale_Y_Printer_pixel_gamma22": [33.13,55.18,91.91,153.1,255],
		"grayscale_Y_density": [0.08453,0.1897,0.3444,0.5513,0.7607],
		"grayscale_R_density": [0.08565,0.1931,0.3506,0.5621,0.7583],
		"grayscale_G_density": [0.08527,0.1891,0.343,0.5484,0.7613],
		"grayscale_B_density": [0.07396,0.1854,0.3396,0.5496,0.7609],
		"grayscale_Y_mean": [209.9,164.8,115.4,71.65,44.25],
		"grayscale_R_mean": [209.4,163.5,113.8,69.89,44.49],
		"grayscale_G_mean": [209.5,165,115.8,72.14,44.18],
		"grayscale_B_mean": [215.1,166.4,116.7,71.93,44.22],
		"White_Bal_error_Degrees": [281.7,164.9,218.7,214.8,-37.88],
		"White_Bal_error_Mired": [-6.391,-3.807,-5.007,-4.921,0.9019],
		"White_Bal_error_S_HSV": [0.02657,0.01756,0.02481,0.03111,0.006995],
		"White_Bal_error_Delta_C_ab": [2.922,0.9671,0.9569,0.9896,0.1509],
		"White_Bal_error_Delta_C_94": [2.922,0.9671,0.9569,0.9896,0.1509],
		"White_Bal_error_Delta_C_00": [2.908,0.9878,1.122,1.42,0.2244],
		"n_Patch": [1,2,3,4,5],
		"n_Row": [1,1,1,1,1],
		"n_Column": [1,2,3,4,5],
		"width_pixels": [247,247,247,247,246],
		"height_pixels": [307,307,307,307,308],
		"Pixels_total": [75829,75829,75829,75829,75768],
		"R_reference": [242.4,146.6,86.6,49.01,25.46],
		"G_reference": [242.4,146.6,86.6,49.01,25.46],
		"B_reference": [242.4,146.6,86.6,49.01,25.46],
		"R_input": [209.4,163.5,113.8,69.89,44.49],
		"G_input": [209.5,165,115.8,72.14,44.18],
		"B_input": [215.1,166.4,116.7,71.93,44.22],
		"L_reference": [95.63,60.79,36.82,20.33,8.991],
		"a_reference": [0,0,0,0,0],
		"b_reference": [0,0,0,0,0],
		"L_input": [84.17,67.66,48.6,30.44,18.12],
		"a_input": [0.9555,-0.2613,-0.5715,-0.9686,0.1499],
		"b_input": [-2.762,-0.9311,-0.7674,-0.2031,0.01759],
		"x_reference": [0.3127,0.3127,0.3127,0.3127,0.3127],
		"y_reference": [0.329,0.329,0.329,0.329,0.329],
		"Y_reference": [0.8913,0.2901,0.09441,0.03073,0.01],
		"x_input": [0.3088,0.3101,0.3091,0.3088,0.3135],
		"y_input": [0.3227,0.327,0.3272,0.3296,0.3288],
		"Y_input": [0.6438,0.3751,0.1727,0.06418,0.02545],
		"LUV_comment": "L2 is used to differentiate between the L in LAB and L in LUV.",
		"L2_reference": [805.1,262,85.28,27.75,9.033],
		"U_reference": [0.1978,0.1978,0.1978,0.1978,0.1978],
		"V_reference": [0.4683,0.4683,0.4683,0.4683,0.4683],
		"L2_input": [581.6,338.8,156,57.97,22.98],
		"U_input": [0.1975,0.1968,0.196,0.1949,0.1984],
		"V_input": [0.4643,0.4668,0.4668,0.4681,0.4683],
		"patch_numbers_for_all_Delta_E_C": [1,2,3,4,5],
		"Delta_E_all": [11.8,6.94,11.8,10.2,9.13],
		"Delta_C_all": [2.92,0.967,0.957,0.99,0.151],
		"Delta_E94_all": [11.8,6.94,11.8,10.2,9.13],
		"Delta_C94_all": [2.92,0.967,0.957,0.99,0.151],
		"Delta_E2000_all": [7.76,5.79,10.8,7.55,5.92],
		"Delta_C2000_all": [2.91,0.988,1.12,1.42,0.224],
		"Delta_L_all": [-11.5,6.87,11.8,10.1,9.13],
		"Delta_Chroma_all": [2.92,0.967,0.957,0.99,0.151],
		"Delta_Hue_Distance_all": [0,0,0,0,0],
		"Delta_Hue_Degrees_all": [0,0,0,0,0],
		"sat_corr_comment": "sat_corr explained on https://www.imatest.com/docs/colorcheck/#satcorr - not recommended.",
		"Delta_C_all_sat_corr": ["_NaN_","_NaN_","_NaN_","_NaN_","_NaN_"],
		"Delta_C94_all_sat_corr": ["_NaN_","_NaN_","_NaN_","_NaN_","_NaN_"],
		"Delta_C2000_all_sat_corr": ["_NaN_","_NaN_","_NaN_","_NaN_","_NaN_"],
		"grayscale_patch_numbers": [1,2,3,4,5],
		"Delta_E": [11.8,6.94,11.8,10.2,9.13],
		"Delta_C": [2.92,0.967,0.957,0.99,0.151],
		"Delta_E94": [11.8,6.94,11.8,10.2,9.13],
		"Delta_C94": [2.92,0.967,0.957,0.99,0.151],
		"Delta_E2000": [7.76,5.79,10.8,7.55,5.92],
		"Delta_C2000": [2.91,0.988,1.12,1.42,0.224],
		"Delta_L": [-11.5,6.87,11.8,10.1,9.13],
		"Delta_Chroma": [2.92,0.967,0.957,0.99,0.151],
		"Delta_Hue_Distance": [0,0,0,0,0],
		"Delta_Hue_Degrees": [0,0,0,0,0],
		"mean_Delta_E": [9.98],
		"mean_Delta_C": [1.2],
		"mean_Delta_E94": [9.98],
		"mean_Delta_C94": [1.2],
		"mean_Delta_E2000": [7.57],
		"mean_Delta_C2000": [1.33],
		"mean_Delta_L": [5.28],
		"mean_Delta_Chroma": [1.2],
		"mean_Delta_Hue_Distance": [0],
		"mean_Delta_Hue_Degrees": [0],
		"mean_Delta_C_sat_corr": ["_NaN_"],
		"mean_Delta_C94_sat_corr": ["_NaN_"],
		"mean_Delta_C2000_sat_corr": ["_NaN_"],
		"max_Delta_E": [11.8],
		"max_Delta_C": [2.92],
		"max_Delta_E94": [11.8],
		"max_Delta_C94": [2.92],
		"max_Delta_E2000": [10.8],
		"max_Delta_C2000": [2.91],
		"max_Delta_L": [11.8],
		"max_Delta_Chroma": [2.92],
		"max_Delta_Hue_Distance": [0],
		"max_Delta_Hue_Degrees": [0],
		"max_Delta_C_sat_corr": ["_NaN_"],
		"max_Delta_C94_sat_corr": ["_NaN_"],
		"max_Delta_C2000_sat_corr": ["_NaN_"],
		"mean_RegionSize": [75570],
		"Sequence_dark_to_light": [5,4,3,2,1],
		"Patch_number": [5,4,3,2,1],
		"R_noise": [0.09029,0.07553,0.0512,0.04174,0.0412],
		"G_noise": [0.06843,0.04347,0.03043,0.02713,0.03118],
		"B_noise": [0.07848,0.05462,0.03777,0.03232,0.03472],
		"R_SNR_ratio": [1.932,3.629,8.713,15.36,19.93],
		"G_SNR_ratio": [2.532,6.508,14.92,23.84,26.35],
		"B_SNR_ratio": [2.21,5.164,12.11,20.19,24.29],
		"R_SNR_dB": [5.721,11.2,18.8,23.73,25.99],
		"G_SNR_dB": [8.068,16.27,23.47,27.55,28.42],
		"B_SNR_dB": [6.887,14.26,21.66,26.1,27.71],
		"Gb_noise": [0.06128,0.03931,0.02599,0.02296,0.02794],
		"Gb_SNR_ratio": [2.832,7.147,17.41,28.14,29.46],
		"Gb_SNR_dB": [9.041,17.08,24.82,28.99,29.38],
		"Y_f_stop_SNR_ratio": [3.911,4.983,4.337,2.191,1.083],
		"Y_f_stop_SNR_dB": [11.84,13.95,12.74,6.813,0.6901],
		"quality_levels_for_DR": [
				"Low,",
				"Medium,",
				"M-H,",
				"High,"
		],
		"SigNoise_levels_for_DR": [1,0.5,0.25,0.1],
		"Dynamic_Range_f_stops": [0,5.01,3.378,0],
		"Dynamic_Range_dB": [0,30.16,20.34,0],
		"noise_ISO15739_pct": [0.6751,0.59,0.8913,1.847,3.095],
		"snr_ISO15739": [3.769,10.88,19.38,20.31,20.8],
		"noise_pct_ISO15739_at_13pct_Lref": [1.926],
		"snr_ISO15739_at_13pct_Lref": [20.34],
		"snr_dB_ISO15739_at_13pct_Lref": [26.17],
		"DynamicRange_at_density_2": [429],
		"DynamicRange_total": [0],
		"DynamicRange_from_slope_OD": [1.95],
		"DynamicRange_from_slope_EV": [6.474],
		"DynamicRange_from_slope_dB": [39],
		"SNR_BW_dB_RGBY": [22.27,26.01,24.49,27.46],
		"L_noise": [6.762,4.178,2.626,2.187,2.556],
		"a_noise": [12.04,9.383,6.692,5.292,4.563],
		"b_noise": [11.72,8.671,6.08,4.871,4.294],
		"Total_Lab_noise_unwtd": [18.12,13.44,9.415,7.518,6.767],
		"Total_ab_noise_unwtd": [16.81,12.78,9.042,7.193,6.266],
		"R_minus_Y_KK_noise": [0.0697,0.06026,0.04316,0.03548,0.03183],
		"B_minus_Y_KK_noise": [0.07207,0.05382,0.04034,0.03443,0.03174],
		"Y_Kelly_Keelan_noise": [0.06128,0.03931,0.02599,0.02296,0.02794],
		"Total_KK_noise": [0.07461,0.05304,0.03659,0.03135,0.03394],
		"Chroma_KK_noise": [0.04257,0.03561,0.02575,0.02134,0.01927],
		"Total_old_iso_noise": [0.08772,0.06582,0.04614,0.03902,0.03988],
		"Y_noise_from_YUV": [0.06127,0.03931,0.02599,0.02296,0.02794],