{
	"jsonResults": {
		"dateRun": "07-May-2025 15:33:53",
		"ini_time_size": "07-May-2025 15:23:25 9643B  MD5 = 75acdc0de22899c71ce88bc2f3161bb6",
		"version": "Imatest 24.2.6 Master Color/Tone Auto",
		"build": "2025-03-20",
		"image_file": "sports ball_55.0 mm_25600ISO_+1EV_Dist2_OFF_Focused.tiff",
		"ColorSpace": "sRGB",
		"Reference": "Default values",
		"Ref_folder": "/usr/local/Imatest/v24.2/Master/",
		"Gamma": [0.3428],
		"patches_for_gamma_start_end": [1,5],
		"exposure_error_normalized_y_channel": [0.0462],
		"mean_camera_Saturation_Pct": ["_NaN_"],
		"mean_chroma_level_CPIQ_Pct": ["_NaN_"],
		"CPIQ_chroma_quality_loss_JND": ["_NaN_"],
		"CPIQ_exposure_quality_loss_JND": ["_NaN_"],
		"pixel_offset": [0],
		"mean_patch_size_pxls": [246,305],
		"roi_settings": "Recent ROI settings are in roi, nwid_save, nht_save, fillf, and distort (same names as ini file)",
		"roi": [2962,1260,4718,1687,2962,1692,4718,1247],
		"nwid_save": [6024],
		"nht_save": [4020],
		"fillf": [0.7],
		"distort": [0],
		"grayscale_zone": [1,2,3,4,5],
		"grayscale_minus_log_exposure": [2,1.513,1.025,0.5375,0.05],
		"grayscale_Y_reflectivity": [0.01,0.03073,0.09441,0.2901,0.8913],
		"grayscale_Y_Printer_pixel_gamma22": [33.13,55.18,91.91,153.1,255],
		"grayscale_Y_density": [0.1006,0.2112,0.3782,0.6272,0.9414],
		"grayscale_R_density": [0.1028,0.2159,0.3907,0.6471,0.839],
		"grayscale_G_density": [0.1015,0.2105,0.3756,0.6217,0.9824],
		"grayscale_B_density": [0.08503,0.2036,0.3689,0.625,0.8953],
		"grayscale_Y_mean": [202.3,156.8,106.7,60.16,29.19],
		"grayscale_R_mean": [201.2,155.1,103.7,57.47,36.94],
		"grayscale_G_mean": [201.9,157,107.4,60.93,26.55],
		"grayscale_B_mean": [209.7,159.6,109.1,60.48,32.45],
		"White_Bal_error_Degrees": [436.9,268,435.2,358.7,-1021],
		"White_Bal_error_Mired": [-9.69,-6.093,-9.655,-8.046,28.66],
		"White_Bal_error_S_HSV": [0.04011,0.02796,0.04882,0.05684,0.2813],
		"White_Bal_error_Delta_C_ab": [4.145,1.577,1.77,1.581,6.75],
		"White_Bal_error_Delta_C_94": [4.145,1.577,1.77,1.581,6.75],
		"White_Bal_error_Delta_C_00": [3.98,1.539,2.028,2.238,8.062],
		"n_Patch": [1,2,3,4,5],
		"n_Row": [1,1,1,1,1],
		"n_Column": [1,2,3,4,5],
		"width_pixels": [247,247,247,247,246],
		"height_pixels": [307,307,307,307,308],
		"Pixels_total": [75829,75829,75829,75829,75768],
		"R_reference": [242.4,146.6,86.6,49.01,25.46],
		"G_reference": [242.4,146.6,86.6,49.01,25.46],
		"B_reference": [242.4,146.6,86.6,49.01,25.46],
		"R_input": [201.2,155.1,103.7,57.47,36.94],
		"G_input": [201.9,157,107.4,60.93,26.55],
		"B_input": [209.7,159.6,109.1,60.48,32.45],
		"L_reference": [95.63,60.79,36.82,20.33,8.991],
		"a_reference": [0,0,0,0,0],
		"b_reference": [0,0,0,0,0],
		"L_input": [81.44,64.67,45.12,25.4,11.01],
		"a_input": [1.242,-0.2109,-1.052,-1.564,6.417],
		"b_input": [-3.954,-1.563,-1.423,-0.2313,-2.093],
		"x_reference": [0.3127,0.3127,0.3127,0.3127,0.3127],
		"y_reference": [0.329,0.329,0.329,0.329,0.329],
		"Y_reference": [0.8913,0.2901,0.09441,0.03073,0.01],
		"x_input": [0.3067,0.3086,0.3056,0.306,0.3324],
		"y_input": [0.3199,0.3252,0.3255,0.3306,0.2977],
		"Y_input": [0.5927,0.3363,0.1463,0.04545,0.01263],
		"LUV_comment": "L2 is used to differentiate between the L in LAB and L in LUV.",
		"L2_reference": [805.1,262,85.28,27.75,9.033],
		"U_reference": [0.1978,0.1978,0.1978,0.1978,0.1978],
		"V_reference": [0.4683,0.4683,0.4683,0.4683,0.4683],
		"L2_input": [535.3,303.8,132.1,41.06,11.4],
		"U_input": [0.1971,0.1964,0.1942,0.1926,0.2251],
		"V_input": [0.4625,0.4657,0.4654,0.4682,0.4536],
		"patch_numbers_for_all_Delta_E_C": [1,2,3,4,5],
		"Delta_E_all": [14.8,4.19,8.49,5.31,7.05],
		"Delta_C_all": [4.14,1.58,1.77,1.58,6.75],
		"Delta_E94_all": [14.8,4.19,8.49,5.31,7.05],
		"Delta_C94_all": [4.14,1.58,1.77,1.58,6.75],
		"Delta_E2000_all": [9.86,3.63,7.68,4.25,8.16],
		"Delta_C2000_all": [3.98,1.54,2.03,2.24,8.06],
		"Delta_L_all": [-14.2,3.88,8.3,5.06,2.02],
		"Delta_Chroma_all": [4.14,1.58,1.77,1.58,6.75],
		"Delta_Hue_Distance_all": [0,0,0,0,0],
		"Delta_Hue_Degrees_all": [0,0,0,0,0],
		"sat_corr_comment": "sat_corr explained on https://www.imatest.com/docs/colorcheck/#satcorr - not recommended.",
		"Delta_C_all_sat_corr": ["_NaN_","_NaN_","_NaN_","_NaN_","_NaN_"],
		"Delta_C94_all_sat_corr": ["_NaN_","_NaN_","_NaN_","_NaN_","_NaN_"],
		"Delta_C2000_all_sat_corr": ["_NaN_","_NaN_","_NaN_","_NaN_","_NaN_"],
		"grayscale_patch_numbers": [1,2,3,4,5],
		"Delta_E": [14.8,4.19,8.49,5.31,7.05],
		"Delta_C": [4.14,1.58,1.77,1.58,6.75],
		"Delta_E94": [14.8,4.19,8.49,5.31,7.05],
		"Delta_C94": [4.14,1.58,1.77,1.58,6.75],
		"Delta_E2000": [9.86,3.63,7.68,4.25,8.16],
		"Delta_C2000": [3.98,1.54,2.03,2.24,8.06],
		"Delta_L": [-14.2,3.88,8.3,5.06,2.02],
		"Delta_Chroma": [4.14,1.58,1.77,1.58,6.75],
		"Delta_Hue_Distance": [0,0,0,0,0],
		"Delta_Hue_Degrees": [0,0,0,0,0],
		"mean_Delta_E": [7.96],
		"mean_Delta_C": [3.16],
		"mean_Delta_E94": [7.96],
		"mean_Delta_C94": [3.16],
		"mean_Delta_E2000": [6.72],
		"mean_Delta_C2000": [3.57],
		"mean_Delta_L": [1.01],
		"mean_Delta_Chroma": [3.16],
		"mean_Delta_Hue_Distance": [0],
		"mean_Delta_Hue_Degrees": [0],
		"mean_Delta_C_sat_corr": ["_NaN_"],
		"mean_Delta_C94_sat_corr": ["_NaN_"],
		"mean_Delta_C2000_sat_corr": ["_NaN_"],
		"max_Delta_E": [14.8],
		"max_Delta_C": [6.75],
		"max_Delta_E94": [14.8],
		"max_Delta_C94": [6.75],
		"max_Delta_E2000": [9.86],
		"max_Delta_C2000": [8.06],
		"max_Delta_L": [8.3],
		"max_Delta_Chroma": [6.75],
		"max_Delta_Hue_Distance": [0],
		"max_Delta_Hue_Degrees": [0],
		"max_Delta_C_sat_corr": ["_NaN_"],
		"max_Delta_C94_sat_corr": ["_NaN_"],
		"max_Delta_C2000_sat_corr": ["_NaN_"],
		"mean_RegionSize": [75570],
		"Sequence_dark_to_light": [5,4,3,2,1],
		"Patch_number": [5,4,3,2,1],
		"R_noise": [0.1122,0.1284,0.09741,0.07053,0.06173],
		"G_noise": [0.08894,0.08728,0.05924,0.04946,0.04579],
		"B_noise": [0.09744,0.1034,0.06816,0.05442,0.04937],
		"R_SNR_ratio": [1.292,1.756,4.176,8.624,12.78],
		"G_SNR_ratio": [1.171,2.738,7.109,12.45,17.29],
		"B_SNR_ratio": [1.306,2.293,6.274,11.5,16.65],
		"R_SNR_dB": [2.224,4.889,12.41,18.71,22.13],
		"G_SNR_dB": [1.369,8.748,17.04,21.9,24.76],
		"B_SNR_dB": [2.32,7.209,15.95,21.21,24.43],
		"Gb_noise": [0.07154,0.0714,0.05054,0.04135,0.03819],
		"Gb_SNR_ratio": [1.6,3.304,8.282,14.87,20.77],
		"Gb_SNR_dB": [4.081,10.38,18.36,23.45,26.35],
		"Y_f_stop_SNR_ratio": [2.884,2.798,2.315,1.315,1.048],
		"Y_f_stop_SNR_dB": [9.199,8.937,7.292,2.378,0.4101],
		"quality_levels_for_DR": [
				"Low,",
				"Medium,",
				"M-H,",
				"High,"
		],
		"SigNoise_levels_for_DR": [1,0.5,0.25,0.1],
		"Dynamic_Range_f_stops": [0,3.575,0,0],
		"Dynamic_Range_dB": [0,21.52,0,0],
		"noise_ISO15739_pct": [0.7171,0.9876,1.657,3.275,4.208],
		"snr_ISO15739": [1.761,4.602,8.828,10.27,14.09],
		"noise_pct_ISO15739_at_13pct_Lref": [3.33],
		"snr_ISO15739_at_13pct_Lref": [10.49],
		"snr_dB_ISO15739_at_13pct_Lref": [20.42],
		"DynamicRange_at_density_2": [394.8],
		"DynamicRange_total": [0],
		"DynamicRange_from_slope_OD": [1.95],
		"DynamicRange_from_slope_EV": [6.474],
		"DynamicRange_from_slope_dB": [39],
		"SNR_BW_dB_RGBY": [17.96,21.04,20.21,22.59],
		"L_noise": [7.852,7.381,5.05,3.955,3.49],
		"a_noise": [17.4,17.62,12.04,9.085,7.696],
		"b_noise": [17.22,17.36,11.22,8.453,7.456],
		"Total_Lab_noise_unwtd": [25.71,25.81,17.21,13.02,11.27],
		"Total_ab_noise_unwtd": [24.48,24.73,16.46,12.41,10.72],
		"R_minus_Y_KK_noise": [0.1028,0.1138,0.08221,0.06082,0.0532],
		"B_minus_Y_KK_noise": [0.1079,0.1126,0.0745,0.05933,0.05479],
		"Y_Kelly_Keelan_noise": [0.07154,0.0714,0.05054,0.04135,0.03819],
		"Total_KK_noise": [0.09534,0.09912,0.0702,0.05524,0.05012],
		"Chroma_KK_noise": [0.06301,0.06876,0.04872,0.03663,0.03246],
		"Total_old_iso_noise": [0.1172,0.1241,0.08813,0.06812,0.06123],
		"Y_noise_from_YUV": [0.07154,0.07139,0.05054,0.04135,0.03818],
		"U_noise_from_YUV": [0.05068,0.05291,0.035,0.02787,0.02574],
		"V_noise_from_YUV": [0.08025,0.08885,0.0642,0.04749,0.04154],