{
	"jsonResults": {
		"dateRun": "07-May-2025 15:33:53",
		"ini_time_size": "07-May-2025 15:23:25 9643B  MD5 = 75acdc0de22899c71ce88bc2f3161bb6",
		"version": "Imatest 24.2.6 Master Color/Tone Auto",
		"build": "2025-03-20",
		"image_file": "sports ball_55.0 mm_1600ISO_+1EV_Dist2_OFF_Defocus2.tiff",
		"ColorSpace": "sRGB",
		"Reference": "Default values",
		"Ref_folder": "/usr/local/Imatest/v24.2/Master/",
		"Gamma": [0.3189],
		"patches_for_gamma_start_end": [1,5],
		"exposure_error_normalized_y_channel": [0.0957],
		"mean_camera_Saturation_Pct": ["_NaN_"],
		"mean_chroma_level_CPIQ_Pct": ["_NaN_"],
		"CPIQ_chroma_quality_loss_JND": ["_NaN_"],
		"CPIQ_exposure_quality_loss_JND": ["_NaN_"],
		"pixel_offset": [0],
		"mean_patch_size_pxls": [246,305],
		"roi_settings": "Recent ROI settings are in roi, nwid_save, nht_save, fillf, and distort (same names as ini file)",
		"roi": [2962,1260,4718,1687,2962,1692,4718,1247],
		"nwid_save": [6024],
		"nht_save": [4020],
		"fillf": [0.7],
		"distort": [0],
		"grayscale_zone": [1,2,3,4,5],
		"grayscale_minus_log_exposure": [2,1.513,1.025,0.5375,0.05],
		"grayscale_Y_reflectivity": [0.01,0.03073,0.09441,0.2901,0.8913],
		"grayscale_Y_Printer_pixel_gamma22": [33.13,55.18,91.91,153.1,255],
		"grayscale_Y_density": [0.078,0.1841,0.3396,0.5427,0.7397],
		"grayscale_R_density": [0.07951,0.1867,0.343,0.5424,0.7458],
		"grayscale_G_density": [0.07846,0.1836,0.339,0.543,0.7381],
		"grayscale_B_density": [0.06916,0.1817,0.3354,0.5409,0.7378],
		"grayscale_Y_mean": [213.1,166.9,116.7,73.08,46.43],
		"grayscale_R_mean": [212.3,165.9,115.7,73.13,45.79],
		"grayscale_G_mean": [212.9,167.1,116.8,73.03,46.6],
		"grayscale_B_mean": [217.5,167.8,117.8,73.4,46.64],
		"White_Bal_error_Degrees": [244.7,105.9,159.4,36.24,131.8],
		"White_Bal_error_Mired": [-5.582,-2.467,-3.682,-0.8529,-3.057],
		"White_Bal_error_S_HSV": [0.02354,0.01146,0.01755,0.004973,0.01821],
		"White_Bal_error_Delta_C_ab": [2.433,0.6071,0.7245,0.2418,0.382],
		"White_Bal_error_Delta_C_94": [2.433,0.6071,0.7245,0.2418,0.382],
		"White_Bal_error_Delta_C_00": [2.407,0.6694,0.7477,0.2761,0.5399],
		"n_Patch": [1,2,3,4,5],
		"n_Row": [1,1,1,1,1],
		"n_Column": [1,2,3,4,5],
		"width_pixels": [247,247,247,247,246],
		"height_pixels": [307,307,307,307,308],
		"Pixels_total": [75829,75829,75829,75829,75768],
		"R_reference": [242.4,146.6,86.6,49.01,25.46],
		"G_reference": [242.4,146.6,86.6,49.01,25.46],
		"B_reference": [242.4,146.6,86.6,49.01,25.46],
		"R_input": [212.3,165.9,115.7,73.13,45.79],
		"G_input": [212.9,167.1,116.8,73.03,46.6],
		"B_input": [217.5,167.8,117.8,73.4,46.64],
		"L_reference": [95.63,60.79,36.82,20.33,8.991],
		"a_reference": [0,0,0,0,0],
		"b_reference": [0,0,0,0,0],
		"L_input": [85.3,68.45,49.11,31.06,19.14],
		"a_input": [0.6699,-0.2732,-0.2067,0.1225,-0.3496],
		"b_input": [-2.339,-0.5422,-0.6944,-0.2085,-0.1539],
		"x_reference": [0.3127,0.3127,0.3127,0.3127,0.3127],
		"y_reference": [0.329,0.329,0.329,0.329,0.329],
		"Y_reference": [0.8913,0.2901,0.09441,0.03073,0.01],
		"x_input": [0.3092,0.311,0.3102,0.3123,0.3104],
		"y_input": [0.3238,0.3279,0.3271,0.3279,0.3288],
		"Y_input": [0.666,0.3858,0.1768,0.06677,0.0278],
		"LUV_comment": "L2 is used to differentiate between the L in LAB and L in LUV.",
		"L2_reference": [805.1,262,85.28,27.75,9.033],
		"U_reference": [0.1978,0.1978,0.1978,0.1978,0.1978],
		"V_reference": [0.4683,0.4683,0.4683,0.4683,0.4683],
		"L2_input": [601.6,348.5,159.7,60.31,25.11],
		"U_input": [0.1973,0.197,0.1968,0.1979,0.1963],
		"V_input": [0.465,0.4675,0.4669,0.4677,0.4679],
		"patch_numbers_for_all_Delta_E_C": [1,2,3,4,5],
		"Delta_E_all": [10.6,7.68,12.3,10.7,10.2],
		"Delta_C_all": [2.43,0.607,0.725,0.242,0.382],
		"Delta_E94_all": [10.6,7.68,12.3,10.7,10.2],
		"Delta_C94_all": [2.43,0.607,0.725,0.242,0.382],
		"Delta_E2000_all": [6.88,6.37,11.3,7.9,6.63],
		"Delta_C2000_all": [2.41,0.669,0.748,0.276,0.54],
		"Delta_L_all": [-10.3,7.66,12.3,10.7,10.1],
		"Delta_Chroma_all": [2.43,0.607,0.725,0.242,0.382],
		"Delta_Hue_Distance_all": [0,0,0,0,0],
		"Delta_Hue_Degrees_all": [0,0,0,0,0],
		"sat_corr_comment": "sat_corr explained on https://www.imatest.com/docs/colorcheck/#satcorr - not recommended.",
		"Delta_C_all_sat_corr": ["_NaN_","_NaN_","_NaN_","_NaN_","_NaN_"],
		"Delta_C94_all_sat_corr": ["_NaN_","_NaN_","_NaN_","_NaN_","_NaN_"],
		"Delta_C2000_all_sat_corr": ["_NaN_","_NaN_","_NaN_","_NaN_","_NaN_"],
		"grayscale_patch_numbers": [1,2,3,4,5],
		"Delta_E": [10.6,7.68,12.3,10.7,10.2],
		"Delta_C": [2.43,0.607,0.725,0.242,0.382],
		"Delta_E94": [10.6,7.68,12.3,10.7,10.2],
		"Delta_C94": [2.43,0.607,0.725,0.242,0.382],
		"Delta_E2000": [6.88,6.37,11.3,7.9,6.63],
		"Delta_C2000": [2.41,0.669,0.748,0.276,0.54],
		"Delta_L": [-10.3,7.66,12.3,10.7,10.1],
		"Delta_Chroma": [2.43,0.607,0.725,0.242,0.382],
		"Delta_Hue_Distance": [0,0,0,0,0],
		"Delta_Hue_Degrees": [0,0,0,0,0],
		"mean_Delta_E": [10.3],
		"mean_Delta_C": [0.878],
		"mean_Delta_E94": [10.3],
		"mean_Delta_C94": [0.878],
		"mean_Delta_E2000": [7.82],
		"mean_Delta_C2000": [0.928],
		"mean_Delta_L": [6.1],
		"mean_Delta_Chroma": [0.878],
		"mean_Delta_Hue_Distance": [0],
		"mean_Delta_Hue_Degrees": [0],
		"mean_Delta_C_sat_corr": ["_NaN_"],
		"mean_Delta_C94_sat_corr": ["_NaN_"],
		"mean_Delta_C2000_sat_corr": ["_NaN_"],
		"max_Delta_E": [12.3],
		"max_Delta_C": [2.43],
		"max_Delta_E94": [12.3],
		"max_Delta_C94": [2.43],
		"max_Delta_E2000": [11.3],
		"max_Delta_C2000": [2.41],
		"max_Delta_L": [12.3],
		"max_Delta_Chroma": [2.43],
		"max_Delta_Hue_Distance": [0],
		"max_Delta_Hue_Degrees": [0],
		"max_Delta_C_sat_corr": ["_NaN_"],
		"max_Delta_C94_sat_corr": ["_NaN_"],
		"max_Delta_C2000_sat_corr": ["_NaN_"],
		"mean_RegionSize": [75570],
		"Sequence_dark_to_light": [5,4,3,2,1],
		"Patch_number": [5,4,3,2,1],
		"R_noise": [0.05509,0.03571,0.02496,0.02257,0.02774],
		"G_noise": [0.0472,0.02881,0.01672,0.01523,0.02312],
		"B_noise": [0.04997,0.03177,0.02023,0.01908,0.0262],
		"R_SNR_ratio": [3.26,8.031,18.19,28.82,30.02],
		"G_SNR_ratio": [3.872,9.941,27.4,43.02,36.1],
		"B_SNR_ratio": [3.66,9.06,22.83,34.5,32.55],
		"R_SNR_dB": [10.26,18.1,25.19,29.19,29.55],
		"G_SNR_dB": [11.76,19.95,28.75,32.67,31.15],
		"B_SNR_dB": [11.27,19.14,27.17,30.76,30.25],
		"Gb_noise": [0.04604,0.02742,0.01478,0.01322,0.02195],
		"Gb_SNR_ratio": [3.955,10.45,30.96,49.49,38.07],
		"Gb_SNR_dB": [11.94,20.39,29.82,33.89,31.61],
		"Y_f_stop_SNR_ratio": [5.096,8.827,7.684,3.101,1.401],
		"Y_f_stop_SNR_dB": [14.14,18.92,17.71,9.831,2.931],
		"quality_levels_for_DR": [
				"Low,",
				"Medium,",
				"M-H,",
				"High,"
		],
		"SigNoise_levels_for_DR": [1,0.5,0.25,0.1],
		"Dynamic_Range_f_stops": [0,5.594,4.248,0],
		"Dynamic_Range_dB": [0,33.67,25.58,0],
		"noise_ISO15739_pct": [0.5536,0.4466,0.5416,1.122,2.551],
		"snr_ISO15739": [5.021,14.95,32.64,34.39,26.11],
		"noise_pct_ISO15739_at_13pct_Lref": [1.124],
		"snr_ISO15739_at_13pct_Lref": [34.38],
		"snr_dB_ISO15739_at_13pct_Lref": [30.73],
		"DynamicRange_at_density_2": [489.5],
		"DynamicRange_total": [0],
		"DynamicRange_from_slope_OD": [1.95],
		"DynamicRange_from_slope_EV": [6.474],
		"DynamicRange_from_slope_dB": [39],
		"SNR_BW_dB_RGBY": [27.72,31.14,29.18,32.36],
		"L_noise": [5.221,2.941,1.495,1.259,2.009],
		"a_noise": [5.278,3.941,3.194,2.808,2.554],
		"b_noise": [4.967,3.8,3.074,2.739,2.491],
		"Total_Lab_noise_unwtd": [8.933,6.215,4.678,4.119,4.094],
		"Total_ab_noise_unwtd": [7.248,5.475,4.433,3.922,3.568],
		"R_minus_Y_KK_noise": [0.02915,0.02263,0.01991,0.01852,0.0176],
		"B_minus_Y_KK_noise": [0.02818,0.02325,0.02039,0.01938,0.01846],
		"Y_Kelly_Keelan_noise": [0.04604,0.02742,0.01478,0.01322,0.02195],
		"Total_KK_noise": [0.04926,0.03069,0.01912,0.01743,0.02446],
		"Chroma_KK_noise": [0.01752,0.0138,0.01213,0.01135,0.01079],
		"Total_old_iso_noise": [0.05282,0.03415,0.02321,0.02132,0.02711],
		"Y_noise_from_YUV": [0.04604,0.02741,0.01478,0.01322,0.02195],