{
	"jsonResults": {
		"dateRun": "13-May-2025 13:25:26",
		"ini_time_size": "13-May-2025 12:34:36 18833B  MD5 = 6430a69d13571d0b394247d2af9742ab",
		"version": "Imatest 24.2.6 Master Color/Tone Auto",
		"build": "2025-03-20",
		"image_file": "sports ball_55.0 mm_25600ISO_-3EV_Dist2_OFF_Defocus2.tiff",
		"ColorSpace": "sRGB",
		"Reference": "Default values",
		"Ref_folder": "/usr/local/Imatest/v24.2/Master/",
		"Gamma": [0.3067],
		"patches_for_gamma_start_end": [1,5],
		"exposure_error_normalized_y_channel": [-0.272],
		"mean_camera_Saturation_Pct": ["_NaN_"],
		"mean_chroma_level_CPIQ_Pct": ["_NaN_"],
		"CPIQ_chroma_quality_loss_JND": ["_NaN_"],
		"CPIQ_exposure_quality_loss_JND": ["_NaN_"],
		"pixel_offset": [0],
		"mean_patch_size_pxls": [274,303],
		"roi_settings": "Recent ROI settings are in roi, nwid_save, nht_save, fillf, and distort (same names as ini file)",
		"roi": [2988,1286,4702,1660,2988,1662,4702,1278],
		"nwid_save": [6024],
		"nht_save": [4020],
		"fillf": [0.8],
		"distort": [0],
		"grayscale_zone": [1,2,3,4,5],
		"grayscale_minus_log_exposure": [2,1.513,1.025,0.5375,0.05],
		"grayscale_Y_reflectivity": [0.01,0.03073,0.09441,0.2901,0.8913],
		"grayscale_Y_Printer_pixel_gamma22": [33.13,55.18,91.91,153.1,255],
		"grayscale_Y_density": [0.7136,0.8479,0.9974,1.106,1.146],
		"grayscale_R_density": [0.7182,0.8056,0.8797,0.9197,0.943],
		"grayscale_G_density": [0.7142,0.8638,1.047,1.195,1.246],
		"grayscale_B_density": [0.6943,0.8247,0.9367,1.011,1.041],
		"grayscale_Y_mean": [49.31,36.19,25.65,19.96,18.21],
		"grayscale_R_mean": [48.79,39.9,33.64,30.68,29.08],
		"grayscale_G_mean": [49.24,34.89,22.89,16.29,14.48],
		"grayscale_B_mean": [51.56,38.18,29.5,24.88,23.22],
		"White_Bal_error_Degrees": [487,-261.9,-1052,-2007,-2188],
		"White_Bal_error_Mired": [-10.72,6.46,29.69,68.74,78.07],
		"White_Bal_error_S_HSV": [0.05375,0.1254,0.3196,0.4692,0.502],
		"White_Bal_error_Delta_C_ab": [1.587,3.389,7.31,9.409,9.017],
		"White_Bal_error_Delta_C_94": [1.587,3.389,7.31,9.409,9.017],
		"White_Bal_error_Delta_C_00": [1.578,4.379,8.554,10.48,10.15],
		"n_Patch": [1,2,3,4,5],
		"n_Row": [1,1,1,1,1],
		"n_Column": [1,2,3,4,5],
		"width_pixels": [275,276,275,275,275],
		"height_pixels": [305,305,305,305,305],
		"Pixels_total": [83875,84180,83875,83875,83875],
		"R_reference": [242.4,146.6,86.6,49.01,25.46],
		"G_reference": [242.4,146.6,86.6,49.01,25.46],
		"B_reference": [242.4,146.6,86.6,49.01,25.46],
		"R_input": [48.79,39.9,33.64,30.68,29.08],
		"G_input": [49.24,34.89,22.89,16.29,14.48],
		"B_input": [51.56,38.18,29.5,24.88,23.22],
		"L_reference": [95.63,60.79,36.82,20.33,8.991],
		"a_reference": [0,0,0,0,0],
		"b_reference": [0,0,0,0,0],
		"L_input": [20.47,14.32,9.269,6.641,5.892],
		"a_input": [0.3576,3.113,6.862,8.939,8.578],
		"b_input": [-1.546,-1.339,-2.521,-2.939,-2.781],
		"x_reference": [0.3127,0.3127,0.3127,0.3127,0.3127],
		"y_reference": [0.329,0.329,0.329,0.329,0.329],
		"Y_reference": [0.8913,0.2901,0.09441,0.03073,0.01],
		"x_input": [0.3059,0.3193,0.3328,0.3455,0.3476],
		"y_input": [0.3197,0.313,0.2915,0.2763,0.2734],
		"Y_input": [0.03108,0.01786,0.01034,0.007352,0.006523],
		"LUV_comment": "L2 is used to differentiate between the L in LAB and L in LUV.",
		"L2_reference": [805.1,262,85.28,27.75,9.033],
		"U_reference": [0.1978,0.1978,0.1978,0.1978,0.1978],
		"V_reference": [0.4683,0.4683,0.4683,0.4683,0.4683],
		"L2_input": [28.08,16.13,9.338,6.641,5.892],
		"U_input": [0.1966,0.2088,0.2282,0.2457,0.2489],
		"V_input": [0.4622,0.4605,0.4498,0.4421,0.4405],
		"patch_numbers_for_all_Delta_E_C": [1,2,3,4,5],
		"Delta_E_all": [75.2,46.6,28.5,16.6,9.53],
		"Delta_C_all": [1.59,3.39,7.31,9.41,9.02],
		"Delta_E94_all": [75.2,46.6,28.5,16.6,9.53],
		"Delta_C94_all": [1.59,3.39,7.31,9.41,9.02],
		"Delta_E2000_all": [68,39.8,21.5,13.7,10.3],
		"Delta_C2000_all": [1.58,4.38,8.55,10.5,10.1],
		"Delta_L_all": [-75.2,-46.5,-27.5,-13.7,-3.1],
		"Delta_Chroma_all": [1.59,3.39,7.31,9.41,9.02],
		"Delta_Hue_Distance_all": [0,0,0,0,0],
		"Delta_Hue_Degrees_all": [0,0,0,0,0],
		"sat_corr_comment": "sat_corr explained on https://www.imatest.com/docs/colorcheck/#satcorr - not recommended.",
		"Delta_C_all_sat_corr": ["_NaN_","_NaN_","_NaN_","_NaN_","_NaN_"],
		"Delta_C94_all_sat_corr": ["_NaN_","_NaN_","_NaN_","_NaN_","_NaN_"],
		"Delta_C2000_all_sat_corr": ["_NaN_","_NaN_","_NaN_","_NaN_","_NaN_"],
		"grayscale_patch_numbers": [1,2,3,4,5],
		"Delta_E": [75.2,46.6,28.5,16.6,9.53],
		"Delta_C": [1.59,3.39,7.31,9.41,9.02],
		"Delta_E94": [75.2,46.6,28.5,16.6,9.53],
		"Delta_C94": [1.59,3.39,7.31,9.41,9.02],
		"Delta_E2000": [68,39.8,21.5,13.7,10.3],
		"Delta_C2000": [1.58,4.38,8.55,10.5,10.1],
		"Delta_L": [-75.2,-46.5,-27.5,-13.7,-3.1],
		"Delta_Chroma": [1.59,3.39,7.31,9.41,9.02],
		"Delta_Hue_Distance": [0,0,0,0,0],
		"Delta_Hue_Degrees": [0,0,0,0,0],
		"mean_Delta_E": [35.3],
		"mean_Delta_C": [6.14],
		"mean_Delta_E94": [35.3],
		"mean_Delta_C94": [6.14],
		"mean_Delta_E2000": [30.7],
		"mean_Delta_C2000": [7.03],
		"mean_Delta_L": [-33.2],
		"mean_Delta_Chroma": [6.14],
		"mean_Delta_Hue_Distance": [0],
		"mean_Delta_Hue_Degrees": [0],
		"mean_Delta_C_sat_corr": ["_NaN_"],
		"mean_Delta_C94_sat_corr": ["_NaN_"],
		"mean_Delta_C2000_sat_corr": ["_NaN_"],
		"max_Delta_E": [75.2],
		"max_Delta_C": [9.41],
		"max_Delta_E94": [75.2],
		"max_Delta_C94": [9.41],
		"max_Delta_E2000": [68],
		"max_Delta_C2000": [10.5],
		"max_Delta_L": [-3.1],
		"max_Delta_Chroma": [9.41],
		"max_Delta_Hue_Distance": [0],
		"max_Delta_Hue_Degrees": [0],
		"max_Delta_C_sat_corr": ["_NaN_"],
		"max_Delta_C94_sat_corr": ["_NaN_"],
		"max_Delta_C2000_sat_corr": ["_NaN_"],
		"mean_RegionSize": [83660.8],
		"Sequence_dark_to_light": [5,4,3,2,1],
		"Patch_number": [5,4,3,2,1],
		"R_noise": [0.09851,0.1016,0.1071,0.1164,0.1241],
		"G_noise": [0.07069,0.07448,0.0846,0.09345,0.09303],
		"B_noise": [0.08388,0.08688,0.09436,0.1034,0.1052],
		"R_SNR_ratio": [1.158,1.184,1.231,1.344,1.541],
		"G_SNR_ratio": [0.8033,0.8575,1.061,1.464,2.076],
		"B_SNR_ratio": [1.086,1.123,1.226,1.448,1.922],
		"R_SNR_dB": [1.271,1.465,1.808,2.569,3.759],
		"G_SNR_dB": [-1.902,-1.335,0.5148,3.312,6.343],
		"B_SNR_dB": [0.7147,1.009,1.77,3.217,5.676],
		"Gb_noise": [0.05862,0.06135,0.06837,0.07493,0.07499],
		"Gb_SNR_ratio": [1.218,1.276,1.471,1.894,2.578],
		"Gb_SNR_dB": [1.716,2.117,3.354,5.549,8.227],
		"Y_f_stop_SNR_ratio": [0.4235,0.3822,0.2874,0.1468,0.07234],
		"Y_f_stop_SNR_dB": [-7.464,-8.353,-10.83,-16.67,-22.81],
		"quality_levels_for_DR": [
				"Low,",
				"Medium,",
				"M-H,",
				"High,"
		],
		"SigNoise_levels_for_DR": [1,0.5,0.25,0.1],
		"Dynamic_Range_f_stops": [0,0,0,0],
		"Dynamic_Range_dB": [0,0,0,0],
		"noise_ISO15739_pct": [2.351,2.794,4.68,8.531,10.23],
		"snr_ISO15739": [0.2775,0.2631,0.2209,0.2094,0.3037],
		"noise_pct_ISO15739_at_13pct_Lref": ["_NaN_"],
		"snr_ISO15739_at_13pct_Lref": ["_NaN_"],
		"snr_dB_ISO15739_at_13pct_Lref": ["_NaN_"],
		"DynamicRange_at_density_2": [0],
		"DynamicRange_total": [0],
		"DynamicRange_from_slope_OD": [1.95],
		"DynamicRange_from_slope_EV": [6.474],
		"DynamicRange_from_slope_dB": [39],
		"SNR_BW_dB_RGBY": [-0.09917,1.808,0.9308,3.727],
		"L_noise": [6.542,6.833,7.543,8.122,7.915],
		"a_noise": [14.66,15.27,16.65,18.17,18.26],
		"b_noise": [14.3,14.92,16.65,18.37,18.43],
		"Total_Lab_noise_unwtd": [21.5,22.42,24.72,27.08,27.12],
		"Total_ab_noise_unwtd": [20.48,21.35,23.55,25.84,25.94],
		"R_minus_Y_KK_noise": [0.08669,0.09014,0.09753,0.1066,0.1121],
		"B_minus_Y_KK_noise": [0.08829,0.09233,0.1038,0.116,0.1179],
		"Y_Kelly_Keelan_noise": [0.05862,0.06135,0.06837,0.07493,0.07499],
		"Total_KK_noise": [0.07886,0.08235,0.09097,0.09986,0.1017],
		"Chroma_KK_noise": [0.05275,0.05493,0.06001,0.06601,0.06876],
		"Total_old_iso_noise": [0.09743,0.1016,0.1117,0.1227,0.126],
		"Y_noise_from_YUV": [0.05861,0.06135,0.06836,0.07492,0.07498],
		"U_noise_from_YUV": [0.04148,0.04338,0.04876,0.0545,0.0554],