{
	"jsonResults": {
		"dateRun": "07-May-2025 15:33:53",
		"ini_time_size": "07-May-2025 15:23:25 9643B  MD5 = 75acdc0de22899c71ce88bc2f3161bb6",
		"version": "Imatest 24.2.6 Master Color/Tone Auto",
		"build": "2025-03-20",
		"image_file": "sports ball_55.0 mm_6400ISO_+1EV_Dist2_ON_Defocus1.tiff",
		"ColorSpace": "sRGB",
		"Reference": "Default values",
		"Ref_folder": "/usr/local/Imatest/v24.2/Master/",
		"Gamma": [0.3928],
		"patches_for_gamma_start_end": [1,5],
		"exposure_error_normalized_y_channel": [0.0591],
		"mean_camera_Saturation_Pct": ["_NaN_"],
		"mean_chroma_level_CPIQ_Pct": ["_NaN_"],
		"CPIQ_chroma_quality_loss_JND": ["_NaN_"],
		"CPIQ_exposure_quality_loss_JND": ["_NaN_"],
		"pixel_offset": [0],
		"mean_patch_size_pxls": [246,305],
		"roi_settings": "Recent ROI settings are in roi, nwid_save, nht_save, fillf, and distort (same names as ini file)",
		"roi": [2962,1260,4718,1687,2962,1692,4718,1247],
		"nwid_save": [6024],
		"nht_save": [4020],
		"fillf": [0.7],
		"distort": [0],
		"grayscale_zone": [1,2,3,4,5],
		"grayscale_minus_log_exposure": [2,1.513,1.025,0.5375,0.05],
		"grayscale_Y_reflectivity": [0.01,0.03073,0.09441,0.2901,0.8913],
		"grayscale_Y_Printer_pixel_gamma22": [33.13,55.18,91.91,153.1,255],
		"grayscale_Y_density": [0.0942,0.2037,0.3645,0.5867,0.9185],
		"grayscale_R_density": [0.09571,0.2069,0.37,0.5945,0.9005],
		"grayscale_G_density": [0.09492,0.2033,0.3634,0.5847,0.9239],
		"grayscale_B_density": [0.08285,0.199,0.3585,0.5842,0.9188],
		"grayscale_Y_mean": [205.3,159.5,110.2,66.04,30.76],
		"grayscale_R_mean": [204.6,158.4,108.8,64.87,32.06],
		"grayscale_G_mean": [204.9,159.7,110.4,66.35,30.38],
		"grayscale_B_mean": [210.7,161.3,111.7,66.43,30.74],
		"White_Bal_error_Degrees": [309.5,169.2,235.8,182,-257.3],
		"White_Bal_error_Mired": [-6.993,-3.904,-5.385,-4.189,6.341],
		"White_Bal_error_S_HSV": [0.0292,0.01788,0.0262,0.0235,0.05251],
		"White_Bal_error_Delta_C_ab": [3.066,1.005,1.005,0.66,0.8891],
		"White_Bal_error_Delta_C_94": [3.066,1.005,1.005,0.66,0.8891],
		"White_Bal_error_Delta_C_00": [3.021,0.9986,1.061,0.9242,1.294],
		"n_Patch": [1,2,3,4,5],
		"n_Row": [1,1,1,1,1],
		"n_Column": [1,2,3,4,5],
		"width_pixels": [247,247,247,247,246],
		"height_pixels": [307,307,307,307,308],
		"Pixels_total": [75829,75829,75829,75829,75768],
		"R_reference": [242.4,146.6,86.6,49.01,25.46],
		"G_reference": [242.4,146.6,86.6,49.01,25.46],
		"B_reference": [242.4,146.6,86.6,49.01,25.46],
		"R_input": [204.6,158.4,108.8,64.87,32.06],
		"G_input": [204.9,159.7,110.4,66.35,30.38],
		"B_input": [210.7,161.3,111.7,66.43,30.74],
		"L_reference": [95.63,60.79,36.82,20.33,8.991],
		"a_reference": [0,0,0,0,0],
		"b_reference": [0,0,0,0,0],
		"L_input": [82.51,65.69,46.51,28,11.65],
		"a_input": [0.9412,-0.1651,-0.3706,-0.6035,0.8885],
		"b_input": [-2.918,-0.9911,-0.934,-0.2672,0.03364],
		"x_reference": [0.3127,0.3127,0.3127,0.3127,0.3127],
		"y_reference": [0.329,0.329,0.329,0.329,0.329],
		"Y_reference": [0.8913,0.2901,0.09441,0.03073,0.01],
		"x_input": [0.3084,0.3101,0.3089,0.3095,0.3178],
		"y_input": [0.3223,0.3267,0.3264,0.3288,0.327],
		"Y_input": [0.6124,0.3492,0.1565,0.05456,0.01354],
		"LUV_comment": "L2 is used to differentiate between the L in LAB and L in LUV.",
		"L2_reference": [805.1,262,85.28,27.75,9.033],
		"U_reference": [0.1978,0.1978,0.1978,0.1978,0.1978],
		"V_reference": [0.4683,0.4683,0.4683,0.4683,0.4683],
		"L2_input": [553.2,315.4,141.3,49.28,12.23],
		"U_input": [0.1973,0.1969,0.1962,0.1957,0.2021],
		"V_input": [0.4641,0.4667,0.4664,0.4677,0.468],
		"patch_numbers_for_all_Delta_E_C": [1,2,3,4,5],
		"Delta_E_all": [13.5,5,9.74,7.69,2.8],
		"Delta_C_all": [3.07,1,1,0.66,0.889],
		"Delta_E94_all": [13.5,5,9.74,7.69,2.8],
		"Delta_C94_all": [3.07,1,1,0.66,0.889],
		"Delta_E2000_all": [8.83,4.24,8.79,5.62,2.11],
		"Delta_C2000_all": [3.02,0.999,1.06,0.924,1.29],
		"Delta_L_all": [-13.1,4.9,9.69,7.66,2.65],
		"Delta_Chroma_all": [3.07,1,1,0.66,0.889],
		"Delta_Hue_Distance_all": [0,0,0,0,0],
		"Delta_Hue_Degrees_all": [0,0,0,0,0],
		"sat_corr_comment": "sat_corr explained on https://www.imatest.com/docs/colorcheck/#satcorr - not recommended.",
		"Delta_C_all_sat_corr": ["_NaN_","_NaN_","_NaN_","_NaN_","_NaN_"],
		"Delta_C94_all_sat_corr": ["_NaN_","_NaN_","_NaN_","_NaN_","_NaN_"],
		"Delta_C2000_all_sat_corr": ["_NaN_","_NaN_","_NaN_","_NaN_","_NaN_"],
		"grayscale_patch_numbers": [1,2,3,4,5],
		"Delta_E": [13.5,5,9.74,7.69,2.8],
		"Delta_C": [3.07,1,1,0.66,0.889],
		"Delta_E94": [13.5,5,9.74,7.69,2.8],
		"Delta_C94": [3.07,1,1,0.66,0.889],
		"Delta_E2000": [8.83,4.24,8.79,5.62,2.11],
		"Delta_C2000": [3.02,0.999,1.06,0.924,1.29],
		"Delta_L": [-13.1,4.9,9.69,7.66,2.65],
		"Delta_Chroma": [3.07,1,1,0.66,0.889],
		"Delta_Hue_Distance": [0,0,0,0,0],
		"Delta_Hue_Degrees": [0,0,0,0,0],
		"mean_Delta_E": [7.74],
		"mean_Delta_C": [1.33],
		"mean_Delta_E94": [7.74],
		"mean_Delta_C94": [1.33],
		"mean_Delta_E2000": [5.92],
		"mean_Delta_C2000": [1.46],
		"mean_Delta_L": [2.36],
		"mean_Delta_Chroma": [1.33],
		"mean_Delta_Hue_Distance": [0],
		"mean_Delta_Hue_Degrees": [0],
		"mean_Delta_C_sat_corr": ["_NaN_"],
		"mean_Delta_C94_sat_corr": ["_NaN_"],
		"mean_Delta_C2000_sat_corr": ["_NaN_"],
		"max_Delta_E": [13.5],
		"max_Delta_C": [3.07],
		"max_Delta_E94": [13.5],
		"max_Delta_C94": [3.07],
		"max_Delta_E2000": [8.83],
		"max_Delta_C2000": [3.02],
		"max_Delta_L": [9.69],
		"max_Delta_Chroma": [3.07],
		"max_Delta_Hue_Distance": [0],
		"max_Delta_Hue_Degrees": [0],
		"max_Delta_C_sat_corr": ["_NaN_"],
		"max_Delta_C94_sat_corr": ["_NaN_"],
		"max_Delta_C2000_sat_corr": ["_NaN_"],
		"mean_RegionSize": [75570],
		"Sequence_dark_to_light": [5,4,3,2,1],
		"Patch_number": [5,4,3,2,1],
		"R_noise": [0.07966,0.0697,0.04836,0.03995,0.03562],
		"G_noise": [0.05603,0.03599,0.02848,0.02555,0.02481],
		"B_noise": [0.06756,0.04873,0.03603,0.03049,0.02768],
		"R_SNR_ratio": [1.578,3.65,8.82,15.55,22.52],
		"G_SNR_ratio": [2.126,7.231,15.21,24.5,32.39],
		"B_SNR_ratio": [1.785,5.346,12.16,20.74,29.86],
		"R_SNR_dB": [3.964,11.24,18.91,23.83,27.05],
		"G_SNR_dB": [6.553,17.18,23.64,27.78,30.21],
		"B_SNR_dB": [5.031,14.56,21.7,26.34,29.5],
		"Gb_noise": [0.04522,0.03078,0.02391,0.02144,0.02087],
		"Gb_SNR_ratio": [2.668,8.414,18.07,29.18,38.58],
		"Gb_SNR_dB": [8.524,18.5,25.14,29.3,31.73],
		"Y_f_stop_SNR_ratio": [5.31,5.37,4.732,3.123,1.889],
		"Y_f_stop_SNR_dB": [14.5,14.6,13.5,9.892,5.525],
		"quality_levels_for_DR": [
				"Low,",
				"Medium,",
				"M-H,",
				"High,"
		],
		"SigNoise_levels_for_DR": [1,0.5,0.25,0.1],
		"Dynamic_Range_f_stops": [0,6.251,3.814,0],
		"Dynamic_Range_dB": [0,37.63,22.96,0],
		"noise_ISO15739_pct": [0.546,0.5227,1.011,2.208,2.952],
		"snr_ISO15739": [2.479,10.44,15.47,15.81,20.74],
		"noise_pct_ISO15739_at_13pct_Lref": [2.012],
		"snr_ISO15739_at_13pct_Lref": [15.76],
		"snr_dB_ISO15739_at_13pct_Lref": [23.95],
		"DynamicRange_at_density_2": [398.2],
		"DynamicRange_total": [0],
		"DynamicRange_from_slope_OD": [1.95],
		"DynamicRange_from_slope_EV": [6.474],
		"DynamicRange_from_slope_dB": [39],
		"SNR_BW_dB_RGBY": [22.71,26.59,25.06,28.12],
		"L_noise": [5.017,3.322,2.436,2.054,1.908],
		"a_noise": [12.74,9.302,6.516,5.125,4.383],
		"b_noise": [12.18,8.551,5.973,4.726,4.105],
		"Total_Lab_noise_unwtd": [18.33,13.06,9.169,7.268,6.301],
		"Total_ab_noise_unwtd": [17.63,12.64,8.839,6.971,6.005],
		"R_minus_Y_KK_noise": [0.07133,0.05899,0.04138,0.03421,0.03037],
		"B_minus_Y_KK_noise": [0.07487,0.0526,0.0393,0.0332,0.03023],
		"Y_Kelly_Keelan_noise": [0.04522,0.03078,0.02391,0.02144,0.02087],
		"Total_KK_noise": [0.06291,0.0465,0.03443,0.02972,0.0278],
		"Chroma_KK_noise": [0.04374,0.03485,0.02477,0.02058,0.01838],
		"Total_old_iso_noise": [0.07873,0.06014,0.04376,0.03722,0.03423],
		"Y_noise_from_YUV": [0.04521,0.03078,0.02391,0.02144,0.02086],
		"U_noise_from_YUV": [0.03518,0.02472,0.01847,0.0156,0.0142],
		"V_noise_from_YUV": [0.0557,0.04607,0.03232,0.02672,0.02371],