{
	"jsonResults": {
		"dateRun": "13-May-2025 13:25:26",
		"ini_time_size": "13-May-2025 12:34:36 18833B  MD5 = 6430a69d13571d0b394247d2af9742ab",
		"version": "Imatest 24.2.6 Master Color/Tone Auto",
		"build": "2025-03-20",
		"image_file": "sports ball_55.0 mm_1600ISO_-2EV_Dist2_OFF_Defocus2.tiff",
		"ColorSpace": "sRGB",
		"Reference": "Default values",
		"Ref_folder": "/usr/local/Imatest/v24.2/Master/",
		"Gamma": [0.3749],
		"patches_for_gamma_start_end": [1,5],
		"exposure_error_normalized_y_channel": [-0.233],
		"mean_camera_Saturation_Pct": ["_NaN_"],
		"mean_chroma_level_CPIQ_Pct": ["_NaN_"],
		"CPIQ_chroma_quality_loss_JND": ["_NaN_"],
		"CPIQ_exposure_quality_loss_JND": ["_NaN_"],
		"pixel_offset": [0],
		"mean_patch_size_pxls": [274,303],
		"roi_settings": "Recent ROI settings are in roi, nwid_save, nht_save, fillf, and distort (same names as ini file)",
		"roi": [2988,1286,4702,1660,2988,1662,4702,1278],
		"nwid_save": [6024],
		"nht_save": [4020],
		"fillf": [0.8],
		"distort": [0],
		"grayscale_zone": [1,2,3,4,5],
		"grayscale_minus_log_exposure": [2,1.513,1.025,0.5375,0.05],
		"grayscale_Y_reflectivity": [0.01,0.03073,0.09441,0.2901,0.8913],
		"grayscale_Y_Printer_pixel_gamma22": [33.13,55.18,91.91,153.1,255],
		"grayscale_Y_density": [0.4591,0.5781,0.7609,1.03,1.292],
		"grayscale_R_density": [0.4585,0.5789,0.7677,1.039,1.233],
		"grayscale_G_density": [0.4607,0.5786,0.7599,1.028,1.314],
		"grayscale_B_density": [0.4448,0.5708,0.7507,1.027,1.262],
		"grayscale_Y_mean": [88.61,67.37,44.22,23.8,13.03],
		"grayscale_R_mean": [88.73,67.24,43.53,23.29,14.92],
		"grayscale_G_mean": [88.27,67.29,44.33,23.93,12.38],
		"grayscale_B_mean": [91.56,68.51,45.27,23.97,13.94],
		"White_Bal_error_Degrees": [316.7,170.6,306.3,167.6,-290.6],
		"White_Bal_error_Mired": [-7.147,-3.934,-6.923,-3.868,7.201],
		"White_Bal_error_S_HSV": [0.03587,0.01863,0.03842,0.0283,0.1706],
		"White_Bal_error_Delta_C_ab": [2.04,0.7931,0.7484,0.3332,1.147],
		"White_Bal_error_Delta_C_94": [2.04,0.7931,0.7484,0.3332,1.147],
		"White_Bal_error_Delta_C_00": [2.158,0.826,0.7484,0.4713,1.597],
		"n_Patch": [1,2,3,4,5],
		"n_Row": [1,1,1,1,1],
		"n_Column": [1,2,3,4,5],
		"width_pixels": [275,276,275,275,275],
		"height_pixels": [305,305,305,305,305],
		"Pixels_total": [83875,84180,83875,83875,83875],
		"R_reference": [242.4,146.6,86.6,49.01,25.46],
		"G_reference": [242.4,146.6,86.6,49.01,25.46],
		"B_reference": [242.4,146.6,86.6,49.01,25.46],
		"R_input": [88.73,67.24,43.53,23.29,14.92],
		"G_input": [88.27,67.29,44.33,23.93,12.38],
		"B_input": [91.56,68.51,45.27,23.97,13.94],
		"L_reference": [95.63,60.79,36.82,20.33,8.991],
		"a_reference": [0,0,0,0,0],
		"b_reference": [0,0,0,0,0],
		"L_input": [37.66,28.58,18.11,8.146,3.655],
		"a_input": [0.887,0.2522,-0.1245,-0.3045,1.069],
		"b_input": [-1.837,-0.7519,-0.738,-0.1353,-0.4167],
		"x_reference": [0.3127,0.3127,0.3127,0.3127,0.3127],
		"y_reference": [0.329,0.329,0.329,0.329,0.329],
		"Y_reference": [0.8913,0.2901,0.09441,0.03073,0.01],
		"x_input": [0.3085,0.3103,0.308,0.3098,0.3196],
		"y_input": [0.3209,0.3252,0.3249,0.3288,0.3149],
		"Y_input": [0.099,0.05674,0.02542,0.009019,0.004047],
		"LUV_comment": "L2 is used to differentiate between the L in LAB and L in LUV.",
		"L2_reference": [805.1,262,85.28,27.75,9.033],
		"U_reference": [0.1978,0.1978,0.1978,0.1978,0.1978],
		"V_reference": [0.4683,0.4683,0.4683,0.4683,0.4683],
		"L2_input": [89.43,51.26,22.97,8.147,3.655],
		"U_input": [0.198,0.1976,0.1961,0.1959,0.2082],
		"V_input": [0.4633,0.4659,0.4654,0.4678,0.4616],
		"patch_numbers_for_all_Delta_E_C": [1,2,3,4,5],
		"Delta_E_all": [58,32.2,18.7,12.2,5.46],
		"Delta_C_all": [2.04,0.793,0.748,0.333,1.15],
		"Delta_E94_all": [58,32.2,18.7,12.2,5.46],
		"Delta_C94_all": [2.04,0.793,0.748,0.333,1.15],
		"Delta_E2000_all": [46.8,30.4,14.1,7.97,3.6],
		"Delta_C2000_all": [2.16,0.826,0.748,0.471,1.6],
		"Delta_L_all": [-58,-32.2,-18.7,-12.2,-5.34],
		"Delta_Chroma_all": [2.04,0.793,0.748,0.333,1.15],
		"Delta_Hue_Distance_all": [0,0,0,0,0],
		"Delta_Hue_Degrees_all": [0,0,0,0,0],
		"sat_corr_comment": "sat_corr explained on https://www.imatest.com/docs/colorcheck/#satcorr - not recommended.",
		"Delta_C_all_sat_corr": ["_NaN_","_NaN_","_NaN_","_NaN_","_NaN_"],
		"Delta_C94_all_sat_corr": ["_NaN_","_NaN_","_NaN_","_NaN_","_NaN_"],
		"Delta_C2000_all_sat_corr": ["_NaN_","_NaN_","_NaN_","_NaN_","_NaN_"],
		"grayscale_patch_numbers": [1,2,3,4,5],
		"Delta_E": [58,32.2,18.7,12.2,5.46],
		"Delta_C": [2.04,0.793,0.748,0.333,1.15],
		"Delta_E94": [58,32.2,18.7,12.2,5.46],
		"Delta_C94": [2.04,0.793,0.748,0.333,1.15],
		"Delta_E2000": [46.8,30.4,14.1,7.97,3.6],
		"Delta_C2000": [2.16,0.826,0.748,0.471,1.6],
		"Delta_L": [-58,-32.2,-18.7,-12.2,-5.34],
		"Delta_Chroma": [2.04,0.793,0.748,0.333,1.15],
		"Delta_Hue_Distance": [0,0,0,0,0],
		"Delta_Hue_Degrees": [0,0,0,0,0],
		"mean_Delta_E": [25.3],
		"mean_Delta_C": [1.01],
		"mean_Delta_E94": [25.3],
		"mean_Delta_C94": [1.01],
		"mean_Delta_E2000": [20.6],
		"mean_Delta_C2000": [1.16],
		"mean_Delta_L": [-25.3],
		"mean_Delta_Chroma": [1.01],
		"mean_Delta_Hue_Distance": [0],
		"mean_Delta_Hue_Degrees": [0],
		"mean_Delta_C_sat_corr": ["_NaN_"],
		"mean_Delta_C94_sat_corr": ["_NaN_"],
		"mean_Delta_C2000_sat_corr": ["_NaN_"],
		"max_Delta_E": [58],
		"max_Delta_C": [2.04],
		"max_Delta_E94": [58],
		"max_Delta_C94": [2.04],
		"max_Delta_E2000": [46.8],
		"max_Delta_C2000": [2.16],
		"max_Delta_L": [-5.34],
		"max_Delta_Chroma": [2.04],
		"max_Delta_Hue_Distance": [0],
		"max_Delta_Hue_Degrees": [0],
		"max_Delta_C_sat_corr": ["_NaN_"],
		"max_Delta_C94_sat_corr": ["_NaN_"],
		"max_Delta_C2000_sat_corr": ["_NaN_"],
		"mean_RegionSize": [83660.8],
		"Sequence_dark_to_light": [5,4,3,2,1],
		"Patch_number": [5,4,3,2,1],
		"R_noise": [0.04174,0.0448,0.03655,0.02964,0.02757],
		"G_noise": [0.03168,0.02853,0.02077,0.0182,0.01856],
		"B_noise": [0.03673,0.03739,0.02722,0.02339,0.02283],
		"R_SNR_ratio": [1.402,2.039,4.671,8.897,12.62],
		"G_SNR_ratio": [1.532,3.29,8.37,14.5,18.65],
		"B_SNR_ratio": [1.488,2.514,6.523,11.48,15.73],
		"R_SNR_dB": [2.936,6.187,13.39,18.98,22.02],
		"G_SNR_dB": [3.705,10.34,18.45,23.23,25.41],
		"B_SNR_dB": [3.454,8.006,16.29,21.2,23.93],
		"Gb_noise": [0.02778,0.02423,0.01766,0.01523,0.01594],
		"Gb_SNR_ratio": [1.839,3.851,9.818,17.35,21.8],
		"Gb_SNR_dB": [5.293,11.71,19.84,24.79,26.77],
		"Y_f_stop_SNR_ratio": [3.226,3.529,2.986,1.558,0.9384],
		"Y_f_stop_SNR_dB": [10.17,10.95,9.502,3.854,-0.5524],
		"quality_levels_for_DR": [
				"Low,",
				"Medium,",
				"M-H,",
				"High,"
		],
		"SigNoise_levels_for_DR": [1,0.5,0.25,0.1],
		"Dynamic_Range_f_stops": [6.227,4.111,0,0],
		"Dynamic_Range_dB": [37.49,24.75,0,0],
		"noise_ISO15739_pct": [0.3773,0.4381,0.6897,1.359,1.955],
		"snr_ISO15739": [1.073,2.059,3.686,4.175,5.063],
		"noise_pct_ISO15739_at_13pct_Lref": [1.743],
		"snr_ISO15739_at_13pct_Lref": [4.747],
		"snr_dB_ISO15739_at_13pct_Lref": [13.53],
		"DynamicRange_at_density_2": [1375],
		"DynamicRange_total": [0],
		"DynamicRange_from_slope_OD": [1.95],
		"DynamicRange_from_slope_EV": [6.474],
		"DynamicRange_from_slope_dB": [39],
		"SNR_BW_dB_RGBY": [18.67,22.9,20.72,24.45],
		"L_noise": [2.747,2.77,2.068,1.69,1.697],
		"a_noise": [5.116,6.766,5.499,4.453,3.9],
		"b_noise": [4.773,6.431,5.179,4.186,3.725],
		"Total_Lab_noise_unwtd": [7.517,9.737,7.832,6.341,5.654],
		"Total_ab_noise_unwtd": [6.997,9.335,7.554,6.112,5.393],
		"R_minus_Y_KK_noise": [0.03364,0.03781,0.03084,0.0254,0.02294],
		"B_minus_Y_KK_noise": [0.03487,0.03931,0.02954,0.02533,0.0236],
		"Y_Kelly_Keelan_noise": [0.02778,0.02423,0.01766,0.01523,0.01594],
		"Total_KK_noise": [0.03456,0.0335,0.02558,0.02164,0.02121],
		"Chroma_KK_noise": [0.02056,0.02313,0.0185,0.01538,0.01399],
		"Total_old_iso_noise": [0.04112,0.04182,0.03257,0.02734,0.02607],
		"Y_noise_from_YUV": [0.02778,0.02423,0.01766,0.01523,0.01594],
		"U_noise_from_YUV": [0.01639,0.01847,0.01388,0.0119,0.01109],