{
	"jsonResults": {
		"dateRun": "13-May-2025 13:25:26",
		"ini_time_size": "13-May-2025 12:34:36 18833B  MD5 = 6430a69d13571d0b394247d2af9742ab",
		"version": "Imatest 24.2.6 Master Color/Tone Auto",
		"build": "2025-03-20",
		"image_file": "sports ball_55.0 mm_6400ISO_-3EV_Dist2_ON_Defocus2.tiff",
		"ColorSpace": "sRGB",
		"Reference": "Default values",
		"Ref_folder": "/usr/local/Imatest/v24.2/Master/",
		"Gamma": [0.4535],
		"patches_for_gamma_start_end": [1,5],
		"exposure_error_normalized_y_channel": [-0.269],
		"mean_camera_Saturation_Pct": ["_NaN_"],
		"mean_chroma_level_CPIQ_Pct": ["_NaN_"],
		"CPIQ_chroma_quality_loss_JND": ["_NaN_"],
		"CPIQ_exposure_quality_loss_JND": ["_NaN_"],
		"pixel_offset": [0],
		"mean_patch_size_pxls": [274,303],
		"roi_settings": "Recent ROI settings are in roi, nwid_save, nht_save, fillf, and distort (same names as ini file)",
		"roi": [2988,1286,4702,1660,2988,1662,4702,1278],
		"nwid_save": [6024],
		"nht_save": [4020],
		"fillf": [0.8],
		"distort": [0],
		"grayscale_zone": [1,2,3,4,5],
		"grayscale_minus_log_exposure": [2,1.513,1.025,0.5375,0.05],
		"grayscale_Y_reflectivity": [0.01,0.03073,0.09441,0.2901,0.8913],
		"grayscale_Y_Printer_pixel_gamma22": [33.13,55.18,91.91,153.1,255],
		"grayscale_Y_density": [0.6681,0.8086,1.03,1.286,1.421],
		"grayscale_R_density": [0.6709,0.8171,1.001,1.149,1.218],
		"grayscale_G_density": [0.6691,0.8067,1.041,1.345,1.522],
		"grayscale_B_density": [0.6508,0.8021,1.01,1.219,1.312],
		"grayscale_Y_mean": [54.75,39.62,23.82,13.2,9.665],
		"grayscale_R_mean": [54.41,38.85,25.45,18.09,15.43],
		"grayscale_G_mean": [54.63,39.79,23.22,11.52,7.673],
		"grayscale_B_mean": [56.98,40.22,24.89,15.42,12.44],
		"White_Bal_error_Degrees": [417,248.4,-83.96,-961.7,-1378],
		"White_Bal_error_Mired": [-9.275,-5.664,2.013,26.71,41.38],
		"White_Bal_error_S_HSV": [0.04506,0.03388,0.0876,0.363,0.5028],
		"White_Bal_error_Delta_C_ab": [1.568,0.5365,1.712,3.039,3.135],
		"White_Bal_error_Delta_C_94": [1.568,0.5365,1.712,3.039,3.135],
		"White_Bal_error_Delta_C_00": [1.588,0.6359,2.289,4.02,4.124],
		"n_Patch": [1,2,3,4,5],
		"n_Row": [1,1,1,1,1],
		"n_Column": [1,2,3,4,5],
		"width_pixels": [275,276,275,275,275],
		"height_pixels": [305,305,305,305,305],
		"Pixels_total": [83875,84180,83875,83875,83875],
		"R_reference": [242.4,146.6,86.6,49.01,25.46],
		"G_reference": [242.4,146.6,86.6,49.01,25.46],
		"B_reference": [242.4,146.6,86.6,49.01,25.46],
		"R_input": [54.41,38.85,25.45,18.09,15.43],
		"G_input": [54.63,39.79,23.22,11.52,7.673],
		"B_input": [56.98,40.22,24.89,15.42,12.44],
		"L_reference": [95.63,60.79,36.82,20.33,8.991],
		"a_reference": [0,0,0,0,0],
		"b_reference": [0,0,0,0,0],
		"L_input": [22.96,15.94,8.163,3.764,2.705],
		"a_input": [0.4522,-0.3205,1.521,2.87,2.944],
		"b_input": [-1.501,-0.4302,-0.7866,-0.9976,-1.075],
		"x_reference": [0.3127,0.3127,0.3127,0.3127,0.3127],
		"y_reference": [0.329,0.329,0.329,0.329,0.329],
		"Y_reference": [0.8913,0.2901,0.09441,0.03073,0.01],
		"x_input": [0.3069,0.3086,0.3157,0.3315,0.3372],
		"y_input": [0.3204,0.327,0.318,0.2963,0.2833],
		"Y_input": [0.03789,0.02087,0.009038,0.004167,0.002994],
		"LUV_comment": "L2 is used to differentiate between the L in LAB and L in LUV.",
		"L2_reference": [805.1,262,85.28,27.75,9.033],
		"U_reference": [0.1978,0.1978,0.1978,0.1978,0.1978],
		"V_reference": [0.4683,0.4683,0.4683,0.4683,0.4683],
		"L2_input": [34.22,18.85,8.164,3.764,2.705],
		"U_input": [0.1971,0.1957,0.2042,0.225,0.2356],
		"V_input": [0.4628,0.4666,0.4628,0.4526,0.4453],
		"patch_numbers_for_all_Delta_E_C": [1,2,3,4,5],
		"Delta_E_all": [72.7,44.9,28.7,16.8,7.02],
		"Delta_C_all": [1.57,0.536,1.71,3.04,3.13],
		"Delta_E94_all": [72.7,44.9,28.7,16.8,7.02],
		"Delta_C94_all": [1.57,0.536,1.71,3.04,3.13],
		"Delta_E2000_all": [64.6,38.6,20.5,11.3,5.6],
		"Delta_C2000_all": [1.59,0.636,2.29,4.02,4.12],
		"Delta_L_all": [-72.7,-44.9,-28.7,-16.6,-6.29],
		"Delta_Chroma_all": [1.57,0.536,1.71,3.04,3.13],
		"Delta_Hue_Distance_all": [0,0,0,0,0],
		"Delta_Hue_Degrees_all": [0,0,0,0,0],
		"sat_corr_comment": "sat_corr explained on https://www.imatest.com/docs/colorcheck/#satcorr - not recommended.",
		"Delta_C_all_sat_corr": ["_NaN_","_NaN_","_NaN_","_NaN_","_NaN_"],
		"Delta_C94_all_sat_corr": ["_NaN_","_NaN_","_NaN_","_NaN_","_NaN_"],
		"Delta_C2000_all_sat_corr": ["_NaN_","_NaN_","_NaN_","_NaN_","_NaN_"],
		"grayscale_patch_numbers": [1,2,3,4,5],
		"Delta_E": [72.7,44.9,28.7,16.8,7.02],
		"Delta_C": [1.57,0.536,1.71,3.04,3.13],
		"Delta_E94": [72.7,44.9,28.7,16.8,7.02],
		"Delta_C94": [1.57,0.536,1.71,3.04,3.13],
		"Delta_E2000": [64.6,38.6,20.5,11.3,5.6],
		"Delta_C2000": [1.59,0.636,2.29,4.02,4.12],
		"Delta_L": [-72.7,-44.9,-28.7,-16.6,-6.29],
		"Delta_Chroma": [1.57,0.536,1.71,3.04,3.13],
		"Delta_Hue_Distance": [0,0,0,0,0],
		"Delta_Hue_Degrees": [0,0,0,0,0],
		"mean_Delta_E": [34],
		"mean_Delta_C": [2],
		"mean_Delta_E94": [34],
		"mean_Delta_C94": [2],
		"mean_Delta_E2000": [28.1],
		"mean_Delta_C2000": [2.53],
		"mean_Delta_L": [-33.8],
		"mean_Delta_Chroma": [2],
		"mean_Delta_Hue_Distance": [0],
		"mean_Delta_Hue_Degrees": [0],
		"mean_Delta_C_sat_corr": ["_NaN_"],
		"mean_Delta_C94_sat_corr": ["_NaN_"],
		"mean_Delta_C2000_sat_corr": ["_NaN_"],
		"max_Delta_E": [72.7],
		"max_Delta_C": [3.13],
		"max_Delta_E94": [72.7],
		"max_Delta_C94": [3.13],
		"max_Delta_E2000": [64.6],
		"max_Delta_C2000": [4.12],
		"max_Delta_L": [-6.29],
		"max_Delta_Chroma": [3.13],
		"max_Delta_Hue_Distance": [0],
		"max_Delta_Hue_Degrees": [0],
		"max_Delta_C_sat_corr": ["_NaN_"],
		"max_Delta_C94_sat_corr": ["_NaN_"],
		"max_Delta_C2000_sat_corr": ["_NaN_"],
		"mean_RegionSize": [83660.8],
		"Sequence_dark_to_light": [5,4,3,2,1],
		"Patch_number": [5,4,3,2,1],
		"R_noise": [0.05534,0.05928,0.06813,0.07207,0.06633],
		"G_noise": [0.03542,0.04205,0.04884,0.04253,0.03656],
		"B_noise": [0.0448,0.04971,0.05822,0.05589,0.04786],
		"R_SNR_ratio": [1.094,1.197,1.465,2.114,3.217],
		"G_SNR_ratio": [0.8494,1.075,1.864,3.669,5.86],
		"B_SNR_ratio": [1.089,1.216,1.677,2.822,4.669],
		"R_SNR_dB": [0.7766,1.561,3.317,6.503,10.15],
		"G_SNR_dB": [-1.418,0.6251,5.411,11.29,15.36],
		"B_SNR_dB": [0.7415,1.7,4.49,9.011,13.38],
		"Gb_noise": [0.03003,0.03447,0.03934,0.03516,0.0309],
		"Gb_SNR_ratio": [1.262,1.502,2.374,4.42,6.95],
		"Gb_SNR_dB": [2.022,3.531,7.51,12.91,16.84],
		"Y_f_stop_SNR_ratio": [1.186,1.065,0.8132,0.4969,0.2851],
		"Y_f_stop_SNR_dB": [1.479,0.5504,-1.796,-6.074,-10.9],
		"quality_levels_for_DR": [
				"Low,",
				"Medium,",
				"M-H,",
				"High,"
		],
		"SigNoise_levels_for_DR": [1,0.5,0.25,0.1],
		"Dynamic_Range_f_stops": [1.961,0,0,0],
		"Dynamic_Range_dB": [11.81,0,0,0],
		"noise_ISO15739_pct": [1.274,1.756,3.444,6.061,6.946],
		"snr_ISO15739": [0.2351,0.2374,0.2625,0.3443,0.5454],
		"noise_pct_ISO15739_at_13pct_Lref": [6.432],
		"snr_ISO15739_at_13pct_Lref": [0.4285],
		"snr_dB_ISO15739_at_13pct_Lref": [-7.361],
		"DynamicRange_at_density_2": [309],
		"DynamicRange_total": [0],
		"DynamicRange_from_slope_OD": [1.95],
		"DynamicRange_from_slope_EV": [6.474],
		"DynamicRange_from_slope_dB": [39],
		"SNR_BW_dB_RGBY": [7.087,11.67,9.295,13.32],
		"L_noise": [2.865,3.407,4.296,3.968,3.411],
		"a_noise": [7.524,8.81,11.02,10.8,9.275],
		"b_noise": [6.663,7.941,10.49,10.23,8.65],
		"Total_Lab_noise_unwtd": [10.45,12.34,15.81,15.4,13.13],
		"Total_ab_noise_unwtd": [10.05,11.86,15.22,14.88,12.68],
		"R_minus_Y_KK_noise": [0.04735,0.05251,0.06103,0.06253,0.05656],
		"B_minus_Y_KK_noise": [0.04637,0.05365,0.06538,0.06095,0.05194],
		"Y_Kelly_Keelan_noise": [0.03003,0.03447,0.03934,0.03516,0.0309],
		"Total_KK_noise": [0.04143,0.04702,0.05443,0.05152,0.04566],
		"Chroma_KK_noise": [0.02854,0.03198,0.03762,0.03765,0.03361],
		"Total_old_iso_noise": [0.05177,0.05843,0.06793,0.06582,0.0586],
		"Y_noise_from_YUV": [0.03003,0.03447,0.03934,0.03515,0.0309],
		"U_noise_from_YUV": [0.02179,0.02521,0.03072,0.02864,0.02441],