{
	"jsonResults": {
		"dateRun": "13-May-2025 13:25:26",
		"ini_time_size": "13-May-2025 12:34:36 18833B  MD5 = 6430a69d13571d0b394247d2af9742ab",
		"version": "Imatest 24.2.6 Master Color/Tone Auto",
		"build": "2025-03-20",
		"image_file": "sports ball_55.0 mm_1600ISO_-3EV_Dist2_OFF_Defocus2.tiff",
		"ColorSpace": "sRGB",
		"Reference": "Default values",
		"Ref_folder": "/usr/local/Imatest/v24.2/Master/",
		"Gamma": [0.4165],
		"patches_for_gamma_start_end": [1,5],
		"exposure_error_normalized_y_channel": [-0.261],
		"mean_camera_Saturation_Pct": ["_NaN_"],
		"mean_chroma_level_CPIQ_Pct": ["_NaN_"],
		"CPIQ_chroma_quality_loss_JND": ["_NaN_"],
		"CPIQ_exposure_quality_loss_JND": ["_NaN_"],
		"pixel_offset": [0],
		"mean_patch_size_pxls": [274,303],
		"roi_settings": "Recent ROI settings are in roi, nwid_save, nht_save, fillf, and distort (same names as ini file)",
		"roi": [2988,1286,4702,1660,2988,1662,4702,1278],
		"nwid_save": [6024],
		"nht_save": [4020],
		"fillf": [0.8],
		"distort": [0],
		"grayscale_zone": [1,2,3,4,5],
		"grayscale_minus_log_exposure": [2,1.513,1.025,0.5375,0.05],
		"grayscale_Y_reflectivity": [0.01,0.03073,0.09441,0.2901,0.8913],
		"grayscale_Y_Printer_pixel_gamma22": [33.13,55.18,91.91,153.1,255],
		"grayscale_Y_density": [0.5988,0.7264,0.9295,1.237,1.476],
		"grayscale_R_density": [0.5959,0.729,0.9413,1.214,1.371],
		"grayscale_G_density": [0.6012,0.7265,0.9264,1.244,1.519],
		"grayscale_B_density": [0.5838,0.7181,0.9262,1.232,1.421],
		"grayscale_Y_mean": [64.23,47.88,29.99,14.79,8.524],
		"grayscale_R_mean": [64.67,47.59,29.19,15.58,10.86],
		"grayscale_G_mean": [63.88,47.87,30.21,14.54,7.713],
		"grayscale_B_mean": [66.49,48.81,30.22,14.93,9.682],
		"White_Bal_error_Degrees": [277.5,207.9,216.4,-189.1,-439.8],
		"White_Bal_error_Mired": [-6.298,-4.768,-4.958,4.61,11.17],
		"White_Bal_error_S_HSV": [0.0393,0.02488,0.03412,0.06689,0.2896],
		"White_Bal_error_Delta_C_ab": [1.743,0.6553,0.5084,0.4314,1.191],
		"White_Bal_error_Delta_C_94": [1.743,0.6553,0.5084,0.4314,1.191],
		"White_Bal_error_Delta_C_00": [1.938,0.6556,0.7241,0.6336,1.649],
		"n_Patch": [1,2,3,4,5],
		"n_Row": [1,1,1,1,1],
		"n_Column": [1,2,3,4,5],
		"width_pixels": [275,276,275,275,275],
		"height_pixels": [305,305,305,305,305],
		"Pixels_total": [83875,84180,83875,83875,83875],
		"R_reference": [242.4,146.6,86.6,49.01,25.46],
		"G_reference": [242.4,146.6,86.6,49.01,25.46],
		"B_reference": [242.4,146.6,86.6,49.01,25.46],
		"R_input": [64.67,47.59,29.19,15.58,10.86],
		"G_input": [63.88,47.87,30.21,14.54,7.713],
		"B_input": [66.49,48.81,30.22,14.93,9.682],
		"L_reference": [95.63,60.79,36.82,20.33,8.991],
		"a_reference": [0,0,0,0,0],
		"b_reference": [0,0,0,0,0],
		"L_input": [27.2,19.81,11.26,4.242,2.338],
		"a_input": [0.9236,0.1033,-0.4761,0.4261,1.101],
		"b_input": [-1.479,-0.6471,-0.1783,-0.06731,-0.4543],
		"x_reference": [0.3127,0.3127,0.3127,0.3127,0.3127],
		"y_reference": [0.329,0.329,0.329,0.329,0.329],
		"Y_reference": [0.8913,0.2901,0.09441,0.03073,0.01],
		"x_input": [0.3092,0.3096,0.3089,0.3167,0.3228],
		"y_input": [0.3206,0.3251,0.3289,0.3256,0.3062],
		"Y_input": [0.05165,0.02942,0.01298,0.004696,0.002588],
		"LUV_comment": "L2 is used to differentiate between the L in LAB and L in LUV.",
		"L2_reference": [805.1,262,85.28,27.75,9.033],
		"U_reference": [0.1978,0.1978,0.1978,0.1978,0.1978],
		"V_reference": [0.4683,0.4683,0.4683,0.4683,0.4683],
		"L2_input": [46.65,26.57,11.73,4.242,2.338],
		"U_input": [0.1986,0.1972,0.1952,0.2019,0.2142],
		"V_input": [0.4632,0.4658,0.4677,0.4671,0.4571],
		"patch_numbers_for_all_Delta_E_C": [1,2,3,4,5],
		"Delta_E_all": [68.5,41,25.6,16.1,6.76],
		"Delta_C_all": [1.74,0.655,0.508,0.431,1.19],
		"Delta_E94_all": [68.5,41,25.6,16.1,6.76],
		"Delta_C94_all": [1.74,0.655,0.508,0.431,1.19],
		"Delta_E2000_all": [59.1,36.2,18.5,10.3,4.33],
		"Delta_C2000_all": [1.94,0.656,0.724,0.634,1.65],
		"Delta_L_all": [-68.4,-41,-25.6,-16.1,-6.65],
		"Delta_Chroma_all": [1.74,0.655,0.508,0.431,1.19],
		"Delta_Hue_Distance_all": [0,0,0,0,0],
		"Delta_Hue_Degrees_all": [0,0,0,0,0],
		"sat_corr_comment": "sat_corr explained on https://www.imatest.com/docs/colorcheck/#satcorr - not recommended.",
		"Delta_C_all_sat_corr": ["_NaN_","_NaN_","_NaN_","_NaN_","_NaN_"],
		"Delta_C94_all_sat_corr": ["_NaN_","_NaN_","_NaN_","_NaN_","_NaN_"],
		"Delta_C2000_all_sat_corr": ["_NaN_","_NaN_","_NaN_","_NaN_","_NaN_"],
		"grayscale_patch_numbers": [1,2,3,4,5],
		"Delta_E": [68.5,41,25.6,16.1,6.76],
		"Delta_C": [1.74,0.655,0.508,0.431,1.19],
		"Delta_E94": [68.5,41,25.6,16.1,6.76],
		"Delta_C94": [1.74,0.655,0.508,0.431,1.19],
		"Delta_E2000": [59.1,36.2,18.5,10.3,4.33],
		"Delta_C2000": [1.94,0.656,0.724,0.634,1.65],
		"Delta_L": [-68.4,-41,-25.6,-16.1,-6.65],
		"Delta_Chroma": [1.74,0.655,0.508,0.431,1.19],
		"Delta_Hue_Distance": [0,0,0,0,0],
		"Delta_Hue_Degrees": [0,0,0,0,0],
		"mean_Delta_E": [31.6],
		"mean_Delta_C": [0.906],
		"mean_Delta_E94": [31.6],
		"mean_Delta_C94": [0.906],
		"mean_Delta_E2000": [25.7],
		"mean_Delta_C2000": [1.12],
		"mean_Delta_L": [-31.5],
		"mean_Delta_Chroma": [0.906],
		"mean_Delta_Hue_Distance": [0],
		"mean_Delta_Hue_Degrees": [0],
		"mean_Delta_C_sat_corr": ["_NaN_"],
		"mean_Delta_C94_sat_corr": ["_NaN_"],
		"mean_Delta_C2000_sat_corr": ["_NaN_"],
		"max_Delta_E": [68.5],
		"max_Delta_C": [1.74],
		"max_Delta_E94": [68.5],
		"max_Delta_C94": [1.74],
		"max_Delta_E2000": [59.1],
		"max_Delta_C2000": [1.94],
		"max_Delta_L": [-6.65],
		"max_Delta_Chroma": [1.74],
		"max_Delta_Hue_Distance": [0],
		"max_Delta_Hue_Degrees": [0],
		"max_Delta_C_sat_corr": ["_NaN_"],
		"max_Delta_C94_sat_corr": ["_NaN_"],
		"max_Delta_C2000_sat_corr": ["_NaN_"],
		"mean_RegionSize": [83660.8],
		"Sequence_dark_to_light": [5,4,3,2,1],
		"Patch_number": [5,4,3,2,1],
		"R_noise": [0.03691,0.04263,0.04306,0.03481,0.03071],
		"G_noise": [0.02616,0.02978,0.02455,0.01984,0.01934],
		"B_noise": [0.03131,0.03641,0.03325,0.02597,0.02413],
		"R_SNR_ratio": [1.154,1.433,2.659,5.362,8.258],
		"G_SNR_ratio": [1.156,1.915,4.826,9.463,12.95],
		"B_SNR_ratio": [1.213,1.608,3.564,7.371,10.81],
		"R_SNR_dB": [1.241,3.128,8.493,14.59,18.34],
		"G_SNR_dB": [1.263,5.641,13.67,19.52,22.25],
		"B_SNR_dB": [1.676,4.127,11.04,17.35,20.67],
		"Gb_noise": [0.02237,0.02457,0.02051,0.01667,0.01636],
		"Gb_SNR_ratio": [1.494,2.36,5.736,11.26,15.4],
		"Gb_SNR_dB": [3.49,7.458,15.17,21.03,23.75],
		"Y_f_stop_SNR_ratio": [2.421,2.487,1.953,1.058,0.6782],
		"Y_f_stop_SNR_dB": [7.681,7.913,5.815,0.4882,-3.373],
		"quality_levels_for_DR": [
				"Low,",
				"Medium,",
				"M-H,",
				"High,"
		],
		"SigNoise_levels_for_DR": [1,0.5,0.25,0.1],
		"Dynamic_Range_f_stops": [5.026,3.063,0,0],
		"Dynamic_Range_dB": [30.25,18.44,0,0],
		"noise_ISO15739_pct": [0.5315,0.7494,1.242,2.219,2.977],
		"snr_ISO15739": [0.487,0.6266,1.045,1.325,1.735],
		"noise_pct_ISO15739_at_13pct_Lref": [2.617],
		"snr_ISO15739_at_13pct_Lref": [1.541],
		"snr_dB_ISO15739_at_13pct_Lref": [3.753],
		"DynamicRange_at_density_2": [841.9],
		"DynamicRange_total": [53.52],
		"DynamicRange_from_slope_OD": [1.95],
		"DynamicRange_from_slope_EV": [6.474],
		"DynamicRange_from_slope_dB": [39],
		"SNR_BW_dB_RGBY": [14.92,19.8,17.46,21.31],
		"L_noise": [1.976,2.341,2.454,1.935,1.828],
		"a_noise": [4.453,5.887,6.814,5.278,4.599],
		"b_noise": [4.084,5.505,6.334,4.925,4.283],
		"Total_Lab_noise_unwtd": [6.357,8.393,9.622,7.474,6.545],
		"Total_ab_noise_unwtd": [6.042,8.06,9.303,7.219,6.284],
		"R_minus_Y_KK_noise": [0.03112,0.03716,0.03692,0.02975,0.02603],
		"B_minus_Y_KK_noise": [0.03151,0.03941,0.03614,0.02835,0.02576],
		"Y_Kelly_Keelan_noise": [0.02237,0.02457,0.02051,0.01667,0.01636],
		"Total_KK_noise": [0.02929,0.03355,0.03026,0.0244,0.0227],
		"Chroma_KK_noise": [0.01891,0.02285,0.02225,0.01782,0.01573],
		"Total_old_iso_noise": [0.03576,0.04167,0.03876,0.03119,0.02842],
		"Y_noise_from_YUV": [0.02237,0.02457,0.02051,0.01667,0.01636],