{
	"jsonResults": {
		"dateRun": "12-May-2025 19:44:17",
		"ini_time_size": "12-May-2025 19:42:30 10071B  MD5 = 10764df5e83b6914bfbfb2f5c064b1ed",
		"version": "Imatest 24.2.6 Master Color/Tone Auto",
		"build": "2025-03-20",
		"image_file": "car_18.0 mm_6400ISO_0EV_Dist1_OFF_Defocus1.tiff",
		"ColorSpace": "sRGB",
		"Reference": "Default values",
		"Ref_folder": "/usr/local/Imatest/v24.2/Master/",
		"Gamma": [0.396],
		"patches_for_gamma_start_end": [1,5],
		"exposure_error_normalized_y_channel": [-0.0326],
		"mean_camera_Saturation_Pct": ["_NaN_"],
		"mean_chroma_level_CPIQ_Pct": ["_NaN_"],
		"CPIQ_chroma_quality_loss_JND": ["_NaN_"],
		"CPIQ_exposure_quality_loss_JND": ["_NaN_"],
		"pixel_offset": [0],
		"mean_patch_size_pxls": [69,76],
		"roi_settings": "Recent ROI settings are in roi, nwid_save, nht_save, fillf, and distort (same names as ini file)",
		"roi": [3081,1832,3511,1921,3081,1923,3511,1824],
		"nwid_save": [6024],
		"nht_save": [4020],
		"fillf": [0.8],
		"distort": [0],
		"grayscale_zone": [1,2,3,4,5],
		"grayscale_minus_log_exposure": [2,1.513,1.025,0.5375,0.05],
		"grayscale_Y_reflectivity": [0.01,0.03073,0.09441,0.2901,0.8913],
		"grayscale_Y_Printer_pixel_gamma22": [33.13,55.18,91.91,153.1,255],
		"grayscale_Y_density": [0.157,0.2641,0.4249,0.6502,0.9859],
		"grayscale_R_density": [0.1577,0.2667,0.4302,0.6542,0.9754],
		"grayscale_G_density": [0.1583,0.2644,0.4244,0.6504,0.9888],
		"grayscale_B_density": [0.142,0.2539,0.4149,0.637,0.9875],
		"grayscale_Y_mean": [177.6,138.8,95.86,57.06,26.34],
		"grayscale_R_mean": [177.4,138,94.71,56.53,26.98],
		"grayscale_G_mean": [177.1,138.7,95.97,57.04,26.16],
		"grayscale_B_mean": [183.9,142.1,98.1,58.83,26.25],
		"White_Bal_error_Degrees": [387.5,291.7,322.4,347.9,-160.5],
		"White_Bal_error_Mired": [-8.655,-6.608,-7.27,-7.817,3.894],
		"White_Bal_error_S_HSV": [0.03687,0.02909,0.03459,0.03901,0.03043],
		"White_Bal_error_Delta_C_ab": [3.696,1.961,1.392,1.207,0.4255],
		"White_Bal_error_Delta_C_94": [3.696,1.961,1.392,1.207,0.4255],
		"White_Bal_error_Delta_C_00": [3.675,1.927,1.35,1.194,0.6231],
		"n_Patch": [1,2,3,4,5],
		"n_Row": [1,1,1,1,1],
		"n_Column": [1,2,3,4,5],
		"width_pixels": [70,70,70,70,70],
		"height_pixels": [78,78,78,78,78],
		"Pixels_total": [5460,5460,5460,5460,5460],
		"R_reference": [242.4,146.6,86.6,49.01,25.46],
		"G_reference": [242.4,146.6,86.6,49.01,25.46],
		"B_reference": [242.4,146.6,86.6,49.01,25.46],
		"R_input": [177.4,138,94.71,56.53,26.98],
		"G_input": [177.1,138.7,95.97,57.04,26.16],
		"B_input": [183.9,142.1,98.1,58.83,26.25],
		"L_reference": [95.63,60.79,36.82,20.33,8.991],
		"a_reference": [0,0,0,0,0],
		"b_reference": [0,0,0,0,0],
		"L_input": [72.45,57.79,40.67,24,9.438],
		"a_input": [1.382,0.412,-0.04175,0.1994,0.4179],
		"b_input": [-3.428,-1.917,-1.391,-1.19,0.07991],
		"x_reference": [0.3127,0.3127,0.3127,0.3127,0.3127],
		"y_reference": [0.329,0.329,0.329,0.329,0.329],
		"Y_reference": [0.8913,0.2901,0.09441,0.03073,0.01],
		"x_input": [0.3075,0.3085,0.3078,0.3077,0.3158],
		"y_input": [0.32,0.3233,0.3241,0.3226,0.3285],
		"Y_input": [0.4433,0.2575,0.1166,0.041,0.01055],
		"LUV_comment": "L2 is used to differentiate between the L in LAB and L in LUV.",
		"L2_reference": [805.1,262,85.28,27.75,9.033],
		"U_reference": [0.1978,0.1978,0.1978,0.1978,0.1978],
		"V_reference": [0.4683,0.4683,0.4683,0.4683,0.4683],
		"L2_input": [400.4,232.6,105.3,37.04,9.526],
		"U_input": [0.1976,0.197,0.1963,0.1967,0.2002],
		"V_input": [0.4627,0.4646,0.4649,0.4641,0.4685],
		"patch_numbers_for_all_Delta_E_C": [1,2,3,4,5],
		"Delta_E_all": [23.5,3.58,4.1,3.86,0.617],
		"Delta_C_all": [3.7,1.96,1.39,1.21,0.425],
		"Delta_E94_all": [23.5,3.58,4.1,3.86,0.617],
		"Delta_C94_all": [3.7,1.96,1.39,1.21,0.425],
		"Delta_E2000_all": [15.8,3.28,3.6,2.86,0.682],
		"Delta_C2000_all": [3.67,1.93,1.35,1.19,0.623],
		"Delta_L_all": [-23.2,-2.99,3.85,3.67,0.447],
		"Delta_Chroma_all": [3.7,1.96,1.39,1.21,0.425],
		"Delta_Hue_Distance_all": [0,0,0,0,0],
		"Delta_Hue_Degrees_all": [0,0,0,0,0],
		"sat_corr_comment": "sat_corr explained on https://www.imatest.com/docs/colorcheck/#satcorr - not recommended.",
		"Delta_C_all_sat_corr": ["_NaN_","_NaN_","_NaN_","_NaN_","_NaN_"],
		"Delta_C94_all_sat_corr": ["_NaN_","_NaN_","_NaN_","_NaN_","_NaN_"],
		"Delta_C2000_all_sat_corr": ["_NaN_","_NaN_","_NaN_","_NaN_","_NaN_"],
		"grayscale_patch_numbers": [1,2,3,4,5],
		"Delta_E": [23.5,3.58,4.1,3.86,0.617],
		"Delta_C": [3.7,1.96,1.39,1.21,0.425],
		"Delta_E94": [23.5,3.58,4.1,3.86,0.617],
		"Delta_C94": [3.7,1.96,1.39,1.21,0.425],
		"Delta_E2000": [15.8,3.28,3.6,2.86,0.682],
		"Delta_C2000": [3.67,1.93,1.35,1.19,0.623],
		"Delta_L": [-23.2,-2.99,3.85,3.67,0.447],
		"Delta_Chroma": [3.7,1.96,1.39,1.21,0.425],
		"Delta_Hue_Distance": [0,0,0,0,0],
		"Delta_Hue_Degrees": [0,0,0,0,0],
		"mean_Delta_E": [7.13],
		"mean_Delta_C": [1.74],
		"mean_Delta_E94": [7.13],
		"mean_Delta_C94": [1.74],
		"mean_Delta_E2000": [5.25],
		"mean_Delta_C2000": [1.75],
		"mean_Delta_L": [-3.64],
		"mean_Delta_Chroma": [1.74],
		"mean_Delta_Hue_Distance": [0],
		"mean_Delta_Hue_Degrees": [0],
		"mean_Delta_C_sat_corr": ["_NaN_"],
		"mean_Delta_C94_sat_corr": ["_NaN_"],
		"mean_Delta_C2000_sat_corr": ["_NaN_"],
		"max_Delta_E": [23.5],
		"max_Delta_C": [3.7],
		"max_Delta_E94": [23.5],
		"max_Delta_C94": [3.7],
		"max_Delta_E2000": [15.8],
		"max_Delta_C2000": [3.67],
		"max_Delta_L": [3.85],
		"max_Delta_Chroma": [3.7],
		"max_Delta_Hue_Distance": [0],
		"max_Delta_Hue_Degrees": [0],
		"max_Delta_C_sat_corr": ["_NaN_"],
		"max_Delta_C94_sat_corr": ["_NaN_"],
		"max_Delta_C2000_sat_corr": ["_NaN_"],
		"mean_RegionSize": [5390],
		"Sequence_dark_to_light": [5,4,3,2,1],
		"Patch_number": [5,4,3,2,1],
		"R_noise": [0.06867,0.06454,0.04757,0.03858,0.0372],
		"G_noise": [0.0494,0.03571,0.02884,0.02597,0.02513],
		"B_noise": [0.05854,0.04754,0.03611,0.03093,0.02851],
		"R_SNR_ratio": [1.541,3.435,7.807,14.03,18.7],
		"G_SNR_ratio": [2.077,6.263,13.05,20.95,27.64],
		"B_SNR_ratio": [1.758,4.853,10.65,18.02,25.29],
		"R_SNR_dB": [3.756,10.72,17.85,22.94,25.44],
		"G_SNR_dB": [6.349,15.94,22.31,26.42,28.83],
		"B_SNR_dB": [4.901,13.72,20.55,25.11,28.06],
		"Gb_noise": [0.04,0.0299,0.02417,0.02179,0.0208],
		"Gb_SNR_ratio": [2.583,7.483,15.55,24.99,33.5],
		"Gb_SNR_dB": [8.243,17.48,23.84,27.95,30.5],
		"Y_f_stop_SNR_ratio": [4.521,4.545,4.095,2.814,1.859],
		"Y_f_stop_SNR_dB": [13.1,13.15,12.25,8.988,5.388],
		"quality_levels_for_DR": [
				"Low,",
				"Medium,",
				"M-H,",
				"High,"
		],
		"SigNoise_levels_for_DR": [1,0.5,0.25,0.1],
		"Dynamic_Range_f_stops": [0,6.143,3.324,0],
		"Dynamic_Range_dB": [0,36.98,20.01,0],
		"noise_ISO15739_pct": [0.4079,0.4288,0.8645,1.919,2.538],
		"snr_ISO15739": [2.585,9.562,13.49,13.41,17.46],
		"noise_pct_ISO15739_at_13pct_Lref": [1.986],
		"snr_ISO15739_at_13pct_Lref": [13.85],
		"snr_dB_ISO15739_at_13pct_Lref": [22.83],
		"DynamicRange_at_density_2": [708.8],
		"DynamicRange_total": [0],
		"DynamicRange_from_slope_OD": [1.95],
		"DynamicRange_from_slope_EV": [6.474],
		"DynamicRange_from_slope_dB": [39],
		"SNR_BW_dB_RGBY": [21.77,25.21,23.69,26.73],
		"L_noise": [4.44,3.297,2.516,2.138,1.95],
		"a_noise": [11.08,9.185,6.599,5.14,4.824],
		"b_noise": [10.64,8.755,6.067,4.905,4.528],
		"Total_Lab_noise_unwtd": [15.99,13.11,9.311,7.42,6.897],
		"Total_ab_noise_unwtd": [15.36,12.69,8.965,7.105,6.616],
		"R_minus_Y_KK_noise": [0.06105,0.05511,0.04086,0.03296,0.03205],
		"B_minus_Y_KK_noise": [0.06582,0.05288,0.03901,0.03361,0.03248],
		"Y_Kelly_Keelan_noise": [0.04,0.0299,0.02417,0.02179,0.0208],
		"Total_KK_noise": [0.05496,0.04458,0.03441,0.02962,0.0285],
		"Chroma_KK_noise": [0.0377,0.03307,0.02449,0.02006,0.01948],
		"Total_old_iso_noise": [0.0684,0.05732,0.04354,0.03675,0.03548],
		"Y_noise_from_YUV": [0.03999,0.0299,0.02417,0.02178,0.0208],
		"U_noise_from_YUV": [0.03093,0.02485,0.01833,0.01579,0.01526],
		"V_noise_from_YUV": [0.04767,0.04304,0.03191,0.02574,0.02503],