{
	"jsonResults": {
		"dateRun": "12-May-2025 19:44:17",
		"ini_time_size": "12-May-2025 19:42:30 10071B  MD5 = 10764df5e83b6914bfbfb2f5c064b1ed",
		"version": "Imatest 24.2.6 Master Color/Tone Auto",
		"build": "2025-03-20",
		"image_file": "car_18.0 mm_100ISO_0EV_Dist1_OFF_Defocus2.tiff",
		"ColorSpace": "sRGB",
		"Reference": "Default values",
		"Ref_folder": "/usr/local/Imatest/v24.2/Master/",
		"Gamma": [0.3333],
		"patches_for_gamma_start_end": [1,5],
		"exposure_error_normalized_y_channel": [-0.0516],
		"mean_camera_Saturation_Pct": ["_NaN_"],
		"mean_chroma_level_CPIQ_Pct": ["_NaN_"],
		"CPIQ_chroma_quality_loss_JND": ["_NaN_"],
		"CPIQ_exposure_quality_loss_JND": ["_NaN_"],
		"pixel_offset": [0],
		"mean_patch_size_pxls": [69,76],
		"roi_settings": "Recent ROI settings are in roi, nwid_save, nht_save, fillf, and distort (same names as ini file)",
		"roi": [3081,1832,3511,1921,3081,1923,3511,1824],
		"nwid_save": [6024],
		"nht_save": [4020],
		"fillf": [0.8],
		"distort": [0],
		"grayscale_zone": [1,2,3,4,5],
		"grayscale_minus_log_exposure": [2,1.513,1.025,0.5375,0.05],
		"grayscale_Y_reflectivity": [0.01,0.03073,0.09441,0.2901,0.8913],
		"grayscale_Y_Printer_pixel_gamma22": [33.13,55.18,91.91,153.1,255],
		"grayscale_Y_density": [0.1696,0.2794,0.4419,0.6602,0.9533],
		"grayscale_R_density": [0.1734,0.2841,0.4454,0.6579,0.9471],
		"grayscale_G_density": [0.1695,0.2784,0.4413,0.6611,0.9551],
		"grayscale_B_density": [0.1591,0.2755,0.4368,0.6575,0.9535],
		"grayscale_Y_mean": [172.6,134,92.18,55.76,28.4],
		"grayscale_R_mean": [171,132.6,91.43,56.06,28.8],
		"grayscale_G_mean": [172.6,134.3,92.3,55.64,28.28],
		"grayscale_B_mean": [176.8,135.2,93.27,56.1,28.38],
		"White_Bal_error_Degrees": [327.6,177.3,175.9,17.47,-84.34],
		"White_Bal_error_Mired": [-7.383,-4.085,-4.053,-0.4124,2.022],
		"White_Bal_error_S_HSV": [0.03246,0.01975,0.01971,0.008264,0.0182],
		"White_Bal_error_Delta_C_ab": [2.361,0.862,0.6967,0.3682,0.2768],
		"White_Bal_error_Delta_C_94": [2.361,0.862,0.6967,0.3682,0.2768],
		"White_Bal_error_Delta_C_00": [2.258,0.991,0.7016,0.4836,0.411],
		"n_Patch": [1,2,3,4,5],
		"n_Row": [1,1,1,1,1],
		"n_Column": [1,2,3,4,5],
		"width_pixels": [70,70,70,70,70],
		"height_pixels": [78,78,78,78,78],
		"Pixels_total": [5460,5460,5460,5460,5460],
		"R_reference": [242.4,146.6,86.6,49.01,25.46],
		"G_reference": [242.4,146.6,86.6,49.01,25.46],
		"B_reference": [242.4,146.6,86.6,49.01,25.46],
		"R_input": [171,132.6,91.43,56.06,28.8],
		"G_input": [172.6,134.3,92.3,55.64,28.28],
		"B_input": [176.8,135.2,93.27,56.1,28.38],
		"L_reference": [95.63,60.79,36.82,20.33,8.991],
		"a_reference": [0,0,0,0,0],
		"b_reference": [0,0,0,0,0],
		"L_input": [70.57,55.94,39.15,23.41,10.47],
		"a_input": [0.2588,-0.4769,-0.135,0.2878,0.2764],
		"b_input": [-2.347,-0.7181,-0.6835,-0.2297,0.01466],
		"x_reference": [0.3127,0.3127,0.3127,0.3127,0.3127],
		"y_reference": [0.329,0.329,0.329,0.329,0.329],
		"Y_reference": [0.8913,0.2901,0.09441,0.03073,0.01],
		"x_input": [0.3079,0.3098,0.31,0.3127,0.3144],
		"y_input": [0.3233,0.3275,0.3267,0.3273,0.3284],
		"Y_input": [0.4156,0.2385,0.1075,0.03923,0.01188],
		"LUV_comment": "L2 is used to differentiate between the L in LAB and L in LUV.",
		"L2_reference": [805.1,262,85.28,27.75,9.033],
		"U_reference": [0.1978,0.1978,0.1978,0.1978,0.1978],
		"V_reference": [0.4683,0.4683,0.4683,0.4683,0.4683],
		"L2_input": [375.4,215.4,97.08,35.43,10.73],
		"U_input": [0.1966,0.1964,0.1968,0.1985,0.1992],
		"V_input": [0.4645,0.4671,0.4667,0.4674,0.4683],
		"patch_numbers_for_all_Delta_E_C": [1,2,3,4,5],
		"Delta_E_all": [25.2,4.93,2.43,3.1,1.5],
		"Delta_C_all": [2.36,0.862,0.697,0.368,0.277],
		"Delta_E94_all": [25.2,4.93,2.43,3.1,1.5],
		"Delta_C94_all": [2.36,0.862,0.697,0.368,0.277],
		"Delta_E2000_all": [17,4.48,2.12,2.23,1.01],
		"Delta_C2000_all": [2.26,0.991,0.702,0.484,0.411],
		"Delta_L_all": [-25.1,-4.85,2.33,3.08,1.47],
		"Delta_Chroma_all": [2.36,0.862,0.697,0.368,0.277],
		"Delta_Hue_Distance_all": [0,0,0,0,0],
		"Delta_Hue_Degrees_all": [0,0,0,0,0],
		"sat_corr_comment": "sat_corr explained on https://www.imatest.com/docs/colorcheck/#satcorr - not recommended.",
		"Delta_C_all_sat_corr": ["_NaN_","_NaN_","_NaN_","_NaN_","_NaN_"],
		"Delta_C94_all_sat_corr": ["_NaN_","_NaN_","_NaN_","_NaN_","_NaN_"],
		"Delta_C2000_all_sat_corr": ["_NaN_","_NaN_","_NaN_","_NaN_","_NaN_"],
		"grayscale_patch_numbers": [1,2,3,4,5],
		"Delta_E": [25.2,4.93,2.43,3.1,1.5],
		"Delta_C": [2.36,0.862,0.697,0.368,0.277],
		"Delta_E94": [25.2,4.93,2.43,3.1,1.5],
		"Delta_C94": [2.36,0.862,0.697,0.368,0.277],
		"Delta_E2000": [17,4.48,2.12,2.23,1.01],
		"Delta_C2000": [2.26,0.991,0.702,0.484,0.411],
		"Delta_L": [-25.1,-4.85,2.33,3.08,1.47],
		"Delta_Chroma": [2.36,0.862,0.697,0.368,0.277],
		"Delta_Hue_Distance": [0,0,0,0,0],
		"Delta_Hue_Degrees": [0,0,0,0,0],
		"mean_Delta_E": [7.43],
		"mean_Delta_C": [0.913],
		"mean_Delta_E94": [7.43],
		"mean_Delta_C94": [0.913],
		"mean_Delta_E2000": [5.36],
		"mean_Delta_C2000": [0.969],
		"mean_Delta_L": [-4.61],
		"mean_Delta_Chroma": [0.913],
		"mean_Delta_Hue_Distance": [0],
		"mean_Delta_Hue_Degrees": [0],
		"mean_Delta_C_sat_corr": ["_NaN_"],
		"mean_Delta_C94_sat_corr": ["_NaN_"],
		"mean_Delta_C2000_sat_corr": ["_NaN_"],
		"max_Delta_E": [25.2],
		"max_Delta_C": [2.36],
		"max_Delta_E94": [25.2],
		"max_Delta_C94": [2.36],
		"max_Delta_E2000": [17],
		"max_Delta_C2000": [2.26],
		"max_Delta_L": [3.08],
		"max_Delta_Chroma": [2.36],
		"max_Delta_Hue_Distance": [0],
		"max_Delta_Hue_Degrees": [0],
		"max_Delta_C_sat_corr": ["_NaN_"],
		"max_Delta_C94_sat_corr": ["_NaN_"],
		"max_Delta_C2000_sat_corr": ["_NaN_"],
		"mean_RegionSize": [5390],
		"Sequence_dark_to_light": [5,4,3,2,1],
		"Patch_number": [5,4,3,2,1],
		"R_noise": [0.01611,0.008216,0.005986,0.006226,0.006489],
		"G_noise": [0.0157,0.007114,0.003913,0.00449,0.004572],
		"B_noise": [0.01305,0.006405,0.004944,0.005159,0.005172],
		"R_SNR_ratio": [7.01,26.76,59.9,83.49,103.4],
		"G_SNR_ratio": [7.063,30.67,92.5,117.3,148],
		"B_SNR_ratio": [8.527,34.35,73.99,102.8,134],
		"R_SNR_dB": [16.91,28.55,35.55,38.43,40.29],
		"G_SNR_dB": [16.98,29.73,39.32,41.39,43.41],
		"B_SNR_dB": [18.62,30.72,37.38,40.24,42.54],
		"Gb_noise": [0.01519,0.006622,0.003406,0.004014,0.004116],
		"Gb_SNR_ratio": [7.333,33.03,106.1,130.9,164.4],
		"Gb_SNR_dB": [17.31,30.38,40.52,42.34,44.32],
		"Y_f_stop_SNR_ratio": [22.68,24.24,27.81,11.66,4.364],
		"Y_f_stop_SNR_dB": [27.11,27.69,28.89,21.34,12.8],
		"quality_levels_for_DR": [
				"Low,",
				"Medium,",
				"M-H,",
				"High,"
		],
		"SigNoise_levels_for_DR": [1,0.5,0.25,0.1],
		"Dynamic_Range_f_stops": [0,0,0,5.019],
		"Dynamic_Range_dB": [0,0,0,30.22],
		"noise_ISO15739_pct": [0.1177,0.07142,0.08871,0.2499,0.351],
		"snr_ISO15739": [10.09,54.93,121.1,95.42,118.4],
		"noise_pct_ISO15739_at_13pct_Lref": [0.2942],
		"snr_ISO15739_at_13pct_Lref": [105.5],
		"snr_dB_ISO15739_at_13pct_Lref": [40.47],
		"DynamicRange_at_density_2": [3623],
		"DynamicRange_total": [0],
		"DynamicRange_from_slope_OD": [1.95],
		"DynamicRange_from_slope_EV": [6.474],
		"DynamicRange_from_slope_dB": [39],
		"SNR_BW_dB_RGBY": [37.33,40.17,38.97,41.15],
		"L_noise": [1.843,0.7553,0.3605,0.3978,0.3891],
		"a_noise": [1.197,0.9574,0.8154,0.7464,0.7285],
		"b_noise": [1.319,1.001,0.8167,0.785,0.7766],
		"Total_Lab_noise_unwtd": [2.563,1.578,1.209,1.154,1.134],
		"Total_ab_noise_unwtd": [1.781,1.385,1.154,1.083,1.065],
		"R_minus_Y_KK_noise": [0.005742,0.00495,0.004869,0.004733,0.004832],
		"B_minus_Y_KK_noise": [0.007093,0.005877,0.005195,0.005332,0.005526],
		"Y_Kelly_Keelan_noise": [0.01519,0.006622,0.003406,0.004014,0.004116],
		"Total_KK_noise": [0.01563,0.007329,0.004538,0.004986,0.005113],
		"Chroma_KK_noise": [0.003692,0.003143,0.002998,0.002959,0.003034],
		"Total_old_iso_noise": [0.01612,0.008066,0.005576,0.005916,0.006064],
		"Y_noise_from_YUV": [0.01519,0.006621,0.003406,0.004014,0.004115],