{
	"jsonResults": {
		"dateRun": "12-May-2025 19:44:17",
		"ini_time_size": "12-May-2025 19:42:30 10071B  MD5 = 10764df5e83b6914bfbfb2f5c064b1ed",
		"version": "Imatest 24.2.6 Master Color/Tone Auto",
		"build": "2025-03-20",
		"image_file": "car_18.0 mm_25600ISO_0EV_Dist1_ON_Defocus2.tiff",
		"ColorSpace": "sRGB",
		"Reference": "Default values",
		"Ref_folder": "/usr/local/Imatest/v24.2/Master/",
		"Gamma": [0.3541],
		"patches_for_gamma_start_end": [1,5],
		"exposure_error_normalized_y_channel": [-0.0432],
		"mean_camera_Saturation_Pct": ["_NaN_"],
		"mean_chroma_level_CPIQ_Pct": ["_NaN_"],
		"CPIQ_chroma_quality_loss_JND": ["_NaN_"],
		"CPIQ_exposure_quality_loss_JND": ["_NaN_"],
		"pixel_offset": [0],
		"mean_patch_size_pxls": [69,76],
		"roi_settings": "Recent ROI settings are in roi, nwid_save, nht_save, fillf, and distort (same names as ini file)",
		"roi": [3081,1832,3511,1921,3081,1923,3511,1824],
		"nwid_save": [6024],
		"nht_save": [4020],
		"fillf": [0.8],
		"distort": [0],
		"grayscale_zone": [1,2,3,4,5],
		"grayscale_minus_log_exposure": [2,1.513,1.025,0.5375,0.05],
		"grayscale_Y_reflectivity": [0.01,0.03073,0.09441,0.2901,0.8913],
		"grayscale_Y_Printer_pixel_gamma22": [33.13,55.18,91.91,153.1,255],
		"grayscale_Y_density": [0.1643,0.2725,0.4452,0.6921,0.9559],
		"grayscale_R_density": [0.1653,0.2774,0.4582,0.6752,0.8659],
		"grayscale_G_density": [0.1669,0.2733,0.4448,0.6981,0.9902],
		"grayscale_B_density": [0.1366,0.2516,0.4123,0.6841,0.9251],
		"grayscale_Y_mean": [174.7,136.1,91.49,51.81,28.22],
		"grayscale_R_mean": [174.3,134.6,88.79,53.88,34.73],
		"grayscale_G_mean": [173.6,135.9,91.57,51.1,26.08],
		"grayscale_B_mean": [186.2,142.9,98.68,52.78,30.3],
		"White_Bal_error_Degrees": [772.9,626.3,1112,-123.2,-1001],
		"White_Bal_error_Mired": [-16.35,-13.52,-22.48,2.973,28.01],
		"White_Bal_error_S_HSV": [0.0674,0.05778,0.1002,0.05153,0.249],
		"White_Bal_error_Delta_C_ab": [6.86,3.997,4.482,1.72,5.371],
		"White_Bal_error_Delta_C_94": [6.86,3.997,4.482,1.72,5.371],
		"White_Bal_error_Delta_C_00": [6.401,3.778,4.099,2.352,6.724],
		"n_Patch": [1,2,3,4,5],
		"n_Row": [1,1,1,1,1],
		"n_Column": [1,2,3,4,5],
		"width_pixels": [70,70,70,70,70],
		"height_pixels": [78,78,78,78,78],
		"Pixels_total": [5460,5460,5460,5460,5460],
		"R_reference": [242.4,146.6,86.6,49.01,25.46],
		"G_reference": [242.4,146.6,86.6,49.01,25.46],
		"B_reference": [242.4,146.6,86.6,49.01,25.46],
		"R_input": [174.3,134.6,88.79,53.88,34.73],
		"G_input": [173.6,135.9,91.57,51.1,26.08],
		"B_input": [186.2,142.9,98.68,52.78,30.3],
		"L_reference": [95.63,60.79,36.82,20.33,8.991],
		"a_reference": [0,0,0,0,0],
		"b_reference": [0,0,0,0,0],
		"L_input": [71.36,56.77,38.88,21.62,10.49],
		"a_input": [2.662,0.9286,0.4914,1.602,5.21],
		"b_input": [-6.323,-3.888,-4.455,-0.6264,-1.305],
		"x_reference": [0.3127,0.3127,0.3127,0.3127,0.3127],
		"y_reference": [0.329,0.329,0.329,0.329,0.329],
		"Y_reference": [0.8913,0.2901,0.09441,0.03073,0.01],
		"x_input": [0.3031,0.3042,0.2983,0.3158,0.3322],
		"y_input": [0.3123,0.3173,0.3119,0.3226,0.3057],
		"Y_input": [0.4271,0.2468,0.1059,0.03412,0.0119],
		"LUV_comment": "L2 is used to differentiate between the L in LAB and L in LUV.",
		"L2_reference": [805.1,262,85.28,27.75,9.033],
		"U_reference": [0.1978,0.1978,0.1978,0.1978,0.1978],
		"V_reference": [0.4683,0.4683,0.4683,0.4683,0.4683],
		"L2_input": [385.8,223,95.64,30.82,10.75],
		"U_input": [0.1975,0.1963,0.1941,0.2025,0.2213],
		"V_input": [0.4576,0.4606,0.4567,0.4653,0.4582],
		"patch_numbers_for_all_Delta_E_C": [1,2,3,4,5],
		"Delta_E_all": [25.2,5.67,4.93,2.15,5.57],
		"Delta_C_all": [6.86,4,4.48,1.72,5.37],
		"Delta_E94_all": [25.2,5.67,4.93,2.15,5.57],
		"Delta_C94_all": [6.86,4,4.48,1.72,5.37],
		"Delta_E2000_all": [17.4,5.22,4.46,2.52,6.79],
		"Delta_C2000_all": [6.4,3.78,4.1,2.35,6.72],
		"Delta_L_all": [-24.3,-4.02,2.06,1.29,1.49],
		"Delta_Chroma_all": [6.86,4,4.48,1.72,5.37],
		"Delta_Hue_Distance_all": [0,0,0,0,0],
		"Delta_Hue_Degrees_all": [0,0,0,0,0],
		"sat_corr_comment": "sat_corr explained on https://www.imatest.com/docs/colorcheck/#satcorr - not recommended.",
		"Delta_C_all_sat_corr": ["_NaN_","_NaN_","_NaN_","_NaN_","_NaN_"],
		"Delta_C94_all_sat_corr": ["_NaN_","_NaN_","_NaN_","_NaN_","_NaN_"],
		"Delta_C2000_all_sat_corr": ["_NaN_","_NaN_","_NaN_","_NaN_","_NaN_"],
		"grayscale_patch_numbers": [1,2,3,4,5],
		"Delta_E": [25.2,5.67,4.93,2.15,5.57],
		"Delta_C": [6.86,4,4.48,1.72,5.37],
		"Delta_E94": [25.2,5.67,4.93,2.15,5.57],
		"Delta_C94": [6.86,4,4.48,1.72,5.37],
		"Delta_E2000": [17.4,5.22,4.46,2.52,6.79],
		"Delta_C2000": [6.4,3.78,4.1,2.35,6.72],
		"Delta_L": [-24.3,-4.02,2.06,1.29,1.49],
		"Delta_Chroma": [6.86,4,4.48,1.72,5.37],
		"Delta_Hue_Distance": [0,0,0,0,0],
		"Delta_Hue_Degrees": [0,0,0,0,0],
		"mean_Delta_E": [8.71],
		"mean_Delta_C": [4.49],
		"mean_Delta_E94": [8.71],
		"mean_Delta_C94": [4.49],
		"mean_Delta_E2000": [7.28],
		"mean_Delta_C2000": [4.67],
		"mean_Delta_L": [-4.69],
		"mean_Delta_Chroma": [4.49],
		"mean_Delta_Hue_Distance": [0],
		"mean_Delta_Hue_Degrees": [0],
		"mean_Delta_C_sat_corr": ["_NaN_"],
		"mean_Delta_C94_sat_corr": ["_NaN_"],
		"mean_Delta_C2000_sat_corr": ["_NaN_"],
		"max_Delta_E": [25.2],
		"max_Delta_C": [6.86],
		"max_Delta_E94": [25.2],
		"max_Delta_C94": [6.86],
		"max_Delta_E2000": [17.4],
		"max_Delta_C2000": [6.72],
		"max_Delta_L": [2.06],
		"max_Delta_Chroma": [6.86],
		"max_Delta_Hue_Distance": [0],
		"max_Delta_Hue_Degrees": [0],
		"max_Delta_C_sat_corr": ["_NaN_"],
		"max_Delta_C94_sat_corr": ["_NaN_"],
		"max_Delta_C2000_sat_corr": ["_NaN_"],
		"mean_RegionSize": [5390],
		"Sequence_dark_to_light": [5,4,3,2,1],
		"Patch_number": [5,4,3,2,1],
		"R_noise": [0.1104,0.1256,0.1087,0.07917,0.06719],
		"G_noise": [0.08859,0.09518,0.06309,0.05418,0.04689],
		"B_noise": [0.09624,0.1094,0.07182,0.05918,0.04877],
		"R_SNR_ratio": [1.234,1.682,3.204,6.668,10.17],
		"G_SNR_ratio": [1.155,2.105,5.692,9.838,14.52],
		"B_SNR_ratio": [1.235,1.892,5.388,9.468,14.97],
		"R_SNR_dB": [1.823,4.518,10.11,16.48,20.15],
		"G_SNR_dB": [1.248,6.466,15.1,19.86,23.24],
		"B_SNR_dB": [1.832,5.537,14.63,19.52,23.5],
		"Gb_noise": [0.07022,0.07539,0.05462,0.04491,0.0399],
		"Gb_SNR_ratio": [1.576,2.695,6.569,11.89,17.17],
		"Gb_SNR_dB": [3.952,8.611,16.35,21.5,24.69],
		"Y_f_stop_SNR_ratio": [2.338,2.242,1.869,1.016,0.8134],
		"Y_f_stop_SNR_dB": [7.376,7.013,5.434,0.1378,-1.794],
		"quality_levels_for_DR": [
				"Low,",
				"Medium,",
				"M-H,",
				"High,"
		],
		"SigNoise_levels_for_DR": [1,0.5,0.25,0.1],
		"Dynamic_Range_f_stops": [4.962,2.602,0,0],
		"Dynamic_Range_dB": [29.87,15.67,0,0],
		"noise_ISO15739_pct": [0.6657,0.9674,1.583,3.096,3.846],
		"snr_ISO15739": [1.788,3.527,6.689,7.973,11.11],
		"noise_pct_ISO15739_at_13pct_Lref": [3.33],
		"snr_ISO15739_at_13pct_Lref": [8.949],
		"snr_dB_ISO15739_at_13pct_Lref": [19.04],
		"DynamicRange_at_density_2": [552.1],
		"DynamicRange_total": [0],
		"DynamicRange_from_slope_OD": [1.95],
		"DynamicRange_from_slope_EV": [6.474],
		"DynamicRange_from_slope_dB": [39],
		"SNR_BW_dB_RGBY": [15.69,18.98,18.21,20.61],
		"L_noise": [7.784,7.796,5.49,4.355,3.731],
		"a_noise": [17.53,18.81,13.02,10.44,8.094],
		"b_noise": [17.04,18.99,11.95,9.444,7.695],
		"Total_Lab_noise_unwtd": [25.66,27.84,18.5,14.73,11.77],
		"Total_ab_noise_unwtd": [24.45,26.73,17.67,14.08,11.17],
		"R_minus_Y_KK_noise": [0.1038,0.1159,0.09073,0.06899,0.05612],
		"B_minus_Y_KK_noise": [0.1065,0.1237,0.07785,0.06498,0.05502],
		"Y_Kelly_Keelan_noise": [0.07022,0.07539,0.05462,0.04491,0.0399],
		"Total_KK_noise": [0.09453,0.1038,0.07625,0.06097,0.05232],
		"Chroma_KK_noise": [0.06329,0.07136,0.0532,0.04123,0.03384],
		"Total_old_iso_noise": [0.1168,0.1293,0.09603,0.07576,0.06397],
		"Y_noise_from_YUV": [0.07021,0.07538,0.05462,0.04491,0.0399],
		"U_noise_from_YUV": [0.05006,0.05812,0.03658,0.03053,0.02585],
		"V_noise_from_YUV": [0.08107,0.09048,0.07085,0.05388,0.04382],