{
	"jsonResults": {
		"dateRun": "12-May-2025 20:25:18",
		"ini_time_size": "12-May-2025 20:24:15 19113B  MD5 = f7b12789cb505dfcbef10a517f430881",
		"version": "Imatest 24.2.6 Master Color/Tone Auto",
		"build": "2025-03-20",
		"image_file": "cup_18.0 mm_25600ISO_-1EV_Dist1_ON_Defocus2.tiff",
		"ColorSpace": "sRGB",
		"Reference": "Default values",
		"Ref_folder": "/usr/local/Imatest/v24.2/Master/",
		"Gamma": [0.3594],
		"patches_for_gamma_start_end": [1,5],
		"exposure_error_normalized_y_channel": [-0.166],
		"mean_camera_Saturation_Pct": ["_NaN_"],
		"mean_chroma_level_CPIQ_Pct": ["_NaN_"],
		"CPIQ_chroma_quality_loss_JND": ["_NaN_"],
		"CPIQ_exposure_quality_loss_JND": ["_NaN_"],
		"pixel_offset": [0],
		"mean_patch_size_pxls": [69,76],
		"roi_settings": "Recent ROI settings are in roi, nwid_save, nht_save, fillf, and distort (same names as ini file)",
		"roi": [3090,1813,3520,1902,3090,1904,3520,1805],
		"nwid_save": [6024],
		"nht_save": [4020],
		"fillf": [0.8],
		"distort": [0],
		"grayscale_zone": [1,2,3,4,5],
		"grayscale_minus_log_exposure": [2,1.513,1.025,0.5375,0.05],
		"grayscale_Y_reflectivity": [0.01,0.03073,0.09441,0.2901,0.8913],
		"grayscale_Y_Printer_pixel_gamma22": [33.13,55.18,91.91,153.1,255],
		"grayscale_Y_density": [0.2985,0.4115,0.5867,0.8354,0.9947],
		"grayscale_R_density": [0.3001,0.423,0.6132,0.781,0.8653],
		"grayscale_G_density": [0.302,0.4114,0.5802,0.8601,1.053],
		"grayscale_B_density": [0.2605,0.3801,0.576,0.7721,0.9078],
		"grayscale_Y_mean": [128.2,98.87,66.05,37.25,25.81],
		"grayscale_R_mean": [127.8,96.27,62.14,42.22,34.77],
		"grayscale_G_mean": [127.2,98.89,67.05,35.19,22.57],
		"grayscale_B_mean": [140,106.3,67.69,43.09,31.53],
		"White_Bal_error_Degrees": [1118,1048,657.1,480.1,-787],
		"White_Bal_error_Mired": [-22.58,-21.37,-14.13,-10.58,21.19],
		"White_Bal_error_S_HSV": [0.09124,0.09414,0.08202,0.1834,0.3509],
		"White_Bal_error_Delta_C_ab": [7.387,4.571,2.172,6.531,8.968],
		"White_Bal_error_Delta_C_94": [7.387,4.571,2.172,6.531,8.968],
		"White_Bal_error_Delta_C_00": [6.811,4.185,2.827,7.281,9.905],
		"n_Patch": [1,2,3,4,5],
		"n_Row": [1,1,1,1,1],
		"n_Column": [1,2,3,4,5],
		"width_pixels": [70,70,70,70,70],
		"height_pixels": [78,78,78,78,78],
		"Pixels_total": [5460,5460,5460,5460,5460],
		"R_reference": [242.4,146.6,86.6,49.01,25.46],
		"G_reference": [242.4,146.6,86.6,49.01,25.46],
		"B_reference": [242.4,146.6,86.6,49.01,25.46],
		"R_input": [127.8,96.27,62.14,42.22,34.77],
		"G_input": [127.2,98.89,67.05,35.19,22.57],
		"B_input": [140,106.3,67.69,43.09,31.53],
		"L_reference": [95.63,60.79,36.82,20.33,8.991],
		"a_reference": [0,0,0,0,0],
		"b_reference": [0,0,0,0,0],
		"L_input": [53.7,41.92,28.01,14.87,9.41],
		"a_input": [2.851,0.6007,-1.876,5.154,8.112],
		"b_input": [-6.814,-4.531,-1.094,-4.011,-3.824],
		"x_reference": [0.3127,0.3127,0.3127,0.3127,0.3127],
		"y_reference": [0.329,0.329,0.329,0.329,0.329],
		"Y_reference": [0.8913,0.2901,0.09441,0.03073,0.01],
		"x_input": [0.2997,0.2991,0.3016,0.3115,0.3292],
		"y_input": [0.3065,0.3124,0.3269,0.2925,0.2796],
		"Y_input": [0.217,0.1245,0.05462,0.01885,0.01051],
		"LUV_comment": "L2 is used to differentiate between the L in LAB and L in LUV.",
		"L2_reference": [805.1,262,85.28,27.75,9.033],
		"U_reference": [0.1978,0.1978,0.1978,0.1978,0.1978],
		"V_reference": [0.4683,0.4683,0.4683,0.4683,0.4683],
		"L2_input": [196,112.5,49.34,17.03,9.495],
		"U_input": [0.1972,0.1945,0.1909,0.2117,0.2312],
		"V_input": [0.4538,0.4571,0.4655,0.4472,0.4417],
		"patch_numbers_for_all_Delta_E_C": [1,2,3,4,5],
		"Delta_E_all": [42.6,19.4,9.07,8.51,8.98],
		"Delta_C_all": [7.39,4.57,2.17,6.53,8.97],
		"Delta_E94_all": [42.6,19.4,9.07,8.51,8.98],
		"Delta_C94_all": [7.39,4.57,2.17,6.53,8.97],
		"Delta_E2000_all": [31.5,19.2,7.56,8.16,9.91],
		"Delta_C2000_all": [6.81,4.18,2.83,7.28,9.9],
		"Delta_L_all": [-41.9,-18.9,-8.81,-5.46,0.419],
		"Delta_Chroma_all": [7.39,4.57,2.17,6.53,8.97],
		"Delta_Hue_Distance_all": [0,0,0,0,0],
		"Delta_Hue_Degrees_all": [0,0,0,0,0],
		"sat_corr_comment": "sat_corr explained on https://www.imatest.com/docs/colorcheck/#satcorr - not recommended.",
		"Delta_C_all_sat_corr": ["_NaN_","_NaN_","_NaN_","_NaN_","_NaN_"],
		"Delta_C94_all_sat_corr": ["_NaN_","_NaN_","_NaN_","_NaN_","_NaN_"],
		"Delta_C2000_all_sat_corr": ["_NaN_","_NaN_","_NaN_","_NaN_","_NaN_"],
		"grayscale_patch_numbers": [1,2,3,4,5],
		"Delta_E": [42.6,19.4,9.07,8.51,8.98],
		"Delta_C": [7.39,4.57,2.17,6.53,8.97],
		"Delta_E94": [42.6,19.4,9.07,8.51,8.98],
		"Delta_C94": [7.39,4.57,2.17,6.53,8.97],
		"Delta_E2000": [31.5,19.2,7.56,8.16,9.91],
		"Delta_C2000": [6.81,4.18,2.83,7.28,9.9],
		"Delta_L": [-41.9,-18.9,-8.81,-5.46,0.419],
		"Delta_Chroma": [7.39,4.57,2.17,6.53,8.97],
		"Delta_Hue_Distance": [0,0,0,0,0],
		"Delta_Hue_Degrees": [0,0,0,0,0],
		"mean_Delta_E": [17.7],
		"mean_Delta_C": [5.93],
		"mean_Delta_E94": [17.7],
		"mean_Delta_C94": [5.93],
		"mean_Delta_E2000": [15.3],
		"mean_Delta_C2000": [6.2],
		"mean_Delta_L": [-14.9],
		"mean_Delta_Chroma": [5.93],
		"mean_Delta_Hue_Distance": [0],
		"mean_Delta_Hue_Degrees": [0],
		"mean_Delta_C_sat_corr": ["_NaN_"],
		"mean_Delta_C94_sat_corr": ["_NaN_"],
		"mean_Delta_C2000_sat_corr": ["_NaN_"],
		"max_Delta_E": [42.6],
		"max_Delta_C": [8.97],
		"max_Delta_E94": [42.6],
		"max_Delta_C94": [8.97],
		"max_Delta_E2000": [31.5],
		"max_Delta_C2000": [9.9],
		"max_Delta_L": [0.419],
		"max_Delta_Chroma": [8.97],
		"max_Delta_Hue_Distance": [0],
		"max_Delta_Hue_Degrees": [0],
		"max_Delta_C_sat_corr": ["_NaN_"],
		"max_Delta_C94_sat_corr": ["_NaN_"],
		"max_Delta_C2000_sat_corr": ["_NaN_"],
		"mean_RegionSize": [5390],
		"Sequence_dark_to_light": [5,4,3,2,1],
		"Patch_number": [5,4,3,2,1],
		"R_noise": [0.107,0.1181,0.1262,0.1044,0.08249],
		"G_noise": [0.08293,0.09508,0.08242,0.06347,0.05689],
		"B_noise": [0.09575,0.1057,0.1,0.06984,0.05514],
		"R_SNR_ratio": [1.274,1.403,1.931,3.616,6.074],
		"G_SNR_ratio": [1.067,1.451,3.19,6.11,8.769],
		"B_SNR_ratio": [1.291,1.599,2.654,5.967,9.956],
		"R_SNR_dB": [2.105,2.938,5.714,11.16,15.67],
		"G_SNR_dB": [0.5664,3.236,10.08,15.72,18.86],
		"B_SNR_dB": [2.221,4.075,8.479,15.52,19.96],
		"Gb_noise": [0.06765,0.07503,0.06877,0.05378,0.04753],
		"Gb_SNR_ratio": [1.496,1.947,3.766,7.21,10.58],
		"Gb_SNR_dB": [3.5,5.787,11.52,17.16,20.49],
		"Y_f_stop_SNR_ratio": [1.497,1.4,1.085,0.6493,0.4096],
		"Y_f_stop_SNR_dB": [3.503,2.924,0.7059,-3.752,-7.754],
		"quality_levels_for_DR": [
				"Low,",
				"Medium,",
				"M-H,",
				"High,"
		],
		"SigNoise_levels_for_DR": [1,0.5,0.25,0.1],
		"Dynamic_Range_f_stops": [3.443,0,0,0],
		"Dynamic_Range_dB": [20.73,0,0,0],
		"noise_ISO15739_pct": [0.8061,1.147,2.094,3.653,4.461],
		"snr_ISO15739": [1.304,1.643,2.609,3.408,4.863],
		"noise_pct_ISO15739_at_13pct_Lref": [4.128],
		"snr_ISO15739_at_13pct_Lref": [4.262],
		"snr_dB_ISO15739_at_13pct_Lref": [12.59],
		"DynamicRange_at_density_2": [609.9],
		"DynamicRange_total": [0],
		"DynamicRange_from_slope_OD": [1.95],
		"DynamicRange_from_slope_EV": [6.474],
		"DynamicRange_from_slope_dB": [39],
		"SNR_BW_dB_RGBY": [10.67,15,14.17,16.44],
		"L_noise": [7.458,8.025,7.068,5.339,4.64],
		"a_noise": [16.31,18.78,16.69,12.82,10.64],
		"b_noise": [16.73,18.86,16.52,11.8,9.092],
		"Total_Lab_noise_unwtd": [24.53,27.8,24.52,18.22,14.74],
		"Total_ab_noise_unwtd": [23.37,26.62,23.48,17.42,13.99],
		"R_minus_Y_KK_noise": [0.09601,0.11,0.1092,0.08875,0.07128],
		"B_minus_Y_KK_noise": [0.1039,0.1202,0.107,0.07803,0.06187],
		"Y_Kelly_Keelan_noise": [0.06765,0.07503,0.06877,0.05378,0.04753],
		"Total_KK_noise": [0.08999,0.1014,0.09522,0.075,0.06335],
		"Chroma_KK_noise": [0.05934,0.06818,0.06585,0.05228,0.04189],
		"Total_old_iso_noise": [0.1105,0.1253,0.1192,0.09438,0.07825],
		"Y_noise_from_YUV": [0.06764,0.07502,0.06877,0.05377,0.04753],
		"U_noise_from_YUV": [0.04882,0.05646,0.05028,0.03667,0.02907],
		"V_noise_from_YUV": [0.07498,0.08592,0.0853,0.06931,0.05566],