{
	"jsonResults": {
		"dateRun": "12-May-2025 20:25:18",
		"ini_time_size": "12-May-2025 20:24:15 19113B  MD5 = f7b12789cb505dfcbef10a517f430881",
		"version": "Imatest 24.2.6 Master Color/Tone Auto",
		"build": "2025-03-20",
		"image_file": "cup_18.0 mm_25600ISO_-3EV_Dist1_OFF_Defocus1.tiff",
		"ColorSpace": "sRGB",
		"Reference": "Default values",
		"Ref_folder": "/usr/local/Imatest/v24.2/Master/",
		"Gamma": [0.3646],
		"patches_for_gamma_start_end": [1,5],
		"exposure_error_normalized_y_channel": [-0.262],
		"mean_camera_Saturation_Pct": ["_NaN_"],
		"mean_chroma_level_CPIQ_Pct": ["_NaN_"],
		"CPIQ_chroma_quality_loss_JND": ["_NaN_"],
		"CPIQ_exposure_quality_loss_JND": ["_NaN_"],
		"pixel_offset": [0],
		"mean_patch_size_pxls": [69,76],
		"roi_settings": "Recent ROI settings are in roi, nwid_save, nht_save, fillf, and distort (same names as ini file)",
		"roi": [3090,1813,3520,1902,3090,1904,3520,1805],
		"nwid_save": [6024],
		"nht_save": [4020],
		"fillf": [0.8],
		"distort": [0],
		"grayscale_zone": [1,2,3,4,5],
		"grayscale_minus_log_exposure": [2,1.513,1.025,0.5375,0.05],
		"grayscale_Y_reflectivity": [0.01,0.03073,0.09441,0.2901,0.8913],
		"grayscale_Y_Printer_pixel_gamma22": [33.13,55.18,91.91,153.1,255],
		"grayscale_Y_density": [0.6054,0.7398,0.9176,1.078,1.153],
		"grayscale_R_density": [0.6291,0.7463,0.8414,0.9248,0.964],
		"grayscale_G_density": [0.6023,0.7391,0.9448,1.153,1.249],
		"grayscale_B_density": [0.5703,0.7289,0.9014,0.9596,1.019],
		"grayscale_Y_mean": [63.26,46.42,30.83,21.29,17.94],
		"grayscale_R_mean": [59.91,45.74,36.74,30.32,27.71],
		"grayscale_G_mean": [63.71,46.5,28.96,17.94,14.38],
		"grayscale_B_mean": [68.59,47.6,32,27.99,24.43],
		"White_Bal_error_Degrees": [1298,319.4,-987.1,-556.7,-1171],
		"White_Bal_error_Mired": [-25.62,-7.206,27.55,14.41,33.8],
		"White_Bal_error_S_HSV": [0.1266,0.03914,0.2119,0.4084,0.4809],
		"White_Bal_error_Delta_C_ab": [3.546,0.8304,4.509,9.644,9.058],
		"White_Bal_error_Delta_C_94": [3.546,0.8304,4.509,9.644,9.058],
		"White_Bal_error_Delta_C_00": [3.309,0.819,5.839,10.37,9.961],
		"n_Patch": [1,2,3,4,5],
		"n_Row": [1,1,1,1,1],
		"n_Column": [1,2,3,4,5],
		"width_pixels": [70,70,70,70,70],
		"height_pixels": [78,78,78,78,78],
		"Pixels_total": [5460,5460,5460,5460,5460],
		"R_reference": [242.4,146.6,86.6,49.01,25.46],
		"G_reference": [242.4,146.6,86.6,49.01,25.46],
		"B_reference": [242.4,146.6,86.6,49.01,25.46],
		"R_input": [59.91,45.74,36.74,30.32,27.71],
		"G_input": [63.71,46.5,28.96,17.94,14.38],
		"B_input": [68.59,47.6,32,27.99,24.43],
		"L_reference": [95.63,60.79,36.82,20.33,8.991],
		"a_reference": [0,0,0,0,0],
		"b_reference": [0,0,0,0,0],
		"L_input": [26.78,19.13,11.75,7.183,5.736],
		"a_input": [-0.4114,-0.07264,4.46,8.508,8.15],
		"b_input": [-3.522,-0.8272,-0.6647,-4.54,-3.955],
		"x_reference": [0.3127,0.3127,0.3127,0.3127,0.3127],
		"y_reference": [0.329,0.329,0.329,0.329,0.329],
		"Y_reference": [0.8913,0.2901,0.09441,0.03073,0.01],
		"x_input": [0.2954,0.3078,0.332,0.327,0.3336],
		"y_input": [0.3129,0.3244,0.3129,0.2682,0.264],
		"Y_input": [0.05017,0.02778,0.01369,0.007952,0.00635],
		"LUV_comment": "L2 is used to differentiate between the L in LAB and L in LUV.",
		"L2_reference": [805.1,262,85.28,27.75,9.033],
		"U_reference": [0.1978,0.1978,0.1978,0.1978,0.1978],
		"V_reference": [0.4683,0.4683,0.4683,0.4683,0.4683],
		"L2_input": [45.32,25.1,12.37,7.183,5.736],
		"U_input": [0.1917,0.1962,0.218,0.2351,0.2426],
		"V_input": [0.4568,0.4651,0.4624,0.4338,0.4319],
		"patch_numbers_for_all_Delta_E_C": [1,2,3,4,5],
		"Delta_E_all": [68.9,41.7,25.5,16.3,9.63],
		"Delta_C_all": [3.55,0.83,4.51,9.64,9.06],
		"Delta_E94_all": [68.9,41.7,25.5,16.3,9.63],
		"Delta_C94_all": [3.55,0.83,4.51,9.64,9.06],
		"Delta_E2000_all": [59.6,36.6,19.1,13.4,10.2],
		"Delta_C2000_all": [3.31,0.819,5.84,10.4,9.96],
		"Delta_L_all": [-68.8,-41.7,-25.1,-13.1,-3.26],
		"Delta_Chroma_all": [3.55,0.83,4.51,9.64,9.06],
		"Delta_Hue_Distance_all": [0,0,0,0,0],
		"Delta_Hue_Degrees_all": [0,0,0,0,0],
		"sat_corr_comment": "sat_corr explained on https://www.imatest.com/docs/colorcheck/#satcorr - not recommended.",
		"Delta_C_all_sat_corr": ["_NaN_","_NaN_","_NaN_","_NaN_","_NaN_"],
		"Delta_C94_all_sat_corr": ["_NaN_","_NaN_","_NaN_","_NaN_","_NaN_"],
		"Delta_C2000_all_sat_corr": ["_NaN_","_NaN_","_NaN_","_NaN_","_NaN_"],
		"grayscale_patch_numbers": [1,2,3,4,5],
		"Delta_E": [68.9,41.7,25.5,16.3,9.63],
		"Delta_C": [3.55,0.83,4.51,9.64,9.06],
		"Delta_E94": [68.9,41.7,25.5,16.3,9.63],
		"Delta_C94": [3.55,0.83,4.51,9.64,9.06],
		"Delta_E2000": [59.6,36.6,19.1,13.4,10.2],
		"Delta_C2000": [3.31,0.819,5.84,10.4,9.96],
		"Delta_L": [-68.8,-41.7,-25.1,-13.1,-3.26],
		"Delta_Chroma": [3.55,0.83,4.51,9.64,9.06],
		"Delta_Hue_Distance": [0,0,0,0,0],
		"Delta_Hue_Degrees": [0,0,0,0,0],
		"mean_Delta_E": [32.4],
		"mean_Delta_C": [5.52],
		"mean_Delta_E94": [32.4],
		"mean_Delta_C94": [5.52],
		"mean_Delta_E2000": [27.8],
		"mean_Delta_C2000": [6.06],
		"mean_Delta_L": [-30.4],
		"mean_Delta_Chroma": [5.52],
		"mean_Delta_Hue_Distance": [0],
		"mean_Delta_Hue_Degrees": [0],
		"mean_Delta_C_sat_corr": ["_NaN_"],
		"mean_Delta_C94_sat_corr": ["_NaN_"],
		"mean_Delta_C2000_sat_corr": ["_NaN_"],
		"max_Delta_E": [68.9],
		"max_Delta_C": [9.64],
		"max_Delta_E94": [68.9],
		"max_Delta_C94": [9.64],
		"max_Delta_E2000": [59.6],
		"max_Delta_C2000": [10.4],
		"max_Delta_L": [-3.26],
		"max_Delta_Chroma": [9.64],
		"max_Delta_Hue_Distance": [0],
		"max_Delta_Hue_Degrees": [0],
		"max_Delta_C_sat_corr": ["_NaN_"],
		"max_Delta_C94_sat_corr": ["_NaN_"],
		"max_Delta_C2000_sat_corr": ["_NaN_"],
		"mean_RegionSize": [5390],
		"Sequence_dark_to_light": [5,4,3,2,1],
		"Patch_number": [5,4,3,2,1],
		"R_noise": [0.09414,0.1022,0.1085,0.1199,0.1219],
		"G_noise": [0.0694,0.07755,0.089,0.09101,0.08405],
		"B_noise": [0.0841,0.08915,0.1004,0.1037,0.09451],
		"R_SNR_ratio": [1.154,1.163,1.328,1.496,1.928],
		"G_SNR_ratio": [0.8127,0.907,1.276,2.004,2.973],
		"B_SNR_ratio": [1.139,1.231,1.249,1.8,2.846],
		"R_SNR_dB": [1.245,1.312,2.465,3.5,5.7],
		"G_SNR_dB": [-1.802,-0.8479,2.117,6.037,9.463],
		"B_SNR_dB": [1.13,1.805,1.933,5.104,9.086],
		"Gb_noise": [0.05816,0.0627,0.07257,0.07407,0.07065],
		"Gb_SNR_ratio": [1.209,1.332,1.666,2.458,3.511],
		"Gb_SNR_dB": [1.652,2.489,4.433,7.811,10.91],
		"Y_f_stop_SNR_ratio": [0.5771,0.53,0.4192,0.2489,0.1397],
		"Y_f_stop_SNR_dB": [-4.775,-5.514,-7.552,-12.08,-17.1],
		"quality_levels_for_DR": [
				"Low,",
				"Medium,",
				"M-H,",
				"High,"
		],
		"SigNoise_levels_for_DR": [1,0.5,0.25,0.1],
		"Dynamic_Range_f_stops": [0,0,0,0],
		"Dynamic_Range_dB": [0,0,0,0],
		"noise_ISO15739_pct": [1.877,2.405,4.619,8.663,10.35],
		"snr_ISO15739": [0.3384,0.3307,0.2965,0.3207,0.4846],
		"noise_pct_ISO15739_at_13pct_Lref": [9.907],
		"snr_ISO15739_at_13pct_Lref": [0.4412],
		"snr_dB_ISO15739_at_13pct_Lref": [-7.106],
		"DynamicRange_at_density_2": [306.4],
		"DynamicRange_total": [0],
		"DynamicRange_from_slope_OD": [1.95],
		"DynamicRange_from_slope_EV": [6.474],
		"DynamicRange_from_slope_dB": [39],
		"SNR_BW_dB_RGBY": [2.752,5.145,4.01,6.934],
		"L_noise": [6.439,6.976,7.92,7.907,7.24],
		"a_noise": [13.96,15.92,17.02,17.71,16.11],
		"b_noise": [14.06,15.08,17.65,17.97,16.63],
		"Total_Lab_noise_unwtd": [20.83,23.01,25.76,26.44,24.26],
		"Total_ab_noise_unwtd": [19.81,21.93,24.52,25.23,23.16],
		"R_minus_Y_KK_noise": [0.08173,0.0937,0.09691,0.1072,0.1029],
		"B_minus_Y_KK_noise": [0.08681,0.09371,0.1109,0.1142,0.1074],
		"Y_Kelly_Keelan_noise": [0.05816,0.0627,0.07257,0.07407,0.07065],
		"Total_KK_noise": [0.07688,0.08458,0.0947,0.0992,0.09466],
		"Chroma_KK_noise": [0.05027,0.05677,0.06084,0.06599,0.063],
		"Total_old_iso_noise": [0.09415,0.1047,0.1151,0.1222,0.1167],
		"Y_noise_from_YUV": [0.05816,0.06269,0.07256,0.07406,0.07064],
		"U_noise_from_YUV": [0.04079,0.04403,0.0521,0.05365,0.05045],
		"V_noise_from_YUV": [0.06383,0.07317,0.07568,0.08372,0.08037],