{
	"jsonResults": {
		"dateRun": "12-May-2025 20:25:18",
		"ini_time_size": "12-May-2025 20:24:15 19113B  MD5 = f7b12789cb505dfcbef10a517f430881",
		"version": "Imatest 24.2.6 Master Color/Tone Auto",
		"build": "2025-03-20",
		"image_file": "cup_18.0 mm_25600ISO_+1EV_Dist1_ON_Focused.tiff",
		"ColorSpace": "sRGB",
		"Reference": "Default values",
		"Ref_folder": "/usr/local/Imatest/v24.2/Master/",
		"Gamma": [0.3226],
		"patches_for_gamma_start_end": [1,5],
		"exposure_error_normalized_y_channel": [0.241],
		"mean_camera_Saturation_Pct": ["_NaN_"],
		"mean_chroma_level_CPIQ_Pct": ["_NaN_"],
		"CPIQ_chroma_quality_loss_JND": ["_NaN_"],
		"CPIQ_exposure_quality_loss_JND": ["_NaN_"],
		"pixel_offset": [0],
		"mean_patch_size_pxls": [69,76],
		"roi_settings": "Recent ROI settings are in roi, nwid_save, nht_save, fillf, and distort (same names as ini file)",
		"roi": [3090,1813,3520,1902,3090,1904,3520,1805],
		"nwid_save": [6024],
		"nht_save": [4020],
		"fillf": [0.8],
		"distort": [0],
		"grayscale_zone": [1,2,3,4,5],
		"grayscale_minus_log_exposure": [2,1.513,1.025,0.5375,0.05],
		"grayscale_Y_reflectivity": [0.01,0.03073,0.09441,0.2901,0.8913],
		"grayscale_Y_Printer_pixel_gamma22": [33.13,55.18,91.91,153.1,255],
		"grayscale_Y_density": [0.0178,0.1218,0.279,0.504,0.8164],
		"grayscale_R_density": [0.01946,0.1249,0.2798,0.5286,0.7827],
		"grayscale_G_density": [0.01822,0.1221,0.2802,0.4974,0.8279],
		"grayscale_B_density": [0.008911,0.1098,0.2655,0.4999,0.8066],
		"grayscale_Y_mean": [244.8,192.7,134.1,79.89,38.92],
		"grayscale_R_mean": [243.8,191.3,133.9,75.51,42.06],
		"grayscale_G_mean": [244.5,192.5,133.8,81.12,37.9],
		"grayscale_B_mean": [249.8,198,138.4,80.66,39.8],
		"White_Bal_error_Degrees": [251.1,355.3,341.1,489.6,-364.3],
		"White_Bal_error_Mired": [-5.722,-7.973,-7.671,-10.78,9.134],
		"White_Bal_error_S_HSV": [0.024,0.03413,0.03322,0.06922,0.09897],
		"White_Bal_error_Delta_C_ab": [2.729,2.987,2.638,2.406,2.432],
		"White_Bal_error_Delta_C_94": [2.729,2.987,2.638,2.406,2.432],
		"White_Bal_error_Delta_C_00": [2.673,2.865,2.677,3.3,3.325],
		"n_Patch": [1,2,3,4,5],
		"n_Row": [1,1,1,1,1],
		"n_Column": [1,2,3,4,5],
		"width_pixels": [70,70,70,70,70],
		"height_pixels": [78,78,78,78,78],
		"Pixels_total": [5460,5460,5460,5460,5460],
		"R_reference": [242.4,146.6,86.6,49.01,25.46],
		"G_reference": [242.4,146.6,86.6,49.01,25.46],
		"B_reference": [242.4,146.6,86.6,49.01,25.46],
		"R_input": [243.8,191.3,133.9,75.51,42.06],
		"G_input": [244.5,192.5,133.8,81.12,37.9],
		"B_input": [249.8,198,138.4,80.66,39.8],
		"L_reference": [95.63,60.79,36.82,20.33,8.991],
		"a_reference": [0,0,0,0,0],
		"b_reference": [0,0,0,0,0],
		"L_input": [96.46,77.95,55.98,34,15.62],
		"a_input": [0.7155,0.6046,0.961,-2.352,2.366],
		"b_input": [-2.633,-2.925,-2.457,-0.5095,-0.5641],
		"x_reference": [0.3127,0.3127,0.3127,0.3127,0.3127],
		"y_reference": [0.329,0.329,0.329,0.329,0.329],
		"Y_reference": [0.8913,0.2901,0.09441,0.03073,0.01],
		"x_input": [0.3091,0.3076,0.3081,0.3037,0.3204],
		"y_input": [0.3238,0.3222,0.3211,0.3303,0.3201],
		"Y_input": [0.9111,0.5312,0.2389,0.08008,0.02025],
		"LUV_comment": "L2 is used to differentiate between the L in LAB and L in LUV.",
		"L2_reference": [805.1,262,85.28,27.75,9.033],
		"U_reference": [0.1978,0.1978,0.1978,0.1978,0.1978],
		"V_reference": [0.4683,0.4683,0.4683,0.4683,0.4683],
		"L2_input": [823,479.8,215.8,72.34,18.29],
		"U_input": [0.1973,0.1968,0.1976,0.1912,0.2067],
		"V_input": [0.465,0.4639,0.4634,0.4677,0.4646],
		"patch_numbers_for_all_Delta_E_C": [1,2,3,4,5],
		"Delta_E_all": [2.85,17.4,19.3,13.9,7.06],
		"Delta_C_all": [2.73,2.99,2.64,2.41,2.43],
		"Delta_E94_all": [2.85,17.4,19.3,13.9,7.06],
		"Delta_C94_all": [2.73,2.99,2.64,2.41,2.43],
		"Delta_E2000_all": [2.72,13.7,18.7,10.7,5.39],
		"Delta_C2000_all": [2.67,2.87,2.68,3.3,3.32],
		"Delta_L_all": [0.823,17.2,19.2,13.7,6.63],
		"Delta_Chroma_all": [2.73,2.99,2.64,2.41,2.43],
		"Delta_Hue_Distance_all": [0,0,0,0,0],
		"Delta_Hue_Degrees_all": [0,0,0,0,0],
		"sat_corr_comment": "sat_corr explained on https://www.imatest.com/docs/colorcheck/#satcorr - not recommended.",
		"Delta_C_all_sat_corr": ["_NaN_","_NaN_","_NaN_","_NaN_","_NaN_"],
		"Delta_C94_all_sat_corr": ["_NaN_","_NaN_","_NaN_","_NaN_","_NaN_"],
		"Delta_C2000_all_sat_corr": ["_NaN_","_NaN_","_NaN_","_NaN_","_NaN_"],
		"grayscale_patch_numbers": [1,2,3,4,5],
		"Delta_E": [2.85,17.4,19.3,13.9,7.06],
		"Delta_C": [2.73,2.99,2.64,2.41,2.43],
		"Delta_E94": [2.85,17.4,19.3,13.9,7.06],
		"Delta_C94": [2.73,2.99,2.64,2.41,2.43],
		"Delta_E2000": [2.72,13.7,18.7,10.7,5.39],
		"Delta_C2000": [2.67,2.87,2.68,3.3,3.32],
		"Delta_L": [0.823,17.2,19.2,13.7,6.63],
		"Delta_Chroma": [2.73,2.99,2.64,2.41,2.43],
		"Delta_Hue_Distance": [0,0,0,0,0],
		"Delta_Hue_Degrees": [0,0,0,0,0],
		"mean_Delta_E": [12.1],
		"mean_Delta_C": [2.64],
		"mean_Delta_E94": [12.1],
		"mean_Delta_C94": [2.64],
		"mean_Delta_E2000": [10.3],
		"mean_Delta_C2000": [2.97],
		"mean_Delta_L": [11.5],
		"mean_Delta_Chroma": [2.64],
		"mean_Delta_Hue_Distance": [0],
		"mean_Delta_Hue_Degrees": [0],
		"mean_Delta_C_sat_corr": ["_NaN_"],
		"mean_Delta_C94_sat_corr": ["_NaN_"],
		"mean_Delta_C2000_sat_corr": ["_NaN_"],
		"max_Delta_E": [19.3],
		"max_Delta_C": [2.99],
		"max_Delta_E94": [19.3],
		"max_Delta_C94": [2.99],
		"max_Delta_E2000": [18.7],
		"max_Delta_C2000": [3.32],
		"max_Delta_L": [19.2],
		"max_Delta_Chroma": [2.99],
		"max_Delta_Hue_Distance": [0],
		"max_Delta_Hue_Degrees": [0],
		"max_Delta_C_sat_corr": ["_NaN_"],
		"max_Delta_C94_sat_corr": ["_NaN_"],
		"max_Delta_C2000_sat_corr": ["_NaN_"],
		"mean_RegionSize": [5390],
		"Sequence_dark_to_light": [5,4,3,2,1],
		"Patch_number": [5,4,3,2,1],
		"R_noise": [0.1195,0.1228,0.07768,0.06425,0.04401],
		"G_noise": [0.09588,0.07372,0.05206,0.04727,0.03652],
		"B_noise": [0.1031,0.08738,0.05787,0.05146,0.02811],
		"R_SNR_ratio": [1.381,2.411,6.759,11.67,21.73],
		"G_SNR_ratio": [1.55,4.316,10.08,15.97,26.25],
		"B_SNR_ratio": [1.514,3.62,9.377,15.09,34.86],
		"R_SNR_dB": [2.801,7.645,16.6,21.34,26.74],
		"G_SNR_dB": [3.807,12.7,20.07,24.07,28.38],
		"B_SNR_dB": [3.603,11.17,19.44,23.58,30.85],
		"Gb_noise": [0.0762,0.06226,0.0435,0.03904,0.02981],
		"Gb_SNR_ratio": [2.003,5.033,12.09,19.35,32.19],
		"Gb_SNR_dB": [6.034,14.04,21.65,25.73,30.16],
		"Y_f_stop_SNR_ratio": [4.232,3.431,3.138,1.851,1.302],
		"Y_f_stop_SNR_dB": [12.53,10.71,9.934,5.35,2.293],
		"quality_levels_for_DR": [
				"Low,",
				"Medium,",
				"M-H,",
				"High,"
		],
		"SigNoise_levels_for_DR": [1,0.5,0.25,0.1],
		"Dynamic_Range_f_stops": [0,4.565,0,0],
		"Dynamic_Range_dB": [0,27.48,0,0],
		"noise_ISO15739_pct": [1.48,1.695,2.933,6.531,6.969],
		"snr_ISO15739": [1.368,4.725,8.144,8.133,13.07],
		"noise_pct_ISO15739_at_13pct_Lref": [3.877],
		"snr_ISO15739_at_13pct_Lref": [8.141],
		"snr_dB_ISO15739_at_13pct_Lref": [18.21],
		"DynamicRange_at_density_2": [84.23],
		"DynamicRange_total": [0],
		"DynamicRange_from_slope_OD": [1.95],
		"DynamicRange_from_slope_EV": [6.474],
		"DynamicRange_from_slope_dB": [39],
		"SNR_BW_dB_RGBY": [20.05,22.72,21.98,24.38],
		"L_noise": [8.218,6.259,4.245,3.602,2.627],
		"a_noise": [18.75,15.34,10.08,8.278,5.463],
		"b_noise": [18.42,14.43,9.104,7.849,4.296],
		"Total_Lab_noise_unwtd": [27.54,21.97,14.23,11.96,7.43],
		"Total_ab_noise_unwtd": [26.28,21.06,13.59,11.41,6.95],
		"R_minus_Y_KK_noise": [0.1107,0.1052,0.06739,0.05608,0.04006],
		"B_minus_Y_KK_noise": [0.1171,0.09431,0.06242,0.05722,0.0327],
		"Y_Kelly_Keelan_noise": [0.0762,0.06226,0.0435,0.03904,0.02981],
		"Total_KK_noise": [0.1022,0.08802,0.05918,0.05186,0.03782],
		"Chroma_KK_noise": [0.06804,0.06222,0.04012,0.03414,0.02328],
		"Total_old_iso_noise": [0.1259,0.1113,0.07363,0.06372,0.04568],
		"Y_noise_from_YUV": [0.07619,0.06225,0.0435,0.03904,0.02981],
		"U_noise_from_YUV": [0.05504,0.04431,0.02933,0.02689,0.01536],
		"V_noise_from_YUV": [0.08648,0.08216,0.05262,0.04379,0.03128],