{
	"jsonResults": {
		"dateRun": "12-May-2025 20:25:18",
		"ini_time_size": "12-May-2025 20:24:15 19113B  MD5 = f7b12789cb505dfcbef10a517f430881",
		"version": "Imatest 24.2.6 Master Color/Tone Auto",
		"build": "2025-03-20",
		"image_file": "cup_18.0 mm_1600ISO_0EV_Dist1_OFF_Focused.tiff",
		"ColorSpace": "sRGB",
		"Reference": "Default values",
		"Ref_folder": "/usr/local/Imatest/v24.2/Master/",
		"Gamma": [0.38],
		"patches_for_gamma_start_end": [1,5],
		"exposure_error_normalized_y_channel": [0.0531],
		"mean_camera_Saturation_Pct": ["_NaN_"],
		"mean_chroma_level_CPIQ_Pct": ["_NaN_"],
		"CPIQ_chroma_quality_loss_JND": ["_NaN_"],
		"CPIQ_exposure_quality_loss_JND": ["_NaN_"],
		"pixel_offset": [0],
		"mean_patch_size_pxls": [69,76],
		"roi_settings": "Recent ROI settings are in roi, nwid_save, nht_save, fillf, and distort (same names as ini file)",
		"roi": [3090,1813,3520,1902,3090,1904,3520,1805],
		"nwid_save": [6024],
		"nht_save": [4020],
		"fillf": [0.8],
		"distort": [0],
		"grayscale_zone": [1,2,3,4,5],
		"grayscale_minus_log_exposure": [2,1.513,1.025,0.5375,0.05],
		"grayscale_Y_reflectivity": [0.01,0.03073,0.09441,0.2901,0.8913],
		"grayscale_Y_Printer_pixel_gamma22": [33.13,55.18,91.91,153.1,255],
		"grayscale_Y_density": [0.1019,0.2072,0.3643,0.5776,0.8788],
		"grayscale_R_density": [0.102,0.2091,0.3663,0.5771,0.8914],
		"grayscale_G_density": [0.103,0.2071,0.3644,0.5779,0.8754],
		"grayscale_B_density": [0.09105,0.2029,0.3581,0.5767,0.8757],
		"grayscale_Y_mean": [201.7,158.3,110.2,67.44,33.71],
		"grayscale_R_mean": [201.6,157.6,109.7,67.52,32.75],
		"grayscale_G_mean": [201.1,158.3,110.2,67.4,33.97],
		"grayscale_B_mean": [206.8,159.8,111.8,67.59,33.95],
		"White_Bal_error_Degrees": [269.4,136.1,178.4,13.7,231.4],
		"White_Bal_error_Mired": [-6.123,-3.155,-4.109,-0.3235,-5.289],
		"White_Bal_error_S_HSV": [0.02718,0.01411,0.01877,0.0028,0.03613],
		"White_Bal_error_Delta_C_ab": [2.999,0.8957,0.9758,0.138,0.6021],
		"White_Bal_error_Delta_C_94": [2.999,0.8957,0.9758,0.138,0.6021],
		"White_Bal_error_Delta_C_00": [3.058,0.8788,0.9673,0.1722,0.862],
		"n_Patch": [1,2,3,4,5],
		"n_Row": [1,1,1,1,1],
		"n_Column": [1,2,3,4,5],
		"width_pixels": [70,70,70,70,70],
		"height_pixels": [78,78,78,78,78],
		"Pixels_total": [5460,5460,5460,5460,5460],
		"R_reference": [242.4,146.6,86.6,49.01,25.46],
		"G_reference": [242.4,146.6,86.6,49.01,25.46],
		"B_reference": [242.4,146.6,86.6,49.01,25.46],
		"R_input": [201.6,157.6,109.7,67.52,32.75],
		"G_input": [201.1,158.3,110.2,67.4,33.97],
		"B_input": [206.8,159.8,111.8,67.59,33.95],
		"L_reference": [95.63,60.79,36.82,20.33,8.991],
		"a_reference": [0,0,0,0,0],
		"b_reference": [0,0,0,0,0],
		"L_input": [81.2,65.21,46.52,28.61,13.09],
		"a_input": [1.197,0.03319,0.143,0.09321,-0.5728],
		"b_input": [-2.75,-0.8951,-0.9653,-0.1017,-0.1856],
		"x_reference": [0.3127,0.3127,0.3127,0.3127,0.3127],
		"y_reference": [0.329,0.329,0.329,0.329,0.329],
		"Y_reference": [0.8913,0.2901,0.09441,0.03073,0.01],
		"x_input": [0.309,0.3106,0.3101,0.3126,0.3085],
		"y_input": [0.3224,0.3267,0.3257,0.3284,0.3291],
		"Y_input": [0.5884,0.3431,0.1566,0.05686,0.01577],
		"LUV_comment": "L2 is used to differentiate between the L in LAB and L in LUV.",
		"L2_reference": [805.1,262,85.28,27.75,9.033],
		"U_reference": [0.1978,0.1978,0.1978,0.1978,0.1978],
		"V_reference": [0.4683,0.4683,0.4683,0.4683,0.4683],
		"L2_input": [531.5,309.9,141.4,51.36,14.24],
		"U_input": [0.1978,0.1972,0.1972,0.198,0.1949],
		"V_input": [0.4642,0.4668,0.4662,0.468,0.4678],
		"patch_numbers_for_all_Delta_E_C": [1,2,3,4,5],
		"Delta_E_all": [14.7,4.51,9.75,8.27,4.14],
		"Delta_C_all": [3,0.896,0.976,0.138,0.602],
		"Delta_E94_all": [14.7,4.51,9.75,8.27,4.14],
		"Delta_C94_all": [3,0.896,0.976,0.138,0.602],
		"Delta_E2000_all": [9.67,3.84,8.79,6.01,2.73],
		"Delta_C2000_all": [3.06,0.879,0.967,0.172,0.862],
		"Delta_L_all": [-14.4,4.42,9.7,8.27,4.1],
		"Delta_Chroma_all": [3,0.896,0.976,0.138,0.602],
		"Delta_Hue_Distance_all": [0,0,0,0,0],
		"Delta_Hue_Degrees_all": [0,0,0,0,0],
		"sat_corr_comment": "sat_corr explained on https://www.imatest.com/docs/colorcheck/#satcorr - not recommended.",
		"Delta_C_all_sat_corr": ["_NaN_","_NaN_","_NaN_","_NaN_","_NaN_"],
		"Delta_C94_all_sat_corr": ["_NaN_","_NaN_","_NaN_","_NaN_","_NaN_"],
		"Delta_C2000_all_sat_corr": ["_NaN_","_NaN_","_NaN_","_NaN_","_NaN_"],
		"grayscale_patch_numbers": [1,2,3,4,5],
		"Delta_E": [14.7,4.51,9.75,8.27,4.14],
		"Delta_C": [3,0.896,0.976,0.138,0.602],
		"Delta_E94": [14.7,4.51,9.75,8.27,4.14],
		"Delta_C94": [3,0.896,0.976,0.138,0.602],
		"Delta_E2000": [9.67,3.84,8.79,6.01,2.73],
		"Delta_C2000": [3.06,0.879,0.967,0.172,0.862],
		"Delta_L": [-14.4,4.42,9.7,8.27,4.1],
		"Delta_Chroma": [3,0.896,0.976,0.138,0.602],
		"Delta_Hue_Distance": [0,0,0,0,0],
		"Delta_Hue_Degrees": [0,0,0,0,0],
		"mean_Delta_E": [8.28],
		"mean_Delta_C": [1.12],
		"mean_Delta_E94": [8.28],
		"mean_Delta_C94": [1.12],
		"mean_Delta_E2000": [6.21],
		"mean_Delta_C2000": [1.19],
		"mean_Delta_L": [2.41],
		"mean_Delta_Chroma": [1.12],
		"mean_Delta_Hue_Distance": [0],
		"mean_Delta_Hue_Degrees": [0],
		"mean_Delta_C_sat_corr": ["_NaN_"],
		"mean_Delta_C94_sat_corr": ["_NaN_"],
		"mean_Delta_C2000_sat_corr": ["_NaN_"],
		"max_Delta_E": [14.7],
		"max_Delta_C": [3],
		"max_Delta_E94": [14.7],
		"max_Delta_C94": [3],
		"max_Delta_E2000": [9.67],
		"max_Delta_C2000": [3.06],
		"max_Delta_L": [9.7],
		"max_Delta_Chroma": [3],
		"max_Delta_Hue_Distance": [0],
		"max_Delta_Hue_Degrees": [0],
		"max_Delta_C_sat_corr": ["_NaN_"],
		"max_Delta_C94_sat_corr": ["_NaN_"],
		"max_Delta_C2000_sat_corr": ["_NaN_"],
		"mean_RegionSize": [5390],
		"Sequence_dark_to_light": [5,4,3,2,1],
		"Patch_number": [5,4,3,2,1],
		"R_noise": [0.03823,0.03115,0.02411,0.02302,0.02136],
		"G_noise": [0.02175,0.02286,0.01551,0.01435,0.0145],
		"B_noise": [0.02871,0.02645,0.01961,0.01819,0.01818],
		"R_SNR_ratio": [3.359,8.5,17.84,26.84,37.02],
		"G_SNR_ratio": [6.125,11.56,27.86,43.26,54.4],
		"B_SNR_ratio": [4.637,10.02,22.36,34.46,44.59],
		"R_SNR_dB": [10.53,18.59,25.03,28.58,31.37],
		"G_SNR_dB": [15.74,21.26,28.9,32.72,34.71],
		"B_SNR_dB": [13.32,20.02,26.99,30.75,32.98],
		"Gb_noise": [0.01837,0.01895,0.01282,0.01212,0.01213],
		"Gb_SNR_ratio": [7.196,13.96,33.72,51.2,65.17],
		"Gb_SNR_dB": [17.14,22.9,30.56,34.19,36.28],
		"Y_f_stop_SNR_ratio": [8.659,9.133,8.579,4.888,4.445],
		"Y_f_stop_SNR_dB": [18.75,19.21,18.67,13.78,12.96],
		"quality_levels_for_DR": [
				"Low,",
				"Medium,",
				"M-H,",
				"High,"
		],
		"SigNoise_levels_for_DR": [1,0.5,0.25,0.1],
		"Dynamic_Range_f_stops": [0,0,0,0],
		"Dynamic_Range_dB": [0,0,0,0],
		"noise_ISO15739_pct": [0.2098,0.3037,0.5092,1.179,1.631],
		"snr_ISO15739": [7.515,18.72,30.75,29.1,36.07],
		"noise_pct_ISO15739_at_13pct_Lref": [1.127],
		"snr_ISO15739_at_13pct_Lref": [29.23],
		"snr_dB_ISO15739_at_13pct_Lref": [29.32],
		"DynamicRange_at_density_2": [1141],
		"DynamicRange_total": [0],
		"DynamicRange_from_slope_OD": [1.95],
		"DynamicRange_from_slope_EV": [6.474],
		"DynamicRange_from_slope_dB": [39],
		"SNR_BW_dB_RGBY": [27.18,31.29,29.23,32.75],
		"L_noise": [2.215,2.077,1.313,1.164,1.113],
		"a_noise": [5.934,4.492,3.449,2.976,2.688],
		"b_noise": [5.652,4.323,3.297,2.802,2.703],
		"Total_Lab_noise_unwtd": [8.489,6.571,4.949,4.25,3.971],
		"Total_ab_noise_unwtd": [8.195,6.234,4.771,4.087,3.812],
		"R_minus_Y_KK_noise": [0.03242,0.02759,0.02082,0.01949,0.01823],
		"B_minus_Y_KK_noise": [0.03154,0.02771,0.02168,0.01965,0.01983],
		"Y_Kelly_Keelan_noise": [0.01837,0.01895,0.01282,0.01212,0.01213],
		"Total_KK_noise": [0.0268,0.02528,0.01807,0.01694,0.01657],
		"Chroma_KK_noise": [0.01951,0.01673,0.01274,0.01183,0.01128],
		"Total_old_iso_noise": [0.0342,0.03113,0.02274,0.02126,0.02056],
		"Y_noise_from_YUV": [0.01837,0.01894,0.01282,0.01212,0.01213],
		"U_noise_from_YUV": [0.01482,0.01302,0.01019,0.009233,0.009318],