{
	"jsonResults": {
		"dateRun": "12-May-2025 20:25:18",
		"ini_time_size": "12-May-2025 20:24:15 19113B  MD5 = f7b12789cb505dfcbef10a517f430881",
		"version": "Imatest 24.2.6 Master Color/Tone Auto",
		"build": "2025-03-20",
		"image_file": "cup_18.0 mm_6400ISO_0EV_Dist1_ON_Focused.tiff",
		"ColorSpace": "sRGB",
		"Reference": "Default values",
		"Ref_folder": "/usr/local/Imatest/v24.2/Master/",
		"Gamma": [0.3932],
		"patches_for_gamma_start_end": [1,5],
		"exposure_error_normalized_y_channel": [-0.0176],
		"mean_camera_Saturation_Pct": ["_NaN_"],
		"mean_chroma_level_CPIQ_Pct": ["_NaN_"],
		"CPIQ_chroma_quality_loss_JND": ["_NaN_"],
		"CPIQ_exposure_quality_loss_JND": ["_NaN_"],
		"pixel_offset": [0],
		"mean_patch_size_pxls": [69,76],
		"roi_settings": "Recent ROI settings are in roi, nwid_save, nht_save, fillf, and distort (same names as ini file)",
		"roi": [3090,1813,3520,1902,3090,1904,3520,1805],
		"nwid_save": [6024],
		"nht_save": [4020],
		"fillf": [0.8],
		"distort": [0],
		"grayscale_zone": [1,2,3,4,5],
		"grayscale_minus_log_exposure": [2,1.513,1.025,0.5375,0.05],
		"grayscale_Y_reflectivity": [0.01,0.03073,0.09441,0.2901,0.8913],
		"grayscale_Y_Printer_pixel_gamma22": [33.13,55.18,91.91,153.1,255],
		"grayscale_Y_density": [0.1459,0.2528,0.4127,0.6362,0.9683],
		"grayscale_R_density": [0.1475,0.2559,0.4186,0.645,0.9552],
		"grayscale_G_density": [0.1468,0.2529,0.4121,0.634,0.974],
		"grayscale_B_density": [0.1321,0.243,0.4022,0.6326,0.952],
		"grayscale_Y_mean": [182.2,142.5,98.59,58.93,27.43],
		"grayscale_R_mean": [181.6,141.5,97.26,57.75,28.27],
		"grayscale_G_mean": [181.8,142.4,98.74,59.23,27.08],
		"grayscale_B_mean": [188.1,145.7,101,59.42,28.48],
		"White_Bal_error_Degrees": [374.7,290.6,347,216.2,99.53],
		"White_Bal_error_Mired": [-8.386,-6.583,-7.796,-4.952,-2.32],
		"White_Bal_error_S_HSV": [0.03495,0.02923,0.03709,0.02814,0.04937],
		"White_Bal_error_Delta_C_ab": [3.411,1.892,1.498,0.6766,1.208],
		"White_Bal_error_Delta_C_94": [3.411,1.892,1.498,0.6766,1.208],
		"White_Bal_error_Delta_C_00": [3.351,1.84,1.452,0.9193,1.539],
		"n_Patch": [1,2,3,4,5],
		"n_Row": [1,1,1,1,1],
		"n_Column": [1,2,3,4,5],
		"width_pixels": [70,70,70,70,70],
		"height_pixels": [78,78,78,78,78],
		"Pixels_total": [5460,5460,5460,5460,5460],
		"R_reference": [242.4,146.6,86.6,49.01,25.46],
		"G_reference": [242.4,146.6,86.6,49.01,25.46],
		"B_reference": [242.4,146.6,86.6,49.01,25.46],
		"R_input": [181.6,141.5,97.26,57.75,28.27],
		"G_input": [181.8,142.4,98.74,59.23,27.08],
		"B_input": [188.1,145.7,101,59.42,28.48],
		"L_reference": [95.63,60.79,36.82,20.33,8.991],
		"a_reference": [0,0,0,0,0],
		"b_reference": [0,0,0,0,0],
		"L_input": [74.14,59.2,41.8,24.84,9.986],
		"a_input": [1.094,0.2886,-0.09049,-0.582,0.9297],
		"b_input": [-3.231,-1.87,-1.495,-0.345,-0.7717],
		"x_reference": [0.3127,0.3127,0.3127,0.3127,0.3127],
		"y_reference": [0.329,0.329,0.329,0.329,0.329],
		"Y_reference": [0.8913,0.2901,0.09441,0.03073,0.01],
		"x_input": [0.3076,0.3085,0.3075,0.309,0.3123],
		"y_input": [0.3209,0.3237,0.3238,0.3283,0.3205],
		"Y_input": [0.4692,0.2725,0.1237,0.04364,0.01124],
		"LUV_comment": "L2 is used to differentiate between the L in LAB and L in LUV.",
		"L2_reference": [805.1,262,85.28,27.75,9.033],
		"U_reference": [0.1978,0.1978,0.1978,0.1978,0.1978],
		"V_reference": [0.4683,0.4683,0.4683,0.4683,0.4683],
		"L2_input": [423.8,246.1,111.7,39.42,10.16],
		"U_input": [0.1973,0.1969,0.1961,0.1955,0.2008],
		"V_input": [0.4631,0.4648,0.4648,0.4674,0.4636],
		"patch_numbers_for_all_Delta_E_C": [1,2,3,4,5],
		"Delta_E_all": [21.8,2.47,5.2,4.56,1.57],
		"Delta_C_all": [3.41,1.89,1.5,0.677,1.21],
		"Delta_E94_all": [21.8,2.47,5.2,4.56,1.57],
		"Delta_C94_all": [3.41,1.89,1.5,0.677,1.21],
		"Delta_E2000_all": [14.5,2.31,4.57,3.33,1.66],
		"Delta_C2000_all": [3.35,1.84,1.45,0.919,1.54],
		"Delta_L_all": [-21.5,-1.59,4.98,4.51,0.995],
		"Delta_Chroma_all": [3.41,1.89,1.5,0.677,1.21],
		"Delta_Hue_Distance_all": [0,0,0,0,0],
		"Delta_Hue_Degrees_all": [0,0,0,0,0],
		"sat_corr_comment": "sat_corr explained on https://www.imatest.com/docs/colorcheck/#satcorr - not recommended.",
		"Delta_C_all_sat_corr": ["_NaN_","_NaN_","_NaN_","_NaN_","_NaN_"],
		"Delta_C94_all_sat_corr": ["_NaN_","_NaN_","_NaN_","_NaN_","_NaN_"],
		"Delta_C2000_all_sat_corr": ["_NaN_","_NaN_","_NaN_","_NaN_","_NaN_"],
		"grayscale_patch_numbers": [1,2,3,4,5],
		"Delta_E": [21.8,2.47,5.2,4.56,1.57],
		"Delta_C": [3.41,1.89,1.5,0.677,1.21],
		"Delta_E94": [21.8,2.47,5.2,4.56,1.57],
		"Delta_C94": [3.41,1.89,1.5,0.677,1.21],
		"Delta_E2000": [14.5,2.31,4.57,3.33,1.66],
		"Delta_C2000": [3.35,1.84,1.45,0.919,1.54],
		"Delta_L": [-21.5,-1.59,4.98,4.51,0.995],
		"Delta_Chroma": [3.41,1.89,1.5,0.677,1.21],
		"Delta_Hue_Distance": [0,0,0,0,0],
		"Delta_Hue_Degrees": [0,0,0,0,0],
		"mean_Delta_E": [7.11],
		"mean_Delta_C": [1.74],
		"mean_Delta_E94": [7.11],
		"mean_Delta_C94": [1.74],
		"mean_Delta_E2000": [5.28],
		"mean_Delta_C2000": [1.82],
		"mean_Delta_L": [-2.52],
		"mean_Delta_Chroma": [1.74],
		"mean_Delta_Hue_Distance": [0],
		"mean_Delta_Hue_Degrees": [0],
		"mean_Delta_C_sat_corr": ["_NaN_"],
		"mean_Delta_C94_sat_corr": ["_NaN_"],
		"mean_Delta_C2000_sat_corr": ["_NaN_"],
		"max_Delta_E": [21.8],
		"max_Delta_C": [3.41],
		"max_Delta_E94": [21.8],
		"max_Delta_C94": [3.41],
		"max_Delta_E2000": [14.5],
		"max_Delta_C2000": [3.35],
		"max_Delta_L": [4.98],
		"max_Delta_Chroma": [3.41],
		"max_Delta_Hue_Distance": [0],
		"max_Delta_Hue_Degrees": [0],
		"max_Delta_C_sat_corr": ["_NaN_"],
		"max_Delta_C94_sat_corr": ["_NaN_"],
		"max_Delta_C2000_sat_corr": ["_NaN_"],
		"mean_RegionSize": [5390],
		"Sequence_dark_to_light": [5,4,3,2,1],
		"Patch_number": [5,4,3,2,1],
		"R_noise": [0.07045,0.06295,0.04799,0.04002,0.03701],
		"G_noise": [0.04803,0.03418,0.02895,0.02514,0.02416],
		"B_noise": [0.05829,0.04576,0.03491,0.03162,0.02725],
		"R_SNR_ratio": [1.574,3.598,7.948,13.86,19.24],
		"G_SNR_ratio": [2.211,6.796,13.38,22.21,29.51],
		"B_SNR_ratio": [1.916,5.093,11.35,18.07,27.07],
		"R_SNR_dB": [3.938,11.12,18.01,22.84,25.68],
		"G_SNR_dB": [6.891,16.64,22.53,26.93,29.4],
		"B_SNR_dB": [5.649,14.14,21.1,25.14,28.65],
		"Gb_noise": [0.03867,0.02947,0.02409,0.02119,0.02021],
		"Gb_SNR_ratio": [2.782,7.841,16.05,26.36,35.35],
		"Gb_SNR_dB": [8.887,17.89,24.11,28.42,30.97],
		"Y_f_stop_SNR_ratio": [4.764,4.779,4.199,2.923,1.972],
		"Y_f_stop_SNR_dB": [13.56,13.59,12.46,9.317,5.899],
		"quality_levels_for_DR": [
				"Low,",
				"Medium,",
				"M-H,",
				"High,"
		],
		"SigNoise_levels_for_DR": [1,0.5,0.25,0.1],
		"Dynamic_Range_f_stops": [0,6.409,3.423,0],
		"Dynamic_Range_dB": [0,38.58,20.61,0],
		"noise_ISO15739_pct": [0.3982,0.4269,0.8713,1.888,2.493],
		"snr_ISO15739": [2.823,10.22,14.2,14.43,18.82],
		"noise_pct_ISO15739_at_13pct_Lref": [1.935],
		"snr_ISO15739_at_13pct_Lref": [14.77],
		"snr_dB_ISO15739_at_13pct_Lref": [23.39],
		"DynamicRange_at_density_2": [704.2],
		"DynamicRange_total": [0],
		"DynamicRange_from_slope_OD": [1.95],
		"DynamicRange_from_slope_EV": [6.474],
		"DynamicRange_from_slope_dB": [39],
		"SNR_BW_dB_RGBY": [21.64,25.68,23.69,27.17],
		"L_noise": [4.322,3.251,2.494,2.07,1.887],
		"a_noise": [11.36,8.612,6.667,5.244,4.681],
		"b_noise": [10.48,8.065,5.923,4.948,4.188],
		"Total_Lab_noise_unwtd": [16.05,12.24,9.261,7.501,6.559],
		"Total_ab_noise_unwtd": [15.46,11.8,8.918,7.21,6.282],
		"R_minus_Y_KK_noise": [0.06324,0.05275,0.04145,0.03405,0.03169],
		"B_minus_Y_KK_noise": [0.06421,0.04878,0.03832,0.03407,0.03019],
		"Y_Kelly_Keelan_noise": [0.03867,0.02947,0.02409,0.02119,0.02021],
		"Total_KK_noise": [0.05453,0.04306,0.03448,0.02957,0.02773],
		"Chroma_KK_noise": [0.03846,0.0314,0.02467,0.02063,0.01898],
		"Total_old_iso_noise": [0.06866,0.05505,0.04376,0.0371,0.0346],
		"Y_noise_from_YUV": [0.03866,0.02947,0.02408,0.02119,0.02021],
		"U_noise_from_YUV": [0.03017,0.02292,0.01801,0.01601,0.01418],