{
	"jsonResults": {
		"dateRun": "12-May-2025 20:25:18",
		"ini_time_size": "12-May-2025 20:24:15 19113B  MD5 = f7b12789cb505dfcbef10a517f430881",
		"version": "Imatest 24.2.6 Master Color/Tone Auto",
		"build": "2025-03-20",
		"image_file": "cup_18.0 mm_25600ISO_-3EV_Dist1_ON_Defocus2.tiff",
		"ColorSpace": "sRGB",
		"Reference": "Default values",
		"Ref_folder": "/usr/local/Imatest/v24.2/Master/",
		"Gamma": [0.3476],
		"patches_for_gamma_start_end": [1,5],
		"exposure_error_normalized_y_channel": [-0.263],
		"mean_camera_Saturation_Pct": ["_NaN_"],
		"mean_chroma_level_CPIQ_Pct": ["_NaN_"],
		"CPIQ_chroma_quality_loss_JND": ["_NaN_"],
		"CPIQ_exposure_quality_loss_JND": ["_NaN_"],
		"pixel_offset": [0],
		"mean_patch_size_pxls": [69,76],
		"roi_settings": "Recent ROI settings are in roi, nwid_save, nht_save, fillf, and distort (same names as ini file)",
		"roi": [3090,1813,3520,1902,3090,1904,3520,1805],
		"nwid_save": [6024],
		"nht_save": [4020],
		"fillf": [0.8],
		"distort": [0],
		"grayscale_zone": [1,2,3,4,5],
		"grayscale_minus_log_exposure": [2,1.513,1.025,0.5375,0.05],
		"grayscale_Y_reflectivity": [0.01,0.03073,0.09441,0.2901,0.8913],
		"grayscale_Y_Printer_pixel_gamma22": [33.13,55.18,91.91,153.1,255],
		"grayscale_Y_density": [0.6086,0.7426,0.912,1.063,1.119],
		"grayscale_R_density": [0.6646,0.757,0.8727,0.8769,0.9329],
		"grayscale_G_density": [0.5959,0.7387,0.9272,1.146,1.205],
		"grayscale_B_density": [0.582,0.7386,0.8867,0.9994,1.035],
		"grayscale_Y_mean": [62.8,46.13,31.23,22.08,19.4],
		"grayscale_R_mean": [55.2,44.62,34.19,33.85,29.76],
		"grayscale_G_mean": [64.66,46.54,30.16,18.23,15.91],
		"grayscale_B_mean": [66.76,46.55,33.1,25.54,23.51],
		"White_Bal_error_Degrees": [1516,296.1,-156.3,-2509,-2133],
		"White_Bal_error_Mired": [-29.09,-6.703,3.79,96.69,75.12],
		"White_Bal_error_S_HSV": [0.1732,0.04159,0.1179,0.4615,0.4655],
		"White_Bal_error_Delta_C_ab": [4.234,0.8966,2.941,9.687,8.608],
		"White_Bal_error_Delta_C_94": [4.234,0.8966,2.941,9.687,8.608],
		"White_Bal_error_Delta_C_00": [5.012,1.263,3.806,10.86,9.844],
		"n_Patch": [1,2,3,4,5],
		"n_Row": [1,1,1,1,1],
		"n_Column": [1,2,3,4,5],
		"width_pixels": [70,70,70,70,70],
		"height_pixels": [78,78,78,78,78],
		"Pixels_total": [5460,5460,5460,5460,5460],
		"R_reference": [242.4,146.6,86.6,49.01,25.46],
		"G_reference": [242.4,146.6,86.6,49.01,25.46],
		"B_reference": [242.4,146.6,86.6,49.01,25.46],
		"R_input": [55.2,44.62,34.19,33.85,29.76],
		"G_input": [64.66,46.54,30.16,18.23,15.91],
		"B_input": [66.76,46.55,33.1,25.54,23.51],
		"L_reference": [95.63,60.79,36.82,20.33,8.991],
		"a_reference": [0,0,0,0,0],
		"b_reference": [0,0,0,0,0],
		"L_input": [26.62,19,11.89,7.681,6.361],
		"a_input": [-3.345,-0.8416,2.634,9.507,8.295],
		"b_input": [-2.596,-0.3091,-1.307,-1.861,-2.3],
		"x_reference": [0.3127,0.3127,0.3127,0.3127,0.3127],
		"y_reference": [0.329,0.329,0.329,0.329,0.329],
		"Y_reference": [0.8913,0.2901,0.09441,0.03073,0.01],
		"x_input": [0.2894,0.3074,0.3175,0.3562,0.3483],
		"y_input": [0.3218,0.3289,0.3131,0.2867,0.2812],
		"Y_input": [0.04961,0.02747,0.0139,0.008503,0.007042],
		"LUV_comment": "L2 is used to differentiate between the L in LAB and L in LUV.",
		"L2_reference": [805.1,262,85.28,27.75,9.033],
		"U_reference": [0.1978,0.1978,0.1978,0.1978,0.1978],
		"V_reference": [0.4683,0.4683,0.4683,0.4683,0.4683],
		"L2_input": [44.81,24.81,12.56,7.681,6.361],
		"U_input": [0.1843,0.1942,0.2075,0.2487,0.2454],
		"V_input": [0.461,0.4675,0.4603,0.4505,0.4458],
		"patch_numbers_for_all_Delta_E_C": [1,2,3,4,5],
		"Delta_E_all": [69.1,41.8,25.1,15.9,9],
		"Delta_C_all": [4.23,0.897,2.94,9.69,8.61],
		"Delta_E94_all": [69.1,41.8,25.1,15.9,9],
		"Delta_C94_all": [4.23,0.897,2.94,9.69,8.61],
		"Delta_E2000_all": [60,36.7,18.5,13.6,9.98],
		"Delta_C2000_all": [5.01,1.26,3.81,10.9,9.84],
		"Delta_L_all": [-69,-41.8,-24.9,-12.7,-2.63],
		"Delta_Chroma_all": [4.23,0.897,2.94,9.69,8.61],
		"Delta_Hue_Distance_all": [0,0,0,0,0],
		"Delta_Hue_Degrees_all": [0,0,0,0,0],
		"sat_corr_comment": "sat_corr explained on https://www.imatest.com/docs/colorcheck/#satcorr - not recommended.",
		"Delta_C_all_sat_corr": ["_NaN_","_NaN_","_NaN_","_NaN_","_NaN_"],
		"Delta_C94_all_sat_corr": ["_NaN_","_NaN_","_NaN_","_NaN_","_NaN_"],
		"Delta_C2000_all_sat_corr": ["_NaN_","_NaN_","_NaN_","_NaN_","_NaN_"],
		"grayscale_patch_numbers": [1,2,3,4,5],
		"Delta_E": [69.1,41.8,25.1,15.9,9],
		"Delta_C": [4.23,0.897,2.94,9.69,8.61],
		"Delta_E94": [69.1,41.8,25.1,15.9,9],
		"Delta_C94": [4.23,0.897,2.94,9.69,8.61],
		"Delta_E2000": [60,36.7,18.5,13.6,9.98],
		"Delta_C2000": [5.01,1.26,3.81,10.9,9.84],
		"Delta_L": [-69,-41.8,-24.9,-12.7,-2.63],
		"Delta_Chroma": [4.23,0.897,2.94,9.69,8.61],
		"Delta_Hue_Distance": [0,0,0,0,0],
		"Delta_Hue_Degrees": [0,0,0,0,0],
		"mean_Delta_E": [32.2],
		"mean_Delta_C": [5.27],
		"mean_Delta_E94": [32.2],
		"mean_Delta_C94": [5.27],
		"mean_Delta_E2000": [27.8],
		"mean_Delta_C2000": [6.16],
		"mean_Delta_L": [-30.2],
		"mean_Delta_Chroma": [5.27],
		"mean_Delta_Hue_Distance": [0],
		"mean_Delta_Hue_Degrees": [0],
		"mean_Delta_C_sat_corr": ["_NaN_"],
		"mean_Delta_C94_sat_corr": ["_NaN_"],
		"mean_Delta_C2000_sat_corr": ["_NaN_"],
		"max_Delta_E": [69.1],
		"max_Delta_C": [9.69],
		"max_Delta_E94": [69.1],
		"max_Delta_C94": [9.69],
		"max_Delta_E2000": [60],
		"max_Delta_C2000": [10.9],
		"max_Delta_L": [-2.63],
		"max_Delta_Chroma": [9.69],
		"max_Delta_Hue_Distance": [0],
		"max_Delta_Hue_Degrees": [0],
		"max_Delta_C_sat_corr": ["_NaN_"],
		"max_Delta_C94_sat_corr": ["_NaN_"],
		"max_Delta_C2000_sat_corr": ["_NaN_"],
		"mean_RegionSize": [5390],
		"Sequence_dark_to_light": [5,4,3,2,1],
		"Patch_number": [5,4,3,2,1],
		"R_noise": [0.09777,0.1027,0.1089,0.1237,0.1264],
		"G_noise": [0.07346,0.07814,0.08893,0.09318,0.08224],
		"B_noise": [0.08496,0.08864,0.09794,0.1073,0.09622],
		"R_SNR_ratio": [1.194,1.292,1.231,1.415,1.712],
		"G_SNR_ratio": [0.8491,0.9149,1.33,1.959,3.083],
		"B_SNR_ratio": [1.085,1.13,1.325,1.701,2.721],
		"R_SNR_dB": [1.538,2.227,1.809,3.012,4.673],
		"G_SNR_dB": [-1.421,-0.7722,2.476,5.839,9.78],
		"B_SNR_dB": [0.7096,1.06,2.447,4.616,8.694],
		"Gb_noise": [0.0613,0.06429,0.07194,0.07528,0.06978],
		"Gb_SNR_ratio": [1.241,1.347,1.702,2.403,3.529],
		"Gb_SNR_dB": [1.875,2.585,4.62,7.615,10.95],
		"Y_f_stop_SNR_ratio": [0.5783,0.5077,0.4048,0.2227,0.1058],
		"Y_f_stop_SNR_dB": [-4.757,-5.887,-7.856,-13.05,-19.51],
		"quality_levels_for_DR": [
				"Low,",
				"Medium,",
				"M-H,",
				"High,"
		],
		"SigNoise_levels_for_DR": [1,0.5,0.25,0.1],
		"Dynamic_Range_f_stops": [0,0,0,0],
		"Dynamic_Range_dB": [0,0,0,0],
		"noise_ISO15739_pct": [2.04,2.48,4.4,8.259,9.523],
		"snr_ISO15739": [0.3453,0.3429,0.3159,0.3326,0.521],
		"noise_pct_ISO15739_at_13pct_Lref": [9.291],
		"snr_ISO15739_at_13pct_Lref": [0.4865],
		"snr_dB_ISO15739_at_13pct_Lref": [-6.259],
		"DynamicRange_at_density_2": [310.5],
		"DynamicRange_total": [0],
		"DynamicRange_from_slope_OD": [1.95],
		"DynamicRange_from_slope_EV": [6.474],
		"DynamicRange_from_slope_dB": [39],
		"SNR_BW_dB_RGBY": [2.218,4.679,3.453,6.532],
		"L_noise": [6.797,7.104,7.925,8.059,7.255],
		"a_noise": [14.48,15.39,17.22,18.39,16.2],
		"b_noise": [14.64,15.52,17.27,18.84,16.44],
		"Total_Lab_noise_unwtd": [21.69,22.98,25.64,27.54,24.2],
		"Total_ab_noise_unwtd": [20.59,21.86,24.39,26.33,23.08],
		"R_minus_Y_KK_noise": [0.08454,0.09117,0.0987,0.1108,0.1064],
		"B_minus_Y_KK_noise": [0.09132,0.09596,0.1083,0.121,0.106],
		"Y_Kelly_Keelan_noise": [0.0613,0.06429,0.07194,0.07528,0.06978],
		"Total_KK_noise": [0.08053,0.08522,0.09448,0.1019,0.09496],
		"Chroma_KK_noise": [0.05223,0.05594,0.06124,0.06865,0.0644],
		"Total_old_iso_noise": [0.09832,0.1045,0.1153,0.126,0.118],
		"Y_noise_from_YUV": [0.0613,0.06428,0.07193,0.07527,0.06978],
		"U_noise_from_YUV": [0.04291,0.04509,0.05088,0.05686,0.0498],
		"V_noise_from_YUV": [0.06602,0.0712,0.07708,0.08651,0.08309],