{
	"jsonResults": {
		"dateRun": "12-May-2025 20:25:18",
		"ini_time_size": "12-May-2025 20:24:15 19113B  MD5 = f7b12789cb505dfcbef10a517f430881",
		"version": "Imatest 24.2.6 Master Color/Tone Auto",
		"build": "2025-03-20",
		"image_file": "cup_18.0 mm_25600ISO_-1EV_Dist1_OFF_Focused.tiff",
		"ColorSpace": "sRGB",
		"Reference": "Default values",
		"Ref_folder": "/usr/local/Imatest/v24.2/Master/",
		"Gamma": [0.3895],
		"patches_for_gamma_start_end": [1,5],
		"exposure_error_normalized_y_channel": [-0.162],
		"mean_camera_Saturation_Pct": ["_NaN_"],
		"mean_chroma_level_CPIQ_Pct": ["_NaN_"],
		"CPIQ_chroma_quality_loss_JND": ["_NaN_"],
		"CPIQ_exposure_quality_loss_JND": ["_NaN_"],
		"pixel_offset": [0],
		"mean_patch_size_pxls": [69,76],
		"roi_settings": "Recent ROI settings are in roi, nwid_save, nht_save, fillf, and distort (same names as ini file)",
		"roi": [3090,1813,3520,1902,3090,1904,3520,1805],
		"nwid_save": [6024],
		"nht_save": [4020],
		"fillf": [0.8],
		"distort": [0],
		"grayscale_zone": [1,2,3,4,5],
		"grayscale_minus_log_exposure": [2,1.513,1.025,0.5375,0.05],
		"grayscale_Y_reflectivity": [0.01,0.03073,0.09441,0.2901,0.8913],
		"grayscale_Y_Printer_pixel_gamma22": [33.13,55.18,91.91,153.1,255],
		"grayscale_Y_density": [0.2901,0.4062,0.5961,0.8443,1.075],
		"grayscale_R_density": [0.2886,0.4316,0.6204,0.8047,0.9118],
		"grayscale_G_density": [0.2942,0.4018,0.5934,0.8597,1.155],
		"grayscale_B_density": [0.2555,0.3781,0.5558,0.8174,0.9535],
		"grayscale_Y_mean": [130.7,100.1,64.63,36.49,21.46],
		"grayscale_R_mean": [131.2,94.39,61.12,39.98,31.24],
		"grayscale_G_mean": [129.5,101.1,65.04,35.22,17.86],
		"grayscale_B_mean": [141.6,106.8,70.91,38.83,28.38],
		"White_Bal_error_Degrees": [928.7,1194,1492,-137.9,-792.9],
		"White_Bal_error_Mired": [-19.23,-23.88,-28.71,3.334,21.37],
		"White_Bal_error_S_HSV": [0.08522,0.1159,0.1381,0.1189,0.4283],
		"White_Bal_error_Delta_C_ab": [6.989,4.293,4.13,3.457,10.24],
		"White_Bal_error_Delta_C_94": [6.989,4.293,4.13,3.457,10.24],
		"White_Bal_error_Delta_C_00": [6.634,4.117,3.785,4.39,10.9],
		"n_Patch": [1,2,3,4,5],
		"n_Row": [1,1,1,1,1],
		"n_Column": [1,2,3,4,5],
		"width_pixels": [70,70,70,70,70],
		"height_pixels": [78,78,78,78,78],
		"Pixels_total": [5460,5460,5460,5460,5460],
		"R_reference": [242.4,146.6,86.6,49.01,25.46],
		"G_reference": [242.4,146.6,86.6,49.01,25.46],
		"B_reference": [242.4,146.6,86.6,49.01,25.46],
		"R_input": [131.2,94.39,61.12,39.98,31.24],
		"G_input": [129.5,101.1,65.04,35.22,17.86],
		"B_input": [141.6,106.8,70.91,38.83,28.38],
		"L_reference": [95.63,60.79,36.82,20.33,8.991],
		"a_reference": [0,0,0,0,0],
		"b_reference": [0,0,0,0,0],
		"L_input": [54.68,42.43,27.39,14.46,7.307],
		"a_input": [3.095,-1.314,-0.2104,3.07,9.126],
		"b_input": [-6.267,-4.087,-4.125,-1.59,-4.648],
		"x_reference": [0.3127,0.3127,0.3127,0.3127,0.3127],
		"y_reference": [0.329,0.329,0.329,0.329,0.329],
		"Y_reference": [0.8913,0.2901,0.09441,0.03073,0.01],
		"x_input": [0.3019,0.2959,0.2936,0.3174,0.3296],
		"y_input": [0.3081,0.3162,0.31,0.3116,0.2664],
		"Y_input": [0.2262,0.1278,0.05235,0.01811,0.008089],
		"LUV_comment": "L2 is used to differentiate between the L in LAB and L in LUV.",
		"L2_reference": [805.1,262,85.28,27.75,9.033],
		"U_reference": [0.1978,0.1978,0.1978,0.1978,0.1978],
		"V_reference": [0.4683,0.4683,0.4683,0.4683,0.4683],
		"L2_input": [204.3,115.5,47.29,16.36,7.307],
		"U_input": [0.1982,0.1908,0.1915,0.208,0.2381],
		"V_input": [0.4551,0.4588,0.4549,0.4594,0.433],
		"patch_numbers_for_all_Delta_E_C": [1,2,3,4,5],
		"Delta_E_all": [41.5,18.9,10.3,6.81,10.4],
		"Delta_C_all": [6.99,4.29,4.13,3.46,10.2],
		"Delta_E94_all": [41.5,18.9,10.3,6.81,10.4],
		"Delta_C94_all": [6.99,4.29,4.13,3.46,10.2],
		"Delta_E2000_all": [30.6,18.7,8.38,5.91,10.9],
		"Delta_C2000_all": [6.63,4.12,3.78,4.39,10.9],
		"Delta_L_all": [-41,-18.4,-9.43,-5.87,-1.68],
		"Delta_Chroma_all": [6.99,4.29,4.13,3.46,10.2],
		"Delta_Hue_Distance_all": [0,0,0,0,0],
		"Delta_Hue_Degrees_all": [0,0,0,0,0],
		"sat_corr_comment": "sat_corr explained on https://www.imatest.com/docs/colorcheck/#satcorr - not recommended.",
		"Delta_C_all_sat_corr": ["_NaN_","_NaN_","_NaN_","_NaN_","_NaN_"],
		"Delta_C94_all_sat_corr": ["_NaN_","_NaN_","_NaN_","_NaN_","_NaN_"],
		"Delta_C2000_all_sat_corr": ["_NaN_","_NaN_","_NaN_","_NaN_","_NaN_"],
		"grayscale_patch_numbers": [1,2,3,4,5],
		"Delta_E": [41.5,18.9,10.3,6.81,10.4],
		"Delta_C": [6.99,4.29,4.13,3.46,10.2],
		"Delta_E94": [41.5,18.9,10.3,6.81,10.4],
		"Delta_C94": [6.99,4.29,4.13,3.46,10.2],
		"Delta_E2000": [30.6,18.7,8.38,5.91,10.9],
		"Delta_C2000": [6.63,4.12,3.78,4.39,10.9],
		"Delta_L": [-41,-18.4,-9.43,-5.87,-1.68],
		"Delta_Chroma": [6.99,4.29,4.13,3.46,10.2],
		"Delta_Hue_Distance": [0,0,0,0,0],
		"Delta_Hue_Degrees": [0,0,0,0,0],
		"mean_Delta_E": [17.6],
		"mean_Delta_C": [5.82],
		"mean_Delta_E94": [17.6],
		"mean_Delta_C94": [5.82],
		"mean_Delta_E2000": [14.9],
		"mean_Delta_C2000": [5.96],
		"mean_Delta_L": [-15.3],
		"mean_Delta_Chroma": [5.82],
		"mean_Delta_Hue_Distance": [0],
		"mean_Delta_Hue_Degrees": [0],
		"mean_Delta_C_sat_corr": ["_NaN_"],
		"mean_Delta_C94_sat_corr": ["_NaN_"],
		"mean_Delta_C2000_sat_corr": ["_NaN_"],
		"max_Delta_E": [41.5],
		"max_Delta_C": [10.2],
		"max_Delta_E94": [41.5],
		"max_Delta_C94": [10.2],
		"max_Delta_E2000": [30.6],
		"max_Delta_C2000": [10.9],
		"max_Delta_L": [-1.68],
		"max_Delta_Chroma": [10.2],
		"max_Delta_Hue_Distance": [0],
		"max_Delta_Hue_Degrees": [0],
		"max_Delta_C_sat_corr": ["_NaN_"],
		"max_Delta_C94_sat_corr": ["_NaN_"],
		"max_Delta_C2000_sat_corr": ["_NaN_"],
		"mean_RegionSize": [5390],
		"Sequence_dark_to_light": [5,4,3,2,1],
		"Patch_number": [5,4,3,2,1],
		"R_noise": [0.1012,0.1154,0.1263,0.1052,0.07281],
		"G_noise": [0.07787,0.09221,0.08287,0.06176,0.05326],
		"B_noise": [0.09063,0.1036,0.0934,0.0683,0.05725],
		"R_SNR_ratio": [1.21,1.359,1.898,3.518,7.066],
		"G_SNR_ratio": [0.8994,1.498,3.078,6.419,9.536],
		"B_SNR_ratio": [1.228,1.47,2.977,6.13,9.698],
		"R_SNR_dB": [1.657,2.665,5.567,10.93,16.98],
		"G_SNR_dB": [-0.9213,3.511,9.765,16.15,19.59],
		"B_SNR_dB": [1.786,3.348,9.476,15.75,19.73],
		"Gb_noise": [0.06305,0.07391,0.068,0.05256,0.0438],
		"Gb_SNR_ratio": [1.335,1.936,3.727,7.467,11.71],
		"Gb_SNR_dB": [2.509,5.739,11.43,17.46,21.37],
		"Y_f_stop_SNR_ratio": [1.696,1.523,1.132,0.7071,0.5773],
		"Y_f_stop_SNR_dB": [4.587,3.654,1.077,-3.011,-4.772],
		"quality_levels_for_DR": [
				"Low,",
				"Medium,",
				"M-H,",
				"High,"
		],
		"SigNoise_levels_for_DR": [1,0.5,0.25,0.1],
		"Dynamic_Range_f_stops": [3.595,0,0,0],
		"Dynamic_Range_dB": [21.64,0,0,0],
		"noise_ISO15739_pct": [0.7796,1.203,2.322,4.042,4.615],
		"snr_ISO15739": [1.038,1.506,2.254,3.162,4.901],
		"noise_pct_ISO15739_at_13pct_Lref": [4.292],
		"snr_ISO15739_at_13pct_Lref": [3.92],
		"snr_dB_ISO15739_at_13pct_Lref": [11.87],
		"DynamicRange_at_density_2": [528.1],
		"DynamicRange_total": [0],
		"DynamicRange_from_slope_OD": [1.95],
		"DynamicRange_from_slope_EV": [6.474],
		"DynamicRange_from_slope_dB": [39],
		"SNR_BW_dB_RGBY": [10.91,15.54,14.67,16.94],
		"L_noise": [6.986,8.026,6.897,5.236,4.279],
		"a_noise": [15.78,18.12,16.9,12.86,10.05],
		"b_noise": [15.55,18.14,16.02,11.42,9.423],
		"Total_Lab_noise_unwtd": [23.23,26.86,24.28,17.98,14.43],
		"Total_ab_noise_unwtd": [22.15,25.63,23.28,17.2,13.78],
		"R_minus_Y_KK_noise": [0.09231,0.1057,0.111,0.08893,0.06377],
		"B_minus_Y_KK_noise": [0.09653,0.115,0.1035,0.07577,0.06439],
		"Y_Kelly_Keelan_noise": [0.06305,0.07391,0.068,0.05256,0.0438],
		"Total_KK_noise": [0.08469,0.09869,0.0949,0.07399,0.05846],
		"Chroma_KK_noise": [0.05655,0.0654,0.0662,0.05208,0.03872],
		"Total_old_iso_noise": [0.1045,0.1213,0.1193,0.0935,0.072],
		"Y_noise_from_YUV": [0.06304,0.0739,0.06799,0.05256,0.04379],
		"U_noise_from_YUV": [0.04536,0.05402,0.04861,0.0356,0.03025],
		"V_noise_from_YUV": [0.07209,0.08251,0.08672,0.06945,0.0498],