{
	"jsonResults": {
		"dateRun": "13-May-2025 09:24:59",
		"ini_time_size": "13-May-2025 09:22:25 16231B  MD5 = c82a7ebaf16dd8879e586f8afad2b5c7",
		"version": "Imatest 24.2.6 Master Color/Tone Auto",
		"build": "2025-03-20",
		"image_file": "potted plant_18.0 mm_25600ISO_-3EV_Dist1_OFF_Focused.tiff",
		"ColorSpace": "sRGB",
		"Reference": "Default values",
		"Ref_folder": "/usr/local/Imatest/v24.2/Master/",
		"Gamma": [0.3789],
		"patches_for_gamma_start_end": [1,5],
		"exposure_error_normalized_y_channel": [-0.263],
		"mean_camera_Saturation_Pct": ["_NaN_"],
		"mean_chroma_level_CPIQ_Pct": ["_NaN_"],
		"CPIQ_chroma_quality_loss_JND": ["_NaN_"],
		"CPIQ_exposure_quality_loss_JND": ["_NaN_"],
		"pixel_offset": [0],
		"mean_patch_size_pxls": [69,76],
		"roi_settings": "Recent ROI settings are in roi, nwid_save, nht_save, fillf, and distort (same names as ini file)",
		"roi": [3090,1813,3520,1902,3090,1904,3520,1805],
		"nwid_save": [6024],
		"nht_save": [4020],
		"fillf": [0.8],
		"distort": [0],
		"grayscale_zone": [1,2,3,4,5],
		"grayscale_minus_log_exposure": [2,1.513,1.025,0.5375,0.05],
		"grayscale_Y_reflectivity": [0.01,0.03073,0.09441,0.2901,0.8913],
		"grayscale_Y_Printer_pixel_gamma22": [33.13,55.18,91.91,153.1,255],
		"grayscale_Y_density": [0.611,0.7502,0.9348,1.059,1.157],
		"grayscale_R_density": [0.6579,0.7574,0.8448,0.9311,0.972],
		"grayscale_G_density": [0.6013,0.7507,0.9731,1.112,1.247],
		"grayscale_B_density": [0.5786,0.7244,0.8712,1.004,1.048],
		"grayscale_Y_mean": [62.45,45.33,29.63,22.26,17.75],
		"grayscale_R_mean": [56.06,44.58,36.45,29.88,27.2],
		"grayscale_G_mean": [63.87,45.27,27.13,19.69,14.43],
		"grayscale_B_mean": [67.29,48.1,34.31,25.24,22.85],
		"White_Bal_error_Degrees": [1575,673.8,-366.9,-1309,-1603],
		"White_Bal_error_Mired": [-30,-14.45,9.204,38.8,50.36],
		"White_Bal_error_S_HSV": [0.1669,0.0731,0.2557,0.3412,0.4696],
		"White_Bal_error_Delta_C_ab": [3.968,1.963,6.968,6.69,7.985],
		"White_Bal_error_Delta_C_94": [3.968,1.963,6.968,6.69,7.985],
		"White_Bal_error_Delta_C_00": [4.305,1.922,8.047,8.032,9.147],
		"n_Patch": [1,2,3,4,5],
		"n_Row": [1,1,1,1,1],
		"n_Column": [1,2,3,4,5],
		"width_pixels": [70,70,70,70,70],
		"height_pixels": [78,78,78,78,78],
		"Pixels_total": [5460,5460,5460,5460,5460],
		"R_reference": [242.4,146.6,86.6,49.01,25.46],
		"G_reference": [242.4,146.6,86.6,49.01,25.46],
		"B_reference": [242.4,146.6,86.6,49.01,25.46],
		"R_input": [56.06,44.58,36.45,29.88,27.2],
		"G_input": [63.87,45.27,27.13,19.69,14.43],
		"B_input": [67.29,48.1,34.31,25.24,22.85],
		"L_reference": [95.63,60.79,36.82,20.33,8.991],
		"a_reference": [0,0,0,0,0],
		"b_reference": [0,0,0,0,0],
		"L_input": [26.46,18.63,11.21,7.542,5.625],
		"a_input": [-2.362,0.3828,6.201,6.413,7.431],
		"b_input": [-3.189,-1.925,-3.178,-1.907,-2.92],
		"x_reference": [0.3127,0.3127,0.3127,0.3127,0.3127],
		"y_reference": [0.329,0.329,0.329,0.329,0.329],
		"Y_reference": [0.8913,0.2901,0.09441,0.03073,0.01],
		"x_input": [0.2901,0.3036,0.323,0.3369,0.3394],
		"y_input": [0.3173,0.3169,0.2911,0.2946,0.2733],
		"Y_input": [0.04903,0.0266,0.0129,0.008349,0.006227],
		"LUV_comment": "L2 is used to differentiate between the L in LAB and L in LUV.",
		"L2_reference": [805.1,262,85.28,27.75,9.033],
		"U_reference": [0.1978,0.1978,0.1978,0.1978,0.1978],
		"V_reference": [0.4683,0.4683,0.4683,0.4683,0.4683],
		"L2_input": [44.29,24.03,11.66,7.542,5.625],
		"U_input": [0.1863,0.196,0.2209,0.2299,0.2424],
		"V_input": [0.4586,0.4604,0.4481,0.4523,0.4392],
		"patch_numbers_for_all_Delta_E_C": [1,2,3,4,5],
		"Delta_E_all": [69.3,42.2,26.5,14.4,8.67],
		"Delta_C_all": [3.97,1.96,6.97,6.69,7.98],
		"Delta_E94_all": [69.3,42.2,26.5,14.4,8.67],
		"Delta_C94_all": [3.97,1.96,6.97,6.69,7.98],
		"Delta_E2000_all": [60.1,37,20.2,11.6,9.38],
		"Delta_C2000_all": [4.31,1.92,8.05,8.03,9.15],
		"Delta_L_all": [-69.2,-42.2,-25.6,-12.8,-3.37],
		"Delta_Chroma_all": [3.97,1.96,6.97,6.69,7.98],
		"Delta_Hue_Distance_all": [0,0,0,0,0],
		"Delta_Hue_Degrees_all": [0,0,0,0,0],
		"sat_corr_comment": "sat_corr explained on https://www.imatest.com/docs/colorcheck/#satcorr - not recommended.",
		"Delta_C_all_sat_corr": ["_NaN_","_NaN_","_NaN_","_NaN_","_NaN_"],
		"Delta_C94_all_sat_corr": ["_NaN_","_NaN_","_NaN_","_NaN_","_NaN_"],
		"Delta_C2000_all_sat_corr": ["_NaN_","_NaN_","_NaN_","_NaN_","_NaN_"],
		"grayscale_patch_numbers": [1,2,3,4,5],
		"Delta_E": [69.3,42.2,26.5,14.4,8.67],
		"Delta_C": [3.97,1.96,6.97,6.69,7.98],
		"Delta_E94": [69.3,42.2,26.5,14.4,8.67],
		"Delta_C94": [3.97,1.96,6.97,6.69,7.98],
		"Delta_E2000": [60.1,37,20.2,11.6,9.38],
		"Delta_C2000": [4.31,1.92,8.05,8.03,9.15],
		"Delta_L": [-69.2,-42.2,-25.6,-12.8,-3.37],
		"Delta_Chroma": [3.97,1.96,6.97,6.69,7.98],
		"Delta_Hue_Distance": [0,0,0,0,0],
		"Delta_Hue_Degrees": [0,0,0,0,0],
		"mean_Delta_E": [32.2],
		"mean_Delta_C": [5.51],
		"mean_Delta_E94": [32.2],
		"mean_Delta_C94": [5.51],
		"mean_Delta_E2000": [27.6],
		"mean_Delta_C2000": [6.29],
		"mean_Delta_L": [-30.6],
		"mean_Delta_Chroma": [5.51],
		"mean_Delta_Hue_Distance": [0],
		"mean_Delta_Hue_Degrees": [0],
		"mean_Delta_C_sat_corr": ["_NaN_"],
		"mean_Delta_C94_sat_corr": ["_NaN_"],
		"mean_Delta_C2000_sat_corr": ["_NaN_"],
		"max_Delta_E": [69.3],
		"max_Delta_C": [7.98],
		"max_Delta_E94": [69.3],
		"max_Delta_C94": [7.98],
		"max_Delta_E2000": [60.1],
		"max_Delta_C2000": [9.15],
		"max_Delta_L": [-3.37],
		"max_Delta_Chroma": [7.98],
		"max_Delta_Hue_Distance": [0],
		"max_Delta_Hue_Degrees": [0],
		"max_Delta_C_sat_corr": ["_NaN_"],
		"max_Delta_C94_sat_corr": ["_NaN_"],
		"max_Delta_C2000_sat_corr": ["_NaN_"],
		"mean_RegionSize": [5390],
		"Sequence_dark_to_light": [5,4,3,2,1],
		"Patch_number": [5,4,3,2,1],
		"R_noise": [0.09534,0.09723,0.1097,0.1185,0.1259],
		"G_noise": [0.06992,0.07896,0.08839,0.09365,0.08329],
		"B_noise": [0.08261,0.089,0.09855,0.1072,0.09783],
		"R_SNR_ratio": [1.119,1.205,1.303,1.475,1.746],
		"G_SNR_ratio": [0.8091,0.9778,1.204,1.896,3.007],
		"B_SNR_ratio": [1.085,1.112,1.365,1.759,2.698],
		"R_SNR_dB": [0.975,1.622,2.299,3.374,4.841],
		"G_SNR_dB": [-1.84,-0.1948,1.609,5.556,9.563],
		"B_SNR_dB": [0.7057,0.9248,2.704,4.905,8.62],
		"Gb_noise": [0.05772,0.06489,0.0716,0.07547,0.06949],
		"Gb_SNR_ratio": [1.206,1.345,1.623,2.356,3.524],
		"Gb_SNR_dB": [1.626,2.574,4.205,7.442,10.94],
		"Y_f_stop_SNR_ratio": [0.5967,0.5266,0.3902,0.2216,0.189],
		"Y_f_stop_SNR_dB": [-4.486,-5.57,-8.175,-13.09,-14.47],
		"quality_levels_for_DR": [
				"Low,",
				"Medium,",
				"M-H,",
				"High,"
		],
		"SigNoise_levels_for_DR": [1,0.5,0.25,0.1],
		"Dynamic_Range_f_stops": [0,0,0,0],
		"Dynamic_Range_dB": [0,0,0,0],
		"noise_ISO15739_pct": [1.929,2.673,5.135,9.611,10.76],
		"snr_ISO15739": [0.3228,0.3124,0.2513,0.2768,0.4555],
		"noise_pct_ISO15739_at_13pct_Lref": [10.39],
		"snr_ISO15739_at_13pct_Lref": [0.3972],
		"snr_dB_ISO15739_at_13pct_Lref": [-8.019],
		"DynamicRange_at_density_2": [276.8],
		"DynamicRange_total": [0],
		"DynamicRange_from_slope_OD": [1.95],
		"DynamicRange_from_slope_EV": [6.474],
		"DynamicRange_from_slope_dB": [39],
		"SNR_BW_dB_RGBY": [2.476,4.523,3.347,6.398],
		"L_noise": [6.417,7.123,7.823,7.998,7.222],
		"a_noise": [14.42,15.09,16.84,18.11,16.65],
		"b_noise": [13.93,15.28,17.82,18.89,16.83],
		"Total_Lab_noise_unwtd": [21.05,22.62,25.74,27.36,24.75],
		"Total_ab_noise_unwtd": [20.04,21.47,24.52,26.17,23.67],
		"R_minus_Y_KK_noise": [0.08477,0.08732,0.09932,0.1069,0.1077],
		"B_minus_Y_KK_noise": [0.08612,0.09439,0.1104,0.121,0.1092],
		"Y_Kelly_Keelan_noise": [0.05772,0.06489,0.0716,0.07547,0.06949],
		"Total_KK_noise": [0.07739,0.08439,0.09461,0.1008,0.09547],
		"Chroma_KK_noise": [0.05155,0.05396,0.06185,0.06689,0.06547],
		"Total_old_iso_noise": [0.09549,0.1025,0.1157,0.1239,0.119],
		"Y_noise_from_YUV": [0.05772,0.06488,0.07159,0.07546,0.06948],
		"U_noise_from_YUV": [0.04047,0.04435,0.05188,0.05685,0.05129],
		"V_noise_from_YUV": [0.0662,0.06819,0.07756,0.08345,0.08413],