{
	"jsonResults": {
		"dateRun": "13-May-2025 09:24:59",
		"ini_time_size": "13-May-2025 09:22:25 16231B  MD5 = c82a7ebaf16dd8879e586f8afad2b5c7",
		"version": "Imatest 24.2.6 Master Color/Tone Auto",
		"build": "2025-03-20",
		"image_file": "potted plant_18.0 mm_6400ISO_-3EV_Dist1_ON_Defocus2.tiff",
		"ColorSpace": "sRGB",
		"Reference": "Default values",
		"Ref_folder": "/usr/local/Imatest/v24.2/Master/",
		"Gamma": [0.4256],
		"patches_for_gamma_start_end": [1,5],
		"exposure_error_normalized_y_channel": [-0.257],
		"mean_camera_Saturation_Pct": ["_NaN_"],
		"mean_chroma_level_CPIQ_Pct": ["_NaN_"],
		"CPIQ_chroma_quality_loss_JND": ["_NaN_"],
		"CPIQ_exposure_quality_loss_JND": ["_NaN_"],
		"pixel_offset": [0],
		"mean_patch_size_pxls": [69,76],
		"roi_settings": "Recent ROI settings are in roi, nwid_save, nht_save, fillf, and distort (same names as ini file)",
		"roi": [3090,1813,3520,1902,3090,1904,3520,1805],
		"nwid_save": [6024],
		"nht_save": [4020],
		"fillf": [0.8],
		"distort": [0],
		"grayscale_zone": [1,2,3,4,5],
		"grayscale_minus_log_exposure": [2,1.513,1.025,0.5375,0.05],
		"grayscale_Y_reflectivity": [0.01,0.03073,0.09441,0.2901,0.8913],
		"grayscale_Y_Printer_pixel_gamma22": [33.13,55.18,91.91,153.1,255],
		"grayscale_Y_density": [0.5749,0.6992,0.9066,1.193,1.392],
		"grayscale_R_density": [0.572,0.7018,0.904,1.11,1.197],
		"grayscale_G_density": [0.5773,0.6992,0.9073,1.226,1.488],
		"grayscale_B_density": [0.5609,0.6914,0.9081,1.147,1.277],
		"grayscale_Y_mean": [67.86,50.98,31.62,16.35,10.35],
		"grayscale_R_mean": [68.32,50.67,31.81,19.8,16.22],
		"grayscale_G_mean": [67.5,50.98,31.57,15.15,8.289],
		"grayscale_B_mean": [70.09,51.9,31.51,18.17,13.46],
		"White_Bal_error_Degrees": [258.4,198.7,-56.81,-451.4,-1216],
		"White_Bal_error_Mired": [-5.882,-4.563,1.356,11.48,35.42],
		"White_Bal_error_S_HSV": [0.03705,0.02359,0.009234,0.2351,0.4889],
		"White_Bal_error_Delta_C_ab": [1.72,0.6384,0.1222,2.566,3.383],
		"White_Bal_error_Delta_C_94": [1.72,0.6384,0.1222,2.566,3.383],
		"White_Bal_error_Delta_C_00": [1.92,0.6361,0.1618,3.406,4.395],
		"n_Patch": [1,2,3,4,5],
		"n_Row": [1,1,1,1,1],
		"n_Column": [1,2,3,4,5],
		"width_pixels": [70,70,70,70,70],
		"height_pixels": [78,78,78,78,78],
		"Pixels_total": [5460,5460,5460,5460,5460],
		"R_reference": [242.4,146.6,86.6,49.01,25.46],
		"G_reference": [242.4,146.6,86.6,49.01,25.46],
		"B_reference": [242.4,146.6,86.6,49.01,25.46],
		"R_input": [68.32,50.67,31.81,19.8,16.22],
		"G_input": [67.5,50.98,31.57,15.15,8.289],
		"B_input": [70.09,51.9,31.51,18.17,13.46],
		"L_reference": [95.63,60.79,36.82,20.33,8.991],
		"a_reference": [0,0,0,0,0],
		"b_reference": [0,0,0,0,0],
		"L_input": [28.79,21.24,12.06,4.848,2.911],
		"a_input": [0.9241,0.08441,0.09566,2.369,3.143],
		"b_input": [-1.451,-0.6328,0.07606,-0.986,-1.253],
		"x_reference": [0.3127,0.3127,0.3127,0.3127,0.3127],
		"y_reference": [0.329,0.329,0.329,0.329,0.329],
		"Y_reference": [0.8913,0.2901,0.09441,0.03073,0.01],
		"x_input": [0.3095,0.3098,0.3138,0.3231,0.3349],
		"y_input": [0.321,0.3254,0.3293,0.3053,0.2818],
		"Y_input": [0.05757,0.03308,0.01416,0.005367,0.003223],
		"LUV_comment": "L2 is used to differentiate between the L in LAB and L in LUV.",
		"L2_reference": [805.1,262,85.28,27.75,9.033],
		"U_reference": [0.1978,0.1978,0.1978,0.1978,0.1978],
		"V_reference": [0.4683,0.4683,0.4683,0.4683,0.4683],
		"L2_input": [52.01,29.88,12.79,4.848,2.911],
		"U_input": [0.1986,0.1971,0.1984,0.2148,0.2345],
		"V_input": [0.4635,0.4659,0.4687,0.4566,0.444],
		"patch_numbers_for_all_Delta_E_C": [1,2,3,4,5],
		"Delta_E_all": [66.9,39.6,24.8,15.7,6.96],
		"Delta_C_all": [1.72,0.638,0.122,2.57,3.38],
		"Delta_E94_all": [66.9,39.6,24.8,15.7,6.96],
		"Delta_C94_all": [1.72,0.638,0.122,2.57,3.38],
		"Delta_E2000_all": [57.1,35.3,18,10.5,5.72],
		"Delta_C2000_all": [1.92,0.636,0.162,3.41,4.4],
		"Delta_L_all": [-66.8,-39.6,-24.8,-15.5,-6.08],
		"Delta_Chroma_all": [1.72,0.638,0.122,2.57,3.38],
		"Delta_Hue_Distance_all": [0,0,0,0,0],
		"Delta_Hue_Degrees_all": [0,0,0,0,0],
		"sat_corr_comment": "sat_corr explained on https://www.imatest.com/docs/colorcheck/#satcorr - not recommended.",
		"Delta_C_all_sat_corr": ["_NaN_","_NaN_","_NaN_","_NaN_","_NaN_"],
		"Delta_C94_all_sat_corr": ["_NaN_","_NaN_","_NaN_","_NaN_","_NaN_"],
		"Delta_C2000_all_sat_corr": ["_NaN_","_NaN_","_NaN_","_NaN_","_NaN_"],
		"grayscale_patch_numbers": [1,2,3,4,5],
		"Delta_E": [66.9,39.6,24.8,15.7,6.96],
		"Delta_C": [1.72,0.638,0.122,2.57,3.38],
		"Delta_E94": [66.9,39.6,24.8,15.7,6.96],
		"Delta_C94": [1.72,0.638,0.122,2.57,3.38],
		"Delta_E2000": [57.1,35.3,18,10.5,5.72],
		"Delta_C2000": [1.92,0.636,0.162,3.41,4.4],
		"Delta_L": [-66.8,-39.6,-24.8,-15.5,-6.08],
		"Delta_Chroma": [1.72,0.638,0.122,2.57,3.38],
		"Delta_Hue_Distance": [0,0,0,0,0],
		"Delta_Hue_Degrees": [0,0,0,0,0],
		"mean_Delta_E": [30.8],
		"mean_Delta_C": [1.69],
		"mean_Delta_E94": [30.8],
		"mean_Delta_C94": [1.69],
		"mean_Delta_E2000": [25.3],
		"mean_Delta_C2000": [2.1],
		"mean_Delta_L": [-30.5],
		"mean_Delta_Chroma": [1.69],
		"mean_Delta_Hue_Distance": [0],
		"mean_Delta_Hue_Degrees": [0],
		"mean_Delta_C_sat_corr": ["_NaN_"],
		"mean_Delta_C94_sat_corr": ["_NaN_"],
		"mean_Delta_C2000_sat_corr": ["_NaN_"],
		"max_Delta_E": [66.9],
		"max_Delta_C": [3.38],
		"max_Delta_E94": [66.9],
		"max_Delta_C94": [3.38],
		"max_Delta_E2000": [57.1],
		"max_Delta_C2000": [4.4],
		"max_Delta_L": [-6.08],
		"max_Delta_Chroma": [3.38],
		"max_Delta_Hue_Distance": [0],
		"max_Delta_Hue_Degrees": [0],
		"max_Delta_C_sat_corr": ["_NaN_"],
		"max_Delta_C94_sat_corr": ["_NaN_"],
		"max_Delta_C2000_sat_corr": ["_NaN_"],
		"mean_RegionSize": [5390],
		"Sequence_dark_to_light": [5,4,3,2,1],
		"Patch_number": [5,4,3,2,1],
		"R_noise": [0.05663,0.06125,0.0707,0.06792,0.0577],
		"G_noise": [0.03639,0.04532,0.04621,0.0367,0.03208],
		"B_noise": [0.04505,0.05206,0.05739,0.04598,0.04205],
		"R_SNR_ratio": [1.123,1.268,1.764,2.926,4.643],
		"G_SNR_ratio": [0.8932,1.311,2.68,5.447,8.251],
		"B_SNR_ratio": [1.172,1.369,2.153,4.426,6.537],
		"R_SNR_dB": [1.009,2.062,4.931,9.324,13.34],
		"G_SNR_dB": [-0.981,2.35,8.561,14.72,18.33],
		"B_SNR_dB": [1.376,2.726,6.661,12.92,16.31],
		"Gb_noise": [0.03104,0.03653,0.03804,0.03064,0.0272],
		"Gb_SNR_ratio": [1.307,1.756,3.26,6.525,9.782],
		"Gb_SNR_dB": [2.326,4.888,10.26,16.29,19.81],
		"Y_f_stop_SNR_ratio": [1.502,1.432,1.102,0.7049,0.4685],
		"Y_f_stop_SNR_dB": [3.536,3.119,0.8441,-3.038,-6.586],
		"quality_levels_for_DR": [
				"Low,",
				"Medium,",
				"M-H,",
				"High,"
		],
		"SigNoise_levels_for_DR": [1,0.5,0.25,0.1],
		"Dynamic_Range_f_stops": [3.532,0,0,0],
		"Dynamic_Range_dB": [21.26,0,0,0],
		"noise_ISO15739_pct": [0.784,1.164,2.324,4.063,4.927],
		"snr_ISO15739": [0.4111,0.4611,0.6093,0.8142,1.168],
		"noise_pct_ISO15739_at_13pct_Lref": [4.484],
		"snr_ISO15739_at_13pct_Lref": [0.9869],
		"snr_dB_ISO15739_at_13pct_Lref": [-0.1143],
		"DynamicRange_at_density_2": [546.3],
		"DynamicRange_total": [8.196],
		"DynamicRange_from_slope_OD": [1.95],
		"DynamicRange_from_slope_EV": [6.474],
		"DynamicRange_from_slope_dB": [39],
		"SNR_BW_dB_RGBY": [9.466,14.81,12.86,16.38],
		"L_noise": [2.99,3.738,4.298,3.421,2.961],
		"a_noise": [7.628,9.639,11,9.529,8.046],
		"b_noise": [6.829,8.634,10.24,8.157,7.486],
		"Total_Lab_noise_unwtd": [10.67,13.47,15.63,13,11.38],
		"Total_ab_noise_unwtd": [10.24,12.94,15.03,12.54,10.99],
		"R_minus_Y_KK_noise": [0.04794,0.05544,0.06197,0.05916,0.04897],
		"B_minus_Y_KK_noise": [0.0472,0.05695,0.06193,0.04852,0.04582],
		"Y_Kelly_Keelan_noise": [0.03104,0.03653,0.03804,0.03064,0.0272],
		"Total_KK_noise": [0.04244,0.04977,0.05344,0.04607,0.03992],
		"Chroma_KK_noise": [0.02894,0.03381,0.03754,0.0344,0.02922],
		"Total_old_iso_noise": [0.05283,0.06181,0.06722,0.05963,0.05109],
		"Y_noise_from_YUV": [0.03104,0.03653,0.03803,0.03064,0.0272],
		"U_noise_from_YUV": [0.02218,0.02676,0.0291,0.0228,0.02153],