{
	"jsonResults": {
		"dateRun": "13-May-2025 09:24:59",
		"ini_time_size": "13-May-2025 09:22:25 16231B  MD5 = c82a7ebaf16dd8879e586f8afad2b5c7",
		"version": "Imatest 24.2.6 Master Color/Tone Auto",
		"build": "2025-03-20",
		"image_file": "potted plant_18.0 mm_6400ISO_-1EV_Dist1_ON_Defocus1.tiff",
		"ColorSpace": "sRGB",
		"Reference": "Default values",
		"Ref_folder": "/usr/local/Imatest/v24.2/Master/",
		"Gamma": [0.3486],
		"patches_for_gamma_start_end": [1,5],
		"exposure_error_normalized_y_channel": [-0.157],
		"mean_camera_Saturation_Pct": ["_NaN_"],
		"mean_chroma_level_CPIQ_Pct": ["_NaN_"],
		"CPIQ_chroma_quality_loss_JND": ["_NaN_"],
		"CPIQ_exposure_quality_loss_JND": ["_NaN_"],
		"pixel_offset": [0],
		"mean_patch_size_pxls": [69,76],
		"roi_settings": "Recent ROI settings are in roi, nwid_save, nht_save, fillf, and distort (same names as ini file)",
		"roi": [3090,1813,3520,1902,3090,1904,3520,1805],
		"nwid_save": [6024],
		"nht_save": [4020],
		"fillf": [0.8],
		"distort": [0],
		"grayscale_zone": [1,2,3,4,5],
		"grayscale_minus_log_exposure": [2,1.513,1.025,0.5375,0.05],
		"grayscale_Y_reflectivity": [0.01,0.03073,0.09441,0.2901,0.8913],
		"grayscale_Y_Printer_pixel_gamma22": [33.13,55.18,91.91,153.1,255],
		"grayscale_Y_density": [0.2888,0.3975,0.5674,0.8163,1.164],
		"grayscale_R_density": [0.2894,0.4023,0.5774,0.8207,1.098],
		"grayscale_G_density": [0.2906,0.3971,0.566,0.816,1.191],
		"grayscale_B_density": [0.2696,0.3872,0.5522,0.8065,1.12],
		"grayscale_Y_mean": [131.1,102.1,69.05,38.93,17.47],
		"grayscale_R_mean": [131,101,67.47,38.53,20.36],
		"grayscale_G_mean": [130.6,102.2,69.27,38.96,16.42],
		"grayscale_B_mean": [137.1,104.5,71.51,39.81,19.36],
		"White_Bal_error_Degrees": [489.6,321.4,509.9,253.4,-216],
		"White_Bal_error_Mired": [-10.78,-7.249,-11.19,-5.772,5.288],
		"White_Bal_error_S_HSV": [0.04712,0.03399,0.05639,0.03226,0.1938],
		"White_Bal_error_Delta_C_ab": [3.722,1.492,1.627,0.6366,2.44],
		"White_Bal_error_Delta_C_94": [3.722,1.492,1.627,0.6366,2.44],
		"White_Bal_error_Delta_C_00": [3.715,1.444,1.589,0.6279,3.198],
		"n_Patch": [1,2,3,4,5],
		"n_Row": [1,1,1,1,1],
		"n_Column": [1,2,3,4,5],
		"width_pixels": [70,70,70,70,70],
		"height_pixels": [78,78,78,78,78],
		"Pixels_total": [5460,5460,5460,5460,5460],
		"R_reference": [242.4,146.6,86.6,49.01,25.46],
		"G_reference": [242.4,146.6,86.6,49.01,25.46],
		"B_reference": [242.4,146.6,86.6,49.01,25.46],
		"R_input": [131,101,67.47,38.53,20.36],
		"G_input": [130.6,102.2,69.27,38.96,16.42],
		"B_input": [137.1,104.5,71.51,39.81,19.36],
		"L_reference": [95.63,60.79,36.82,20.33,8.991],
		"a_reference": [0,0,0,0,0],
		"b_reference": [0,0,0,0,0],
		"L_input": [54.82,43.24,29.31,15.6,5.274],
		"a_input": [1.436,0.02763,-0.2303,0.0173,2.176],
		"b_input": [-3.434,-1.491,-1.611,-0.6364,-1.103],
		"x_reference": [0.3127,0.3127,0.3127,0.3127,0.3127],
		"y_reference": [0.329,0.329,0.329,0.329,0.329],
		"Y_reference": [0.8913,0.2901,0.09441,0.03073,0.01],
		"x_input": [0.3063,0.3079,0.3051,0.3089,0.3192],
		"y_input": [0.3177,0.3238,0.3221,0.3249,0.3065],
		"Y_input": [0.2276,0.1332,0.05961,0.02022,0.005839],
		"LUV_comment": "L2 is used to differentiate between the L in LAB and L in LUV.",
		"L2_reference": [805.1,262,85.28,27.75,9.033],
		"U_reference": [0.1978,0.1978,0.1978,0.1978,0.1978],
		"V_reference": [0.4683,0.4683,0.4683,0.4683,0.4683],
		"L2_input": [205.5,120.3,53.84,18.27,5.274],
		"U_input": [0.1976,0.1964,0.1951,0.1967,0.2114],
		"V_input": [0.4612,0.4648,0.4634,0.4655,0.4568],
		"patch_numbers_for_all_Delta_E_C": [1,2,3,4,5],
		"Delta_E_all": [41,17.6,7.68,4.77,4.45],
		"Delta_C_all": [3.72,1.49,1.63,0.637,2.44],
		"Delta_E94_all": [41,17.6,7.68,4.77,4.45],
		"Delta_C94_all": [3.72,1.49,1.63,0.637,2.44],
		"Delta_E2000_all": [30,17.4,6.23,3.26,3.92],
		"Delta_C2000_all": [3.72,1.44,1.59,0.628,3.2],
		"Delta_L_all": [-40.8,-17.5,-7.51,-4.73,-3.72],
		"Delta_Chroma_all": [3.72,1.49,1.63,0.637,2.44],
		"Delta_Hue_Distance_all": [0,0,0,0,0],
		"Delta_Hue_Degrees_all": [0,0,0,0,0],
		"sat_corr_comment": "sat_corr explained on https://www.imatest.com/docs/colorcheck/#satcorr - not recommended.",
		"Delta_C_all_sat_corr": ["_NaN_","_NaN_","_NaN_","_NaN_","_NaN_"],
		"Delta_C94_all_sat_corr": ["_NaN_","_NaN_","_NaN_","_NaN_","_NaN_"],
		"Delta_C2000_all_sat_corr": ["_NaN_","_NaN_","_NaN_","_NaN_","_NaN_"],
		"grayscale_patch_numbers": [1,2,3,4,5],
		"Delta_E": [41,17.6,7.68,4.77,4.45],
		"Delta_C": [3.72,1.49,1.63,0.637,2.44],
		"Delta_E94": [41,17.6,7.68,4.77,4.45],
		"Delta_C94": [3.72,1.49,1.63,0.637,2.44],
		"Delta_E2000": [30,17.4,6.23,3.26,3.92],
		"Delta_C2000": [3.72,1.44,1.59,0.628,3.2],
		"Delta_L": [-40.8,-17.5,-7.51,-4.73,-3.72],
		"Delta_Chroma": [3.72,1.49,1.63,0.637,2.44],
		"Delta_Hue_Distance": [0,0,0,0,0],
		"Delta_Hue_Degrees": [0,0,0,0,0],
		"mean_Delta_E": [15.1],
		"mean_Delta_C": [1.98],
		"mean_Delta_E94": [15.1],
		"mean_Delta_C94": [1.98],
		"mean_Delta_E2000": [12.2],
		"mean_Delta_C2000": [2.11],
		"mean_Delta_L": [-14.9],
		"mean_Delta_Chroma": [1.98],
		"mean_Delta_Hue_Distance": [0],
		"mean_Delta_Hue_Degrees": [0],
		"mean_Delta_C_sat_corr": ["_NaN_"],
		"mean_Delta_C94_sat_corr": ["_NaN_"],
		"mean_Delta_C2000_sat_corr": ["_NaN_"],
		"max_Delta_E": [41],
		"max_Delta_C": [3.72],
		"max_Delta_E94": [41],
		"max_Delta_C94": [3.72],
		"max_Delta_E2000": [30],
		"max_Delta_C2000": [3.72],
		"max_Delta_L": [-3.72],
		"max_Delta_Chroma": [3.72],
		"max_Delta_Hue_Distance": [0],
		"max_Delta_Hue_Degrees": [0],
		"max_Delta_C_sat_corr": ["_NaN_"],
		"max_Delta_C94_sat_corr": ["_NaN_"],
		"max_Delta_C2000_sat_corr": ["_NaN_"],
		"mean_RegionSize": [5390],
		"Sequence_dark_to_light": [5,4,3,2,1],
		"Patch_number": [5,4,3,2,1],
		"R_noise": [0.06197,0.07061,0.05828,0.0477,0.04205],
		"G_noise": [0.04624,0.04235,0.03201,0.02834,0.02696],
		"B_noise": [0.05409,0.05675,0.0418,0.03618,0.03142],
		"R_SNR_ratio": [1.289,2.14,4.54,8.303,12.21],
		"G_SNR_ratio": [1.392,3.607,8.487,14.14,19],
		"B_SNR_ratio": [1.403,2.751,6.709,11.33,17.11],
		"R_SNR_dB": [2.202,6.608,13.14,18.38,21.74],
		"G_SNR_dB": [2.875,11.14,18.57,23.01,25.57],
		"B_SNR_dB": [2.944,8.791,16.53,21.09,24.66],
		"Gb_noise": [0.0374,0.0343,0.02682,0.0238,0.02229],
		"Gb_SNR_ratio": [1.832,4.451,10.1,16.82,23.07],
		"Gb_SNR_dB": [5.257,12.97,20.08,24.52,27.26],
		"Y_f_stop_SNR_ratio": [3.153,3.158,2.853,1.821,1.389],
		"Y_f_stop_SNR_dB": [9.975,9.988,9.105,5.204,2.857],
		"quality_levels_for_DR": [
				"Low,",
				"Medium,",
				"M-H,",
				"High,"
		],
		"SigNoise_levels_for_DR": [1,0.5,0.25,0.1],
		"Dynamic_Range_f_stops": [0,4.457,0,0],
		"Dynamic_Range_dB": [0,26.83,0,0],
		"noise_ISO15739_pct": [0.2926,0.3728,0.7041,1.533,2.007],
		"snr_ISO15739": [1.995,5.425,8.466,8.69,11.34],
		"noise_pct_ISO15739_at_13pct_Lref": [1.831],
		"snr_ISO15739_at_13pct_Lref": [10.36],
		"snr_dB_ISO15739_at_13pct_Lref": [20.31],
		"DynamicRange_at_density_2": [1770],
		"DynamicRange_total": [0],
		"DynamicRange_from_slope_OD": [1.95],
		"DynamicRange_from_slope_EV": [6.474],
		"DynamicRange_from_slope_dB": [39],
		"SNR_BW_dB_RGBY": [17.59,22.12,20,23.63],
		"L_noise": [3.853,3.876,2.904,2.453,2.207],
		"a_noise": [9.83,10.91,8.053,6.511,5.62],
		"b_noise": [9.14,10.49,7.596,6.074,5.253],
		"Total_Lab_noise_unwtd": [13.96,15.63,11.44,9.236,8.003],
		"Total_ab_noise_unwtd": [13.42,15.14,11.07,8.904,7.693],
		"R_minus_Y_KK_noise": [0.05561,0.06239,0.04987,0.04081,0.03639],
		"B_minus_Y_KK_noise": [0.05951,0.06253,0.04654,0.03943,0.03568],
		"Y_Kelly_Keelan_noise": [0.0374,0.0343,0.02682,0.0238,0.02229],
		"Total_KK_noise": [0.05073,0.05106,0.04005,0.03418,0.03128],
		"Chroma_KK_noise": [0.03427,0.03782,0.02974,0.02452,0.02194],
		"Total_old_iso_noise": [0.06281,0.06553,0.05155,0.04337,0.03935],
		"Y_noise_from_YUV": [0.03739,0.0343,0.02681,0.0238,0.02229],
		"U_noise_from_YUV": [0.02796,0.02938,0.02187,0.01853,0.01676],
		"V_noise_from_YUV": [0.04343,0.04872,0.03895,0.03187,0.02842],