{
	"jsonResults": {
		"dateRun": "13-May-2025 09:24:59",
		"ini_time_size": "13-May-2025 09:22:25 16231B  MD5 = c82a7ebaf16dd8879e586f8afad2b5c7",
		"version": "Imatest 24.2.6 Master Color/Tone Auto",
		"build": "2025-03-20",
		"image_file": "potted plant_18.0 mm_25600ISO_-1EV_Dist1_OFF_Defocus1.tiff",
		"ColorSpace": "sRGB",
		"Reference": "Default values",
		"Ref_folder": "/usr/local/Imatest/v24.2/Master/",
		"Gamma": [0.3724],
		"patches_for_gamma_start_end": [1,5],
		"exposure_error_normalized_y_channel": [-0.168],
		"mean_camera_Saturation_Pct": ["_NaN_"],
		"mean_chroma_level_CPIQ_Pct": ["_NaN_"],
		"CPIQ_chroma_quality_loss_JND": ["_NaN_"],
		"CPIQ_exposure_quality_loss_JND": ["_NaN_"],
		"pixel_offset": [0],
		"mean_patch_size_pxls": [69,76],
		"roi_settings": "Recent ROI settings are in roi, nwid_save, nht_save, fillf, and distort (same names as ini file)",
		"roi": [3090,1813,3520,1902,3090,1904,3520,1805],
		"nwid_save": [6024],
		"nht_save": [4020],
		"fillf": [0.8],
		"distort": [0],
		"grayscale_zone": [1,2,3,4,5],
		"grayscale_minus_log_exposure": [2,1.513,1.025,0.5375,0.05],
		"grayscale_Y_reflectivity": [0.01,0.03073,0.09441,0.2901,0.8913],
		"grayscale_Y_Printer_pixel_gamma22": [33.13,55.18,91.91,153.1,255],
		"grayscale_Y_density": [0.299,0.4159,0.5975,0.8527,1.083],
		"grayscale_R_density": [0.3127,0.4346,0.6121,0.8064,0.9065],
		"grayscale_G_density": [0.2994,0.4143,0.5963,0.8728,1.174],
		"grayscale_B_density": [0.2572,0.3802,0.5676,0.8043,0.9397],
		"grayscale_Y_mean": [128.1,97.86,64.43,35.8,21.06],
		"grayscale_R_mean": [124.1,93.75,62.29,39.82,31.63],
		"grayscale_G_mean": [128,98.23,64.6,34.18,17.08],
		"grayscale_B_mean": [141.1,106.3,69.02,40.01,29.3],
		"White_Bal_error_Degrees": [1523,1333,981.5,230.3,-542.5],
		"White_Bal_error_Mired": [-29.21,-26.18,-20.18,-5.265,14.01],
		"White_Bal_error_S_HSV": [0.1201,0.1177,0.09743,0.1458,0.4599],
		"White_Bal_error_Delta_C_ab": [7.655,5.145,3.026,4.978,11.48],
		"White_Bal_error_Delta_C_94": [7.655,5.145,3.026,4.978,11.48],
		"White_Bal_error_Delta_C_00": [6.634,4.611,2.834,5.835,11.79],
		"n_Patch": [1,2,3,4,5],
		"n_Row": [1,1,1,1,1],
		"n_Column": [1,2,3,4,5],
		"width_pixels": [70,70,70,70,70],
		"height_pixels": [78,78,78,78,78],
		"Pixels_total": [5460,5460,5460,5460,5460],
		"R_reference": [242.4,146.6,86.6,49.01,25.46],
		"G_reference": [242.4,146.6,86.6,49.01,25.46],
		"B_reference": [242.4,146.6,86.6,49.01,25.46],
		"R_input": [124.1,93.75,62.29,39.82,31.63],
		"G_input": [128,98.23,64.6,34.18,17.08],
		"B_input": [141.1,106.3,69.02,40.01,29.3],
		"L_reference": [95.63,60.79,36.82,20.33,8.991],
		"a_reference": [0,0,0,0,0],
		"b_reference": [0,0,0,0,0],
		"L_input": [53.66,41.52,27.29,14.15,7.18],
		"a_input": [1.335,0.05353,0.08089,4.035,10.06],
		"b_input": [-7.537,-5.144,-3.025,-2.916,-5.533],
		"x_reference": [0.3127,0.3127,0.3127,0.3127,0.3127],
		"y_reference": [0.329,0.329,0.329,0.329,0.329],
		"Y_reference": [0.8913,0.2901,0.09441,0.03073,0.01],
		"x_input": [0.2945,0.2955,0.2994,0.3134,0.3275],
		"y_input": [0.3058,0.3107,0.3146,0.3008,0.2574],
		"Y_input": [0.2165,0.1219,0.05198,0.01755,0.007949],
		"LUV_comment": "L2 is used to differentiate between the L in LAB and L in LUV.",
		"L2_reference": [805.1,262,85.28,27.75,9.033],
		"U_reference": [0.1978,0.1978,0.1978,0.1978,0.1978],
		"V_reference": [0.4683,0.4683,0.4683,0.4683,0.4683],
		"L2_input": [195.6,110.1,46.95,15.86,7.18],
		"U_input": [0.1938,0.1926,0.1939,0.2095,0.2411],
		"V_input": [0.4526,0.4556,0.4584,0.4525,0.4263],
		"patch_numbers_for_all_Delta_E_C": [1,2,3,4,5],
		"Delta_E_all": [42.7,19.9,10,7.94,11.6],
		"Delta_C_all": [7.65,5.14,3.03,4.98,11.5],
		"Delta_E94_all": [42.7,19.9,10,7.94,11.6],
		"Delta_C94_all": [7.65,5.14,3.03,4.98,11.5],
		"Delta_E2000_all": [31.5,19.7,8.07,7.17,11.8],
		"Delta_C2000_all": [6.63,4.61,2.83,5.84,11.8],
		"Delta_L_all": [-42,-19.3,-9.53,-6.19,-1.81],
		"Delta_Chroma_all": [7.65,5.14,3.03,4.98,11.5],
		"Delta_Hue_Distance_all": [0,0,0,0,0],
		"Delta_Hue_Degrees_all": [0,0,0,0,0],
		"sat_corr_comment": "sat_corr explained on https://www.imatest.com/docs/colorcheck/#satcorr - not recommended.",
		"Delta_C_all_sat_corr": ["_NaN_","_NaN_","_NaN_","_NaN_","_NaN_"],
		"Delta_C94_all_sat_corr": ["_NaN_","_NaN_","_NaN_","_NaN_","_NaN_"],
		"Delta_C2000_all_sat_corr": ["_NaN_","_NaN_","_NaN_","_NaN_","_NaN_"],
		"grayscale_patch_numbers": [1,2,3,4,5],
		"Delta_E": [42.7,19.9,10,7.94,11.6],
		"Delta_C": [7.65,5.14,3.03,4.98,11.5],
		"Delta_E94": [42.7,19.9,10,7.94,11.6],
		"Delta_C94": [7.65,5.14,3.03,4.98,11.5],
		"Delta_E2000": [31.5,19.7,8.07,7.17,11.8],
		"Delta_C2000": [6.63,4.61,2.83,5.84,11.8],
		"Delta_L": [-42,-19.3,-9.53,-6.19,-1.81],
		"Delta_Chroma": [7.65,5.14,3.03,4.98,11.5],
		"Delta_Hue_Distance": [0,0,0,0,0],
		"Delta_Hue_Degrees": [0,0,0,0,0],
		"mean_Delta_E": [18.4],
		"mean_Delta_C": [6.46],
		"mean_Delta_E94": [18.4],
		"mean_Delta_C94": [6.46],
		"mean_Delta_E2000": [15.7],
		"mean_Delta_C2000": [6.34],
		"mean_Delta_L": [-15.8],
		"mean_Delta_Chroma": [6.46],
		"mean_Delta_Hue_Distance": [0],
		"mean_Delta_Hue_Degrees": [0],
		"mean_Delta_C_sat_corr": ["_NaN_"],
		"mean_Delta_C94_sat_corr": ["_NaN_"],
		"mean_Delta_C2000_sat_corr": ["_NaN_"],
		"max_Delta_E": [42.7],
		"max_Delta_C": [11.5],
		"max_Delta_E94": [42.7],
		"max_Delta_C94": [11.5],
		"max_Delta_E2000": [31.5],
		"max_Delta_C2000": [11.8],
		"max_Delta_L": [-1.81],
		"max_Delta_Chroma": [11.5],
		"max_Delta_Hue_Distance": [0],
		"max_Delta_Hue_Degrees": [0],
		"max_Delta_C_sat_corr": ["_NaN_"],
		"max_Delta_C94_sat_corr": ["_NaN_"],
		"max_Delta_C2000_sat_corr": ["_NaN_"],
		"mean_RegionSize": [5390],
		"Sequence_dark_to_light": [5,4,3,2,1],
		"Patch_number": [5,4,3,2,1],
		"R_noise": [0.1021,0.1151,0.1276,0.1023,0.08276],
		"G_noise": [0.07691,0.09263,0.08264,0.06318,0.05635],
		"B_noise": [0.09304,0.103,0.0948,0.06704,0.05915],
		"R_SNR_ratio": [1.215,1.357,1.914,3.593,5.881],
		"G_SNR_ratio": [0.8711,1.447,3.065,6.097,8.908],
		"B_SNR_ratio": [1.235,1.523,2.855,6.216,9.351],
		"R_SNR_dB": [1.688,2.649,5.641,11.11,15.39],
		"G_SNR_dB": [-1.199,3.21,9.73,15.7,19],
		"B_SNR_dB": [1.833,3.654,9.113,15.87,19.42],
		"Gb_noise": [0.06247,0.0738,0.06792,0.05465,0.04718],
		"Gb_SNR_ratio": [1.322,1.902,3.72,7.021,10.65],
		"Gb_SNR_dB": [2.423,5.586,11.41,16.93,20.55],
		"Y_f_stop_SNR_ratio": [1.553,1.411,1.106,0.7115,0.5715],
		"Y_f_stop_SNR_dB": [3.821,2.989,0.8768,-2.957,-4.86],
		"quality_levels_for_DR": [
				"Low,",
				"Medium,",
				"M-H,",
				"High,"
		],
		"SigNoise_levels_for_DR": [1,0.5,0.25,0.1],
		"Dynamic_Range_f_stops": [3.549,0,0,0],
		"Dynamic_Range_dB": [21.37,0,0,0],
		"noise_ISO15739_pct": [0.7015,1.096,2.142,3.908,4.628],
		"snr_ISO15739": [1.133,1.602,2.426,3.12,4.679],
		"noise_pct_ISO15739_at_13pct_Lref": [4.286],
		"snr_ISO15739_at_13pct_Lref": [3.938],
		"snr_dB_ISO15739_at_13pct_Lref": [11.9],
		"DynamicRange_at_density_2": [651],
		"DynamicRange_total": [0],
		"DynamicRange_from_slope_OD": [1.95],
		"DynamicRange_from_slope_EV": [6.474],
		"DynamicRange_from_slope_dB": [39],
		"SNR_BW_dB_RGBY": [10.97,15.16,14.65,16.42],
		"L_noise": [6.936,7.973,6.914,5.441,4.606],
		"a_noise": [15.98,18.14,17.12,12.33,10.7],
		"b_noise": [16.14,18.28,16.08,11.32,9.8],
		"Total_Lab_noise_unwtd": [23.74,26.95,24.49,17.6,15.22],
		"Total_ab_noise_unwtd": [22.71,25.75,23.49,16.74,14.51],
		"R_minus_Y_KK_noise": [0.09169,0.1067,0.1122,0.08454,0.07076],
		"B_minus_Y_KK_noise": [0.1003,0.1152,0.1039,0.07459,0.06684],
		"Y_Kelly_Keelan_noise": [0.06247,0.0738,0.06792,0.05465,0.04718],
		"Total_KK_noise": [0.08446,0.09895,0.09527,0.07397,0.06337],
		"Chroma_KK_noise": [0.05684,0.06591,0.0668,0.04984,0.04231],
		"Total_old_iso_noise": [0.1044,0.1219,0.12,0.09193,0.07839],
		"Y_noise_from_YUV": [0.06246,0.07379,0.06791,0.05465,0.04718],
		"U_noise_from_YUV": [0.04713,0.05414,0.04883,0.03505,0.03141],
		"V_noise_from_YUV": [0.0716,0.08332,0.08762,0.06602,0.05526],