{
	"jsonResults": {
		"dateRun": "12-May-2025 19:33:59",
		"ini_time_size": "12-May-2025 19:26:48 10505B  MD5 = a22bd16fc3ab0ce050c615a77c55d841",
		"version": "Imatest 24.2.6 Master Color/Tone Auto",
		"build": "2025-03-20",
		"image_file": "sports ball_18.0 mm_25600ISO_-3EV_Dist1_OFF_Defocus2.tiff",
		"ColorSpace": "sRGB",
		"Reference": "Default values",
		"Ref_folder": "/usr/local/Imatest/v24.2/Master/",
		"Gamma": [0.3414],
		"patches_for_gamma_start_end": [1,5],
		"exposure_error_normalized_y_channel": [-0.264],
		"mean_camera_Saturation_Pct": ["_NaN_"],
		"mean_chroma_level_CPIQ_Pct": ["_NaN_"],
		"CPIQ_chroma_quality_loss_JND": ["_NaN_"],
		"CPIQ_exposure_quality_loss_JND": ["_NaN_"],
		"pixel_offset": [0],
		"mean_patch_size_pxls": [69,78],
		"roi_settings": "Recent ROI settings are in roi, nwid_save, nht_save, fillf, and distort (same names as ini file)",
		"roi": [3093,1811,3523,1900,3093,1904,3523,1799],
		"nwid_save": [6024],
		"nht_save": [4020],
		"fillf": [0.8],
		"distort": [0],
		"grayscale_zone": [1,2,3,4,5],
		"grayscale_minus_log_exposure": [2,1.513,1.025,0.5375,0.05],
		"grayscale_Y_reflectivity": [0.01,0.03073,0.09441,0.2901,0.8913],
		"grayscale_Y_Printer_pixel_gamma22": [33.13,55.18,91.91,153.1,255],
		"grayscale_Y_density": [0.6186,0.7529,0.9194,1.063,1.105],
		"grayscale_R_density": [0.6412,0.7611,0.872,0.9113,0.9292],
		"grayscale_G_density": [0.6139,0.7511,0.9389,1.131,1.187],
		"grayscale_B_density": [0.6013,0.7465,0.8791,0.9764,1.019],
		"grayscale_Y_mean": [61.36,45.04,30.7,22.08,20.01],
		"grayscale_R_mean": [58.26,44.2,34.24,31.28,30.01],
		"grayscale_G_mean": [62.03,45.23,29.35,18.85,16.59],
		"grayscale_B_mean": [63.87,45.71,33.69,26.92,24.42],
		"White_Bal_error_Degrees": [754.6,251.2,8.119,-1317,-1876],
		"White_Bal_error_Mired": [-16,-5.724,-0.1919,39.09,62.43],
		"White_Bal_error_S_HSV": [0.08778,0.03311,0.1427,0.3972,0.4472],
		"White_Bal_error_Delta_C_ab": [2.03,0.5844,3.985,8.703,8.682],
		"White_Bal_error_Delta_C_94": [2.03,0.5844,3.985,8.703,8.682],
		"White_Bal_error_Delta_C_00": [2.275,0.6851,4.893,9.79,9.864],
		"n_Patch": [1,2,3,4,5],
		"n_Row": [1,1,1,1,1],
		"n_Column": [1,2,3,4,5],
		"width_pixels": [69,70,70,70,70],
		"height_pixels": [80,80,79,80,79],
		"Pixels_total": [5520,5600,5530,5600,5530],
		"R_reference": [242.4,146.6,86.6,49.01,25.46],
		"G_reference": [242.4,146.6,86.6,49.01,25.46],
		"B_reference": [242.4,146.6,86.6,49.01,25.46],
		"R_input": [58.26,44.2,34.24,31.28,30.01],
		"G_input": [62.03,45.23,29.35,18.85,16.59],
		"B_input": [63.87,45.71,33.69,26.92,24.42],
		"L_reference": [95.63,60.79,36.82,20.33,8.991],
		"a_reference": [0,0,0,0,0],
		"b_reference": [0,0,0,0,0],
		"L_input": [25.94,18.49,11.65,7.545,6.615],
		"a_input": [-1.142,-0.3379,3.388,8.105,8.274],
		"b_input": [-1.678,-0.4768,-2.097,-3.17,-2.63],
		"x_reference": [0.3127,0.3127,0.3127,0.3127,0.3127],
		"y_reference": [0.329,0.329,0.329,0.329,0.329],
		"Y_reference": [0.8913,0.2901,0.09441,0.03073,0.01],
		"x_input": [0.3009,0.3086,0.3159,0.3362,0.3442],
		"y_input": [0.3227,0.3269,0.3056,0.2806,0.2803],
		"Y_input": [0.04725,0.02629,0.01354,0.008352,0.007323],
		"LUV_comment": "L2 is used to differentiate between the L in LAB and L in LUV.",
		"L2_reference": [805.1,262,85.28,27.75,9.033],
		"U_reference": [0.1978,0.1978,0.1978,0.1978,0.1978],
		"V_reference": [0.4683,0.4683,0.4683,0.4683,0.4683],
		"L2_input": [42.68,23.75,12.23,7.545,6.615],
		"U_input": [0.192,0.1958,0.2094,0.2361,0.2426],
		"V_input": [0.4632,0.4666,0.4557,0.4434,0.4445],
		"patch_numbers_for_all_Delta_E_C": [1,2,3,4,5],
		"Delta_E_all": [69.7,42.3,25.5,15.5,9],
		"Delta_C_all": [2.03,0.584,3.98,8.7,8.68],
		"Delta_E94_all": [69.7,42.3,25.5,15.5,9],
		"Delta_C94_all": [2.03,0.584,3.98,8.7,8.68],
		"Delta_E2000_all": [60.7,37,18.9,12.8,9.97],
		"Delta_C2000_all": [2.28,0.685,4.89,9.79,9.86],
		"Delta_L_all": [-69.7,-42.3,-25.2,-12.8,-2.38],
		"Delta_Chroma_all": [2.03,0.584,3.98,8.7,8.68],
		"Delta_Hue_Distance_all": [0,0,0,0,0],
		"Delta_Hue_Degrees_all": [0,0,0,0,0],
		"sat_corr_comment": "sat_corr explained on https://www.imatest.com/docs/colorcheck/#satcorr - not recommended.",
		"Delta_C_all_sat_corr": ["_NaN_","_NaN_","_NaN_","_NaN_","_NaN_"],
		"Delta_C94_all_sat_corr": ["_NaN_","_NaN_","_NaN_","_NaN_","_NaN_"],
		"Delta_C2000_all_sat_corr": ["_NaN_","_NaN_","_NaN_","_NaN_","_NaN_"],
		"grayscale_patch_numbers": [1,2,3,4,5],
		"Delta_E": [69.7,42.3,25.5,15.5,9],
		"Delta_C": [2.03,0.584,3.98,8.7,8.68],
		"Delta_E94": [69.7,42.3,25.5,15.5,9],
		"Delta_C94": [2.03,0.584,3.98,8.7,8.68],
		"Delta_E2000": [60.7,37,18.9,12.8,9.97],
		"Delta_C2000": [2.28,0.685,4.89,9.79,9.86],
		"Delta_L": [-69.7,-42.3,-25.2,-12.8,-2.38],
		"Delta_Chroma": [2.03,0.584,3.98,8.7,8.68],
		"Delta_Hue_Distance": [0,0,0,0,0],
		"Delta_Hue_Degrees": [0,0,0,0,0],
		"mean_Delta_E": [32.4],
		"mean_Delta_C": [4.8],
		"mean_Delta_E94": [32.4],
		"mean_Delta_C94": [4.8],
		"mean_Delta_E2000": [27.9],
		"mean_Delta_C2000": [5.5],
		"mean_Delta_L": [-30.5],
		"mean_Delta_Chroma": [4.8],
		"mean_Delta_Hue_Distance": [0],
		"mean_Delta_Hue_Degrees": [0],
		"mean_Delta_C_sat_corr": ["_NaN_"],
		"mean_Delta_C94_sat_corr": ["_NaN_"],
		"mean_Delta_C2000_sat_corr": ["_NaN_"],
		"max_Delta_E": [69.7],
		"max_Delta_C": [8.7],
		"max_Delta_E94": [69.7],
		"max_Delta_C94": [8.7],
		"max_Delta_E2000": [60.7],
		"max_Delta_C2000": [9.86],
		"max_Delta_L": [-2.38],
		"max_Delta_Chroma": [8.7],
		"max_Delta_Hue_Distance": [0],
		"max_Delta_Hue_Degrees": [0],
		"max_Delta_C_sat_corr": ["_NaN_"],
		"max_Delta_C94_sat_corr": ["_NaN_"],
		"max_Delta_C2000_sat_corr": ["_NaN_"],
		"mean_RegionSize": [5486.2],
		"Sequence_dark_to_light": [5,4,3,2,1],
		"Patch_number": [5,4,3,2,1],
		"R_noise": [0.1004,0.1024,0.11,0.1183,0.1238],
		"G_noise": [0.07529,0.07767,0.09109,0.09362,0.08488],
		"B_noise": [0.08675,0.08876,0.1004,0.1064,0.1012],
		"R_SNR_ratio": [1.172,1.197,1.221,1.465,1.846],
		"G_SNR_ratio": [0.8641,0.9519,1.264,1.894,2.866],
		"B_SNR_ratio": [1.104,1.19,1.316,1.684,2.475],
		"R_SNR_dB": [1.381,1.565,1.733,3.317,5.324],
		"G_SNR_dB": [-1.268,-0.428,2.033,5.55,9.145],
		"B_SNR_dB": [0.8591,1.507,2.388,4.527,7.873],
		"Gb_noise": [0.06192,0.06353,0.07342,0.07601,0.07038],
		"Gb_SNR_ratio": [1.267,1.363,1.64,2.324,3.419],
		"Gb_SNR_dB": [2.057,2.688,4.296,7.325,10.68],
		"Y_f_stop_SNR_ratio": [0.5614,0.4884,0.3787,0.2038,0.08085],
		"Y_f_stop_SNR_dB": [-5.015,-6.225,-8.434,-13.81,-21.85],
		"quality_levels_for_DR": [
				"Low,",
				"Medium,",
				"M-H,",
				"High,"
		],
		"SigNoise_levels_for_DR": [1,0.5,0.25,0.1],
		"Dynamic_Range_f_stops": [0,0,0,0],
		"Dynamic_Range_dB": [0,0,0,0],
		"noise_ISO15739_pct": [2.277,2.625,4.573,8.299,9.5],
		"snr_ISO15739": [0.3217,0.3182,0.296,0.3168,0.4973],
		"noise_pct_ISO15739_at_13pct_Lref": [9.319],
		"snr_ISO15739_at_13pct_Lref": [0.4702],
		"snr_dB_ISO15739_at_13pct_Lref": [-6.555],
		"DynamicRange_at_density_2": [289.3],
		"DynamicRange_total": [0],
		"DynamicRange_from_slope_OD": [1.95],
		"DynamicRange_from_slope_EV": [6.474],
		"DynamicRange_from_slope_dB": [39],
		"SNR_BW_dB_RGBY": [2.293,4.327,3.211,6.137],
		"L_noise": [6.875,7.042,8.064,8.141,7.259],
		"a_noise": [15.08,15.48,17.32,18.15,16.79],
		"b_noise": [14.72,15.69,18.11,18.52,17.03],
		"Total_Lab_noise_unwtd": [22.17,23.14,26.33,27.18,24.99],
		"Total_ab_noise_unwtd": [21.07,22.05,25.06,25.93,23.91],
		"R_minus_Y_KK_noise": [0.08977,0.09152,0.1,0.1056,0.1078],
		"B_minus_Y_KK_noise": [0.09147,0.09688,0.1135,0.1182,0.1099],
		"Y_Kelly_Keelan_noise": [0.06192,0.06353,0.07342,0.07601,0.07038],
		"Total_KK_noise": [0.08257,0.08484,0.09652,0.1006,0.09622],
		"Chroma_KK_noise": [0.05463,0.05624,0.06265,0.0659,0.06561],
		"Total_old_iso_noise": [0.1016,0.1044,0.1177,0.1231,0.1197],
		"Y_noise_from_YUV": [0.06191,0.06352,0.07341,0.076,0.07038],
		"U_noise_from_YUV": [0.04298,0.04552,0.05334,0.05553,0.05166],
		"V_noise_from_YUV": [0.0701,0.07147,0.07809,0.0825,0.08417],