{
	"jsonResults": {
		"dateRun": "12-May-2025 19:19:27",
		"ini_time_size": "12-May-2025 19:12:16 10505B  MD5 = c607ca3b1f3bf245eb7017e15db89e59",
		"version": "Imatest 24.2.6 Master Color/Tone Auto",
		"build": "2025-03-20",
		"image_file": "sports ball_18.0 mm_1600ISO_-1EV_Dist1_ON_Defocus1.tiff",
		"ColorSpace": "sRGB",
		"Reference": "Default values",
		"Ref_folder": "/usr/local/Imatest/v24.2/Master/",
		"Gamma": [0.3287],
		"patches_for_gamma_start_end": [1,5],
		"exposure_error_normalized_y_channel": [-0.117],
		"mean_camera_Saturation_Pct": ["_NaN_"],
		"mean_chroma_level_CPIQ_Pct": ["_NaN_"],
		"CPIQ_chroma_quality_loss_JND": ["_NaN_"],
		"CPIQ_exposure_quality_loss_JND": ["_NaN_"],
		"pixel_offset": [0],
		"mean_patch_size_pxls": [69,78],
		"roi_settings": "Recent ROI settings are in roi, nwid_save, nht_save, fillf, and distort (same names as ini file)",
		"roi": [3093,1811,3523,1900,3093,1904,3523,1799],
		"nwid_save": [6024],
		"nht_save": [4020],
		"fillf": [0.8],
		"distort": [0],
		"grayscale_zone": [1,2,3,4,5],
		"grayscale_minus_log_exposure": [2,1.513,1.025,0.5375,0.05],
		"grayscale_Y_reflectivity": [0.01,0.03073,0.09441,0.2901,0.8913],
		"grayscale_Y_Printer_pixel_gamma22": [33.13,55.18,91.91,153.1,255],
		"grayscale_Y_density": [0.2372,0.3437,0.5039,0.7218,0.9931],
		"grayscale_R_density": [0.2355,0.3425,0.5045,0.7236,1.008],
		"grayscale_G_density": [0.239,0.3446,0.5043,0.7218,0.9881],
		"grayscale_B_density": [0.2242,0.3384,0.4991,0.7175,0.9989],
		"grayscale_Y_mean": [147.7,115.6,79.91,48.38,25.91],
		"grayscale_R_mean": [148.3,115.9,79.82,48.19,25.01],
		"grayscale_G_mean": [147.1,115.3,79.85,48.39,26.21],
		"grayscale_B_mean": [152.2,117,80.81,48.87,25.56],
		"White_Bal_error_Degrees": [282.6,99.65,115.5,113.8,104.2],
		"White_Bal_error_Mired": [-6.41,-2.323,-2.685,-2.646,-2.427],
		"White_Bal_error_S_HSV": [0.03362,0.01409,0.01236,0.01391,0.04561],
		"White_Bal_error_Delta_C_ab": [2.928,1.002,0.6108,0.3411,0.7782],
		"White_Bal_error_Delta_C_94": [2.928,1.002,0.6108,0.3411,0.7782],
		"White_Bal_error_Delta_C_00": [3.108,1.141,0.6401,0.3396,1.107],
		"n_Patch": [1,2,3,4,5],
		"n_Row": [1,1,1,1,1],
		"n_Column": [1,2,3,4,5],
		"width_pixels": [69,70,70,70,70],
		"height_pixels": [80,80,79,80,79],
		"Pixels_total": [5520,5600,5530,5600,5530],
		"R_reference": [242.4,146.6,86.6,49.01,25.46],
		"G_reference": [242.4,146.6,86.6,49.01,25.46],
		"B_reference": [242.4,146.6,86.6,49.01,25.46],
		"R_input": [148.3,115.9,79.82,48.19,25.01],
		"G_input": [147.1,115.3,79.85,48.39,26.21],
		"B_input": [152.2,117,80.81,48.87,25.56],
		"L_reference": [95.63,60.79,36.82,20.33,8.991],
		"a_reference": [0,0,0,0,0],
		"b_reference": [0,0,0,0,0],
		"L_input": [61.21,48.67,33.99,20.04,9.218],
		"a_input": [1.441,0.5422,0.1975,0.02483,-0.7387],
		"b_input": [-2.549,-0.8426,-0.578,-0.3402,0.2449],
		"x_reference": [0.3127,0.3127,0.3127,0.3127,0.3127],
		"y_reference": [0.329,0.329,0.329,0.329,0.329],
		"Y_reference": [0.8913,0.2901,0.09441,0.03073,0.01],
		"x_input": [0.3091,0.3114,0.3111,0.311,0.3102],
		"y_input": [0.321,0.3258,0.3264,0.327,0.3331],
		"Y_input": [0.2948,0.1733,0.08004,0.03,0.01027],
		"LUV_comment": "L2 is used to differentiate between the L in LAB and L in LUV.",
		"L2_reference": [805.1,262,85.28,27.75,9.033],
		"U_reference": [0.1978,0.1978,0.1978,0.1978,0.1978],
		"V_reference": [0.4683,0.4683,0.4683,0.4683,0.4683],
		"L2_input": [266.3,156.5,72.3,27.1,9.281],
		"U_input": [0.1983,0.1982,0.1977,0.1974,0.1946],
		"V_input": [0.4634,0.4664,0.4667,0.467,0.4702],
		"patch_numbers_for_all_Delta_E_C": [1,2,3,4,5],
		"Delta_E_all": [34.6,12.2,2.89,0.447,0.811],
		"Delta_C_all": [2.93,1,0.611,0.341,0.778],
		"Delta_E94_all": [34.6,12.2,2.89,0.447,0.811],
		"Delta_C94_all": [2.93,1,0.611,0.341,0.778],
		"Delta_E2000_all": [24.4,11.6,2.42,0.394,1.12],
		"Delta_C2000_all": [3.11,1.14,0.64,0.34,1.11],
		"Delta_L_all": [-34.4,-12.1,-2.83,-0.289,0.227],
		"Delta_Chroma_all": [2.93,1,0.611,0.341,0.778],
		"Delta_Hue_Distance_all": [0,0,0,0,0],
		"Delta_Hue_Degrees_all": [0,0,0,0,0],
		"sat_corr_comment": "sat_corr explained on https://www.imatest.com/docs/colorcheck/#satcorr - not recommended.",
		"Delta_C_all_sat_corr": ["_NaN_","_NaN_","_NaN_","_NaN_","_NaN_"],
		"Delta_C94_all_sat_corr": ["_NaN_","_NaN_","_NaN_","_NaN_","_NaN_"],
		"Delta_C2000_all_sat_corr": ["_NaN_","_NaN_","_NaN_","_NaN_","_NaN_"],
		"grayscale_patch_numbers": [1,2,3,4,5],
		"Delta_E": [34.6,12.2,2.89,0.447,0.811],
		"Delta_C": [2.93,1,0.611,0.341,0.778],
		"Delta_E94": [34.6,12.2,2.89,0.447,0.811],
		"Delta_C94": [2.93,1,0.611,0.341,0.778],
		"Delta_E2000": [24.4,11.6,2.42,0.394,1.12],
		"Delta_C2000": [3.11,1.14,0.64,0.34,1.11],
		"Delta_L": [-34.4,-12.1,-2.83,-0.289,0.227],
		"Delta_Chroma": [2.93,1,0.611,0.341,0.778],
		"Delta_Hue_Distance": [0,0,0,0,0],
		"Delta_Hue_Degrees": [0,0,0,0,0],
		"mean_Delta_E": [10.2],
		"mean_Delta_C": [1.13],
		"mean_Delta_E94": [10.2],
		"mean_Delta_C94": [1.13],
		"mean_Delta_E2000": [7.99],
		"mean_Delta_C2000": [1.27],
		"mean_Delta_L": [-9.89],
		"mean_Delta_Chroma": [1.13],
		"mean_Delta_Hue_Distance": [0],
		"mean_Delta_Hue_Degrees": [0],
		"mean_Delta_C_sat_corr": ["_NaN_"],
		"mean_Delta_C94_sat_corr": ["_NaN_"],
		"mean_Delta_C2000_sat_corr": ["_NaN_"],
		"max_Delta_E": [34.6],
		"max_Delta_C": [2.93],
		"max_Delta_E94": [34.6],
		"max_Delta_C94": [2.93],
		"max_Delta_E2000": [24.4],
		"max_Delta_C2000": [3.11],
		"max_Delta_L": [0.227],
		"max_Delta_Chroma": [2.93],
		"max_Delta_Hue_Distance": [0],
		"max_Delta_Hue_Degrees": [0],
		"max_Delta_C_sat_corr": ["_NaN_"],
		"max_Delta_C94_sat_corr": ["_NaN_"],
		"max_Delta_C2000_sat_corr": ["_NaN_"],
		"mean_RegionSize": [5486.2],
		"Sequence_dark_to_light": [5,4,3,2,1],
		"Patch_number": [5,4,3,2,1],
		"R_noise": [0.05209,0.03713,0.02868,0.02528,0.02455],
		"G_noise": [0.0384,0.02722,0.01664,0.01607,0.0175],
		"B_noise": [0.04346,0.03105,0.02216,0.02063,0.02034],
		"R_SNR_ratio": [1.883,5.09,10.91,17.97,23.68],
		"G_SNR_ratio": [2.677,6.971,18.81,28.14,32.95],
		"B_SNR_ratio": [2.307,6.172,14.3,22.24,29.34],
		"R_SNR_dB": [5.497,14.13,20.76,25.09,27.49],
		"G_SNR_dB": [8.552,16.87,25.49,28.99,30.36],
		"B_SNR_dB": [7.259,15.81,23.11,26.94,29.35],
		"Gb_noise": [0.03504,0.02338,0.01362,0.01376,0.0149],
		"Gb_SNR_ratio": [2.899,8.117,23.02,32.95,38.87],
		"Gb_SNR_dB": [9.245,18.19,27.24,30.36,31.79],
		"Y_f_stop_SNR_ratio": [5.219,5.965,5.974,2.797,1.553],
		"Y_f_stop_SNR_dB": [14.35,15.51,15.53,8.933,3.824],
		"quality_levels_for_DR": [
				"Low,",
				"Medium,",
				"M-H,",
				"High,"
		],
		"SigNoise_levels_for_DR": [1,0.5,0.25,0.1],
		"Dynamic_Range_f_stops": [0,5.664,3.943,0],
		"Dynamic_Range_dB": [0,34.1,23.73,0],
		"noise_ISO15739_pct": [0.2552,0.2358,0.3279,0.7961,1.191],
		"snr_ISO15739": [4.026,12.72,24.41,21.77,24.75],
		"noise_pct_ISO15739_at_13pct_Lref": [1.054],
		"snr_ISO15739_at_13pct_Lref": [23.71],
		"snr_dB_ISO15739_at_13pct_Lref": [27.5],
		"DynamicRange_at_density_2": [2106],
		"DynamicRange_total": [0],
		"DynamicRange_from_slope_OD": [1.95],
		"DynamicRange_from_slope_EV": [6.474],
		"DynamicRange_from_slope_dB": [39],
		"SNR_BW_dB_RGBY": [23.75,27.69,25.52,29.04],
		"L_noise": [4.065,2.661,1.47,1.398,1.449],
		"a_noise": [6.871,5.341,4.3,3.414,3.221],
		"b_noise": [6.104,5.008,3.847,3.327,3.08],
		"Total_Lab_noise_unwtd": [10.05,7.79,5.954,4.967,4.686],
		"Total_ab_noise_unwtd": [9.191,7.322,5.77,4.767,4.457],
		"R_minus_Y_KK_noise": [0.03904,0.03185,0.02514,0.02103,0.02058],
		"B_minus_Y_KK_noise": [0.03765,0.02904,0.02398,0.02205,0.02136],
		"Y_Kelly_Keelan_noise": [0.03504,0.02338,0.01362,0.01376,0.0149],
		"Total_KK_noise": [0.04217,0.03006,0.02031,0.01885,0.0195],
		"Chroma_KK_noise": [0.02345,0.0189,0.01506,0.01289,0.01258],
		"Total_old_iso_noise": [0.0493,0.03648,0.02611,0.02345,0.0238],
		"Y_noise_from_YUV": [0.03504,0.02338,0.01361,0.01376,0.0149],
		"U_noise_from_YUV": [0.01769,0.01365,0.01127,0.01036,0.01004],