{
	"jsonResults": {
		"dateRun": "12-May-2025 19:33:59",
		"ini_time_size": "12-May-2025 19:26:48 10505B  MD5 = a22bd16fc3ab0ce050c615a77c55d841",
		"version": "Imatest 24.2.6 Master Color/Tone Auto",
		"build": "2025-03-20",
		"image_file": "sports ball_18.0 mm_100ISO_-3EV_Dist1_OFF_Focused.tiff",
		"ColorSpace": "sRGB",
		"Reference": "Default values",
		"Ref_folder": "/usr/local/Imatest/v24.2/Master/",
		"Gamma": [0.3949],
		"patches_for_gamma_start_end": [1,5],
		"exposure_error_normalized_y_channel": [-0.259],
		"mean_camera_Saturation_Pct": ["_NaN_"],
		"mean_chroma_level_CPIQ_Pct": ["_NaN_"],
		"CPIQ_chroma_quality_loss_JND": ["_NaN_"],
		"CPIQ_exposure_quality_loss_JND": ["_NaN_"],
		"pixel_offset": [0],
		"mean_patch_size_pxls": [69,78],
		"roi_settings": "Recent ROI settings are in roi, nwid_save, nht_save, fillf, and distort (same names as ini file)",
		"roi": [3093,1811,3523,1900,3093,1904,3523,1799],
		"nwid_save": [6024],
		"nht_save": [4020],
		"fillf": [0.8],
		"distort": [0],
		"grayscale_zone": [1,2,3,4,5],
		"grayscale_minus_log_exposure": [2,1.513,1.025,0.5375,0.05],
		"grayscale_Y_reflectivity": [0.01,0.03073,0.09441,0.2901,0.8913],
		"grayscale_Y_Printer_pixel_gamma22": [33.13,55.18,91.91,153.1,255],
		"grayscale_Y_density": [0.5894,0.7121,0.9046,1.207,1.743],
		"grayscale_R_density": [0.5961,0.7202,0.9121,1.211,1.737],
		"grayscale_G_density": [0.5909,0.7126,0.906,1.209,1.752],
		"grayscale_B_density": [0.5558,0.6839,0.8698,1.17,1.687],
		"grayscale_Y_mean": [65.64,49.48,31.77,15.85,4.603],
		"grayscale_R_mean": [64.62,48.57,31.22,15.7,4.673],
		"grayscale_G_mean": [65.41,49.42,31.66,15.75,4.518],
		"grayscale_B_mean": [70.91,52.8,34.41,17.23,5.242],
		"White_Bal_error_Degrees": [956.3,769.4,824.6,596.8,616.2],
		"White_Bal_error_Mired": [-19.73,-16.28,-17.32,-12.94,-13.32],
		"White_Bal_error_S_HSV": [0.0887,0.08022,0.09282,0.08873,0.138],
		"White_Bal_error_Delta_C_ab": [3.578,2.323,2.003,0.8368,0.2958],
		"White_Bal_error_Delta_C_94": [3.578,2.323,2.003,0.8368,0.2958],
		"White_Bal_error_Delta_C_00": [3.444,2.255,1.989,0.873,0.3326],
		"n_Patch": [1,2,3,4,5],
		"n_Row": [1,1,1,1,1],
		"n_Column": [1,2,3,4,5],
		"width_pixels": [69,70,70,70,70],
		"height_pixels": [80,80,79,80,79],
		"Pixels_total": [5520,5600,5530,5600,5530],
		"R_reference": [242.4,146.6,86.6,49.01,25.46],
		"G_reference": [242.4,146.6,86.6,49.01,25.46],
		"B_reference": [242.4,146.6,86.6,49.01,25.46],
		"R_input": [64.62,48.57,31.22,15.7,4.673],
		"G_input": [65.41,49.42,31.66,15.75,4.518],
		"B_input": [70.91,52.8,34.41,17.23,5.242],
		"L_reference": [95.63,60.79,36.82,20.33,8.991],
		"a_reference": [0,0,0,0,0],
		"b_reference": [0,0,0,0,0],
		"L_input": [27.83,20.56,12.14,4.624,1.262],
		"a_input": [0.9504,0.4477,0.5071,0.2724,0.1409],
		"b_input": [-3.45,-2.279,-1.938,-0.7912,-0.26],
		"x_reference": [0.3127,0.3127,0.3127,0.3127,0.3127],
		"y_reference": [0.329,0.329,0.329,0.329,0.329],
		"Y_reference": [0.8913,0.2901,0.09441,0.03073,0.01],
		"x_input": [0.3006,0.3024,0.302,0.3049,0.3053],
		"y_input": [0.3116,0.3155,0.3138,0.3164,0.3131],
		"Y_input": [0.05393,0.0313,0.01427,0.005119,0.001397],
		"LUV_comment": "L2 is used to differentiate between the L in LAB and L in LUV.",
		"L2_reference": [805.1,262,85.28,27.75,9.033],
		"U_reference": [0.1978,0.1978,0.1978,0.1978,0.1978],
		"V_reference": [0.4683,0.4683,0.4683,0.4683,0.4683],
		"L2_input": [48.72,28.27,12.89,4.624,1.262],
		"U_input": [0.1959,0.1957,0.1961,0.1971,0.1987],
		"V_input": [0.4569,0.4594,0.4583,0.4603,0.4584],
		"patch_numbers_for_all_Delta_E_C": [1,2,3,4,5],
		"Delta_E_all": [67.9,40.3,24.8,15.7,7.73],
		"Delta_C_all": [3.58,2.32,2,0.837,0.296],
		"Delta_E94_all": [67.9,40.3,24.8,15.7,7.73],
		"Delta_C94_all": [3.58,2.32,2,0.837,0.296],
		"Delta_E2000_all": [58.3,35.8,18,10.1,4.64],
		"Delta_C2000_all": [3.44,2.26,1.99,0.873,0.333],
		"Delta_L_all": [-67.8,-40.2,-24.7,-15.7,-7.73],
		"Delta_Chroma_all": [3.58,2.32,2,0.837,0.296],
		"Delta_Hue_Distance_all": [0,0,0,0,0],
		"Delta_Hue_Degrees_all": [0,0,0,0,0],
		"sat_corr_comment": "sat_corr explained on https://www.imatest.com/docs/colorcheck/#satcorr - not recommended.",
		"Delta_C_all_sat_corr": ["_NaN_","_NaN_","_NaN_","_NaN_","_NaN_"],
		"Delta_C94_all_sat_corr": ["_NaN_","_NaN_","_NaN_","_NaN_","_NaN_"],
		"Delta_C2000_all_sat_corr": ["_NaN_","_NaN_","_NaN_","_NaN_","_NaN_"],
		"grayscale_patch_numbers": [1,2,3,4,5],
		"Delta_E": [67.9,40.3,24.8,15.7,7.73],
		"Delta_C": [3.58,2.32,2,0.837,0.296],
		"Delta_E94": [67.9,40.3,24.8,15.7,7.73],
		"Delta_C94": [3.58,2.32,2,0.837,0.296],
		"Delta_E2000": [58.3,35.8,18,10.1,4.64],
		"Delta_C2000": [3.44,2.26,1.99,0.873,0.333],
		"Delta_L": [-67.8,-40.2,-24.7,-15.7,-7.73],
		"Delta_Chroma": [3.58,2.32,2,0.837,0.296],
		"Delta_Hue_Distance": [0,0,0,0,0],
		"Delta_Hue_Degrees": [0,0,0,0,0],
		"mean_Delta_E": [31.3],
		"mean_Delta_C": [1.81],
		"mean_Delta_E94": [31.3],
		"mean_Delta_C94": [1.81],
		"mean_Delta_E2000": [25.4],
		"mean_Delta_C2000": [1.78],
		"mean_Delta_L": [-31.2],
		"mean_Delta_Chroma": [1.81],
		"mean_Delta_Hue_Distance": [0],
		"mean_Delta_Hue_Degrees": [0],
		"mean_Delta_C_sat_corr": ["_NaN_"],
		"mean_Delta_C94_sat_corr": ["_NaN_"],
		"mean_Delta_C2000_sat_corr": ["_NaN_"],
		"max_Delta_E": [67.9],
		"max_Delta_C": [3.58],
		"max_Delta_E94": [67.9],
		"max_Delta_C94": [3.58],
		"max_Delta_E2000": [58.3],
		"max_Delta_C2000": [3.44],
		"max_Delta_L": [-7.73],
		"max_Delta_Chroma": [3.58],
		"max_Delta_Hue_Distance": [0],
		"max_Delta_Hue_Degrees": [0],
		"max_Delta_C_sat_corr": ["_NaN_"],
		"max_Delta_C94_sat_corr": ["_NaN_"],
		"max_Delta_C2000_sat_corr": ["_NaN_"],
		"mean_RegionSize": [5486.2],
		"Sequence_dark_to_light": [5,4,3,2,1],
		"Patch_number": [5,4,3,2,1],
		"R_noise": [0.007616,0.009075,0.00646,0.006016,0.006024],
		"G_noise": [0.004544,0.007777,0.004372,0.004145,0.004034],
		"B_noise": [0.006387,0.007138,0.005401,0.00522,0.005154],
		"R_SNR_ratio": [2.406,6.786,18.95,31.66,42.07],
		"G_SNR_ratio": [3.9,7.942,28.4,46.75,63.59],
		"B_SNR_ratio": [3.219,9.467,24.99,39.67,53.96],
		"R_SNR_dB": [7.626,16.63,25.55,30.01,32.48],
		"G_SNR_dB": [11.82,18,29.07,33.4,36.07],
		"B_SNR_dB": [10.15,19.52,27.95,31.97,34.64],
		"Gb_noise": [0.003797,0.006616,0.003631,0.003429,0.003362],
		"Gb_SNR_ratio": [4.754,9.392,34.31,56.6,76.56],
		"Gb_SNR_dB": [13.54,19.46,30.71,35.06,37.68],
		"Y_f_stop_SNR_ratio": [11.64,11.96,11.22,4.97,7.168],
		"Y_f_stop_SNR_dB": [21.32,21.56,21,13.93,17.11],
		"quality_levels_for_DR": [
				"Low,",
				"Medium,",
				"M-H,",
				"High,"
		],
		"SigNoise_levels_for_DR": [1,0.5,0.25,0.1],
		"Dynamic_Range_f_stops": [0,0,0,3.396],
		"Dynamic_Range_dB": [0,0,0,20.44],
		"noise_ISO15739_pct": [0.05818,0.1404,0.1842,0.4182,0.5663],
		"snr_ISO15739": [2.402,3.646,7.748,7.483,9.523],
		"noise_pct_ISO15739_at_13pct_Lref": [0.5077],
		"snr_ISO15739_at_13pct_Lref": [8.715],
		"snr_dB_ISO15739_at_13pct_Lref": [18.81],
		"DynamicRange_at_density_2": [8452],
		"DynamicRange_total": [0],
		"DynamicRange_from_slope_OD": [1.95],
		"DynamicRange_from_slope_EV": [6.474],
		"DynamicRange_from_slope_dB": [39],
		"SNR_BW_dB_RGBY": [30.23,33.46,31.46,35.11],
		"L_noise": [0.2655,0.7372,0.4529,0.4007,0.3753],
		"a_noise": [0.7388,1.147,1.131,1.014,0.9384],
		"b_noise": [0.7083,1.369,1.091,1.008,0.9288],
		"Total_Lab_noise_unwtd": [1.057,1.932,1.635,1.485,1.373],
		"Total_ab_noise_unwtd": [1.024,1.786,1.572,1.43,1.32],
		"R_minus_Y_KK_noise": [0.006509,0.006881,0.005564,0.005145,0.005161],
		"B_minus_Y_KK_noise": [0.006829,0.009449,0.005886,0.005805,0.005599],
		"Y_Kelly_Keelan_noise": [0.003797,0.006616,0.003631,0.003429,0.003362],
		"Total_KK_noise": [0.005509,0.008052,0.004987,0.004702,0.004636],
		"Chroma_KK_noise": [0.003991,0.00459,0.003418,0.003217,0.003192],
		"Total_old_iso_noise": [0.007,0.0094,0.006208,0.005839,0.005776],
		"Y_noise_from_YUV": [0.003797,0.006615,0.00363,0.003428,0.003362],