{
	"jsonResults": {
		"dateRun": "12-May-2025 19:26:48",
		"ini_time_size": "12-May-2025 19:19:27 10505B  MD5 = d050baa9809748818fde1b19f94a37b4",
		"version": "Imatest 24.2.6 Master Color/Tone Auto",
		"build": "2025-03-20",
		"image_file": "sports ball_18.0 mm_100ISO_-2EV_Dist1_ON_Defocus1.tiff",
		"ColorSpace": "sRGB",
		"Reference": "Default values",
		"Ref_folder": "/usr/local/Imatest/v24.2/Master/",
		"Gamma": [0.3592],
		"patches_for_gamma_start_end": [1,5],
		"exposure_error_normalized_y_channel": [-0.229],
		"mean_camera_Saturation_Pct": ["_NaN_"],
		"mean_chroma_level_CPIQ_Pct": ["_NaN_"],
		"CPIQ_chroma_quality_loss_JND": ["_NaN_"],
		"CPIQ_exposure_quality_loss_JND": ["_NaN_"],
		"pixel_offset": [0],
		"mean_patch_size_pxls": [69,78],
		"roi_settings": "Recent ROI settings are in roi, nwid_save, nht_save, fillf, and distort (same names as ini file)",
		"roi": [3093,1811,3523,1900,3093,1904,3523,1799],
		"nwid_save": [6024],
		"nht_save": [4020],
		"fillf": [0.8],
		"distort": [0],
		"grayscale_zone": [1,2,3,4,5],
		"grayscale_minus_log_exposure": [2,1.513,1.025,0.5375,0.05],
		"grayscale_Y_reflectivity": [0.01,0.03073,0.09441,0.2901,0.8913],
		"grayscale_Y_Printer_pixel_gamma22": [33.13,55.18,91.91,153.1,255],
		"grayscale_Y_density": [0.4467,0.5616,0.7367,0.9841,1.317],
		"grayscale_R_density": [0.4474,0.5636,0.7362,0.9813,1.316],
		"grayscale_G_density": [0.4478,0.5617,0.7376,0.9851,1.317],
		"grayscale_B_density": [0.4342,0.5552,0.7293,0.9814,1.323],
		"grayscale_Y_mean": [91.16,69.97,46.75,26.45,12.28],
		"grayscale_R_mean": [91.02,69.66,46.81,26.62,12.31],
		"grayscale_G_mean": [90.94,69.96,46.65,26.39,12.29],
		"grayscale_B_mean": [93.83,71.01,47.56,26.61,12.13],
		"White_Bal_error_Degrees": [299,169.9,137.9,7.61,-66.69],
		"White_Bal_error_Mired": [-6.767,-3.92,-3.197,-0.1799,1.595],
		"White_Bal_error_S_HSV": [0.03083,0.01901,0.01899,0.008911,0.01477],
		"White_Bal_error_Delta_C_ab": [1.779,0.6882,0.6265,0.2096,0.07381],
		"White_Bal_error_Delta_C_94": [1.779,0.6882,0.6265,0.2096,0.07381],
		"White_Bal_error_Delta_C_00": [1.843,0.6883,0.6918,0.2827,0.07712],
		"n_Patch": [1,2,3,4,5],
		"n_Row": [1,1,1,1,1],
		"n_Column": [1,2,3,4,5],
		"width_pixels": [69,70,70,70,70],
		"height_pixels": [80,80,79,80,79],
		"Pixels_total": [5520,5600,5530,5600,5530],
		"R_reference": [242.4,146.6,86.6,49.01,25.46],
		"G_reference": [242.4,146.6,86.6,49.01,25.46],
		"B_reference": [242.4,146.6,86.6,49.01,25.46],
		"R_input": [91.02,69.66,46.81,26.62,12.31],
		"G_input": [90.94,69.96,46.65,26.39,12.29],
		"B_input": [93.83,71.01,47.56,26.61,12.13],
		"L_reference": [95.63,60.79,36.82,20.33,8.991],
		"a_reference": [0,0,0,0,0],
		"b_reference": [0,0,0,0,0],
		"L_input": [38.73,29.71,19.29,9.492,3.409],
		"a_input": [0.6519,0.1102,0.2848,0.1721,-0.02042],
		"b_input": [-1.655,-0.6793,-0.558,-0.1196,0.07093],
		"x_reference": [0.3127,0.3127,0.3127,0.3127,0.3127],
		"y_reference": [0.329,0.329,0.329,0.329,0.329],
		"Y_reference": [0.8913,0.2901,0.09441,0.03073,0.01],
		"x_input": [0.3086,0.3102,0.3109,0.3128,0.3138],
		"y_input": [0.322,0.3258,0.3252,0.3276,0.3306],
		"Y_input": [0.105,0.0612,0.02815,0.01061,0.003774],
		"LUV_comment": "L2 is used to differentiate between the L in LAB and L in LUV.",
		"L2_reference": [805.1,262,85.28,27.75,9.033],
		"U_reference": [0.1978,0.1978,0.1978,0.1978,0.1978],
		"V_reference": [0.4683,0.4683,0.4683,0.4683,0.4683],
		"L2_input": [94.86,55.28,25.43,9.587,3.409],
		"U_input": [0.1976,0.1973,0.198,0.1984,0.198],
		"V_input": [0.4639,0.4662,0.466,0.4676,0.4693],
		"patch_numbers_for_all_Delta_E_C": [1,2,3,4,5],
		"Delta_E_all": [56.9,31.1,17.5,10.8,5.58],
		"Delta_C_all": [1.78,0.688,0.626,0.21,0.0738],
		"Delta_E94_all": [56.9,31.1,17.5,10.8,5.58],
		"Delta_C94_all": [1.78,0.688,0.626,0.21,0.0738],
		"Delta_E2000_all": [45.6,29.6,13.3,7.13,3.38],
		"Delta_C2000_all": [1.84,0.688,0.692,0.283,0.0771],
		"Delta_L_all": [-56.9,-31.1,-17.5,-10.8,-5.58],
		"Delta_Chroma_all": [1.78,0.688,0.626,0.21,0.0738],
		"Delta_Hue_Distance_all": [0,0,0,0,0],
		"Delta_Hue_Degrees_all": [0,0,0,0,0],
		"sat_corr_comment": "sat_corr explained on https://www.imatest.com/docs/colorcheck/#satcorr - not recommended.",
		"Delta_C_all_sat_corr": ["_NaN_","_NaN_","_NaN_","_NaN_","_NaN_"],
		"Delta_C94_all_sat_corr": ["_NaN_","_NaN_","_NaN_","_NaN_","_NaN_"],
		"Delta_C2000_all_sat_corr": ["_NaN_","_NaN_","_NaN_","_NaN_","_NaN_"],
		"grayscale_patch_numbers": [1,2,3,4,5],
		"Delta_E": [56.9,31.1,17.5,10.8,5.58],
		"Delta_C": [1.78,0.688,0.626,0.21,0.0738],
		"Delta_E94": [56.9,31.1,17.5,10.8,5.58],
		"Delta_C94": [1.78,0.688,0.626,0.21,0.0738],
		"Delta_E2000": [45.6,29.6,13.3,7.13,3.38],
		"Delta_C2000": [1.84,0.688,0.692,0.283,0.0771],
		"Delta_L": [-56.9,-31.1,-17.5,-10.8,-5.58],
		"Delta_Chroma": [1.78,0.688,0.626,0.21,0.0738],
		"Delta_Hue_Distance": [0,0,0,0,0],
		"Delta_Hue_Degrees": [0,0,0,0,0],
		"mean_Delta_E": [24.4],
		"mean_Delta_C": [0.675],
		"mean_Delta_E94": [24.4],
		"mean_Delta_C94": [0.675],
		"mean_Delta_E2000": [19.8],
		"mean_Delta_C2000": [0.717],
		"mean_Delta_L": [-24.4],
		"mean_Delta_Chroma": [0.675],
		"mean_Delta_Hue_Distance": [0],
		"mean_Delta_Hue_Degrees": [0],
		"mean_Delta_C_sat_corr": ["_NaN_"],
		"mean_Delta_C94_sat_corr": ["_NaN_"],
		"mean_Delta_C2000_sat_corr": ["_NaN_"],
		"max_Delta_E": [56.9],
		"max_Delta_C": [1.78],
		"max_Delta_E94": [56.9],
		"max_Delta_C94": [1.78],
		"max_Delta_E2000": [45.6],
		"max_Delta_C2000": [1.84],
		"max_Delta_L": [-5.58],
		"max_Delta_Chroma": [1.78],
		"max_Delta_Hue_Distance": [0],
		"max_Delta_Hue_Degrees": [0],
		"max_Delta_C_sat_corr": ["_NaN_"],
		"max_Delta_C94_sat_corr": ["_NaN_"],
		"max_Delta_C2000_sat_corr": ["_NaN_"],
		"mean_RegionSize": [5486.2],
		"Sequence_dark_to_light": [5,4,3,2,1],
		"Patch_number": [5,4,3,2,1],
		"R_noise": [0.01805,0.01083,0.006237,0.006354,0.007496],
		"G_noise": [0.01831,0.009761,0.003954,0.004959,0.006317],
		"B_noise": [0.01787,0.009837,0.005062,0.005624,0.006774],
		"R_SNR_ratio": [2.675,9.641,29.43,42.99,47.62],
		"G_SNR_ratio": [2.632,10.6,46.27,55.32,56.46],
		"B_SNR_ratio": [2.661,10.61,36.85,49.51,54.32],
		"R_SNR_dB": [8.546,19.68,29.38,32.67,33.55],
		"G_SNR_dB": [8.406,20.51,33.31,34.86,35.03],
		"B_SNR_dB": [8.502,20.51,31.33,33.89,34.7],
		"Gb_noise": [0.01771,0.009114,0.003344,0.004413,0.005915],
		"Gb_SNR_ratio": [2.721,11.38,54.83,62.18,60.44],
		"Gb_SNR_dB": [8.694,21.12,34.78,35.87,35.63],
		"Y_f_stop_SNR_ratio": [8.674,12.18,15.76,4.579,1.938],
		"Y_f_stop_SNR_dB": [18.76,21.71,23.95,13.21,5.745],
		"quality_levels_for_DR": [
				"Low,",
				"Medium,",
				"M-H,",
				"High,"
		],
		"SigNoise_levels_for_DR": [1,0.5,0.25,0.1],
		"Dynamic_Range_f_stops": [0,6.39,5.03,3.621],
		"Dynamic_Range_dB": [0,38.47,30.28,21.8],
		"noise_ISO15739_pct": [0.1898,0.1348,0.1166,0.3654,0.673],
		"snr_ISO15739": [1.988,7.876,24.14,16.75,15.6],
		"noise_pct_ISO15739_at_13pct_Lref": [0.5845],
		"snr_ISO15739_at_13pct_Lref": [15.93],
		"snr_dB_ISO15739_at_13pct_Lref": [24.05],
		"DynamicRange_at_density_2": [2963],
		"DynamicRange_total": [0],
		"DynamicRange_from_slope_OD": [1.95],
		"DynamicRange_from_slope_EV": [6.474],
		"DynamicRange_from_slope_dB": [39],
		"SNR_BW_dB_RGBY": [32.03,34.18,33.09,35.19],
		"L_noise": [1.949,1.138,0.3953,0.4906,0.6298],
		"a_noise": [0.9358,1.322,0.9872,0.888,0.8256],
		"b_noise": [0.8956,1.329,0.9729,0.8905,0.8331],
		"Total_Lab_noise_unwtd": [2.34,2.193,1.441,1.35,1.331],
		"Total_ab_noise_unwtd": [1.295,1.875,1.386,1.258,1.173],
		"R_minus_Y_KK_noise": [0.007119,0.006802,0.005252,0.004861,0.004859],
		"B_minus_Y_KK_noise": [0.00746,0.007226,0.005539,0.005411,0.005293],
		"Y_Kelly_Keelan_noise": [0.01771,0.009114,0.003344,0.004413,0.005915],
		"Total_KK_noise": [0.01824,0.01003,0.004645,0.005352,0.006636],
		"Chroma_KK_noise": [0.004363,0.004184,0.003224,0.003028,0.003009],
		"Total_old_iso_noise": [0.01884,0.011,0.005809,0.006268,0.007388],