{
	"jsonResults": {
		"dateRun": "12-May-2025 19:12:16",
		"ini_time_size": "12-May-2025 19:03:19 10457B  MD5 = 312e2f7b57fe10299f216ffb289d3e9b",
		"version": "Imatest 24.2.6 Master Color/Tone Auto",
		"build": "2025-03-20",
		"image_file": "sports ball_18.0 mm_25600ISO_0EV_Dist1_ON_Focused.tiff",
		"ColorSpace": "sRGB",
		"Reference": "Default values",
		"Ref_folder": "/usr/local/Imatest/v24.2/Master/",
		"Gamma": [0.3418],
		"patches_for_gamma_start_end": [1,5],
		"exposure_error_normalized_y_channel": [0.0251],
		"mean_camera_Saturation_Pct": ["_NaN_"],
		"mean_chroma_level_CPIQ_Pct": ["_NaN_"],
		"CPIQ_chroma_quality_loss_JND": ["_NaN_"],
		"CPIQ_exposure_quality_loss_JND": ["_NaN_"],
		"pixel_offset": [0],
		"mean_patch_size_pxls": [69,78],
		"roi_settings": "Recent ROI settings are in roi, nwid_save, nht_save, fillf, and distort (same names as ini file)",
		"roi": [3093,1811,3523,1900,3093,1904,3523,1799],
		"nwid_save": [6024],
		"nht_save": [4020],
		"fillf": [0.8],
		"distort": [0],
		"grayscale_zone": [1,2,3,4,5],
		"grayscale_minus_log_exposure": [2,1.513,1.025,0.5375,0.05],
		"grayscale_Y_reflectivity": [0.01,0.03073,0.09441,0.2901,0.8913],
		"grayscale_Y_Printer_pixel_gamma22": [33.13,55.18,91.91,153.1,255],
		"grayscale_Y_density": [0.1161,0.224,0.3907,0.637,0.9121],
		"grayscale_R_density": [0.118,0.2327,0.4144,0.6314,0.7821],
		"grayscale_G_density": [0.1179,0.2235,0.3856,0.6396,0.9661],
		"grayscale_B_density": [0.09302,0.2045,0.3734,0.6285,0.8588],
		"grayscale_Y_mean": [195.2,152.2,103.7,58.82,31.22],
		"grayscale_R_mean": [194.3,149.2,98.2,59.59,42.12],
		"grayscale_G_mean": [194.4,152.4,104.9,58.47,27.57],
		"grayscale_B_mean": [205.8,159.2,107.9,59.99,35.29],
		"White_Bal_error_Degrees": [651.8,663,838.5,82.91,-1597],
		"White_Bal_error_Mired": [-14.02,-14.24,-17.58,-1.938,50.09],
		"White_Bal_error_S_HSV": [0.05594,0.06276,0.09014,0.02519,0.3455],
		"White_Bal_error_Delta_C_ab": [6.14,3.971,3.212,1.125,9.077],
		"White_Bal_error_Delta_C_94": [6.14,3.971,3.212,1.125,9.077],
		"White_Bal_error_Delta_C_00": [5.745,3.651,3.556,1.405,10.25],
		"n_Patch": [1,2,3,4,5],
		"n_Row": [1,1,1,1,1],
		"n_Column": [1,2,3,4,5],
		"width_pixels": [69,70,70,70,70],
		"height_pixels": [80,80,79,80,79],
		"Pixels_total": [5520,5600,5530,5600,5530],
		"R_reference": [242.4,146.6,86.6,49.01,25.46],
		"G_reference": [242.4,146.6,86.6,49.01,25.46],
		"B_reference": [242.4,146.6,86.6,49.01,25.46],
		"R_input": [194.3,149.2,98.2,59.59,42.12],
		"G_input": [194.4,152.4,104.9,58.47,27.57],
		"B_input": [205.8,159.2,107.9,59.99,35.29],
		"L_reference": [95.63,60.79,36.82,20.33,8.991],
		"a_reference": [0,0,0,0,0],
		"b_reference": [0,0,0,0,0],
		"L_input": [78.87,62.94,43.92,24.79,12.14],
		"a_input": [2.159,0.2047,-1.923,0.8195,8.745],
		"b_input": [-5.748,-3.966,-2.574,-0.7701,-2.432],
		"x_reference": [0.3127,0.3127,0.3127,0.3127,0.3127],
		"y_reference": [0.329,0.329,0.329,0.329,0.329],
		"Y_reference": [0.8913,0.2901,0.09441,0.03073,0.01],
		"x_input": [0.3043,0.3033,0.2997,0.312,0.3413],
		"y_input": [0.3151,0.3186,0.3224,0.3238,0.2914],
		"Y_input": [0.547,0.3152,0.1378,0.04348,0.01428],
		"LUV_comment": "L2 is used to differentiate between the L in LAB and L in LUV.",
		"L2_reference": [805.1,262,85.28,27.75,9.033],
		"U_reference": [0.1978,0.1978,0.1978,0.1978,0.1978],
		"V_reference": [0.4683,0.4683,0.4683,0.4683,0.4683],
		"L2_input": [494.1,284.7,124.5,39.28,12.9],
		"U_input": [0.1972,0.1952,0.1912,0.1994,0.2348],
		"V_input": [0.4595,0.4612,0.4628,0.4654,0.451],
		"patch_numbers_for_all_Delta_E_C": [1,2,3,4,5],
		"Delta_E_all": [17.9,4.52,7.79,4.6,9.61],
		"Delta_C_all": [6.14,3.97,3.21,1.12,9.08],
		"Delta_E94_all": [17.9,4.52,7.79,4.6,9.61],
		"Delta_C94_all": [6.14,3.97,3.21,1.12,9.08],
		"Delta_E2000_all": [12.2,4.09,7.21,3.47,10.4],
		"Delta_C2000_all": [5.74,3.65,3.56,1.4,10.3],
		"Delta_L_all": [-16.8,2.15,7.1,4.46,3.15],
		"Delta_Chroma_all": [6.14,3.97,3.21,1.12,9.08],
		"Delta_Hue_Distance_all": [0,0,0,0,0],
		"Delta_Hue_Degrees_all": [0,0,0,0,0],
		"sat_corr_comment": "sat_corr explained on https://www.imatest.com/docs/colorcheck/#satcorr - not recommended.",
		"Delta_C_all_sat_corr": ["_NaN_","_NaN_","_NaN_","_NaN_","_NaN_"],
		"Delta_C94_all_sat_corr": ["_NaN_","_NaN_","_NaN_","_NaN_","_NaN_"],
		"Delta_C2000_all_sat_corr": ["_NaN_","_NaN_","_NaN_","_NaN_","_NaN_"],
		"grayscale_patch_numbers": [1,2,3,4,5],
		"Delta_E": [17.9,4.52,7.79,4.6,9.61],
		"Delta_C": [6.14,3.97,3.21,1.12,9.08],
		"Delta_E94": [17.9,4.52,7.79,4.6,9.61],
		"Delta_C94": [6.14,3.97,3.21,1.12,9.08],
		"Delta_E2000": [12.2,4.09,7.21,3.47,10.4],
		"Delta_C2000": [5.74,3.65,3.56,1.4,10.3],
		"Delta_L": [-16.8,2.15,7.1,4.46,3.15],
		"Delta_Chroma": [6.14,3.97,3.21,1.12,9.08],
		"Delta_Hue_Distance": [0,0,0,0,0],
		"Delta_Hue_Degrees": [0,0,0,0,0],
		"mean_Delta_E": [8.87],
		"mean_Delta_C": [4.71],
		"mean_Delta_E94": [8.87],
		"mean_Delta_C94": [4.71],
		"mean_Delta_E2000": [7.49],
		"mean_Delta_C2000": [4.92],
		"mean_Delta_L": [0.0197],
		"mean_Delta_Chroma": [4.71],
		"mean_Delta_Hue_Distance": [0],
		"mean_Delta_Hue_Degrees": [0],
		"mean_Delta_C_sat_corr": ["_NaN_"],
		"mean_Delta_C94_sat_corr": ["_NaN_"],
		"mean_Delta_C2000_sat_corr": ["_NaN_"],
		"max_Delta_E": [17.9],
		"max_Delta_C": [9.08],
		"max_Delta_E94": [17.9],
		"max_Delta_C94": [9.08],
		"max_Delta_E2000": [12.2],
		"max_Delta_C2000": [10.3],
		"max_Delta_L": [7.1],
		"max_Delta_Chroma": [9.08],
		"max_Delta_Hue_Distance": [0],
		"max_Delta_Hue_Degrees": [0],
		"max_Delta_C_sat_corr": ["_NaN_"],
		"max_Delta_C94_sat_corr": ["_NaN_"],
		"max_Delta_C2000_sat_corr": ["_NaN_"],
		"mean_RegionSize": [5486.2],
		"Sequence_dark_to_light": [5,4,3,2,1],
		"Patch_number": [5,4,3,2,1],
		"R_noise": [0.1258,0.1413,0.1187,0.08365,0.0721],
		"G_noise": [0.09686,0.1037,0.07074,0.05734,0.05265],
		"B_noise": [0.1065,0.1169,0.0826,0.06357,0.05698],
		"R_SNR_ratio": [1.313,1.654,3.245,6.996,10.57],
		"G_SNR_ratio": [1.116,2.212,5.817,10.42,14.48],
		"B_SNR_ratio": [1.3,2.012,5.125,9.823,14.17],
		"R_SNR_dB": [2.368,4.37,10.22,16.9,20.48],
		"G_SNR_dB": [0.9543,6.894,15.29,20.36,23.21],
		"B_SNR_dB": [2.28,6.071,14.19,19.84,23.02],
		"Gb_noise": [0.07774,0.08285,0.05997,0.04884,0.04339],
		"Gb_SNR_ratio": [1.575,2.784,6.783,12.22,17.64],
		"Gb_SNR_dB": [3.944,8.894,16.63,21.74,24.93],
		"Y_f_stop_SNR_ratio": [2.396,2.267,1.886,1.06,0.8597],
		"Y_f_stop_SNR_dB": [7.591,7.109,5.511,0.5028,-1.313],
		"quality_levels_for_DR": [
				"Low,",
				"Medium,",
				"M-H,",
				"High,"
		],
		"SigNoise_levels_for_DR": [1,0.5,0.25,0.1],
		"Dynamic_Range_f_stops": [5.274,2.69,0,0],
		"Dynamic_Range_dB": [31.75,16.19,0,0],
		"noise_ISO15739_pct": [0.7607,1.107,1.851,3.626,4.507],
		"snr_ISO15739": [1.877,3.928,7.444,8.692,12.14],
		"noise_pct_ISO15739_at_13pct_Lref": [3.763],
		"snr_ISO15739_at_13pct_Lref": [9.227],
		"snr_dB_ISO15739_at_13pct_Lref": [19.3],
		"DynamicRange_at_density_2": [412.5],
		"DynamicRange_total": [0],
		"DynamicRange_from_slope_OD": [1.95],
		"DynamicRange_from_slope_EV": [6.474],
		"DynamicRange_from_slope_dB": [39],
		"SNR_BW_dB_RGBY": [16.11,19.39,18.5,20.79],
		"L_noise": [8.527,8.427,5.927,4.66,3.973],
		"a_noise": [18.87,20.17,14.39,10.31,9.177],
		"b_noise": [18.35,19.95,13.34,10.29,8.839],
		"Total_Lab_noise_unwtd": [27.67,29.59,20.5,15.29,13.35],
		"Total_ab_noise_unwtd": [26.32,28.37,19.63,14.56,12.74],
		"R_minus_Y_KK_noise": [0.1158,0.129,0.1011,0.06945,0.06295],
		"B_minus_Y_KK_noise": [0.116,0.1313,0.08941,0.07186,0.06468],
		"Y_Kelly_Keelan_noise": [0.07774,0.08285,0.05997,0.04884,0.04339],
		"Total_KK_noise": [0.1047,0.1141,0.08458,0.0647,0.05794],
		"Chroma_KK_noise": [0.07018,0.07847,0.05965,0.04243,0.03839],
		"Total_old_iso_noise": [0.1295,0.1424,0.1069,0.07936,0.07133],
		"Y_noise_from_YUV": [0.07773,0.08283,0.05996,0.04884,0.04339],
		"U_noise_from_YUV": [0.05449,0.06171,0.04201,0.03376,0.03039],
		"V_noise_from_YUV": [0.09044,0.1007,0.07899,0.05424,0.04916],