{
	"jsonResults": {
		"dateRun": "12-May-2025 19:33:59",
		"ini_time_size": "12-May-2025 19:26:48 10505B  MD5 = a22bd16fc3ab0ce050c615a77c55d841",
		"version": "Imatest 24.2.6 Master Color/Tone Auto",
		"build": "2025-03-20",
		"image_file": "sports ball_18.0 mm_25600ISO_-3EV_Dist1_ON_Defocus1.tiff",
		"ColorSpace": "sRGB",
		"Reference": "Default values",
		"Ref_folder": "/usr/local/Imatest/v24.2/Master/",
		"Gamma": [0.3774],
		"patches_for_gamma_start_end": [1,5],
		"exposure_error_normalized_y_channel": [-0.263],
		"mean_camera_Saturation_Pct": ["_NaN_"],
		"mean_chroma_level_CPIQ_Pct": ["_NaN_"],
		"CPIQ_chroma_quality_loss_JND": ["_NaN_"],
		"CPIQ_exposure_quality_loss_JND": ["_NaN_"],
		"pixel_offset": [0],
		"mean_patch_size_pxls": [69,78],
		"roi_settings": "Recent ROI settings are in roi, nwid_save, nht_save, fillf, and distort (same names as ini file)",
		"roi": [3093,1811,3523,1900,3093,1904,3523,1799],
		"nwid_save": [6024],
		"nht_save": [4020],
		"fillf": [0.8],
		"distort": [0],
		"grayscale_zone": [1,2,3,4,5],
		"grayscale_minus_log_exposure": [2,1.513,1.025,0.5375,0.05],
		"grayscale_Y_reflectivity": [0.01,0.03073,0.09441,0.2901,0.8913],
		"grayscale_Y_Printer_pixel_gamma22": [33.13,55.18,91.91,153.1,255],
		"grayscale_Y_density": [0.6091,0.7492,0.9331,1.072,1.137],
		"grayscale_R_density": [0.6291,0.7577,0.8325,0.9144,0.93],
		"grayscale_G_density": [0.6047,0.7483,0.9735,1.145,1.24],
		"grayscale_B_density": [0.5956,0.7331,0.8874,0.9793,1.028],
		"grayscale_Y_mean": [62.72,45.43,29.74,21.61,18.6],
		"grayscale_R_mean": [59.9,44.55,37.5,31.06,29.96],
		"grayscale_G_mean": [63.36,45.52,27.11,18.28,14.69],
		"grayscale_B_mean": [64.71,47.15,33.05,26.75,23.93],
		"White_Bal_error_Degrees": [620.7,463.7,-994.9,-1341,-2260],
		"White_Bal_error_Mired": [-13.41,-10.24,27.8,40.01,81.98],
		"White_Bal_error_S_HSV": [0.07425,0.05511,0.2771,0.4114,0.5098],
		"White_Bal_error_Delta_C_ab": [1.743,1.2,6.751,8.99,9.663],
		"White_Bal_error_Delta_C_94": [1.743,1.2,6.751,8.99,9.663],
		"White_Bal_error_Delta_C_00": [2.052,1.169,8.059,10.02,10.69],
		"n_Patch": [1,2,3,4,5],
		"n_Row": [1,1,1,1,1],
		"n_Column": [1,2,3,4,5],
		"width_pixels": [69,70,70,70,70],
		"height_pixels": [80,80,79,80,79],
		"Pixels_total": [5520,5600,5530,5600,5530],
		"R_reference": [242.4,146.6,86.6,49.01,25.46],
		"G_reference": [242.4,146.6,86.6,49.01,25.46],
		"B_reference": [242.4,146.6,86.6,49.01,25.46],
		"R_input": [59.9,44.55,37.5,31.06,29.96],
		"G_input": [63.36,45.52,27.11,18.28,14.69],
		"B_input": [64.71,47.15,33.05,26.75,23.93],
		"L_reference": [95.63,60.79,36.82,20.33,8.991],
		"a_reference": [0,0,0,0,0],
		"b_reference": [0,0,0,0,0],
		"L_input": [26.54,18.68,11.29,7.334,6.089],
		"a_input": [-1.128,-0.03659,6.411,8.342,9.179],
		"b_input": [-1.33,-1.199,-2.118,-3.35,-3.021],
		"x_reference": [0.3127,0.3127,0.3127,0.3127,0.3127],
		"y_reference": [0.329,0.329,0.329,0.329,0.329],
		"Y_reference": [0.8913,0.2901,0.09441,0.03073,0.01],
		"x_input": [0.3027,0.3058,0.332,0.3364,0.3482],
		"y_input": [0.3245,0.322,0.2979,0.278,0.2714],
		"Y_input": [0.04931,0.02671,0.01302,0.008119,0.006741],
		"LUV_comment": "L2 is used to differentiate between the L in LAB and L in LUV.",
		"L2_reference": [805.1,262,85.28,27.75,9.033],
		"U_reference": [0.1978,0.1978,0.1978,0.1978,0.1978],
		"V_reference": [0.4683,0.4683,0.4683,0.4683,0.4683],
		"L2_input": [44.54,24.13,11.76,7.334,6.089],
		"U_input": [0.1926,0.1957,0.2247,0.2376,0.2505],
		"V_input": [0.4644,0.4635,0.4536,0.4418,0.4393],
		"patch_numbers_for_all_Delta_E_C": [1,2,3,4,5],
		"Delta_E_all": [69.1,42.1,26.4,15.8,10.1],
		"Delta_C_all": [1.74,1.2,6.75,8.99,9.66],
		"Delta_E94_all": [69.1,42.1,26.4,15.8,10.1],
		"Delta_C94_all": [1.74,1.2,6.75,8.99,9.66],
		"Delta_E2000_all": [59.9,36.9,20.1,13.1,10.8],
		"Delta_C2000_all": [2.05,1.17,8.06,10,10.7],
		"Delta_L_all": [-69.1,-42.1,-25.5,-13,-2.9],
		"Delta_Chroma_all": [1.74,1.2,6.75,8.99,9.66],
		"Delta_Hue_Distance_all": [0,0,0,0,0],
		"Delta_Hue_Degrees_all": [0,0,0,0,0],
		"sat_corr_comment": "sat_corr explained on https://www.imatest.com/docs/colorcheck/#satcorr - not recommended.",
		"Delta_C_all_sat_corr": ["_NaN_","_NaN_","_NaN_","_NaN_","_NaN_"],
		"Delta_C94_all_sat_corr": ["_NaN_","_NaN_","_NaN_","_NaN_","_NaN_"],
		"Delta_C2000_all_sat_corr": ["_NaN_","_NaN_","_NaN_","_NaN_","_NaN_"],
		"grayscale_patch_numbers": [1,2,3,4,5],
		"Delta_E": [69.1,42.1,26.4,15.8,10.1],
		"Delta_C": [1.74,1.2,6.75,8.99,9.66],
		"Delta_E94": [69.1,42.1,26.4,15.8,10.1],
		"Delta_C94": [1.74,1.2,6.75,8.99,9.66],
		"Delta_E2000": [59.9,36.9,20.1,13.1,10.8],
		"Delta_C2000": [2.05,1.17,8.06,10,10.7],
		"Delta_L": [-69.1,-42.1,-25.5,-13,-2.9],
		"Delta_Chroma": [1.74,1.2,6.75,8.99,9.66],
		"Delta_Hue_Distance": [0,0,0,0,0],
		"Delta_Hue_Degrees": [0,0,0,0,0],
		"mean_Delta_E": [32.7],
		"mean_Delta_C": [5.67],
		"mean_Delta_E94": [32.7],
		"mean_Delta_C94": [5.67],
		"mean_Delta_E2000": [28.2],
		"mean_Delta_C2000": [6.4],
		"mean_Delta_L": [-30.5],
		"mean_Delta_Chroma": [5.67],
		"mean_Delta_Hue_Distance": [0],
		"mean_Delta_Hue_Degrees": [0],
		"mean_Delta_C_sat_corr": ["_NaN_"],
		"mean_Delta_C94_sat_corr": ["_NaN_"],
		"mean_Delta_C2000_sat_corr": ["_NaN_"],
		"max_Delta_E": [69.1],
		"max_Delta_C": [9.66],
		"max_Delta_E94": [69.1],
		"max_Delta_C94": [9.66],
		"max_Delta_E2000": [59.9],
		"max_Delta_C2000": [10.7],
		"max_Delta_L": [-2.9],
		"max_Delta_Chroma": [9.66],
		"max_Delta_Hue_Distance": [0],
		"max_Delta_Hue_Degrees": [0],
		"max_Delta_C_sat_corr": ["_NaN_"],
		"max_Delta_C94_sat_corr": ["_NaN_"],
		"max_Delta_C2000_sat_corr": ["_NaN_"],
		"mean_RegionSize": [5486.2],
		"Sequence_dark_to_light": [5,4,3,2,1],
		"Patch_number": [5,4,3,2,1],
		"R_noise": [0.09849,0.1024,0.1093,0.121,0.1263],
		"G_noise": [0.07067,0.07744,0.08869,0.09484,0.08535],
		"B_noise": [0.08542,0.08996,0.09911,0.1071,0.09593],
		"R_SNR_ratio": [1.193,1.19,1.346,1.444,1.86],
		"G_SNR_ratio": [0.8151,0.9257,1.199,1.882,2.911],
		"B_SNR_ratio": [1.099,1.166,1.308,1.727,2.645],
		"R_SNR_dB": [1.533,1.51,2.578,3.191,5.39],
		"G_SNR_dB": [-1.776,-0.6705,1.573,5.494,9.281],
		"B_SNR_dB": [0.8188,1.333,2.33,4.745,8.449],
		"Gb_noise": [0.0578,0.0633,0.07188,0.07641,0.06868],
		"Gb_SNR_ratio": [1.262,1.339,1.623,2.332,3.581],
		"Gb_SNR_dB": [2.021,2.533,4.205,7.354,11.08],
		"Y_f_stop_SNR_ratio": [0.6095,0.5226,0.4013,0.2131,0.1259],
		"Y_f_stop_SNR_dB": [-4.3,-5.637,-7.93,-13.43,-18],
		"quality_levels_for_DR": [
				"Low,",
				"Medium,",
				"M-H,",
				"High,"
		],
		"SigNoise_levels_for_DR": [1,0.5,0.25,0.1],
		"Dynamic_Range_f_stops": [0,0,0,0],
		"Dynamic_Range_dB": [0,0,0,0],
		"noise_ISO15739_pct": [2.275,2.884,5.137,9.53,10.5],
		"snr_ISO15739": [0.2962,0.2816,0.2534,0.2803,0.4698],
		"noise_pct_ISO15739_at_13pct_Lref": [10.19],
		"snr_ISO15739_at_13pct_Lref": [0.4091],
		"snr_dB_ISO15739_at_13pct_Lref": [-7.763],
		"DynamicRange_at_density_2": [236.4],
		"DynamicRange_total": [0],
		"DynamicRange_from_slope_OD": [1.95],
		"DynamicRange_from_slope_EV": [6.474],
		"DynamicRange_from_slope_dB": [39],
		"SNR_BW_dB_RGBY": [2.495,4.61,3.557,6.487],
		"L_noise": [6.436,7.022,7.839,8.183,7.024],
		"a_noise": [14.99,15.63,17.09,18.36,17.41],
		"b_noise": [14.36,15.66,17.06,18.68,16.29],
		"Total_Lab_noise_unwtd": [21.73,23.21,25.39,27.44,24.85],
		"Total_ab_noise_unwtd": [20.76,22.13,24.15,26.19,23.84],
		"R_minus_Y_KK_noise": [0.0885,0.0917,0.09954,0.1097,0.1143],
		"B_minus_Y_KK_noise": [0.08925,0.09684,0.107,0.1192,0.1062],
		"Y_Kelly_Keelan_noise": [0.0578,0.0633,0.07188,0.07641,0.06868],
		"Total_KK_noise": [0.07891,0.08472,0.09455,0.1022,0.09671],
		"Chroma_KK_noise": [0.05372,0.05632,0.06142,0.06787,0.06808],
		"Total_old_iso_noise": [0.09812,0.1044,0.1155,0.1257,0.122],
		"Y_noise_from_YUV": [0.0578,0.06329,0.07187,0.0764,0.06867],
		"U_noise_from_YUV": [0.04194,0.0455,0.05029,0.05601,0.04988],
		"V_noise_from_YUV": [0.06911,0.07161,0.07773,0.08564,0.08924],