{
	"jsonResults": {
		"dateRun": "13-May-2025 10:47:47",
		"ini_time_size": "13-May-2025 10:45:52 17295B  MD5 = 688547f41b96af84da2466415433daf3",
		"version": "Imatest 24.2.6 Master Color/Tone Auto",
		"build": "2025-03-20",
		"image_file": "car_55.0 mm_6400ISO_0EV_Dist1_OFF_Defocus1.tiff",
		"ColorSpace": "sRGB",
		"Reference": "Default values",
		"Ref_folder": "/usr/local/Imatest/v24.2/Master/",
		"Gamma": [0.3335],
		"patches_for_gamma_start_end": [1,5],
		"exposure_error_normalized_y_channel": [-0.0836],
		"mean_camera_Saturation_Pct": ["_NaN_"],
		"mean_chroma_level_CPIQ_Pct": ["_NaN_"],
		"CPIQ_chroma_quality_loss_JND": ["_NaN_"],
		"CPIQ_exposure_quality_loss_JND": ["_NaN_"],
		"pixel_offset": [0],
		"mean_patch_size_pxls": [201,223],
		"roi_settings": "Recent ROI settings are in roi, nwid_save, nht_save, fillf, and distort (same names as ini file)",
		"roi": [3103,1421,4362,1695,3103,1697,4362,1413],
		"nwid_save": [6024],
		"nht_save": [4020],
		"fillf": [0.8],
		"distort": [0],
		"grayscale_zone": [1,2,3,4,5],
		"grayscale_minus_log_exposure": [2,1.513,1.025,0.5375,0.05],
		"grayscale_Y_reflectivity": [0.01,0.03073,0.09441,0.2901,0.8913],
		"grayscale_Y_Printer_pixel_gamma22": [33.13,55.18,91.91,153.1,255],
		"grayscale_Y_density": [0.2001,0.3082,0.4708,0.7001,0.9829],
		"grayscale_R_density": [0.2009,0.312,0.4789,0.7169,0.9659],
		"grayscale_G_density": [0.2015,0.3079,0.4694,0.6959,0.9897],
		"grayscale_B_density": [0.1847,0.3005,0.461,0.6943,0.9681],
		"grayscale_Y_mean": [160.9,125.4,86.24,50.86,26.52],
		"grayscale_R_mean": [160.6,124.3,84.64,48.93,27.58],
		"grayscale_G_mean": [160.4,125.5,86.52,51.36,26.11],
		"grayscale_B_mean": [166.7,127.7,88.21,51.56,27.44],
		"White_Bal_error_Degrees": [398,248.2,361.2,377.2,13.19],
		"White_Bal_error_Mired": [-8.877,-5.658,-8.098,-8.439,-0.3116],
		"White_Bal_error_S_HSV": [0.03784,0.02604,0.04037,0.05091,0.05322],
		"White_Bal_error_Delta_C_ab": [3.501,1.334,1.302,1.121,1.243],
		"White_Bal_error_Delta_C_94": [3.501,1.334,1.302,1.121,1.243],
		"White_Bal_error_Delta_C_00": [3.491,1.295,1.328,1.535,1.643],
		"n_Patch": [1,2,3,4,5],
		"n_Row": [1,1,1,1,1],
		"n_Column": [1,2,3,4,5],
		"width_pixels": [202,203,202,202,202],
		"height_pixels": [225,225,225,225,225],
		"Pixels_total": [45450,45675,45450,45450,45450],
		"R_reference": [242.4,146.6,86.6,49.01,25.46],
		"G_reference": [242.4,146.6,86.6,49.01,25.46],
		"B_reference": [242.4,146.6,86.6,49.01,25.46],
		"R_input": [160.6,124.3,84.64,48.93,27.58],
		"G_input": [160.4,125.5,86.52,51.36,26.11],
		"B_input": [166.7,127.7,88.21,51.56,27.44],
		"L_reference": [95.63,60.79,36.82,20.33,8.991],
		"a_reference": [0,0,0,0,0],
		"b_reference": [0,0,0,0,0],
		"L_input": [66.19,52.56,36.67,21.19,9.53],
		"a_input": [1.295,0.003724,-0.377,-1.007,1.045],
		"b_input": [-3.253,-1.334,-1.246,-0.4927,-0.6719],
		"x_reference": [0.3127,0.3127,0.3127,0.3127,0.3127],
		"y_reference": [0.329,0.329,0.329,0.329,0.329],
		"Y_reference": [0.8913,0.2901,0.09441,0.03073,0.01],
		"x_input": [0.3074,0.309,0.3071,0.3061,0.3137],
		"y_input": [0.3199,0.325,0.3247,0.3282,0.3208],
		"Y_input": [0.3557,0.2065,0.09361,0.03295,0.01066],
		"LUV_comment": "L2 is used to differentiate between the L in LAB and L in LUV.",
		"L2_reference": [805.1,262,85.28,27.75,9.033],
		"U_reference": [0.1978,0.1978,0.1978,0.1978,0.1978],
		"V_reference": [0.4683,0.4683,0.4683,0.4683,0.4683],
		"L2_input": [321.3,186.5,84.56,29.76,9.63],
		"U_input": [0.1975,0.1967,0.1955,0.1935,0.2016],
		"V_input": [0.4626,0.4656,0.4652,0.4669,0.464],
		"patch_numbers_for_all_Delta_E_C": [1,2,3,4,5],
		"Delta_E_all": [29.6,8.33,1.31,1.41,1.35],
		"Delta_C_all": [3.5,1.33,1.3,1.12,1.24],
		"Delta_E94_all": [29.6,8.33,1.31,1.41,1.35],
		"Delta_C94_all": [3.5,1.33,1.3,1.12,1.24],
		"Delta_E2000_all": [20.5,7.7,1.33,1.65,1.68],
		"Delta_C2000_all": [3.49,1.29,1.33,1.53,1.64],
		"Delta_L_all": [-29.4,-8.22,-0.149,0.856,0.539],
		"Delta_Chroma_all": [3.5,1.33,1.3,1.12,1.24],
		"Delta_Hue_Distance_all": [0,0,0,0,0],
		"Delta_Hue_Degrees_all": [0,0,0,0,0],
		"sat_corr_comment": "sat_corr explained on https://www.imatest.com/docs/colorcheck/#satcorr - not recommended.",
		"Delta_C_all_sat_corr": ["_NaN_","_NaN_","_NaN_","_NaN_","_NaN_"],
		"Delta_C94_all_sat_corr": ["_NaN_","_NaN_","_NaN_","_NaN_","_NaN_"],
		"Delta_C2000_all_sat_corr": ["_NaN_","_NaN_","_NaN_","_NaN_","_NaN_"],
		"grayscale_patch_numbers": [1,2,3,4,5],
		"Delta_E": [29.6,8.33,1.31,1.41,1.35],
		"Delta_C": [3.5,1.33,1.3,1.12,1.24],
		"Delta_E94": [29.6,8.33,1.31,1.41,1.35],
		"Delta_C94": [3.5,1.33,1.3,1.12,1.24],
		"Delta_E2000": [20.5,7.7,1.33,1.65,1.68],
		"Delta_C2000": [3.49,1.29,1.33,1.53,1.64],
		"Delta_L": [-29.4,-8.22,-0.149,0.856,0.539],
		"Delta_Chroma": [3.5,1.33,1.3,1.12,1.24],
		"Delta_Hue_Distance": [0,0,0,0,0],
		"Delta_Hue_Degrees": [0,0,0,0,0],
		"mean_Delta_E": [8.41],
		"mean_Delta_C": [1.7],
		"mean_Delta_E94": [8.41],
		"mean_Delta_C94": [1.7],
		"mean_Delta_E2000": [6.57],
		"mean_Delta_C2000": [1.86],
		"mean_Delta_L": [-7.28],
		"mean_Delta_Chroma": [1.7],
		"mean_Delta_Hue_Distance": [0],
		"mean_Delta_Hue_Degrees": [0],
		"mean_Delta_C_sat_corr": ["_NaN_"],
		"mean_Delta_C94_sat_corr": ["_NaN_"],
		"mean_Delta_C2000_sat_corr": ["_NaN_"],
		"max_Delta_E": [29.6],
		"max_Delta_C": [3.5],
		"max_Delta_E94": [29.6],
		"max_Delta_C94": [3.5],
		"max_Delta_E2000": [20.5],
		"max_Delta_C2000": [3.49],
		"max_Delta_L": [0.856],
		"max_Delta_Chroma": [3.5],
		"max_Delta_Hue_Distance": [0],
		"max_Delta_Hue_Degrees": [0],
		"max_Delta_C_sat_corr": ["_NaN_"],
		"max_Delta_C94_sat_corr": ["_NaN_"],
		"max_Delta_C2000_sat_corr": ["_NaN_"],
		"mean_RegionSize": [45292.8],
		"Sequence_dark_to_light": [5,4,3,2,1],
		"Patch_number": [5,4,3,2,1],
		"R_noise": [0.07221,0.06993,0.05171,0.04284,0.04061],
		"G_noise": [0.05787,0.03873,0.03025,0.02777,0.02867],
		"B_noise": [0.06487,0.05054,0.03783,0.03346,0.0317],
		"R_SNR_ratio": [1.498,2.744,6.419,11.38,15.5],
		"G_SNR_ratio": [1.77,5.201,11.22,17.72,21.93],
		"B_SNR_ratio": [1.659,4,9.143,14.96,20.62],
		"R_SNR_dB": [3.51,8.768,16.15,21.12,23.81],
		"G_SNR_dB": [4.958,14.32,21,24.97,26.82],
		"B_SNR_dB": [4.396,12.04,19.22,23.5,26.28],
		"Gb_noise": [0.04998,0.03312,0.02548,0.02358,0.02488],
		"Gb_SNR_ratio": [2.081,6.023,13.27,20.85,25.36],
		"Gb_SNR_dB": [6.365,15.6,22.46,26.38,28.08],
		"Y_f_stop_SNR_ratio": [3.451,3.83,3.542,2.183,1.179],
		"Y_f_stop_SNR_dB": [10.76,11.66,10.98,6.781,1.431],
		"quality_levels_for_DR": [
				"Low,",
				"Medium,",
				"M-H,",
				"High,"
		],
		"SigNoise_levels_for_DR": [1,0.5,0.25,0.1],
		"Dynamic_Range_f_stops": [0,5.032,0,0],
		"Dynamic_Range_dB": [0,30.3,0,0],
		"noise_ISO15739_pct": [0.3788,0.3467,0.6336,1.411,2.06],
		"snr_ISO15739": [2.815,9.502,14.77,14.64,17.27],
		"noise_pct_ISO15739_at_13pct_Lref": [1.758],
		"snr_ISO15739_at_13pct_Lref": [16.04],
		"snr_dB_ISO15739_at_13pct_Lref": [24.11],
		"DynamicRange_at_density_2": [1247],
		"DynamicRange_total": [0],
		"DynamicRange_from_slope_OD": [1.95],
		"DynamicRange_from_slope_EV": [6.474],
		"DynamicRange_from_slope_dB": [39],
		"SNR_BW_dB_RGBY": [20.06,23.82,22.21,25.24],
		"L_noise": [5.541,3.68,2.689,2.358,2.386],
		"a_noise": [10.57,9.682,7.093,5.679,5.027],
		"b_noise": [10.2,9.087,6.547,5.328,4.551],
		"Total_Lab_noise_unwtd": [15.7,13.78,10.02,8.136,7.188],
		"Total_ab_noise_unwtd": [14.69,13.28,9.653,7.787,6.781],
		"R_minus_Y_KK_noise": [0.05912,0.05902,0.04411,0.03612,0.03331],
		"B_minus_Y_KK_noise": [0.06391,0.05432,0.04144,0.03586,0.03206],
		"Y_Kelly_Keelan_noise": [0.04998,0.03312,0.02548,0.02358,0.02488],
		"Total_KK_noise": [0.06191,0.04825,0.03665,0.03215,0.03192],
		"Chroma_KK_noise": [0.03653,0.03509,0.02634,0.02184,0.02],
		"Total_old_iso_noise": [0.07341,0.06163,0.04658,0.03996,0.03865],
		"Y_noise_from_YUV": [0.04998,0.03312,0.02548,0.02358,0.02488],
		"U_noise_from_YUV": [0.03003,0.02552,0.01947,0.01685,0.01507],