{
	"jsonResults": {
		"dateRun": "13-May-2025 10:47:47",
		"ini_time_size": "13-May-2025 10:45:52 17295B  MD5 = 688547f41b96af84da2466415433daf3",
		"version": "Imatest 24.2.6 Master Color/Tone Auto",
		"build": "2025-03-20",
		"image_file": "car_55.0 mm_6400ISO_0EV_Dist1_OFF_Defocus2.tiff",
		"ColorSpace": "sRGB",
		"Reference": "Default values",
		"Ref_folder": "/usr/local/Imatest/v24.2/Master/",
		"Gamma": [0.3242],
		"patches_for_gamma_start_end": [1,5],
		"exposure_error_normalized_y_channel": [-0.0905],
		"mean_camera_Saturation_Pct": ["_NaN_"],
		"mean_chroma_level_CPIQ_Pct": ["_NaN_"],
		"CPIQ_chroma_quality_loss_JND": ["_NaN_"],
		"CPIQ_exposure_quality_loss_JND": ["_NaN_"],
		"pixel_offset": [0],
		"mean_patch_size_pxls": [201,223],
		"roi_settings": "Recent ROI settings are in roi, nwid_save, nht_save, fillf, and distort (same names as ini file)",
		"roi": [3103,1421,4362,1695,3103,1697,4362,1413],
		"nwid_save": [6024],
		"nht_save": [4020],
		"fillf": [0.8],
		"distort": [0],
		"grayscale_zone": [1,2,3,4,5],
		"grayscale_minus_log_exposure": [2,1.513,1.025,0.5375,0.05],
		"grayscale_Y_reflectivity": [0.01,0.03073,0.09441,0.2901,0.8913],
		"grayscale_Y_Printer_pixel_gamma22": [33.13,55.18,91.91,153.1,255],
		"grayscale_Y_density": [0.2083,0.3151,0.4732,0.6849,0.8286],
		"grayscale_R_density": [0.2095,0.318,0.4799,0.6984,0.8226],
		"grayscale_G_density": [0.2094,0.3152,0.4722,0.6813,0.8316],
		"grayscale_B_density": [0.1937,0.3064,0.4637,0.6813,0.8174],
		"grayscale_Y_mean": [157.9,123.4,85.77,52.68,37.83],
		"grayscale_R_mean": [157.4,122.6,84.45,51.06,38.36],
		"grayscale_G_mean": [157.4,123.4,85.97,53.12,37.58],
		"grayscale_B_mean": [163.3,125.9,87.66,53.12,38.83],
		"White_Bal_error_Degrees": [383.7,257.2,329.6,283.2,121.9],
		"White_Bal_error_Mired": [-8.576,-5.856,-7.424,-6.424,-2.832],
		"White_Bal_error_S_HSV": [0.03581,0.02642,0.03662,0.03873,0.03226],
		"White_Bal_error_Delta_C_ab": [3.238,1.509,1.222,0.9414,0.9691],
		"White_Bal_error_Delta_C_94": [3.238,1.509,1.222,0.9414,0.9691],
		"White_Bal_error_Delta_C_00": [3.221,1.478,1.217,1.327,1.189],
		"n_Patch": [1,2,3,4,5],
		"n_Row": [1,1,1,1,1],
		"n_Column": [1,2,3,4,5],
		"width_pixels": [202,203,202,202,202],
		"height_pixels": [225,225,225,225,225],
		"Pixels_total": [45450,45675,45450,45450,45450],
		"R_reference": [242.4,146.6,86.6,49.01,25.46],
		"G_reference": [242.4,146.6,86.6,49.01,25.46],
		"B_reference": [242.4,146.6,86.6,49.01,25.46],
		"R_input": [157.4,122.6,84.45,51.06,38.36],
		"G_input": [157.4,123.4,85.97,53.12,37.58],
		"B_input": [163.3,125.9,87.66,53.12,38.83],
		"L_reference": [95.63,60.79,36.82,20.33,8.991],
		"a_reference": [0,0,0,0,0],
		"b_reference": [0,0,0,0,0],
		"L_input": [65.06,51.79,36.47,22.02,15.08],
		"a_input": [1.122,0.2194,-0.2398,-0.8876,0.6653],
		"b_input": [-3.037,-1.493,-1.198,-0.3137,-0.7046],
		"x_reference": [0.3127,0.3127,0.3127,0.3127,0.3127],
		"y_reference": [0.329,0.329,0.329,0.329,0.329],
		"Y_reference": [0.8913,0.2901,0.09441,0.03073,0.01],
		"x_input": [0.3075,0.3089,0.3076,0.3076,0.3115],
		"y_input": [0.3204,0.3243,0.3247,0.329,0.3229],
		"Y_input": [0.3412,0.1995,0.09255,0.03521,0.01924],
		"LUV_comment": "L2 is used to differentiate between the L in LAB and L in LUV.",
		"L2_reference": [805.1,262,85.28,27.75,9.033],
		"U_reference": [0.1978,0.1978,0.1978,0.1978,0.1978],
		"V_reference": [0.4683,0.4683,0.4683,0.4683,0.4683],
		"L2_input": [308.3,180.3,83.6,31.8,17.38],
		"U_input": [0.1974,0.197,0.1959,0.1943,0.1993],
		"V_input": [0.4629,0.4652,0.4652,0.4676,0.4648],
		"patch_numbers_for_all_Delta_E_C": [1,2,3,4,5],
		"Delta_E_all": [30.7,9.13,1.27,1.93,6.17],
		"Delta_C_all": [3.24,1.51,1.22,0.941,0.969],
		"Delta_E94_all": [30.7,9.13,1.27,1.93,6.17],
		"Delta_C94_all": [3.24,1.51,1.22,0.941,0.969],
		"Delta_E2000_all": [21.3,8.49,1.25,1.78,4.07],
		"Delta_C2000_all": [3.22,1.48,1.22,1.33,1.19],
		"Delta_L_all": [-30.6,-9,-0.348,1.69,6.09],
		"Delta_Chroma_all": [3.24,1.51,1.22,0.941,0.969],
		"Delta_Hue_Distance_all": [0,0,0,0,0],
		"Delta_Hue_Degrees_all": [0,0,0,0,0],
		"sat_corr_comment": "sat_corr explained on https://www.imatest.com/docs/colorcheck/#satcorr - not recommended.",
		"Delta_C_all_sat_corr": ["_NaN_","_NaN_","_NaN_","_NaN_","_NaN_"],
		"Delta_C94_all_sat_corr": ["_NaN_","_NaN_","_NaN_","_NaN_","_NaN_"],
		"Delta_C2000_all_sat_corr": ["_NaN_","_NaN_","_NaN_","_NaN_","_NaN_"],
		"grayscale_patch_numbers": [1,2,3,4,5],
		"Delta_E": [30.7,9.13,1.27,1.93,6.17],
		"Delta_C": [3.24,1.51,1.22,0.941,0.969],
		"Delta_E94": [30.7,9.13,1.27,1.93,6.17],
		"Delta_C94": [3.24,1.51,1.22,0.941,0.969],
		"Delta_E2000": [21.3,8.49,1.25,1.78,4.07],
		"Delta_C2000": [3.22,1.48,1.22,1.33,1.19],
		"Delta_L": [-30.6,-9,-0.348,1.69,6.09],
		"Delta_Chroma": [3.24,1.51,1.22,0.941,0.969],
		"Delta_Hue_Distance": [0,0,0,0,0],
		"Delta_Hue_Degrees": [0,0,0,0,0],
		"mean_Delta_E": [9.85],
		"mean_Delta_C": [1.58],
		"mean_Delta_E94": [9.85],
		"mean_Delta_C94": [1.58],
		"mean_Delta_E2000": [7.38],
		"mean_Delta_C2000": [1.69],
		"mean_Delta_L": [-6.43],
		"mean_Delta_Chroma": [1.58],
		"mean_Delta_Hue_Distance": [0],
		"mean_Delta_Hue_Degrees": [0],
		"mean_Delta_C_sat_corr": ["_NaN_"],
		"mean_Delta_C94_sat_corr": ["_NaN_"],
		"mean_Delta_C2000_sat_corr": ["_NaN_"],
		"max_Delta_E": [30.7],
		"max_Delta_C": [3.24],
		"max_Delta_E94": [30.7],
		"max_Delta_C94": [3.24],
		"max_Delta_E2000": [21.3],
		"max_Delta_C2000": [3.22],
		"max_Delta_L": [6.09],
		"max_Delta_Chroma": [3.24],
		"max_Delta_Hue_Distance": [0],
		"max_Delta_Hue_Degrees": [0],
		"max_Delta_C_sat_corr": ["_NaN_"],
		"max_Delta_C94_sat_corr": ["_NaN_"],
		"max_Delta_C2000_sat_corr": ["_NaN_"],
		"mean_RegionSize": [45292.8],
		"Sequence_dark_to_light": [5,4,3,2,1],
		"Patch_number": [5,4,3,2,1],
		"R_noise": [0.07081,0.06963,0.05325,0.04412,0.04189],
		"G_noise": [0.05325,0.04008,0.03084,0.02833,0.03006],
		"B_noise": [0.06133,0.05267,0.03868,0.03415,0.03435],
		"R_SNR_ratio": [2.125,2.876,6.219,10.9,14.74],
		"G_SNR_ratio": [2.767,5.198,10.93,17.08,20.54],
		"B_SNR_ratio": [2.483,3.955,8.886,14.46,18.64],
		"R_SNR_dB": [6.546,9.175,15.87,20.75,23.37],
		"G_SNR_dB": [8.841,14.32,20.77,24.65,26.25],
		"B_SNR_dB": [7.9,11.94,18.97,23.21,25.41],
		"Gb_noise": [0.04607,0.0348,0.0263,0.02464,0.02662],
		"Gb_SNR_ratio": [3.221,5.937,12.79,19.64,23.26],
		"Gb_SNR_dB": [10.16,15.47,22.14,25.86,27.33],
		"Y_f_stop_SNR_ratio": [3.132,3.542,3.257,1.668,0.7804],
		"Y_f_stop_SNR_dB": [9.916,10.98,10.26,4.442,-2.154],
		"quality_levels_for_DR": [
				"Low,",
				"Medium,",
				"M-H,",
				"High,"
		],
		"SigNoise_levels_for_DR": [1,0.5,0.25,0.1],
		"Dynamic_Range_f_stops": [5.809,4.307,0,0],
		"Dynamic_Range_dB": [34.97,25.93,0,0],
		"noise_ISO15739_pct": [0.4372,0.4305,0.6691,1.406,2.088],
		"snr_ISO15739": [4.4,8.178,13.83,14.19,16.34],
		"noise_pct_ISO15739_at_13pct_Lref": [1.823],
		"snr_ISO15739_at_13pct_Lref": [15.5],
		"snr_dB_ISO15739_at_13pct_Lref": [23.81],
		"DynamicRange_at_density_2": [1180],
		"DynamicRange_total": [0],
		"DynamicRange_from_slope_OD": [1.95],
		"DynamicRange_from_slope_EV": [6.474],
		"DynamicRange_from_slope_dB": [39],
		"SNR_BW_dB_RGBY": [19.41,23.26,21.64,24.47],
		"L_noise": [5.128,3.874,2.782,2.472,2.567],
		"a_noise": [10.22,9.595,7.214,5.642,5.099],
		"b_noise": [9.667,9.1,6.553,5.296,4.636],
		"Total_Lab_noise_unwtd": [14.97,13.78,10.14,8.124,7.354],
		"Total_ab_noise_unwtd": [14.07,13.22,9.746,7.738,6.892],
		"R_minus_Y_KK_noise": [0.05841,0.05793,0.04503,0.03622,0.03334],
		"B_minus_Y_KK_noise": [0.05998,0.05453,0.04141,0.03552,0.03254],
		"Y_Kelly_Keelan_noise": [0.04607,0.0348,0.0263,0.02464,0.02662],
		"Total_KK_noise": [0.05823,0.04908,0.03753,0.03293,0.03334],
		"Chroma_KK_noise": [0.03562,0.03461,0.02677,0.02184,0.02008],
		"Total_old_iso_noise": [0.06986,0.06192,0.04758,0.0406,0.03986],
		"Y_noise_from_YUV": [0.04606,0.0348,0.0263,0.02464,0.02662],
		"U_noise_from_YUV": [0.02818,0.02562,0.01946,0.01669,0.01529],