{
	"jsonResults": {
		"dateRun": "13-May-2025 10:47:47",
		"ini_time_size": "13-May-2025 10:45:52 17295B  MD5 = 688547f41b96af84da2466415433daf3",
		"version": "Imatest 24.2.6 Master Color/Tone Auto",
		"build": "2025-03-20",
		"image_file": "car_55.0 mm_6400ISO_-1EV_Dist1_OFF_Defocus1.tiff",
		"ColorSpace": "sRGB",
		"Reference": "Default values",
		"Ref_folder": "/usr/local/Imatest/v24.2/Master/",
		"Gamma": [0.3553],
		"patches_for_gamma_start_end": [1,5],
		"exposure_error_normalized_y_channel": [-0.188],
		"mean_camera_Saturation_Pct": ["_NaN_"],
		"mean_chroma_level_CPIQ_Pct": ["_NaN_"],
		"CPIQ_chroma_quality_loss_JND": ["_NaN_"],
		"CPIQ_exposure_quality_loss_JND": ["_NaN_"],
		"pixel_offset": [0],
		"mean_patch_size_pxls": [201,223],
		"roi_settings": "Recent ROI settings are in roi, nwid_save, nht_save, fillf, and distort (same names as ini file)",
		"roi": [3103,1421,4362,1695,3103,1697,4362,1413],
		"nwid_save": [6024],
		"nht_save": [4020],
		"fillf": [0.8],
		"distort": [0],
		"grayscale_zone": [1,2,3,4,5],
		"grayscale_minus_log_exposure": [2,1.513,1.025,0.5375,0.05],
		"grayscale_Y_reflectivity": [0.01,0.03073,0.09441,0.2901,0.8913],
		"grayscale_Y_Printer_pixel_gamma22": [33.13,55.18,91.91,153.1,255],
		"grayscale_Y_density": [0.3387,0.4522,0.6254,0.8841,1.165],
		"grayscale_R_density": [0.3413,0.4563,0.6401,0.892,1.089],
		"grayscale_G_density": [0.3399,0.4524,0.6226,0.8825,1.195],
		"grayscale_B_density": [0.3192,0.438,0.6106,0.8768,1.125],
		"grayscale_Y_mean": [116.9,90.02,60.42,33.3,17.43],
		"grayscale_R_mean": [116.2,89.17,58.41,32.7,20.77],
		"grayscale_G_mean": [116.6,89.98,60.8,33.42,16.26],
		"grayscale_B_mean": [122.3,93.02,62.51,33.87,19.14],
		"White_Bal_error_Degrees": [530.4,402.9,563.3,243.5,-434.8],
		"White_Bal_error_Mired": [-11.61,-8.979,-12.27,-5.556,11.03],
		"White_Bal_error_S_HSV": [0.04963,0.0414,0.06563,0.03433,0.2169],
		"White_Bal_error_Delta_C_ab": [3.345,1.898,1.532,0.4739,2.579],
		"White_Bal_error_Delta_C_94": [3.345,1.898,1.532,0.4739,2.579],
		"White_Bal_error_Delta_C_00": [3.279,1.854,1.616,0.5283,3.427],
		"n_Patch": [1,2,3,4,5],
		"n_Row": [1,1,1,1,1],
		"n_Column": [1,2,3,4,5],
		"width_pixels": [202,203,202,202,202],
		"height_pixels": [225,225,225,225,225],
		"Pixels_total": [45450,45675,45450,45450,45450],
		"R_reference": [242.4,146.6,86.6,49.01,25.46],
		"G_reference": [242.4,146.6,86.6,49.01,25.46],
		"B_reference": [242.4,146.6,86.6,49.01,25.46],
		"R_input": [116.2,89.17,58.41,32.7,20.77],
		"G_input": [116.6,89.98,60.8,33.42,16.26],
		"B_input": [122.3,93.02,62.51,33.87,19.14],
		"L_reference": [95.63,60.79,36.82,20.33,8.991],
		"a_reference": [0,0,0,0,0],
		"b_reference": [0,0,0,0,0],
		"L_input": [49.21,38.25,25.51,12.89,5.265],
		"a_input": [1.035,0.3364,-0.6099,-0.2214,2.39],
		"b_input": [-3.181,-1.868,-1.406,-0.419,-0.9708],
		"x_reference": [0.3127,0.3127,0.3127,0.3127,0.3127],
		"y_reference": [0.329,0.329,0.329,0.329,0.329],
		"Y_reference": [0.8913,0.2901,0.09441,0.03073,0.01],
		"x_input": [0.3056,0.3069,0.304,0.3088,0.3227],
		"y_input": [0.318,0.3216,0.3231,0.3266,0.3072],
		"Y_input": [0.1776,0.1023,0.04582,0.01544,0.005829],
		"LUV_comment": "L2 is used to differentiate between the L in LAB and L in LUV.",
		"L2_reference": [805.1,262,85.28,27.75,9.033],
		"U_reference": [0.1978,0.1978,0.1978,0.1978,0.1978],
		"V_reference": [0.4683,0.4683,0.4683,0.4683,0.4683],
		"L2_input": [160.5,92.42,41.39,13.95,5.265],
		"U_input": [0.197,0.1966,0.1939,0.196,0.2137],
		"V_input": [0.4612,0.4634,0.4638,0.4664,0.4576],
		"patch_numbers_for_all_Delta_E_C": [1,2,3,4,5],
		"Delta_E_all": [46.5,22.6,11.4,7.46,4.53],
		"Delta_C_all": [3.35,1.9,1.53,0.474,2.58],
		"Delta_E94_all": [46.5,22.6,11.4,7.46,4.53],
		"Delta_C94_all": [3.35,1.9,1.53,0.474,2.58],
		"Delta_E2000_all": [35.1,22.6,9.02,5,4.11],
		"Delta_C2000_all": [3.28,1.85,1.62,0.528,3.43],
		"Delta_L_all": [-46.4,-22.5,-11.3,-7.44,-3.73],
		"Delta_Chroma_all": [3.35,1.9,1.53,0.474,2.58],
		"Delta_Hue_Distance_all": [0,0,0,0,0],
		"Delta_Hue_Degrees_all": [0,0,0,0,0],
		"sat_corr_comment": "sat_corr explained on https://www.imatest.com/docs/colorcheck/#satcorr - not recommended.",
		"Delta_C_all_sat_corr": ["_NaN_","_NaN_","_NaN_","_NaN_","_NaN_"],
		"Delta_C94_all_sat_corr": ["_NaN_","_NaN_","_NaN_","_NaN_","_NaN_"],
		"Delta_C2000_all_sat_corr": ["_NaN_","_NaN_","_NaN_","_NaN_","_NaN_"],
		"grayscale_patch_numbers": [1,2,3,4,5],
		"Delta_E": [46.5,22.6,11.4,7.46,4.53],
		"Delta_C": [3.35,1.9,1.53,0.474,2.58],
		"Delta_E94": [46.5,22.6,11.4,7.46,4.53],
		"Delta_C94": [3.35,1.9,1.53,0.474,2.58],
		"Delta_E2000": [35.1,22.6,9.02,5,4.11],
		"Delta_C2000": [3.28,1.85,1.62,0.528,3.43],
		"Delta_L": [-46.4,-22.5,-11.3,-7.44,-3.73],
		"Delta_Chroma": [3.35,1.9,1.53,0.474,2.58],
		"Delta_Hue_Distance": [0,0,0,0,0],
		"Delta_Hue_Degrees": [0,0,0,0,0],
		"mean_Delta_E": [18.5],
		"mean_Delta_C": [1.97],
		"mean_Delta_E94": [18.5],
		"mean_Delta_C94": [1.97],
		"mean_Delta_E2000": [15.2],
		"mean_Delta_C2000": [2.14],
		"mean_Delta_L": [-18.3],
		"mean_Delta_Chroma": [1.97],
		"mean_Delta_Hue_Distance": [0],
		"mean_Delta_Hue_Degrees": [0],
		"mean_Delta_C_sat_corr": ["_NaN_"],
		"mean_Delta_C94_sat_corr": ["_NaN_"],
		"mean_Delta_C2000_sat_corr": ["_NaN_"],
		"max_Delta_E": [46.5],
		"max_Delta_C": [3.35],
		"max_Delta_E94": [46.5],
		"max_Delta_C94": [3.35],
		"max_Delta_E2000": [35.1],
		"max_Delta_C2000": [3.43],
		"max_Delta_L": [-3.73],
		"max_Delta_Chroma": [3.35],
		"max_Delta_Hue_Distance": [0],
		"max_Delta_Hue_Degrees": [0],
		"max_Delta_C_sat_corr": ["_NaN_"],
		"max_Delta_C94_sat_corr": ["_NaN_"],
		"max_Delta_C2000_sat_corr": ["_NaN_"],
		"mean_RegionSize": [45292.8],
		"Sequence_dark_to_light": [5,4,3,2,1],
		"Patch_number": [5,4,3,2,1],
		"R_noise": [0.06398,0.07147,0.0642,0.05017,0.04514],
		"G_noise": [0.04928,0.04626,0.0341,0.03028,0.02943],
		"B_noise": [0.05632,0.05911,0.04481,0.03745,0.03463],
		"R_SNR_ratio": [1.273,1.794,3.568,6.969,10.1],
		"G_SNR_ratio": [1.294,2.833,6.992,11.65,15.53],
		"B_SNR_ratio": [1.333,2.247,5.47,9.739,13.84],
		"R_SNR_dB": [2.097,5.079,11.05,16.86,20.08],
		"G_SNR_dB": [2.24,9.046,16.89,21.33,23.82],
		"B_SNR_dB": [2.494,7.031,14.76,19.77,22.83],
		"Gb_noise": [0.04171,0.0381,0.02904,0.02559,0.02514],
		"Gb_SNR_ratio": [1.639,3.428,8.159,13.8,18.24],
		"Gb_SNR_dB": [4.29,10.7,18.23,22.8,25.22],
		"Y_f_stop_SNR_ratio": [2.589,2.673,2.365,1.366,0.9214],
		"Y_f_stop_SNR_dB": [8.264,8.54,7.476,2.709,-0.7106],
		"quality_levels_for_DR": [
				"Low,",
				"Medium,",
				"M-H,",
				"High,"
		],
		"SigNoise_levels_for_DR": [1,0.5,0.25,0.1],
		"Dynamic_Range_f_stops": [6.087,3.643,0,0],
		"Dynamic_Range_dB": [36.64,21.93,0,0],
		"noise_ISO15739_pct": [0.3974,0.4921,0.8482,1.762,2.402],
		"snr_ISO15739": [1.467,3.139,5.401,5.806,7.395],
		"noise_pct_ISO15739_at_13pct_Lref": [2.181],
		"snr_ISO15739_at_13pct_Lref": [6.846],
		"snr_dB_ISO15739_at_13pct_Lref": [16.71],
		"DynamicRange_at_density_2": [1333],
		"DynamicRange_total": [0],
		"DynamicRange_from_slope_OD": [1.95],
		"DynamicRange_from_slope_EV": [6.474],
		"DynamicRange_from_slope_dB": [39],
		"SNR_BW_dB_RGBY": [16.3,20.69,18.84,22.15],
		"L_noise": [4.403,4.308,3.177,2.69,2.542],
		"a_noise": [9.326,11.11,8.739,6.907,5.994],
		"b_noise": [8.761,10.76,8.147,6.427,5.556],
		"Total_Lab_noise_unwtd": [13.53,16.05,12.36,9.81,8.559],
		"Total_ab_noise_unwtd": [12.8,15.46,11.95,9.434,8.173],
		"R_minus_Y_KK_noise": [0.05452,0.06221,0.05431,0.04257,0.03778],
		"B_minus_Y_KK_noise": [0.05747,0.06466,0.04932,0.04093,0.03698],
		"Y_Kelly_Keelan_noise": [0.04171,0.0381,0.02904,0.02559,0.02514],
		"Total_KK_noise": [0.05347,0.05384,0.04336,0.03616,0.03392],
		"Chroma_KK_noise": [0.03347,0.03805,0.0322,0.02555,0.02277],
		"Total_old_iso_noise": [0.06458,0.0678,0.05586,0.04563,0.042],
		"Y_noise_from_YUV": [0.0417,0.0381,0.02904,0.02559,0.02514],
		"U_noise_from_YUV": [0.027,0.03038,0.02317,0.01923,0.01737],