{
	"jsonResults": {
		"dateRun": "13-May-2025 10:47:47",
		"ini_time_size": "13-May-2025 10:45:52 17295B  MD5 = 688547f41b96af84da2466415433daf3",
		"version": "Imatest 24.2.6 Master Color/Tone Auto",
		"build": "2025-03-20",
		"image_file": "car_55.0 mm_25600ISO_-2EV_Dist1_OFF_Defocus1.tiff",
		"ColorSpace": "sRGB",
		"Reference": "Default values",
		"Ref_folder": "/usr/local/Imatest/v24.2/Master/",
		"Gamma": [0.4047],
		"patches_for_gamma_start_end": [1,5],
		"exposure_error_normalized_y_channel": [-0.247],
		"mean_camera_Saturation_Pct": ["_NaN_"],
		"mean_chroma_level_CPIQ_Pct": ["_NaN_"],
		"CPIQ_chroma_quality_loss_JND": ["_NaN_"],
		"CPIQ_exposure_quality_loss_JND": ["_NaN_"],
		"pixel_offset": [0],
		"mean_patch_size_pxls": [201,223],
		"roi_settings": "Recent ROI settings are in roi, nwid_save, nht_save, fillf, and distort (same names as ini file)",
		"roi": [3103,1421,4362,1695,3103,1697,4362,1413],
		"nwid_save": [6024],
		"nht_save": [4020],
		"fillf": [0.8],
		"distort": [0],
		"grayscale_zone": [1,2,3,4,5],
		"grayscale_minus_log_exposure": [2,1.513,1.025,0.5375,0.05],
		"grayscale_Y_reflectivity": [0.01,0.03073,0.09441,0.2901,0.8913],
		"grayscale_Y_Printer_pixel_gamma22": [33.13,55.18,91.91,153.1,255],
		"grayscale_Y_density": [0.5021,0.637,0.8343,1.023,1.121],
		"grayscale_R_density": [0.5093,0.6466,0.7828,0.8792,0.9375],
		"grayscale_G_density": [0.5033,0.636,0.8545,1.087,1.21],
		"grayscale_B_density": [0.4704,0.6192,0.8008,0.9429,1.012],
		"grayscale_Y_mean": [80.25,58.82,37.35,24.2,19.29],
		"grayscale_R_mean": [78.94,57.53,42.05,33.68,29.45],
		"grayscale_G_mean": [80.03,58.95,35.65,20.89,15.72],
		"grayscale_B_mean": [86.32,61.29,40.34,29.08,24.81],
		"White_Bal_error_Degrees": [941,552.6,-230.8,-1299,-1650],
		"White_Bal_error_Mired": [-19.46,-12.05,5.665,38.41,52.35],
		"White_Bal_error_S_HSV": [0.08557,0.06125,0.1522,0.3796,0.4662],
		"White_Bal_error_Delta_C_ab": [3.964,1.658,4.548,8.853,9.192],
		"White_Bal_error_Delta_C_94": [3.964,1.658,4.548,8.853,9.192],
		"White_Bal_error_Delta_C_00": [3.763,1.599,5.624,9.93,10.21],
		"n_Patch": [1,2,3,4,5],
		"n_Row": [1,1,1,1,1],
		"n_Column": [1,2,3,4,5],
		"width_pixels": [202,203,202,202,202],
		"height_pixels": [225,225,225,225,225],
		"Pixels_total": [45450,45675,45450,45450,45450],
		"R_reference": [242.4,146.6,86.6,49.01,25.46],
		"G_reference": [242.4,146.6,86.6,49.01,25.46],
		"B_reference": [242.4,146.6,86.6,49.01,25.46],
		"R_input": [78.94,57.53,42.05,33.68,29.45],
		"G_input": [80.03,58.95,35.65,20.89,15.72],
		"B_input": [86.32,61.29,40.34,29.08,24.81],
		"L_reference": [95.63,60.79,36.82,20.33,8.991],
		"a_reference": [0,0,0,0,0],
		"b_reference": [0,0,0,0,0],
		"L_input": [34.15,24.79,14.9,8.62,6.318],
		"a_input": [0.9741,-0.05498,4.078,8.264,8.551],
		"b_input": [-3.843,-1.657,-2.013,-3.174,-3.373],
		"x_reference": [0.3127,0.3127,0.3127,0.3127,0.3127],
		"y_reference": [0.329,0.329,0.329,0.329,0.329],
		"Y_reference": [0.8913,0.2901,0.09441,0.03073,0.01],
		"x_input": [0.3007,0.3046,0.3194,0.336,0.3399],
		"y_input": [0.3121,0.3208,0.307,0.2823,0.272],
		"Y_input": [0.08079,0.04349,0.01889,0.009561,0.006995],
		"LUV_comment": "L2 is used to differentiate between the L in LAB and L in LUV.",
		"L2_reference": [805.1,262,85.28,27.75,9.033],
		"U_reference": [0.1978,0.1978,0.1978,0.1978,0.1978],
		"V_reference": [0.4683,0.4683,0.4683,0.4683,0.4683],
		"L2_input": [72.98,39.28,17.07,8.636,6.318],
		"U_input": [0.1958,0.1953,0.2114,0.2352,0.2435],
		"V_input": [0.4572,0.4627,0.4571,0.4445,0.4384],
		"patch_numbers_for_all_Delta_E_C": [1,2,3,4,5],
		"Delta_E_all": [61.6,36,22.4,14.7,9.57],
		"Delta_C_all": [3.96,1.66,4.55,8.85,9.19],
		"Delta_E94_all": [61.6,36,22.4,14.7,9.57],
		"Delta_C94_all": [3.96,1.66,4.55,8.85,9.19],
		"Delta_E2000_all": [50.8,33,17.1,12.5,10.3],
		"Delta_C2000_all": [3.76,1.6,5.62,9.93,10.2],
		"Delta_L_all": [-61.5,-36,-21.9,-11.7,-2.67],
		"Delta_Chroma_all": [3.96,1.66,4.55,8.85,9.19],
		"Delta_Hue_Distance_all": [0,0,0,0,0],
		"Delta_Hue_Degrees_all": [0,0,0,0,0],
		"sat_corr_comment": "sat_corr explained on https://www.imatest.com/docs/colorcheck/#satcorr - not recommended.",
		"Delta_C_all_sat_corr": ["_NaN_","_NaN_","_NaN_","_NaN_","_NaN_"],
		"Delta_C94_all_sat_corr": ["_NaN_","_NaN_","_NaN_","_NaN_","_NaN_"],
		"Delta_C2000_all_sat_corr": ["_NaN_","_NaN_","_NaN_","_NaN_","_NaN_"],
		"grayscale_patch_numbers": [1,2,3,4,5],
		"Delta_E": [61.6,36,22.4,14.7,9.57],
		"Delta_C": [3.96,1.66,4.55,8.85,9.19],
		"Delta_E94": [61.6,36,22.4,14.7,9.57],
		"Delta_C94": [3.96,1.66,4.55,8.85,9.19],
		"Delta_E2000": [50.8,33,17.1,12.5,10.3],
		"Delta_C2000": [3.76,1.6,5.62,9.93,10.2],
		"Delta_L": [-61.5,-36,-21.9,-11.7,-2.67],
		"Delta_Chroma": [3.96,1.66,4.55,8.85,9.19],
		"Delta_Hue_Distance": [0,0,0,0,0],
		"Delta_Hue_Degrees": [0,0,0,0,0],
		"mean_Delta_E": [28.9],
		"mean_Delta_C": [5.64],
		"mean_Delta_E94": [28.9],
		"mean_Delta_C94": [5.64],
		"mean_Delta_E2000": [24.8],
		"mean_Delta_C2000": [6.22],
		"mean_Delta_L": [-26.8],
		"mean_Delta_Chroma": [5.64],
		"mean_Delta_Hue_Distance": [0],
		"mean_Delta_Hue_Degrees": [0],
		"mean_Delta_C_sat_corr": ["_NaN_"],
		"mean_Delta_C94_sat_corr": ["_NaN_"],
		"mean_Delta_C2000_sat_corr": ["_NaN_"],
		"max_Delta_E": [61.6],
		"max_Delta_C": [9.19],
		"max_Delta_E94": [61.6],
		"max_Delta_C94": [9.19],
		"max_Delta_E2000": [50.8],
		"max_Delta_C2000": [10.2],
		"max_Delta_L": [-2.67],
		"max_Delta_Chroma": [9.19],
		"max_Delta_Hue_Distance": [0],
		"max_Delta_Hue_Degrees": [0],
		"max_Delta_C_sat_corr": ["_NaN_"],
		"max_Delta_C94_sat_corr": ["_NaN_"],
		"max_Delta_C2000_sat_corr": ["_NaN_"],
		"mean_RegionSize": [45292.8],
		"Sequence_dark_to_light": [5,4,3,2,1],
		"Patch_number": [5,4,3,2,1],
		"R_noise": [0.1008,0.108,0.1198,0.1275,0.1201],
		"G_noise": [0.07325,0.08141,0.09421,0.08794,0.07448],
		"B_noise": [0.0873,0.09331,0.1044,0.1015,0.08121],
		"R_SNR_ratio": [1.145,1.223,1.376,1.769,2.577],
		"G_SNR_ratio": [0.8416,1.006,1.484,2.629,4.214],
		"B_SNR_ratio": [1.114,1.222,1.515,2.368,4.168],
		"R_SNR_dB": [1.18,1.748,2.774,4.956,8.222],
		"G_SNR_dB": [-1.498,0.05471,3.428,8.396,12.49],
		"B_SNR_dB": [0.9405,1.744,3.609,7.486,12.4],
		"Gb_noise": [0.06034,0.06617,0.07523,0.07187,0.06237],
		"Gb_SNR_ratio": [1.254,1.434,1.947,3.209,5.046],
		"Gb_SNR_dB": [1.965,3.131,5.787,10.13,14.06],
		"Y_f_stop_SNR_ratio": [0.832,0.7227,0.5572,0.3303,0.1969],
		"Y_f_stop_SNR_dB": [-1.598,-2.82,-5.08,-9.621,-14.11],
		"quality_levels_for_DR": [
				"Low,",
				"Medium,",
				"M-H,",
				"High,"
		],
		"SigNoise_levels_for_DR": [1,0.5,0.25,0.1],
		"Dynamic_Range_f_stops": [0,0,0,0],
		"Dynamic_Range_dB": [0,0,0,0],
		"noise_ISO15739_pct": [1.712,2.251,4.348,7.901,8.749],
		"snr_ISO15739": [0.4087,0.4247,0.4345,0.5504,0.9234],
		"noise_pct_ISO15739_at_13pct_Lref": [8.359],
		"snr_ISO15739_at_13pct_Lref": [0.7517],
		"snr_dB_ISO15739_at_13pct_Lref": [-2.479],
		"DynamicRange_at_density_2": [267],
		"DynamicRange_total": [0],
		"DynamicRange_from_slope_OD": [1.95],
		"DynamicRange_from_slope_EV": [6.474],
		"DynamicRange_from_slope_dB": [39],
		"SNR_BW_dB_RGBY": [4.73,7.958,6.711,9.71],
		"L_noise": [6.738,7.332,8.103,7.426,6.225],
		"a_noise": [15.15,16.51,18.5,17.65,15.32],
		"b_noise": [15,16.3,18.51,17.33,13.69],
		"Total_Lab_noise_unwtd": [22.36,24.33,27.4,25.83,21.47],
		"Total_ab_noise_unwtd": [21.32,23.2,26.17,24.73,20.54],
		"R_minus_Y_KK_noise": [0.08947,0.09724,0.1103,0.1129,0.1035],
		"B_minus_Y_KK_noise": [0.09246,0.1013,0.1171,0.112,0.08933],
		"Y_Kelly_Keelan_noise": [0.06034,0.06617,0.07523,0.07187,0.06237],
		"Total_KK_noise": [0.0814,0.089,0.1013,0.09911,0.08708],
		"Chroma_KK_noise": [0.05464,0.05951,0.06784,0.06825,0.06077],
		"Total_old_iso_noise": [0.1007,0.1099,0.1251,0.1238,0.1097],
		"Y_noise_from_YUV": [0.06033,0.06617,0.07522,0.07187,0.06237],
		"U_noise_from_YUV": [0.04344,0.0476,0.05501,0.05263,0.04197],
		"V_noise_from_YUV": [0.06987,0.07593,0.08616,0.08813,0.08085],