{
	"jsonResults": {
		"dateRun": "07-May-2025 14:40:44",
		"ini_time_size": "07-May-2025 14:39:19 9257B  MD5 = a14341ab6123ab7957ebc60cc10b57b5",
		"version": "Imatest 24.2.6 Master Color/Tone Auto",
		"build": "2025-03-20",
		"image_file": "car_55.0 mm_25600ISO_+1EV_Dist1_OFF_Defocus2.tiff",
		"ColorSpace": "sRGB",
		"Reference": "Default values",
		"Ref_folder": "/usr/local/Imatest/v24.2/Master/",
		"Gamma": [0.3123],
		"patches_for_gamma_start_end": [1,5],
		"exposure_error_normalized_y_channel": [0.12],
		"mean_camera_Saturation_Pct": ["_NaN_"],
		"mean_chroma_level_CPIQ_Pct": ["_NaN_"],
		"CPIQ_chroma_quality_loss_JND": ["_NaN_"],
		"CPIQ_exposure_quality_loss_JND": ["_NaN_"],
		"pixel_offset": [0],
		"mean_patch_size_pxls": [180,240],
		"roi_settings": "Recent ROI settings are in roi, nwid_save, nht_save, fillf, and distort (same names as ini file)",
		"roi": [3054,1405,4478,1746,3114,1746,4263,1400],
		"nwid_save": [6024],
		"nht_save": [4020],
		"fillf": [0.7],
		"distort": [0],
		"grayscale_zone": [1,2,3,4,5],
		"grayscale_minus_log_exposure": [2,1.513,1.025,0.5375,0.05],
		"grayscale_Y_reflectivity": [0.01,0.03073,0.09441,0.2901,0.8913],
		"grayscale_Y_Printer_pixel_gamma22": [33.13,55.18,91.91,153.1,255],
		"grayscale_Y_density": [0.0709,0.172,0.3242,0.5302,0.6802],
		"grayscale_R_density": [0.07283,0.1759,0.3327,0.5535,0.6678],
		"grayscale_G_density": [0.07211,0.172,0.3231,0.5238,0.6862],
		"grayscale_B_density": [0.05356,0.1612,0.3113,0.5271,0.6593],
		"grayscale_Y_mean": [216.6,171.6,120.9,75.23,53.25],
		"grayscale_R_mean": [215.6,170.1,118.5,71.29,54.8],
		"grayscale_G_mean": [216,171.6,121.2,76.34,52.53],
		"grayscale_B_mean": [225.4,175.9,124.5,75.76,55.88],
		"White_Bal_error_Degrees": [484.1,338.7,464.7,443.1,237.3],
		"White_Bal_error_Mired": [-10.66,-7.619,-10.26,-9.819,-5.42],
		"White_Bal_error_S_HSV": [0.0434,0.03348,0.04814,0.06621,0.06009],
		"White_Bal_error_Delta_C_ab": [4.945,2.433,2.2,2.209,2.492],
		"White_Bal_error_Delta_C_94": [4.945,2.433,2.2,2.209,2.492],
		"White_Bal_error_Delta_C_00": [4.707,2.324,2.121,3.061,2.967],
		"n_Patch": [1,2,3,4,5],
		"n_Row": [1,1,1,1,1],
		"n_Column": [1,2,3,4,5],
		"width_pixels": [181,181,181,181,181],
		"height_pixels": [242,243,242,243,242],
		"Pixels_total": [43802,43983,43802,43983,43802],
		"R_reference": [242.4,146.6,86.6,49.01,25.46],
		"G_reference": [242.4,146.6,86.6,49.01,25.46],
		"B_reference": [242.4,146.6,86.6,49.01,25.46],
		"R_input": [215.6,170.1,118.5,71.29,54.8],
		"G_input": [216,171.6,121.2,76.34,52.53],
		"B_input": [225.4,175.9,124.5,75.76,55.88],
		"L_reference": [95.63,60.79,36.82,20.33,8.991],
		"a_reference": [0,0,0,0,0],
		"b_reference": [0,0,0,0,0],
		"L_input": [86.56,70.21,50.78,32,22.28],
		"a_input": [1.617,0.2755,-0.3079,-2.178,1.766],
		"b_input": [-4.673,-2.417,-2.178,-0.3665,-1.758],
		"x_reference": [0.3127,0.3127,0.3127,0.3127,0.3127],
		"y_reference": [0.329,0.329,0.329,0.329,0.329],
		"Y_reference": [0.8913,0.2901,0.09441,0.03073,0.01],
		"x_input": [0.3062,0.3077,0.3057,0.3045,0.3106],
		"y_input": [0.3186,0.3231,0.3227,0.3307,0.3165],
		"Y_input": [0.6911,0.4105,0.1908,0.07085,0.03594],
		"LUV_comment": "L2 is used to differentiate between the L in LAB and L in LUV.",
		"L2_reference": [805.1,262,85.28,27.75,9.033],
		"U_reference": [0.1978,0.1978,0.1978,0.1978,0.1978],
		"V_reference": [0.4683,0.4683,0.4683,0.4683,0.4683],
		"L2_input": [624.3,370.8,172.3,64,32.46],
		"U_input": [0.1972,0.1966,0.1953,0.1915,0.2011],
		"V_input": [0.4617,0.4644,0.4639,0.468,0.4612],
		"patch_numbers_for_all_Delta_E_C": [1,2,3,4,5],
		"Delta_E_all": [10.3,9.73,14.1,11.9,13.5],
		"Delta_C_all": [4.94,2.43,2.2,2.21,2.49],
		"Delta_E94_all": [10.3,9.73,14.1,11.9,13.5],
		"Delta_C94_all": [4.94,2.43,2.2,2.21,2.49],
		"Delta_E2000_all": [7.34,8.04,13.2,9.16,9.28],
		"Delta_C2000_all": [4.71,2.32,2.12,3.06,2.97],
		"Delta_L_all": [-9.08,9.42,14,11.7,13.3],
		"Delta_Chroma_all": [4.94,2.43,2.2,2.21,2.49],
		"Delta_Hue_Distance_all": [0,0,0,0,0],
		"Delta_Hue_Degrees_all": [0,0,0,0,0],
		"sat_corr_comment": "sat_corr explained on https://www.imatest.com/docs/colorcheck/#satcorr - not recommended.",
		"Delta_C_all_sat_corr": ["_NaN_","_NaN_","_NaN_","_NaN_","_NaN_"],
		"Delta_C94_all_sat_corr": ["_NaN_","_NaN_","_NaN_","_NaN_","_NaN_"],
		"Delta_C2000_all_sat_corr": ["_NaN_","_NaN_","_NaN_","_NaN_","_NaN_"],
		"grayscale_patch_numbers": [1,2,3,4,5],
		"Delta_E": [10.3,9.73,14.1,11.9,13.5],
		"Delta_C": [4.94,2.43,2.2,2.21,2.49],
		"Delta_E94": [10.3,9.73,14.1,11.9,13.5],
		"Delta_C94": [4.94,2.43,2.2,2.21,2.49],
		"Delta_E2000": [7.34,8.04,13.2,9.16,9.28],
		"Delta_C2000": [4.71,2.32,2.12,3.06,2.97],
		"Delta_L": [-9.08,9.42,14,11.7,13.3],
		"Delta_Chroma": [4.94,2.43,2.2,2.21,2.49],
		"Delta_Hue_Distance": [0,0,0,0,0],
		"Delta_Hue_Degrees": [0,0,0,0,0],
		"mean_Delta_E": [11.9],
		"mean_Delta_C": [2.86],
		"mean_Delta_E94": [11.9],
		"mean_Delta_C94": [2.86],
		"mean_Delta_E2000": [9.4],
		"mean_Delta_C2000": [3.04],
		"mean_Delta_L": [7.85],
		"mean_Delta_Chroma": [2.86],
		"mean_Delta_Hue_Distance": [0],
		"mean_Delta_Hue_Degrees": [0],
		"mean_Delta_C_sat_corr": ["_NaN_"],
		"mean_Delta_C94_sat_corr": ["_NaN_"],
		"mean_Delta_C2000_sat_corr": ["_NaN_"],
		"max_Delta_E": [14.1],
		"max_Delta_C": [4.94],
		"max_Delta_E94": [14.1],
		"max_Delta_C94": [4.94],
		"max_Delta_E2000": [13.2],
		"max_Delta_C2000": [4.71],
		"max_Delta_L": [14],
		"max_Delta_Chroma": [4.94],
		"max_Delta_Hue_Distance": [0],
		"max_Delta_Hue_Degrees": [0],
		"max_Delta_C_sat_corr": ["_NaN_"],
		"max_Delta_C94_sat_corr": ["_NaN_"],
		"max_Delta_C2000_sat_corr": ["_NaN_"],
		"mean_RegionSize": [43693.4],
		"Sequence_dark_to_light": [5,4,3,2,1],
		"Patch_number": [5,4,3,2,1],
		"R_noise": [0.1246,0.1286,0.09025,0.07019,0.06481],
		"G_noise": [0.09662,0.0816,0.05762,0.05038,0.05216],
		"B_noise": [0.1074,0.09836,0.06476,0.05602,0.05517],
		"R_SNR_ratio": [1.725,2.173,5.151,9.502,13.05],
		"G_SNR_ratio": [2.132,3.669,8.249,13.36,16.24],
		"B_SNR_ratio": [2.041,3.02,7.541,12.32,16.02],
		"R_SNR_dB": [4.736,6.742,14.24,19.56,22.31],
		"G_SNR_dB": [6.575,11.29,18.33,22.52,24.21],
		"B_SNR_dB": [6.196,9.601,17.55,21.81,24.09],
		"Gb_noise": [0.0807,0.06954,0.04889,0.04264,0.04484],
		"Gb_SNR_ratio": [2.588,4.242,9.696,15.78,18.94],
		"Gb_SNR_dB": [8.258,12.55,19.73,23.96,25.55],
		"Y_f_stop_SNR_ratio": [2.429,2.718,2.387,1.177,0.6593],
		"Y_f_stop_SNR_dB": [7.71,8.685,7.557,1.416,-3.618],
		"quality_levels_for_DR": [
				"Low,",
				"Medium,",
				"M-H,",
				"High,"
		],
		"SigNoise_levels_for_DR": [1,0.5,0.25,0.1],
		"Dynamic_Range_f_stops": [5.224,3.544,0,0],
		"Dynamic_Range_dB": [31.45,21.33,0,0],
		"noise_ISO15739_pct": [1.101,1.252,1.866,3.752,5.489],
		"snr_ISO15739": [3.264,5.66,10.22,10.94,12.59],
		"noise_pct_ISO15739_at_13pct_Lref": [3.692],
		"snr_ISO15739_at_13pct_Lref": [10.92],
		"snr_dB_ISO15739_at_13pct_Lref": [20.76],
		"DynamicRange_at_density_2": [238.9],
		"DynamicRange_total": [0],
		"DynamicRange_from_slope_OD": [1.95],
		"DynamicRange_from_slope_EV": [6.474],
		"DynamicRange_from_slope_dB": [39],
		"SNR_BW_dB_RGBY": [17.95,20.83,19.91,22.28],
		"L_noise": [8.593,7.062,4.828,4.02,4.068],
		"a_noise": [17.54,16.23,11.39,8.82,7.822],
		"b_noise": [17.52,15.65,10.39,8.388,7.32],
		"Total_Lab_noise_unwtd": [26.24,23.63,16.16,12.82,11.46],
		"Total_ab_noise_unwtd": [24.79,22.55,15.42,12.17,10.71],
		"R_minus_Y_KK_noise": [0.1083,0.1091,0.0766,0.05946,0.05376],
		"B_minus_Y_KK_noise": [0.112,0.1024,0.06999,0.05979,0.05445],
		"Y_Kelly_Keelan_noise": [0.0807,0.06954,0.04889,0.04264,0.04484],
		"Total_KK_noise": [0.1043,0.09531,0.06677,0.05585,0.05548],
		"Chroma_KK_noise": [0.06615,0.06517,0.04548,0.03607,0.03267],
		"Total_old_iso_noise": [0.1266,0.1189,0.08324,0.06821,0.06584],
		"Y_noise_from_YUV": [0.0807,0.06954,0.04888,0.04264,0.04484],
		"U_noise_from_YUV": [0.05261,0.04813,0.03288,0.02809,0.02559],
		"V_noise_from_YUV": [0.08457,0.08523,0.05982,0.04643,0.04198],