{
	"jsonResults": {
		"dateRun": "13-May-2025 10:47:47",
		"ini_time_size": "13-May-2025 10:45:52 17295B  MD5 = 688547f41b96af84da2466415433daf3",
		"version": "Imatest 24.2.6 Master Color/Tone Auto",
		"build": "2025-03-20",
		"image_file": "car_55.0 mm_1600ISO_-1EV_Dist1_ON_Defocus1.tiff",
		"ColorSpace": "sRGB",
		"Reference": "Default values",
		"Ref_folder": "/usr/local/Imatest/v24.2/Master/",
		"Gamma": [0.3388],
		"patches_for_gamma_start_end": [1,5],
		"exposure_error_normalized_y_channel": [-0.155],
		"mean_camera_Saturation_Pct": ["_NaN_"],
		"mean_chroma_level_CPIQ_Pct": ["_NaN_"],
		"CPIQ_chroma_quality_loss_JND": ["_NaN_"],
		"CPIQ_exposure_quality_loss_JND": ["_NaN_"],
		"pixel_offset": [0],
		"mean_patch_size_pxls": [201,223],
		"roi_settings": "Recent ROI settings are in roi, nwid_save, nht_save, fillf, and distort (same names as ini file)",
		"roi": [3103,1421,4362,1695,3103,1697,4362,1413],
		"nwid_save": [6024],
		"nht_save": [4020],
		"fillf": [0.8],
		"distort": [0],
		"grayscale_zone": [1,2,3,4,5],
		"grayscale_minus_log_exposure": [2,1.513,1.025,0.5375,0.05],
		"grayscale_Y_reflectivity": [0.01,0.03073,0.09441,0.2901,0.8913],
		"grayscale_Y_Printer_pixel_gamma22": [33.13,55.18,91.91,153.1,255],
		"grayscale_Y_density": [0.2845,0.3947,0.5599,0.7945,1.093],
		"grayscale_R_density": [0.2825,0.3946,0.5616,0.7996,1.089],
		"grayscale_G_density": [0.2866,0.3955,0.5603,0.7938,1.095],
		"grayscale_B_density": [0.2704,0.3872,0.5506,0.7861,1.079],
		"grayscale_Y_mean": [132.4,102.8,70.25,40.93,20.6],
		"grayscale_R_mean": [133.1,102.8,69.98,40.46,20.77],
		"grayscale_G_mean": [131.8,102.6,70.18,41,20.48],
		"grayscale_B_mean": [136.8,104.6,71.76,41.73,21.25],
		"White_Bal_error_Degrees": [301.7,168.8,228.7,237.6,164.7],
		"White_Bal_error_Mired": [-6.823,-3.894,-5.23,-5.425,-3.803],
		"White_Bal_error_S_HSV": [0.03652,0.01893,0.02483,0.03049,0.03602],
		"White_Bal_error_Delta_C_ab": [2.92,1.198,1.021,0.5713,0.5401],
		"White_Bal_error_Delta_C_94": [2.92,1.198,1.021,0.5713,0.5401],
		"White_Bal_error_Delta_C_00": [3.111,1.282,1.04,0.5685,0.6296],
		"n_Patch": [1,2,3,4,5],
		"n_Row": [1,1,1,1,1],
		"n_Column": [1,2,3,4,5],
		"width_pixels": [202,203,202,202,202],
		"height_pixels": [225,225,225,225,225],
		"Pixels_total": [45450,45675,45450,45450,45450],
		"R_reference": [242.4,146.6,86.6,49.01,25.46],
		"G_reference": [242.4,146.6,86.6,49.01,25.46],
		"B_reference": [242.4,146.6,86.6,49.01,25.46],
		"R_input": [133.1,102.8,69.98,40.46,20.77],
		"G_input": [131.8,102.6,70.18,41,20.48],
		"B_input": [136.8,104.6,71.76,41.73,21.25],
		"L_reference": [95.63,60.79,36.82,20.33,8.991],
		"a_reference": [0,0,0,0,0],
		"b_reference": [0,0,0,0,0],
		"L_input": [55.33,43.5,29.83,16.56,6.589],
		"a_input": [1.461,0.495,0.2718,-0.06451,0.3049],
		"b_input": [-2.529,-1.091,-0.9842,-0.5676,-0.4459],
		"x_reference": [0.3127,0.3127,0.3127,0.3127,0.3127],
		"y_reference": [0.329,0.329,0.329,0.329,0.329],
		"Y_reference": [0.8913,0.2901,0.09441,0.03073,0.01],
		"x_input": [0.3089,0.3104,0.3094,0.309,0.3107],
		"y_input": [0.3204,0.3247,0.3242,0.3256,0.3234],
		"Y_input": [0.2325,0.135,0.06169,0.02211,0.007295],
		"LUV_comment": "L2 is used to differentiate between the L in LAB and L in LUV.",
		"L2_reference": [805.1,262,85.28,27.75,9.033],
		"U_reference": [0.1978,0.1978,0.1978,0.1978,0.1978],
		"V_reference": [0.4683,0.4683,0.4683,0.4683,0.4683],
		"L2_input": [210,121.9,55.72,19.97,6.589],
		"U_input": [0.1984,0.1978,0.1973,0.1966,0.1985],
		"V_input": [0.4631,0.4657,0.4653,0.4659,0.465],
		"patch_numbers_for_all_Delta_E_C": [1,2,3,4,5],
		"Delta_E_all": [40.4,17.3,7.06,3.82,2.46],
		"Delta_C_all": [2.92,1.2,1.02,0.571,0.54],
		"Delta_E94_all": [40.4,17.3,7.06,3.82,2.46],
		"Delta_C94_all": [2.92,1.2,1.02,0.571,0.54],
		"Delta_E2000_all": [29.4,17.1,5.72,2.63,1.6],
		"Delta_C2000_all": [3.11,1.28,1.04,0.568,0.63],
		"Delta_L_all": [-40.3,-17.3,-6.98,-3.77,-2.4],
		"Delta_Chroma_all": [2.92,1.2,1.02,0.571,0.54],
		"Delta_Hue_Distance_all": [0,0,0,0,0],
		"Delta_Hue_Degrees_all": [0,0,0,0,0],
		"sat_corr_comment": "sat_corr explained on https://www.imatest.com/docs/colorcheck/#satcorr - not recommended.",
		"Delta_C_all_sat_corr": ["_NaN_","_NaN_","_NaN_","_NaN_","_NaN_"],
		"Delta_C94_all_sat_corr": ["_NaN_","_NaN_","_NaN_","_NaN_","_NaN_"],
		"Delta_C2000_all_sat_corr": ["_NaN_","_NaN_","_NaN_","_NaN_","_NaN_"],
		"grayscale_patch_numbers": [1,2,3,4,5],
		"Delta_E": [40.4,17.3,7.06,3.82,2.46],
		"Delta_C": [2.92,1.2,1.02,0.571,0.54],
		"Delta_E94": [40.4,17.3,7.06,3.82,2.46],
		"Delta_C94": [2.92,1.2,1.02,0.571,0.54],
		"Delta_E2000": [29.4,17.1,5.72,2.63,1.6],
		"Delta_C2000": [3.11,1.28,1.04,0.568,0.63],
		"Delta_L": [-40.3,-17.3,-6.98,-3.77,-2.4],
		"Delta_Chroma": [2.92,1.2,1.02,0.571,0.54],
		"Delta_Hue_Distance": [0,0,0,0,0],
		"Delta_Hue_Degrees": [0,0,0,0,0],
		"mean_Delta_E": [14.2],
		"mean_Delta_C": [1.25],
		"mean_Delta_E94": [14.2],
		"mean_Delta_C94": [1.25],
		"mean_Delta_E2000": [11.3],
		"mean_Delta_C2000": [1.33],
		"mean_Delta_L": [-14.2],
		"mean_Delta_Chroma": [1.25],
		"mean_Delta_Hue_Distance": [0],
		"mean_Delta_Hue_Degrees": [0],
		"mean_Delta_C_sat_corr": ["_NaN_"],
		"mean_Delta_C94_sat_corr": ["_NaN_"],
		"mean_Delta_C2000_sat_corr": ["_NaN_"],
		"max_Delta_E": [40.4],
		"max_Delta_C": [2.92],
		"max_Delta_E94": [40.4],
		"max_Delta_C94": [2.92],
		"max_Delta_E2000": [29.4],
		"max_Delta_C2000": [3.11],
		"max_Delta_L": [-2.4],
		"max_Delta_Chroma": [2.92],
		"max_Delta_Hue_Distance": [0],
		"max_Delta_Hue_Degrees": [0],
		"max_Delta_C_sat_corr": ["_NaN_"],
		"max_Delta_C94_sat_corr": ["_NaN_"],
		"max_Delta_C2000_sat_corr": ["_NaN_"],
		"mean_RegionSize": [45292.8],
		"Sequence_dark_to_light": [5,4,3,2,1],
		"Patch_number": [5,4,3,2,1],
		"R_noise": [0.04951,0.03803,0.02903,0.02678,0.02661],
		"G_noise": [0.03857,0.02258,0.0176,0.0173,0.01913],
		"B_noise": [0.04364,0.02907,0.02283,0.02174,0.02268],
		"R_SNR_ratio": [1.645,4.171,9.453,15.05,19.61],
		"G_SNR_ratio": [2.082,7.119,15.64,23.25,27.02],
		"B_SNR_ratio": [1.909,5.629,12.33,18.86,23.66],
		"R_SNR_dB": [4.324,12.41,19.51,23.55,25.85],
		"G_SNR_dB": [6.371,17.05,23.88,27.33,28.63],
		"B_SNR_dB": [5.617,15.01,21.82,25.51,27.48],
		"Gb_noise": [0.03484,0.01957,0.0147,0.01478,0.01706],
		"Gb_SNR_ratio": [2.319,8.202,18.74,27.26,30.44],
		"Gb_SNR_dB": [7.305,18.28,25.45,28.71,29.67],
		"Y_f_stop_SNR_ratio": [4.212,5.093,5.091,3.071,1.413],
		"Y_f_stop_SNR_dB": [12.49,14.14,14.14,9.746,3.006],
		"quality_levels_for_DR": [
				"Low,",
				"Medium,",
				"M-H,",
				"High,"
		],
		"SigNoise_levels_for_DR": [1,0.5,0.25,0.1],
		"Dynamic_Range_f_stops": [0,5.598,3.911,0],
		"Dynamic_Range_dB": [0,33.7,23.54,0],
		"noise_ISO15739_pct": [0.2701,0.2098,0.375,0.9046,1.442],
		"snr_ISO15739": [2.701,10.54,16.45,14.92,16.12],
		"noise_pct_ISO15739_at_13pct_Lref": [1.268],
		"snr_ISO15739_at_13pct_Lref": [15.73],
		"snr_dB_ISO15739_at_13pct_Lref": [23.94],
		"DynamicRange_at_density_2": [2029],
		"DynamicRange_total": [0],
		"DynamicRange_from_slope_OD": [1.95],
		"DynamicRange_from_slope_EV": [6.474],
		"DynamicRange_from_slope_dB": [39],
		"SNR_BW_dB_RGBY": [22.54,26.34,24.35,27.7],
		"L_noise": [3.86,2.306,1.621,1.534,1.7],
		"a_noise": [6.21,5.688,4.334,3.687,3.316],
		"b_noise": [5.835,5.447,4.103,3.531,3.212],
		"Total_Lab_noise_unwtd": [9.355,8.207,6.185,5.331,4.919],
		"Total_ab_noise_unwtd": [8.521,7.876,5.968,5.105,4.616],
		"R_minus_Y_KK_noise": [0.03711,0.03143,0.02484,0.02241,0.02073],
		"B_minus_Y_KK_noise": [0.03898,0.03083,0.02501,0.02293,0.02184],
		"Y_Kelly_Keelan_noise": [0.03484,0.01957,0.0147,0.01478,0.01706],
		"Total_KK_noise": [0.04161,0.02725,0.02106,0.02012,0.02128],
		"Chroma_KK_noise": [0.02276,0.01895,0.01507,0.01365,0.01272],
		"Total_old_iso_noise": [0.04835,0.03417,0.02667,0.02498,0.02535],
		"Y_noise_from_YUV": [0.03483,0.01957,0.0147,0.01478,0.01706],
		"U_noise_from_YUV": [0.01832,0.01449,0.01175,0.01077,0.01026],