{
	"jsonResults": {
		"dateRun": "13-May-2025 10:47:47",
		"ini_time_size": "13-May-2025 10:45:52 17295B  MD5 = 688547f41b96af84da2466415433daf3",
		"version": "Imatest 24.2.6 Master Color/Tone Auto",
		"build": "2025-03-20",
		"image_file": "car_55.0 mm_6400ISO_-3EV_Dist1_ON_Defocus1.tiff",
		"ColorSpace": "sRGB",
		"Reference": "Default values",
		"Ref_folder": "/usr/local/Imatest/v24.2/Master/",
		"Gamma": [0.4452],
		"patches_for_gamma_start_end": [1,5],
		"exposure_error_normalized_y_channel": [-0.265],
		"mean_camera_Saturation_Pct": ["_NaN_"],
		"mean_chroma_level_CPIQ_Pct": ["_NaN_"],
		"CPIQ_chroma_quality_loss_JND": ["_NaN_"],
		"CPIQ_exposure_quality_loss_JND": ["_NaN_"],
		"pixel_offset": [0],
		"mean_patch_size_pxls": [201,223],
		"roi_settings": "Recent ROI settings are in roi, nwid_save, nht_save, fillf, and distort (same names as ini file)",
		"roi": [3103,1421,4362,1695,3103,1697,4362,1413],
		"nwid_save": [6024],
		"nht_save": [4020],
		"fillf": [0.8],
		"distort": [0],
		"grayscale_zone": [1,2,3,4,5],
		"grayscale_minus_log_exposure": [2,1.513,1.025,0.5375,0.05],
		"grayscale_Y_reflectivity": [0.01,0.03073,0.09441,0.2901,0.8913],
		"grayscale_Y_Printer_pixel_gamma22": [33.13,55.18,91.91,153.1,255],
		"grayscale_Y_density": [0.6253,0.7618,0.9788,1.258,1.436],
		"grayscale_R_density": [0.6302,0.7743,0.9655,1.137,1.223],
		"grayscale_G_density": [0.6254,0.759,0.984,1.309,1.544],
		"grayscale_B_density": [0.6104,0.7535,0.9682,1.191,1.314],
		"grayscale_Y_mean": [60.43,44.13,26.77,14.09,9.355],
		"grayscale_R_mean": [59.75,42.87,27.61,18.62,15.27],
		"grayscale_G_mean": [60.42,44.42,26.46,12.5,7.292],
		"grayscale_B_mean": [62.54,44.98,27.44,16.42,12.38],
		"White_Bal_error_Degrees": [405.7,352.5,-5.496,-726.1,-1376],
		"White_Bal_error_Mired": [-9.039,-7.914,0.1302,19.35,41.32],
		"White_Bal_error_S_HSV": [0.04463,0.04682,0.04176,0.3283,0.5224],
		"White_Bal_error_Delta_C_ab": [1.422,0.8172,0.9396,3.044,3.253],
		"White_Bal_error_Delta_C_94": [1.422,0.8172,0.9396,3.044,3.253],
		"White_Bal_error_Delta_C_00": [1.395,0.9978,1.263,3.995,4.248],
		"n_Patch": [1,2,3,4,5],
		"n_Row": [1,1,1,1,1],
		"n_Column": [1,2,3,4,5],
		"width_pixels": [202,203,202,202,202],
		"height_pixels": [225,225,225,225,225],
		"Pixels_total": [45450,45675,45450,45450,45450],
		"R_reference": [242.4,146.6,86.6,49.01,25.46],
		"G_reference": [242.4,146.6,86.6,49.01,25.46],
		"B_reference": [242.4,146.6,86.6,49.01,25.46],
		"R_input": [59.75,42.87,27.61,18.62,15.27],
		"G_input": [60.42,44.42,26.46,12.5,7.292],
		"B_input": [62.54,44.98,27.44,16.42,12.38],
		"L_reference": [95.63,60.79,36.82,20.33,8.991],
		"a_reference": [0,0,0,0,0],
		"b_reference": [0,0,0,0,0],
		"L_input": [25.51,18.07,9.655,4.052,2.616],
		"a_input": [0.2048,-0.5469,0.8042,2.828,3.032],
		"b_input": [-1.407,-0.6072,-0.4858,-1.126,-1.179],
		"x_reference": [0.3127,0.3127,0.3127,0.3127,0.3127],
		"y_reference": [0.329,0.329,0.329,0.329,0.329],
		"Y_reference": [0.8913,0.2901,0.09441,0.03073,0.01],
		"x_input": [0.3069,0.3069,0.3137,0.3278,0.3369],
		"y_input": [0.3218,0.3265,0.323,0.2969,0.2794],
		"Y_input": [0.04583,0.02533,0.01082,0.004486,0.002896],
		"LUV_comment": "L2 is used to differentiate between the L in LAB and L in LUV.",
		"L2_reference": [805.1,262,85.28,27.75,9.033],
		"U_reference": [0.1978,0.1978,0.1978,0.1978,0.1978],
		"V_reference": [0.4683,0.4683,0.4683,0.4683,0.4683],
		"L2_input": [41.39,22.88,9.772,4.052,2.616],
		"U_input": [0.1965,0.1947,0.2008,0.222,0.2373],
		"V_input": [0.4635,0.4661,0.4652,0.4523,0.4428],
		"patch_numbers_for_all_Delta_E_C": [1,2,3,4,5],
		"Delta_E_all": [70.1,42.7,27.2,16.6,7.16],
		"Delta_C_all": [1.42,0.817,0.94,3.04,3.25],
		"Delta_E94_all": [70.1,42.7,27.2,16.6,7.16],
		"Delta_C94_all": [1.42,0.817,0.94,3.04,3.25],
		"Delta_E2000_all": [61.2,37.3,19.5,11.2,5.73],
		"Delta_C2000_all": [1.4,0.998,1.26,3.99,4.25],
		"Delta_L_all": [-70.1,-42.7,-27.2,-16.3,-6.38],
		"Delta_Chroma_all": [1.42,0.817,0.94,3.04,3.25],
		"Delta_Hue_Distance_all": [0,0,0,0,0],
		"Delta_Hue_Degrees_all": [0,0,0,0,0],
		"sat_corr_comment": "sat_corr explained on https://www.imatest.com/docs/colorcheck/#satcorr - not recommended.",
		"Delta_C_all_sat_corr": ["_NaN_","_NaN_","_NaN_","_NaN_","_NaN_"],
		"Delta_C94_all_sat_corr": ["_NaN_","_NaN_","_NaN_","_NaN_","_NaN_"],
		"Delta_C2000_all_sat_corr": ["_NaN_","_NaN_","_NaN_","_NaN_","_NaN_"],
		"grayscale_patch_numbers": [1,2,3,4,5],
		"Delta_E": [70.1,42.7,27.2,16.6,7.16],
		"Delta_C": [1.42,0.817,0.94,3.04,3.25],
		"Delta_E94": [70.1,42.7,27.2,16.6,7.16],
		"Delta_C94": [1.42,0.817,0.94,3.04,3.25],
		"Delta_E2000": [61.2,37.3,19.5,11.2,5.73],
		"Delta_C2000": [1.4,0.998,1.26,3.99,4.25],
		"Delta_L": [-70.1,-42.7,-27.2,-16.3,-6.38],
		"Delta_Chroma": [1.42,0.817,0.94,3.04,3.25],
		"Delta_Hue_Distance": [0,0,0,0,0],
		"Delta_Hue_Degrees": [0,0,0,0,0],
		"mean_Delta_E": [32.8],
		"mean_Delta_C": [1.9],
		"mean_Delta_E94": [32.8],
		"mean_Delta_C94": [1.9],
		"mean_Delta_E2000": [27],
		"mean_Delta_C2000": [2.38],
		"mean_Delta_L": [-32.5],
		"mean_Delta_Chroma": [1.9],
		"mean_Delta_Hue_Distance": [0],
		"mean_Delta_Hue_Degrees": [0],
		"mean_Delta_C_sat_corr": ["_NaN_"],
		"mean_Delta_C94_sat_corr": ["_NaN_"],
		"mean_Delta_C2000_sat_corr": ["_NaN_"],
		"max_Delta_E": [70.1],
		"max_Delta_C": [3.25],
		"max_Delta_E94": [70.1],
		"max_Delta_C94": [3.25],
		"max_Delta_E2000": [61.2],
		"max_Delta_C2000": [4.25],
		"max_Delta_L": [-6.38],
		"max_Delta_Chroma": [3.25],
		"max_Delta_Hue_Distance": [0],
		"max_Delta_Hue_Degrees": [0],
		"max_Delta_C_sat_corr": ["_NaN_"],
		"max_Delta_C94_sat_corr": ["_NaN_"],
		"max_Delta_C2000_sat_corr": ["_NaN_"],
		"mean_RegionSize": [45292.8],
		"Sequence_dark_to_light": [5,4,3,2,1],
		"Patch_number": [5,4,3,2,1],
		"R_noise": [0.05413,0.06017,0.06936,0.07205,0.06376],
		"G_noise": [0.03484,0.04326,0.04863,0.04019,0.03479],
		"B_noise": [0.04455,0.05119,0.05898,0.05312,0.04509],
		"R_SNR_ratio": [1.106,1.213,1.561,2.334,3.675],
		"G_SNR_ratio": [0.8209,1.134,2.134,4.334,6.81],
		"B_SNR_ratio": [1.09,1.258,1.824,3.321,5.439],
		"R_SNR_dB": [0.8775,1.679,3.869,7.361,11.3],
		"G_SNR_dB": [-1.714,1.089,6.583,12.74,16.66],
		"B_SNR_dB": [0.7488,1.99,5.222,10.42,14.71],
		"Gb_noise": [0.02938,0.03541,0.03921,0.03372,0.02969],
		"Gb_SNR_ratio": [1.249,1.56,2.678,5.132,7.981],
		"Gb_SNR_dB": [1.928,3.863,8.555,14.21,18.04],
		"Y_f_stop_SNR_ratio": [1.329,1.208,0.9276,0.5956,0.3898],
		"Y_f_stop_SNR_dB": [2.472,1.644,-0.6528,-4.501,-8.183],
		"quality_levels_for_DR": [
				"Low,",
				"Medium,",
				"M-H,",
				"High,"
		],
		"SigNoise_levels_for_DR": [1,0.5,0.25,0.1],
		"Dynamic_Range_f_stops": [2.734,0,0,0],
		"Dynamic_Range_dB": [16.46,0,0,0],
		"noise_ISO15739_pct": [0.9713,1.448,2.932,5.177,6.044],
		"snr_ISO15739": [0.2982,0.3097,0.369,0.4892,0.7582],
		"noise_pct_ISO15739_at_13pct_Lref": [5.555],
		"snr_ISO15739_at_13pct_Lref": [0.6064],
		"snr_dB_ISO15739_at_13pct_Lref": [-4.345],
		"DynamicRange_at_density_2": [413.9],
		"DynamicRange_total": [0],
		"DynamicRange_from_slope_OD": [1.95],
		"DynamicRange_from_slope_EV": [6.474],
		"DynamicRange_from_slope_dB": [39],
		"SNR_BW_dB_RGBY": [8.037,13.11,10.68,14.63],
		"L_noise": [2.776,3.532,4.35,3.782,3.253],
		"a_noise": [7.415,9.048,11.3,10.33,8.717],
		"b_noise": [6.571,8.366,10.73,9.684,8.046],
		"Total_Lab_noise_unwtd": [10.29,12.82,16.18,14.66,12.3],
		"Total_ab_noise_unwtd": [9.908,12.32,15.58,14.16,11.86],
		"R_minus_Y_KK_noise": [0.04661,0.05316,0.06183,0.06182,0.05395],
		"B_minus_Y_KK_noise": [0.04594,0.05601,0.06599,0.05761,0.04877],
		"Y_Kelly_Keelan_noise": [0.02938,0.03541,0.03921,0.03372,0.02969],
		"Total_KK_noise": [0.04068,0.04815,0.05466,0.04995,0.04362],
		"Chroma_KK_noise": [0.02814,0.03263,0.03808,0.03686,0.03196],
		"Total_old_iso_noise": [0.0509,0.0597,0.06842,0.06414,0.0559],
		"Y_noise_from_YUV": [0.02938,0.0354,0.03921,0.03372,0.02969],
		"U_noise_from_YUV": [0.02158,0.02632,0.03101,0.02707,0.02291],