{
	"jsonResults": {
		"dateRun": "13-May-2025 10:47:47",
		"ini_time_size": "13-May-2025 10:45:52 17295B  MD5 = 688547f41b96af84da2466415433daf3",
		"version": "Imatest 24.2.6 Master Color/Tone Auto",
		"build": "2025-03-20",
		"image_file": "car_55.0 mm_100ISO_-1EV_Dist1_ON_Defocus2.tiff",
		"ColorSpace": "sRGB",
		"Reference": "Default values",
		"Ref_folder": "/usr/local/Imatest/v24.2/Master/",
		"Gamma": [0.3411],
		"patches_for_gamma_start_end": [1,5],
		"exposure_error_normalized_y_channel": [-0.2],
		"mean_camera_Saturation_Pct": ["_NaN_"],
		"mean_chroma_level_CPIQ_Pct": ["_NaN_"],
		"CPIQ_chroma_quality_loss_JND": ["_NaN_"],
		"CPIQ_exposure_quality_loss_JND": ["_NaN_"],
		"pixel_offset": [0],
		"mean_patch_size_pxls": [201,223],
		"roi_settings": "Recent ROI settings are in roi, nwid_save, nht_save, fillf, and distort (same names as ini file)",
		"roi": [3103,1421,4362,1695,3103,1697,4362,1413],
		"nwid_save": [6024],
		"nht_save": [4020],
		"fillf": [0.8],
		"distort": [0],
		"grayscale_zone": [1,2,3,4,5],
		"grayscale_minus_log_exposure": [2,1.513,1.025,0.5375,0.05],
		"grayscale_Y_reflectivity": [0.01,0.03073,0.09441,0.2901,0.8913],
		"grayscale_Y_Printer_pixel_gamma22": [33.13,55.18,91.91,153.1,255],
		"grayscale_Y_density": [0.3669,0.4794,0.6456,0.8688,1.02],
		"grayscale_R_density": [0.3688,0.482,0.6472,0.8664,1.018],
		"grayscale_G_density": [0.3675,0.4792,0.6459,0.8703,1.022],
		"grayscale_B_density": [0.3552,0.4737,0.638,0.861,1.013],
		"grayscale_Y_mean": [109.6,84.56,57.67,34.49,24.33],
		"grayscale_R_mean": [109.1,84.05,57.46,34.68,24.44],
		"grayscale_G_mean": [109.4,84.6,57.62,34.37,24.26],
		"grayscale_B_mean": [112.6,85.68,58.69,35.12,24.78],
		"White_Bal_error_Degrees": [308.2,171.4,184.9,107.3,102.9],
		"White_Bal_error_Mired": [-6.963,-3.952,-4.255,-2.498,-2.397],
		"White_Bal_error_S_HSV": [0.03085,0.01899,0.02104,0.02117,0.02089],
		"White_Bal_error_Delta_C_ab": [1.875,0.7103,0.7134,0.5576,0.4026],
		"White_Bal_error_Delta_C_94": [1.875,0.7103,0.7134,0.5576,0.4026],
		"White_Bal_error_Delta_C_00": [1.882,0.6993,0.7275,0.6576,0.4684],
		"n_Patch": [1,2,3,4,5],
		"n_Row": [1,1,1,1,1],
		"n_Column": [1,2,3,4,5],
		"width_pixels": [202,203,202,202,202],
		"height_pixels": [225,225,225,225,225],
		"Pixels_total": [45450,45675,45450,45450,45450],
		"R_reference": [242.4,146.6,86.6,49.01,25.46],
		"G_reference": [242.4,146.6,86.6,49.01,25.46],
		"B_reference": [242.4,146.6,86.6,49.01,25.46],
		"R_input": [109.1,84.05,57.46,34.68,24.44],
		"G_input": [109.4,84.6,57.62,34.37,24.26],
		"B_input": [112.6,85.68,58.69,35.12,24.78],
		"L_reference": [95.63,60.79,36.82,20.33,8.991],
		"a_reference": [0,0,0,0,0],
		"b_reference": [0,0,0,0,0],
		"L_input": [46.26,35.96,24.27,13.47,8.419],
		"a_input": [0.5276,0.01283,0.1747,0.3281,0.2227],
		"b_input": [-1.799,-0.7102,-0.6917,-0.4509,-0.3353],
		"x_reference": [0.3127,0.3127,0.3127,0.3127,0.3127],
		"y_reference": [0.329,0.329,0.329,0.329,0.329],
		"Y_reference": [0.8913,0.2901,0.09441,0.03073,0.01],
		"x_input": [0.3084,0.3101,0.31,0.3114,0.3114],
		"y_input": [0.3225,0.3262,0.3252,0.3251,0.3256],
		"Y_input": [0.1546,0.08989,0.04184,0.01639,0.009328],
		"LUV_comment": "L2 is used to differentiate between the L in LAB and L in LUV.",
		"L2_reference": [805.1,262,85.28,27.75,9.033],
		"U_reference": [0.1978,0.1978,0.1978,0.1978,0.1978],
		"V_reference": [0.4683,0.4683,0.4683,0.4683,0.4683],
		"L2_input": [139.7,81.2,37.8,14.81,8.426],
		"U_input": [0.1972,0.1971,0.1974,0.1984,0.1982],
		"V_input": [0.4642,0.4664,0.4659,0.466,0.4663],
		"patch_numbers_for_all_Delta_E_C": [1,2,3,4,5],
		"Delta_E_all": [49.4,24.8,12.6,6.89,0.7],
		"Delta_C_all": [1.87,0.71,0.713,0.558,0.403],
		"Delta_E94_all": [49.4,24.8,12.6,6.89,0.7],
		"Delta_C94_all": [1.87,0.71,0.713,0.558,0.403],
		"Delta_E2000_all": [37.8,24.6,9.8,4.65,0.587],
		"Delta_C2000_all": [1.88,0.699,0.728,0.658,0.468],
		"Delta_L_all": [-49.4,-24.8,-12.5,-6.86,-0.573],
		"Delta_Chroma_all": [1.87,0.71,0.713,0.558,0.403],
		"Delta_Hue_Distance_all": [0,0,0,0,0],
		"Delta_Hue_Degrees_all": [0,0,0,0,0],
		"sat_corr_comment": "sat_corr explained on https://www.imatest.com/docs/colorcheck/#satcorr - not recommended.",
		"Delta_C_all_sat_corr": ["_NaN_","_NaN_","_NaN_","_NaN_","_NaN_"],
		"Delta_C94_all_sat_corr": ["_NaN_","_NaN_","_NaN_","_NaN_","_NaN_"],
		"Delta_C2000_all_sat_corr": ["_NaN_","_NaN_","_NaN_","_NaN_","_NaN_"],
		"grayscale_patch_numbers": [1,2,3,4,5],
		"Delta_E": [49.4,24.8,12.6,6.89,0.7],
		"Delta_C": [1.87,0.71,0.713,0.558,0.403],
		"Delta_E94": [49.4,24.8,12.6,6.89,0.7],
		"Delta_C94": [1.87,0.71,0.713,0.558,0.403],
		"Delta_E2000": [37.8,24.6,9.8,4.65,0.587],
		"Delta_C2000": [1.88,0.699,0.728,0.658,0.468],
		"Delta_L": [-49.4,-24.8,-12.5,-6.86,-0.573],
		"Delta_Chroma": [1.87,0.71,0.713,0.558,0.403],
		"Delta_Hue_Distance": [0,0,0,0,0],
		"Delta_Hue_Degrees": [0,0,0,0,0],
		"mean_Delta_E": [18.9],
		"mean_Delta_C": [0.852],
		"mean_Delta_E94": [18.9],
		"mean_Delta_C94": [0.852],
		"mean_Delta_E2000": [15.5],
		"mean_Delta_C2000": [0.887],
		"mean_Delta_L": [-18.8],
		"mean_Delta_Chroma": [0.852],
		"mean_Delta_Hue_Distance": [0],
		"mean_Delta_Hue_Degrees": [0],
		"mean_Delta_C_sat_corr": ["_NaN_"],
		"mean_Delta_C94_sat_corr": ["_NaN_"],
		"mean_Delta_C2000_sat_corr": ["_NaN_"],
		"max_Delta_E": [49.4],
		"max_Delta_C": [1.87],
		"max_Delta_E94": [49.4],
		"max_Delta_C94": [1.87],
		"max_Delta_E2000": [37.8],
		"max_Delta_C2000": [1.88],
		"max_Delta_L": [-0.573],
		"max_Delta_Chroma": [1.87],
		"max_Delta_Hue_Distance": [0],
		"max_Delta_Hue_Degrees": [0],
		"max_Delta_C_sat_corr": ["_NaN_"],
		"max_Delta_C94_sat_corr": ["_NaN_"],
		"max_Delta_C2000_sat_corr": ["_NaN_"],
		"mean_RegionSize": [45292.8],
		"Sequence_dark_to_light": [5,4,3,2,1],
		"Patch_number": [5,4,3,2,1],
		"R_noise": [0.0212,0.01301,0.008193,0.00935,0.01317],
		"G_noise": [0.02047,0.01189,0.006852,0.008611,0.01253],
		"B_noise": [0.02111,0.01243,0.00755,0.009279,0.01369],
		"R_SNR_ratio": [4.52,10.45,27.5,35.26,32.47],
		"G_SNR_ratio": [4.648,11.33,32.98,38.53,34.25],
		"B_SNR_ratio": [4.603,11.08,30.48,36.21,32.25],
		"R_SNR_dB": [13.1,20.38,28.79,30.94,30.23],
		"G_SNR_dB": [13.35,21.09,30.36,31.72,30.69],
		"B_SNR_dB": [13.26,20.89,29.68,31.18,30.17],
		"Gb_noise": [0.02031,0.01169,0.006503,0.008297,0.01241],
		"Gb_SNR_ratio": [4.699,11.57,34.78,39.97,34.64],
		"Gb_SNR_dB": [13.44,21.26,30.83,32.03,30.79],
		"Y_f_stop_SNR_ratio": [4.88,7.573,9.322,3.451,1.211],
		"Y_f_stop_SNR_dB": [13.77,17.59,19.39,10.76,1.663],
		"quality_levels_for_DR": [
				"Low,",
				"Medium,",
				"M-H,",
				"High,"
		],
		"SigNoise_levels_for_DR": [1,0.5,0.25,0.1],
		"Dynamic_Range_f_stops": [0,5.494,4.505,0],
		"Dynamic_Range_dB": [0,33.07,27.12,0],
		"noise_ISO15739_pct": [0.2371,0.1769,0.1993,0.5621,1.146],
		"snr_ISO15739": [3.935,9.267,20.99,15.99,13.49],
		"noise_pct_ISO15739_at_13pct_Lref": [1.003],
		"snr_ISO15739_at_13pct_Lref": [14.1],
		"snr_dB_ISO15739_at_13pct_Lref": [22.99],
		"DynamicRange_at_density_2": [2511],
		"DynamicRange_total": [0],
		"DynamicRange_from_slope_OD": [1.95],
		"DynamicRange_from_slope_EV": [6.474],
		"DynamicRange_from_slope_dB": [39],
		"SNR_BW_dB_RGBY": [29.96,30.68,30.03,31],
		"L_noise": [2.438,1.424,0.7509,0.8979,1.293],
		"a_noise": [1.003,1.116,0.9433,0.8449,0.7979],
		"b_noise": [0.9909,1.101,0.938,0.8531,0.816],
		"Total_Lab_noise_unwtd": [2.816,2.118,1.528,1.499,1.725],
		"Total_ab_noise_unwtd": [1.41,1.568,1.33,1.201,1.141],
		"R_minus_Y_KK_noise": [0.006361,0.005573,0.005091,0.004909,0.004828],
		"B_minus_Y_KK_noise": [0.00671,0.00598,0.005519,0.005348,0.00536],
		"Y_Kelly_Keelan_noise": [0.02031,0.01169,0.006503,0.008297,0.01241],
		"Total_KK_noise": [0.02068,0.01219,0.007225,0.008836,0.01276],
		"Chroma_KK_noise": [0.003905,0.003437,0.003148,0.00304,0.003005],
		"Total_old_iso_noise": [0.02111,0.01274,0.007984,0.009426,0.01317],
		"Y_noise_from_YUV": [0.02031,0.01169,0.006503,0.008297,0.01241],