{
	"jsonResults": {
		"dateRun": "13-May-2025 10:47:47",
		"ini_time_size": "13-May-2025 10:45:52 17295B  MD5 = 688547f41b96af84da2466415433daf3",
		"version": "Imatest 24.2.6 Master Color/Tone Auto",
		"build": "2025-03-20",
		"image_file": "car_55.0 mm_6400ISO_0EV_Dist1_ON_Focused.tiff",
		"ColorSpace": "sRGB",
		"Reference": "Default values",
		"Ref_folder": "/usr/local/Imatest/v24.2/Master/",
		"Gamma": [0.4102],
		"patches_for_gamma_start_end": [1,5],
		"exposure_error_normalized_y_channel": [-0.0826],
		"mean_camera_Saturation_Pct": ["_NaN_"],
		"mean_chroma_level_CPIQ_Pct": ["_NaN_"],
		"CPIQ_chroma_quality_loss_JND": ["_NaN_"],
		"CPIQ_exposure_quality_loss_JND": ["_NaN_"],
		"pixel_offset": [0],
		"mean_patch_size_pxls": [201,223],
		"roi_settings": "Recent ROI settings are in roi, nwid_save, nht_save, fillf, and distort (same names as ini file)",
		"roi": [3103,1421,4362,1695,3103,1697,4362,1413],
		"nwid_save": [6024],
		"nht_save": [4020],
		"fillf": [0.8],
		"distort": [0],
		"grayscale_zone": [1,2,3,4,5],
		"grayscale_minus_log_exposure": [2,1.513,1.025,0.5375,0.05],
		"grayscale_Y_reflectivity": [0.01,0.03073,0.09441,0.2901,0.8913],
		"grayscale_Y_Printer_pixel_gamma22": [33.13,55.18,91.91,153.1,255],
		"grayscale_Y_density": [0.1979,0.3073,0.4711,0.7072,1.077],
		"grayscale_R_density": [0.1986,0.31,0.4792,0.7205,1.033],
		"grayscale_G_density": [0.1993,0.3073,0.4696,0.7037,1.095],
		"grayscale_B_density": [0.1831,0.299,0.4618,0.7037,1.041],
		"grayscale_Y_mean": [161.7,125.7,86.2,50.04,21.34],
		"grayscale_R_mean": [161.4,124.9,84.6,48.54,23.65],
		"grayscale_G_mean": [161.2,125.7,86.48,50.44,20.47],
		"grayscale_B_mean": [167.3,128.1,88.05,50.45,23.18],
		"White_Bal_error_Degrees": [379.6,243.2,347.9,274.6,-30.07],
		"White_Bal_error_Mired": [-8.489,-5.548,-7.816,-6.236,0.7151],
		"White_Bal_error_S_HSV": [0.03661,0.02498,0.03914,0.03792,0.1346],
		"White_Bal_error_Delta_C_ab": [3.399,1.451,1.245,0.8801,2.485],
		"White_Bal_error_Delta_C_94": [3.399,1.451,1.245,0.8801,2.485],
		"White_Bal_error_Delta_C_00": [3.406,1.424,1.287,1.242,3.194],
		"n_Patch": [1,2,3,4,5],
		"n_Row": [1,1,1,1,1],
		"n_Column": [1,2,3,4,5],
		"width_pixels": [202,203,202,202,202],
		"height_pixels": [225,225,225,225,225],
		"Pixels_total": [45450,45675,45450,45450,45450],
		"R_reference": [242.4,146.6,86.6,49.01,25.46],
		"G_reference": [242.4,146.6,86.6,49.01,25.46],
		"B_reference": [242.4,146.6,86.6,49.01,25.46],
		"R_input": [161.4,124.9,84.6,48.54,23.65],
		"G_input": [161.2,125.7,86.48,50.44,20.47],
		"B_input": [167.3,128.1,88.05,50.45,23.18],
		"L_reference": [95.63,60.79,36.82,20.33,8.991],
		"a_reference": [0,0,0,0,0],
		"b_reference": [0,0,0,0,0],
		"L_input": [66.5,52.67,36.65,20.81,6.951],
		"a_input": [1.282,0.2152,-0.4067,-0.8283,2.13],
		"b_input": [-3.148,-1.435,-1.177,-0.2974,-1.281],
		"x_reference": [0.3127,0.3127,0.3127,0.3127,0.3127],
		"y_reference": [0.329,0.329,0.329,0.329,0.329],
		"Y_reference": [0.8913,0.2901,0.09441,0.03073,0.01],
		"x_input": [0.3076,0.3091,0.3072,0.3078,0.3158],
		"y_input": [0.3202,0.3245,0.325,0.329,0.3103],
		"Y_input": [0.3597,0.2075,0.09351,0.03195,0.007695],
		"LUV_comment": "L2 is used to differentiate between the L in LAB and L in LUV.",
		"L2_reference": [805.1,262,85.28,27.75,9.033],
		"U_reference": [0.1978,0.1978,0.1978,0.1978,0.1978],
		"V_reference": [0.4683,0.4683,0.4683,0.4683,0.4683],
		"L2_input": [324.9,187.4,84.47,28.86,6.951],
		"U_input": [0.1976,0.197,0.1955,0.1944,0.2074],
		"V_input": [0.4628,0.4654,0.4654,0.4676,0.4584],
		"patch_numbers_for_all_Delta_E_C": [1,2,3,4,5],
		"Delta_E_all": [29.3,8.24,1.26,1,3.22],
		"Delta_C_all": [3.4,1.45,1.24,0.88,2.49],
		"Delta_E94_all": [29.3,8.24,1.26,1,3.22],
		"Delta_C94_all": [3.4,1.45,1.24,0.88,2.49],
		"Delta_E2000_all": [20.2,7.62,1.29,1.29,3.43],
		"Delta_C2000_all": [3.41,1.42,1.29,1.24,3.19],
		"Delta_L_all": [-29.1,-8.11,-0.168,0.476,-2.04],
		"Delta_Chroma_all": [3.4,1.45,1.24,0.88,2.49],
		"Delta_Hue_Distance_all": [0,0,0,0,0],
		"Delta_Hue_Degrees_all": [0,0,0,0,0],
		"sat_corr_comment": "sat_corr explained on https://www.imatest.com/docs/colorcheck/#satcorr - not recommended.",
		"Delta_C_all_sat_corr": ["_NaN_","_NaN_","_NaN_","_NaN_","_NaN_"],
		"Delta_C94_all_sat_corr": ["_NaN_","_NaN_","_NaN_","_NaN_","_NaN_"],
		"Delta_C2000_all_sat_corr": ["_NaN_","_NaN_","_NaN_","_NaN_","_NaN_"],
		"grayscale_patch_numbers": [1,2,3,4,5],
		"Delta_E": [29.3,8.24,1.26,1,3.22],
		"Delta_C": [3.4,1.45,1.24,0.88,2.49],
		"Delta_E94": [29.3,8.24,1.26,1,3.22],
		"Delta_C94": [3.4,1.45,1.24,0.88,2.49],
		"Delta_E2000": [20.2,7.62,1.29,1.29,3.43],
		"Delta_C2000": [3.41,1.42,1.29,1.24,3.19],
		"Delta_L": [-29.1,-8.11,-0.168,0.476,-2.04],
		"Delta_Chroma": [3.4,1.45,1.24,0.88,2.49],
		"Delta_Hue_Distance": [0,0,0,0,0],
		"Delta_Hue_Degrees": [0,0,0,0,0],
		"mean_Delta_E": [8.61],
		"mean_Delta_C": [1.89],
		"mean_Delta_E94": [8.61],
		"mean_Delta_C94": [1.89],
		"mean_Delta_E2000": [6.77],
		"mean_Delta_C2000": [2.11],
		"mean_Delta_L": [-7.8],
		"mean_Delta_Chroma": [1.89],
		"mean_Delta_Hue_Distance": [0],
		"mean_Delta_Hue_Degrees": [0],
		"mean_Delta_C_sat_corr": ["_NaN_"],
		"mean_Delta_C94_sat_corr": ["_NaN_"],
		"mean_Delta_C2000_sat_corr": ["_NaN_"],
		"max_Delta_E": [29.3],
		"max_Delta_C": [3.4],
		"max_Delta_E94": [29.3],
		"max_Delta_C94": [3.4],
		"max_Delta_E2000": [20.2],
		"max_Delta_C2000": [3.41],
		"max_Delta_L": [0.476],
		"max_Delta_Chroma": [3.4],
		"max_Delta_Hue_Distance": [0],
		"max_Delta_Hue_Degrees": [0],
		"max_Delta_C_sat_corr": ["_NaN_"],
		"max_Delta_C94_sat_corr": ["_NaN_"],
		"max_Delta_C2000_sat_corr": ["_NaN_"],
		"mean_RegionSize": [45292.8],
		"Sequence_dark_to_light": [5,4,3,2,1],
		"Patch_number": [5,4,3,2,1],
		"R_noise": [0.06662,0.06918,0.05245,0.04322,0.03779],
		"G_noise": [0.04891,0.03755,0.02965,0.02649,0.02505],
		"B_noise": [0.05728,0.05116,0.03779,0.03218,0.02902],
		"R_SNR_ratio": [1.392,2.751,6.326,11.33,16.75],
		"G_SNR_ratio": [1.641,5.268,11.44,18.6,25.23],
		"B_SNR_ratio": [1.587,3.867,9.137,15.61,22.6],
		"R_SNR_dB": [2.875,8.79,16.02,21.09,24.48],
		"G_SNR_dB": [4.302,14.43,21.17,25.39,28.04],
		"B_SNR_dB": [4.012,11.75,19.22,23.87,27.08],
		"Gb_noise": [0.0394,0.03186,0.0251,0.02219,0.02084],
		"Gb_SNR_ratio": [2.124,6.159,13.47,22.21,30.42],
		"Gb_SNR_dB": [6.542,15.79,22.59,26.93,29.66],
		"Y_f_stop_SNR_ratio": [4.181,4.117,3.649,2.465,1.764],
		"Y_f_stop_SNR_dB": [12.43,12.29,11.24,7.835,4.928],
		"quality_levels_for_DR": [
				"Low,",
				"Medium,",
				"M-H,",
				"High,"
		],
		"SigNoise_levels_for_DR": [1,0.5,0.25,0.1],
		"Dynamic_Range_f_stops": [0,5.805,1.989,0],
		"Dynamic_Range_dB": [0,34.94,11.97,0],
		"noise_ISO15739_pct": [0.3982,0.4535,0.8953,1.956,2.545],
		"snr_ISO15739": [1.933,7.046,10.44,10.61,14.13],
		"noise_pct_ISO15739_at_13pct_Lref": [2.06],
		"snr_ISO15739_at_13pct_Lref": [11.23],
		"snr_dB_ISO15739_at_13pct_Lref": [21.01],
		"DynamicRange_at_density_2": [776.6],
		"DynamicRange_total": [0],
		"DynamicRange_from_slope_OD": [1.95],
		"DynamicRange_from_slope_EV": [6.474],
		"DynamicRange_from_slope_dB": [39],
		"SNR_BW_dB_RGBY": [20.11,24.36,22.67,25.9],
		"L_noise": [4.23,3.549,2.649,2.214,1.987],
		"a_noise": [10.71,9.63,7.09,5.721,4.922],
		"b_noise": [10.12,9.211,6.543,5.239,4.534],
		"Total_Lab_noise_unwtd": [15.33,13.79,10,8.067,6.981],
		"Total_ab_noise_unwtd": [14.73,13.33,9.648,7.757,6.692],
		"R_minus_Y_KK_noise": [0.06001,0.0589,0.04458,0.0371,0.03261],
		"B_minus_Y_KK_noise": [0.06381,0.05502,0.04139,0.03526,0.03197],
		"Y_Kelly_Keelan_noise": [0.0394,0.03186,0.0251,0.02219,0.02084],
		"Total_KK_noise": [0.054,0.04743,0.03654,0.0314,0.02866],
		"Chroma_KK_noise": [0.03692,0.03513,0.02656,0.02221,0.01966],
		"Total_old_iso_noise": [0.06715,0.06099,0.04664,0.03965,0.03576],
		"Y_noise_from_YUV": [0.0394,0.03186,0.02509,0.02219,0.02084],
		"U_noise_from_YUV": [0.02998,0.02585,0.01945,0.01657,0.01502],