{
	"jsonResults": {
		"dateRun": "13-May-2025 10:47:47",
		"ini_time_size": "13-May-2025 10:45:52 17295B  MD5 = 688547f41b96af84da2466415433daf3",
		"version": "Imatest 24.2.6 Master Color/Tone Auto",
		"build": "2025-03-20",
		"image_file": "car_55.0 mm_6400ISO_-3EV_Dist1_ON_Defocus2.tiff",
		"ColorSpace": "sRGB",
		"Reference": "Default values",
		"Ref_folder": "/usr/local/Imatest/v24.2/Master/",
		"Gamma": [0.4387],
		"patches_for_gamma_start_end": [1,5],
		"exposure_error_normalized_y_channel": [-0.265],
		"mean_camera_Saturation_Pct": ["_NaN_"],
		"mean_chroma_level_CPIQ_Pct": ["_NaN_"],
		"CPIQ_chroma_quality_loss_JND": ["_NaN_"],
		"CPIQ_exposure_quality_loss_JND": ["_NaN_"],
		"pixel_offset": [0],
		"mean_patch_size_pxls": [201,223],
		"roi_settings": "Recent ROI settings are in roi, nwid_save, nht_save, fillf, and distort (same names as ini file)",
		"roi": [3103,1421,4362,1695,3103,1697,4362,1413],
		"nwid_save": [6024],
		"nht_save": [4020],
		"fillf": [0.8],
		"distort": [0],
		"grayscale_zone": [1,2,3,4,5],
		"grayscale_minus_log_exposure": [2,1.513,1.025,0.5375,0.05],
		"grayscale_Y_reflectivity": [0.01,0.03073,0.09441,0.2901,0.8913],
		"grayscale_Y_Printer_pixel_gamma22": [33.13,55.18,91.91,153.1,255],
		"grayscale_Y_density": [0.6365,0.7689,0.9828,1.24,1.324],
		"grayscale_R_density": [0.6403,0.777,0.9639,1.118,1.168],
		"grayscale_G_density": [0.6365,0.7666,0.9888,1.29,1.391],
		"grayscale_B_density": [0.6256,0.7677,0.9798,1.19,1.26],
		"grayscale_Y_mean": [58.89,43.42,26.53,14.67,12.1],
		"grayscale_R_mean": [58.38,42.61,27.71,19.42,17.3],
		"grayscale_G_mean": [58.89,43.64,26.17,13.08,10.37],
		"grayscale_B_mean": [60.38,43.53,26.71,16.48,14.01],
		"White_Bal_error_Degrees": [291.9,145.5,-208,-990.6,-1269],
		"White_Bal_error_Mired": [-6.612,-3.368,5.085,27.66,37.31],
		"White_Bal_error_S_HSV": [0.03313,0.02363,0.05567,0.3263,0.4009],
		"White_Bal_error_Delta_C_ab": [1.013,0.4952,0.8913,3.02,2.91],
		"White_Bal_error_Delta_C_94": [1.013,0.4952,0.8913,3.02,2.91],
		"White_Bal_error_Delta_C_00": [1,0.7235,1.292,4.027,3.902],
		"n_Patch": [1,2,3,4,5],
		"n_Row": [1,1,1,1,1],
		"n_Column": [1,2,3,4,5],
		"width_pixels": [202,203,202,202,202],
		"height_pixels": [225,225,225,225,225],
		"Pixels_total": [45450,45675,45450,45450,45450],
		"R_reference": [242.4,146.6,86.6,49.01,25.46],
		"G_reference": [242.4,146.6,86.6,49.01,25.46],
		"B_reference": [242.4,146.6,86.6,49.01,25.46],
		"R_input": [58.38,42.61,27.71,19.42,17.3],
		"G_input": [58.89,43.64,26.17,13.08,10.37],
		"B_input": [60.38,43.53,26.71,16.48,14.01],
		"L_reference": [95.63,60.79,36.82,20.33,8.991],
		"a_reference": [0,0,0,0,0],
		"b_reference": [0,0,0,0,0],
		"L_input": [24.82,17.73,9.535,4.259,3.421],
		"a_input": [0.1313,-0.4864,0.8836,2.898,2.805],
		"b_input": [-1.004,-0.09274,-0.1169,-0.8498,-0.7743],
		"x_reference": [0.3127,0.3127,0.3127,0.3127,0.3127],
		"y_reference": [0.329,0.329,0.329,0.329,0.329],
		"Y_reference": [0.8913,0.2901,0.09441,0.03073,0.01],
		"x_input": [0.3084,0.31,0.317,0.3319,0.3364],
		"y_input": [0.3238,0.3295,0.3256,0.3016,0.2974],
		"Y_input": [0.04357,0.02458,0.01067,0.004715,0.003788],
		"LUV_comment": "L2 is used to differentiate between the L in LAB and L in LUV.",
		"L2_reference": [805.1,262,85.28,27.75,9.033],
		"U_reference": [0.1978,0.1978,0.1978,0.1978,0.1978],
		"V_reference": [0.4683,0.4683,0.4683,0.4683,0.4683],
		"L2_input": [39.36,22.21,9.636,4.259,3.421],
		"U_input": [0.1968,0.1958,0.2021,0.2229,0.2282],
		"V_input": [0.4649,0.4682,0.4671,0.4558,0.4539],
		"patch_numbers_for_all_Delta_E_C": [1,2,3,4,5],
		"Delta_E_all": [70.8,43.1,27.3,16.4,6.28],
		"Delta_C_all": [1.01,0.495,0.891,3.02,2.91],
		"Delta_E94_all": [70.8,43.1,27.3,16.4,6.28],
		"Delta_C94_all": [1.01,0.495,0.891,3.02,2.91],
		"Delta_E2000_all": [62.1,37.5,19.6,11.1,5.16],
		"Delta_C2000_all": [1,0.723,1.29,4.03,3.9],
		"Delta_L_all": [-70.8,-43.1,-27.3,-16.1,-5.57],
		"Delta_Chroma_all": [1.01,0.495,0.891,3.02,2.91],
		"Delta_Hue_Distance_all": [0,0,0,0,0],
		"Delta_Hue_Degrees_all": [0,0,0,0,0],
		"sat_corr_comment": "sat_corr explained on https://www.imatest.com/docs/colorcheck/#satcorr - not recommended.",
		"Delta_C_all_sat_corr": ["_NaN_","_NaN_","_NaN_","_NaN_","_NaN_"],
		"Delta_C94_all_sat_corr": ["_NaN_","_NaN_","_NaN_","_NaN_","_NaN_"],
		"Delta_C2000_all_sat_corr": ["_NaN_","_NaN_","_NaN_","_NaN_","_NaN_"],
		"grayscale_patch_numbers": [1,2,3,4,5],
		"Delta_E": [70.8,43.1,27.3,16.4,6.28],
		"Delta_C": [1.01,0.495,0.891,3.02,2.91],
		"Delta_E94": [70.8,43.1,27.3,16.4,6.28],
		"Delta_C94": [1.01,0.495,0.891,3.02,2.91],
		"Delta_E2000": [62.1,37.5,19.6,11.1,5.16],
		"Delta_C2000": [1,0.723,1.29,4.03,3.9],
		"Delta_L": [-70.8,-43.1,-27.3,-16.1,-5.57],
		"Delta_Chroma": [1.01,0.495,0.891,3.02,2.91],
		"Delta_Hue_Distance": [0,0,0,0,0],
		"Delta_Hue_Degrees": [0,0,0,0,0],
		"mean_Delta_E": [32.8],
		"mean_Delta_C": [1.67],
		"mean_Delta_E94": [32.8],
		"mean_Delta_C94": [1.67],
		"mean_Delta_E2000": [27.1],
		"mean_Delta_C2000": [2.19],
		"mean_Delta_L": [-32.6],
		"mean_Delta_Chroma": [1.67],
		"mean_Delta_Hue_Distance": [0],
		"mean_Delta_Hue_Degrees": [0],
		"mean_Delta_C_sat_corr": ["_NaN_"],
		"mean_Delta_C94_sat_corr": ["_NaN_"],
		"mean_Delta_C2000_sat_corr": ["_NaN_"],
		"max_Delta_E": [70.8],
		"max_Delta_C": [3.02],
		"max_Delta_E94": [70.8],
		"max_Delta_C94": [3.02],
		"max_Delta_E2000": [62.1],
		"max_Delta_C2000": [4.03],
		"max_Delta_L": [-5.57],
		"max_Delta_Chroma": [3.02],
		"max_Delta_Hue_Distance": [0],
		"max_Delta_Hue_Degrees": [0],
		"max_Delta_C_sat_corr": ["_NaN_"],
		"max_Delta_C94_sat_corr": ["_NaN_"],
		"max_Delta_C2000_sat_corr": ["_NaN_"],
		"mean_RegionSize": [45292.8],
		"Sequence_dark_to_light": [5,4,3,2,1],
		"Patch_number": [5,4,3,2,1],
		"R_noise": [0.05728,0.06075,0.06935,0.07021,0.06502],
		"G_noise": [0.0391,0.04372,0.04863,0.04,0.03556],
		"B_noise": [0.04749,0.0515,0.05889,0.05334,0.04583],
		"R_SNR_ratio": [1.185,1.253,1.567,2.38,3.521],
		"G_SNR_ratio": [1.04,1.173,2.11,4.279,6.494],
		"B_SNR_ratio": [1.157,1.255,1.779,3.2,5.166],
		"R_SNR_dB": [1.471,1.962,3.9,7.532,10.93],
		"G_SNR_dB": [0.3379,1.388,6.485,12.63,16.25],
		"B_SNR_dB": [1.269,1.97,5.003,10.1,14.26],
		"Gb_noise": [0.0325,0.03552,0.03921,0.03353,0.03032],
		"Gb_SNR_ratio": [1.46,1.62,2.653,5.078,7.615],
		"Gb_SNR_dB": [3.29,4.19,8.476,14.11,17.63],
		"Y_f_stop_SNR_ratio": [1.235,1.168,0.8874,0.4918,0.1915],
		"Y_f_stop_SNR_dB": [1.835,1.35,-1.038,-6.163,-14.36],
		"quality_levels_for_DR": [
				"Low,",
				"Medium,",
				"M-H,",
				"High,"
		],
		"SigNoise_levels_for_DR": [1,0.5,0.25,0.1],
		"Dynamic_Range_f_stops": [2.48,0,0,0],
		"Dynamic_Range_dB": [14.93,0,0,0],
		"noise_ISO15739_pct": [1.397,1.751,3.104,5.246,6.291],
		"snr_ISO15739": [0.2711,0.2692,0.3437,0.4686,0.6927],
		"noise_pct_ISO15739_at_13pct_Lref": [5.725],
		"snr_ISO15739_at_13pct_Lref": [0.5713],
		"snr_dB_ISO15739_at_13pct_Lref": [-4.863],
		"DynamicRange_at_density_2": [295.6],
		"DynamicRange_total": [0],
		"DynamicRange_from_slope_OD": [1.95],
		"DynamicRange_from_slope_EV": [6.474],
		"DynamicRange_from_slope_dB": [39],
		"SNR_BW_dB_RGBY": [7.853,12.74,10.24,14.27],
		"L_noise": [3.212,3.578,4.344,3.782,3.329],
		"a_noise": [8.226,9.271,11.27,10.19,8.894],
		"b_noise": [7.46,8.385,10.67,9.606,8.207],
		"Total_Lab_noise_unwtd": [11.56,13,16.11,14.5,12.55],
		"Total_ab_noise_unwtd": [11.11,12.5,15.52,14,12.1],
		"R_minus_Y_KK_noise": [0.04995,0.0545,0.06196,0.06039,0.0551],
		"B_minus_Y_KK_noise": [0.0505,0.05582,0.06579,0.05711,0.04959],
		"Y_Kelly_Keelan_noise": [0.0325,0.03552,0.03921,0.03353,0.03032],
		"Total_KK_noise": [0.04446,0.04863,0.05468,0.04928,0.04453],
		"Chroma_KK_noise": [0.03034,0.03321,0.0381,0.03612,0.03261],
		"Total_old_iso_noise": [0.05532,0.06051,0.06846,0.06309,0.05706],
		"Y_noise_from_YUV": [0.03249,0.03552,0.03921,0.03353,0.03032],
		"U_noise_from_YUV": [0.02373,0.02623,0.03091,0.02683,0.0233],