{
	"jsonResults": {
		"dateRun": "13-May-2025 10:47:47",
		"ini_time_size": "13-May-2025 10:45:52 17295B  MD5 = 688547f41b96af84da2466415433daf3",
		"version": "Imatest 24.2.6 Master Color/Tone Auto",
		"build": "2025-03-20",
		"image_file": "car_55.0 mm_6400ISO_-2EV_Dist1_ON_Defocus2.tiff",
		"ColorSpace": "sRGB",
		"Reference": "Default values",
		"Ref_folder": "/usr/local/Imatest/v24.2/Master/",
		"Gamma": [0.3872],
		"patches_for_gamma_start_end": [1,5],
		"exposure_error_normalized_y_channel": [-0.241],
		"mean_camera_Saturation_Pct": ["_NaN_"],
		"mean_chroma_level_CPIQ_Pct": ["_NaN_"],
		"CPIQ_chroma_quality_loss_JND": ["_NaN_"],
		"CPIQ_exposure_quality_loss_JND": ["_NaN_"],
		"pixel_offset": [0],
		"mean_patch_size_pxls": [201,223],
		"roi_settings": "Recent ROI settings are in roi, nwid_save, nht_save, fillf, and distort (same names as ini file)",
		"roi": [3103,1421,4362,1695,3103,1697,4362,1413],
		"nwid_save": [6024],
		"nht_save": [4020],
		"fillf": [0.8],
		"distort": [0],
		"grayscale_zone": [1,2,3,4,5],
		"grayscale_minus_log_exposure": [2,1.513,1.025,0.5375,0.05],
		"grayscale_Y_reflectivity": [0.01,0.03073,0.09441,0.2901,0.8913],
		"grayscale_Y_Printer_pixel_gamma22": [33.13,55.18,91.91,153.1,255],
		"grayscale_Y_density": [0.4903,0.6107,0.7994,1.065,1.179],
		"grayscale_R_density": [0.486,0.6134,0.8134,1.017,1.083],
		"grayscale_G_density": [0.4931,0.6107,0.796,1.083,1.216],
		"grayscale_B_density": [0.4754,0.6019,0.7936,1.046,1.141],
		"grayscale_Y_mean": [82.47,62.5,40.47,21.94,16.89],
		"grayscale_R_mean": [83.28,62.1,39.19,24.51,21.05],
		"grayscale_G_mean": [81.94,62.49,40.79,21.08,15.5],
		"grayscale_B_mean": [85.34,63.77,41.01,22.95,18.44],
		"White_Bal_error_Degrees": [261.7,230.8,315.6,-363.7,-779.5],
		"White_Bal_error_Mired": [-5.954,-5.276,-7.124,9.118,20.96],
		"White_Bal_error_S_HSV": [0.03987,0.02612,0.04448,0.1402,0.2634],
		"White_Bal_error_Delta_C_ab": [2.209,0.8546,0.7758,2.2,2.895],
		"White_Bal_error_Delta_C_94": [2.209,0.8546,0.7758,2.2,2.895],
		"White_Bal_error_Delta_C_00": [2.484,0.85,1.048,2.995,3.875],
		"n_Patch": [1,2,3,4,5],
		"n_Row": [1,1,1,1,1],
		"n_Column": [1,2,3,4,5],
		"width_pixels": [202,203,202,202,202],
		"height_pixels": [225,225,225,225,225],
		"Pixels_total": [45450,45675,45450,45450,45450],
		"R_reference": [242.4,146.6,86.6,49.01,25.46],
		"G_reference": [242.4,146.6,86.6,49.01,25.46],
		"B_reference": [242.4,146.6,86.6,49.01,25.46],
		"R_input": [83.28,62.1,39.19,24.51,21.05],
		"G_input": [81.94,62.49,40.79,21.08,15.5],
		"B_input": [85.34,63.77,41.01,22.95,18.44],
		"L_reference": [95.63,60.79,36.82,20.33,8.991],
		"a_reference": [0,0,0,0,0],
		"b_reference": [0,0,0,0,0],
		"L_input": [35.08,26.43,16.34,7.239,5.069],
		"a_input": [1.279,0.1289,-0.664,2.092,2.777],
		"b_input": [-1.8,-0.8448,-0.4012,-0.679,-0.8181],
		"x_reference": [0.3127,0.3127,0.3127,0.3127,0.3127],
		"y_reference": [0.329,0.329,0.329,0.329,0.329],
		"Y_reference": [0.8913,0.2901,0.09441,0.03073,0.01],
		"x_input": [0.3096,0.3093,0.3073,0.3207,0.3284],
		"y_input": [0.3201,0.3247,0.3279,0.3162,0.3066],
		"Y_input": [0.08538,0.04893,0.02167,0.008014,0.005612],
		"LUV_comment": "L2 is used to differentiate between the L in LAB and L in LUV.",
		"L2_reference": [805.1,262,85.28,27.75,9.033],
		"U_reference": [0.1978,0.1978,0.1978,0.1978,0.1978],
		"V_reference": [0.4683,0.4683,0.4683,0.4683,0.4683],
		"L2_input": [77.12,44.2,19.57,7.239,5.069],
		"U_input": [0.199,0.1971,0.1944,0.2085,0.2181],
		"V_input": [0.463,0.4655,0.4669,0.4625,0.4582],
		"patch_numbers_for_all_Delta_E_C": [1,2,3,4,5],
		"Delta_E_all": [60.6,34.4,20.5,13.3,4.88],
		"Delta_C_all": [2.21,0.855,0.776,2.2,2.89],
		"Delta_E94_all": [60.6,34.4,20.5,13.3,4.88],
		"Delta_C94_all": [2.21,0.855,0.776,2.2,2.89],
		"Delta_E2000_all": [49.6,31.9,15.3,9.02,4.55],
		"Delta_C2000_all": [2.48,0.85,1.05,2.99,3.87],
		"Delta_L_all": [-60.6,-34.4,-20.5,-13.1,-3.92],
		"Delta_Chroma_all": [2.21,0.855,0.776,2.2,2.89],
		"Delta_Hue_Distance_all": [0,0,0,0,0],
		"Delta_Hue_Degrees_all": [0,0,0,0,0],
		"sat_corr_comment": "sat_corr explained on https://www.imatest.com/docs/colorcheck/#satcorr - not recommended.",
		"Delta_C_all_sat_corr": ["_NaN_","_NaN_","_NaN_","_NaN_","_NaN_"],
		"Delta_C94_all_sat_corr": ["_NaN_","_NaN_","_NaN_","_NaN_","_NaN_"],
		"Delta_C2000_all_sat_corr": ["_NaN_","_NaN_","_NaN_","_NaN_","_NaN_"],
		"grayscale_patch_numbers": [1,2,3,4,5],
		"Delta_E": [60.6,34.4,20.5,13.3,4.88],
		"Delta_C": [2.21,0.855,0.776,2.2,2.89],
		"Delta_E94": [60.6,34.4,20.5,13.3,4.88],
		"Delta_C94": [2.21,0.855,0.776,2.2,2.89],
		"Delta_E2000": [49.6,31.9,15.3,9.02,4.55],
		"Delta_C2000": [2.48,0.85,1.05,2.99,3.87],
		"Delta_L": [-60.6,-34.4,-20.5,-13.1,-3.92],
		"Delta_Chroma": [2.21,0.855,0.776,2.2,2.89],
		"Delta_Hue_Distance": [0,0,0,0,0],
		"Delta_Hue_Degrees": [0,0,0,0,0],
		"mean_Delta_E": [26.7],
		"mean_Delta_C": [1.79],
		"mean_Delta_E94": [26.7],
		"mean_Delta_C94": [1.79],
		"mean_Delta_E2000": [22.1],
		"mean_Delta_C2000": [2.25],
		"mean_Delta_L": [-26.5],
		"mean_Delta_Chroma": [1.79],
		"mean_Delta_Hue_Distance": [0],
		"mean_Delta_Hue_Degrees": [0],
		"mean_Delta_C_sat_corr": ["_NaN_"],
		"mean_Delta_C94_sat_corr": ["_NaN_"],
		"mean_Delta_C2000_sat_corr": ["_NaN_"],
		"max_Delta_E": [60.6],
		"max_Delta_C": [2.89],
		"max_Delta_E94": [60.6],
		"max_Delta_C94": [2.89],
		"max_Delta_E2000": [49.6],
		"max_Delta_C2000": [3.87],
		"max_Delta_L": [-3.92],
		"max_Delta_Chroma": [2.89],
		"max_Delta_Hue_Distance": [0],
		"max_Delta_Hue_Degrees": [0],
		"max_Delta_C_sat_corr": ["_NaN_"],
		"max_Delta_C94_sat_corr": ["_NaN_"],
		"max_Delta_C2000_sat_corr": ["_NaN_"],
		"mean_RegionSize": [45292.8],
		"Sequence_dark_to_light": [5,4,3,2,1],
		"Patch_number": [5,4,3,2,1],
		"R_noise": [0.06282,0.06673,0.07185,0.06306,0.05328],
		"G_noise": [0.04376,0.04863,0.04181,0.03451,0.03189],
		"B_noise": [0.05199,0.05743,0.05573,0.04555,0.03965],
		"R_SNR_ratio": [1.314,1.441,2.139,3.862,6.129],
		"G_SNR_ratio": [1.389,1.7,3.826,7.101,10.08],
		"B_SNR_ratio": [1.391,1.568,2.886,5.49,8.441],
		"R_SNR_dB": [2.371,3.171,6.605,11.74,15.75],
		"G_SNR_dB": [2.856,4.608,11.65,17.03,20.07],
		"B_SNR_dB": [2.868,3.904,9.207,14.79,18.53],
		"Gb_noise": [0.03637,0.03939,0.03498,0.02939,0.02715],
		"Gb_SNR_ratio": [1.822,2.185,4.537,8.338,11.91],
		"Gb_SNR_dB": [5.209,6.788,13.13,18.42,21.52],
		"Y_f_stop_SNR_ratio": [1.781,1.73,1.404,0.7246,0.3362],
		"Y_f_stop_SNR_dB": [5.011,4.76,2.945,-2.798,-9.468],
		"quality_levels_for_DR": [
				"Low,",
				"Medium,",
				"M-H,",
				"High,"
		],
		"SigNoise_levels_for_DR": [1,0.5,0.25,0.1],
		"Dynamic_Range_f_stops": [3.936,0,0,0],
		"Dynamic_Range_dB": [23.7,0,0,0],
		"noise_ISO15739_pct": [0.7802,1.028,1.636,2.921,3.69],
		"snr_ISO15739": [0.7192,0.7795,1.325,1.675,2.314],
		"noise_pct_ISO15739_at_13pct_Lref": [3.386],
		"snr_ISO15739_at_13pct_Lref": [2.062],
		"snr_dB_ISO15739_at_13pct_Lref": [6.284],
		"DynamicRange_at_density_2": [633.2],
		"DynamicRange_total": [102.1],
		"DynamicRange_from_slope_OD": [1.95],
		"DynamicRange_from_slope_EV": [6.474],
		"DynamicRange_from_slope_dB": [39],
		"SNR_BW_dB_RGBY": [11.51,16.75,14.34,18.14],
		"L_noise": [3.774,4.237,3.954,3.216,2.891],
		"a_noise": [9.313,10.68,10.55,8.643,7.321],
		"b_noise": [8.464,10.1,10.18,8.124,6.747],
		"Total_Lab_noise_unwtd": [13.14,15.3,15.19,12.29,10.37],
		"Total_ab_noise_unwtd": [12.58,14.7,14.66,11.86,9.955],
		"R_minus_Y_KK_noise": [0.05475,0.0595,0.0616,0.05338,0.04505],
		"B_minus_Y_KK_noise": [0.05517,0.06392,0.06061,0.04937,0.04241],
		"Y_Kelly_Keelan_noise": [0.03637,0.03939,0.03498,0.02939,0.02715],
		"Total_KK_noise": [0.04926,0.05384,0.05104,0.04328,0.03823],
		"Chroma_KK_noise": [0.03323,0.03671,0.03717,0.03177,0.02692],
		"Total_old_iso_noise": [0.06106,0.06687,0.06511,0.05548,0.04821],
		"Y_noise_from_YUV": [0.03636,0.03938,0.03498,0.02939,0.02715],
		"U_noise_from_YUV": [0.02592,0.03003,0.02848,0.0232,0.01993],