{
	"jsonResults": {
		"dateRun": "13-May-2025 11:12:19",
		"ini_time_size": "13-May-2025 11:10:39 17295B  MD5 = 2fc8b7d3f5427bd515dbfcc4fbeeb5d7",
		"version": "Imatest 24.2.6 Master Color/Tone Auto",
		"build": "2025-03-20",
		"image_file": "cup_55.0 mm_1600ISO_-2EV_Dist1_ON_Defocus2.tiff",
		"ColorSpace": "sRGB",
		"Reference": "Default values",
		"Ref_folder": "/usr/local/Imatest/v24.2/Master/",
		"Gamma": [0.347],
		"patches_for_gamma_start_end": [1,5],
		"exposure_error_normalized_y_channel": [-0.213],
		"mean_camera_Saturation_Pct": ["_NaN_"],
		"mean_chroma_level_CPIQ_Pct": ["_NaN_"],
		"CPIQ_chroma_quality_loss_JND": ["_NaN_"],
		"CPIQ_exposure_quality_loss_JND": ["_NaN_"],
		"pixel_offset": [0],
		"mean_patch_size_pxls": [201,223],
		"roi_settings": "Recent ROI settings are in roi, nwid_save, nht_save, fillf, and distort (same names as ini file)",
		"roi": [3103,1401,4362,1675,3103,1677,4362,1393],
		"nwid_save": [6024],
		"nht_save": [4020],
		"fillf": [0.8],
		"distort": [0],
		"grayscale_zone": [1,2,3,4,5],
		"grayscale_minus_log_exposure": [2,1.513,1.025,0.5375,0.05],
		"grayscale_Y_reflectivity": [0.01,0.03073,0.09441,0.2901,0.8913],
		"grayscale_Y_Printer_pixel_gamma22": [33.13,55.18,91.91,153.1,255],
		"grayscale_Y_density": [0.4024,0.5134,0.6826,0.9243,1.126],
		"grayscale_R_density": [0.3978,0.5119,0.6861,0.9327,1.101],
		"grayscale_G_density": [0.4052,0.5147,0.6824,0.9224,1.135],
		"grayscale_B_density": [0.388,0.505,0.674,0.9182,1.113],
		"grayscale_Y_mean": [101,78.19,52.96,30.36,19.09],
		"grayscale_R_mean": [102,78.45,52.54,29.78,20.21],
		"grayscale_G_mean": [100.3,77.96,52.99,30.49,18.69],
		"grayscale_B_mean": [104.4,79.71,54.01,30.78,19.67],
		"White_Bal_error_Degrees": [250.8,157.7,230.7,221.4,-116.5],
		"White_Bal_error_Mired": [-5.715,-3.643,-5.274,-5.068,2.809],
		"White_Bal_error_S_HSV": [0.03882,0.0219,0.02731,0.03274,0.07522],
		"White_Bal_error_Delta_C_ab": [2.554,1.126,0.7203,0.4132,0.9188],
		"White_Bal_error_Delta_C_94": [2.554,1.126,0.7203,0.4132,0.9188],
		"White_Bal_error_Delta_C_00": [2.869,1.263,0.7107,0.4982,1.28],
		"n_Patch": [1,2,3,4,5],
		"n_Row": [1,1,1,1,1],
		"n_Column": [1,2,3,4,5],
		"width_pixels": [202,203,202,202,202],
		"height_pixels": [225,225,225,225,225],
		"Pixels_total": [45450,45675,45450,45450,45450],
		"R_reference": [242.4,146.6,86.6,49.01,25.46],
		"G_reference": [242.4,146.6,86.6,49.01,25.46],
		"B_reference": [242.4,146.6,86.6,49.01,25.46],
		"R_input": [102,78.45,52.54,29.78,20.21],
		"G_input": [100.3,77.96,52.99,30.49,18.69],
		"B_input": [104.4,79.71,54.01,30.78,19.67],
		"L_reference": [95.63,60.79,36.82,20.33,8.991],
		"a_reference": [0,0,0,0,0],
		"b_reference": [0,0,0,0,0],
		"L_input": [42.77,33.26,22.15,11.44,5.923],
		"a_input": [1.519,0.5808,0.04794,-0.2579,0.8454],
		"b_input": [-2.053,-0.9642,-0.7187,-0.3228,-0.3599],
		"x_reference": [0.3127,0.3127,0.3127,0.3127,0.3127],
		"y_reference": [0.329,0.329,0.329,0.329,0.329],
		"Y_reference": [0.8913,0.2901,0.09441,0.03073,0.01],
		"x_input": [0.3098,0.3107,0.3092,0.309,0.3158],
		"y_input": [0.3201,0.3242,0.3251,0.3273,0.3216],
		"Y_input": [0.1301,0.07657,0.03556,0.01324,0.006557],
		"LUV_comment": "L2 is used to differentiate between the L in LAB and L in LUV.",
		"L2_reference": [805.1,262,85.28,27.75,9.033],
		"U_reference": [0.1978,0.1978,0.1978,0.1978,0.1978],
		"V_reference": [0.4683,0.4683,0.4683,0.4683,0.4683],
		"L2_input": [117.5,69.17,32.12,11.96,5.923],
		"U_input": [0.1991,0.1982,0.1969,0.1959,0.2028],
		"V_input": [0.463,0.4654,0.4657,0.4669,0.4648],
		"patch_numbers_for_all_Delta_E_C": [1,2,3,4,5],
		"Delta_E_all": [52.9,27.6,14.7,8.9,3.2],
		"Delta_C_all": [2.55,1.13,0.72,0.413,0.919],
		"Delta_E94_all": [52.9,27.6,14.7,8.9,3.2],
		"Delta_C94_all": [2.55,1.13,0.72,0.413,0.919],
		"Delta_E2000_all": [41.4,26.9,11.3,5.92,2.27],
		"Delta_C2000_all": [2.87,1.26,0.711,0.498,1.28],
		"Delta_L_all": [-52.9,-27.5,-14.7,-8.89,-3.07],
		"Delta_Chroma_all": [2.55,1.13,0.72,0.413,0.919],
		"Delta_Hue_Distance_all": [0,0,0,0,0],
		"Delta_Hue_Degrees_all": [0,0,0,0,0],
		"sat_corr_comment": "sat_corr explained on https://www.imatest.com/docs/colorcheck/#satcorr - not recommended.",
		"Delta_C_all_sat_corr": ["_NaN_","_NaN_","_NaN_","_NaN_","_NaN_"],
		"Delta_C94_all_sat_corr": ["_NaN_","_NaN_","_NaN_","_NaN_","_NaN_"],
		"Delta_C2000_all_sat_corr": ["_NaN_","_NaN_","_NaN_","_NaN_","_NaN_"],
		"grayscale_patch_numbers": [1,2,3,4,5],
		"Delta_E": [52.9,27.6,14.7,8.9,3.2],
		"Delta_C": [2.55,1.13,0.72,0.413,0.919],
		"Delta_E94": [52.9,27.6,14.7,8.9,3.2],
		"Delta_C94": [2.55,1.13,0.72,0.413,0.919],
		"Delta_E2000": [41.4,26.9,11.3,5.92,2.27],
		"Delta_C2000": [2.87,1.26,0.711,0.498,1.28],
		"Delta_L": [-52.9,-27.5,-14.7,-8.89,-3.07],
		"Delta_Chroma": [2.55,1.13,0.72,0.413,0.919],
		"Delta_Hue_Distance": [0,0,0,0,0],
		"Delta_Hue_Degrees": [0,0,0,0,0],
		"mean_Delta_E": [21.5],
		"mean_Delta_C": [1.15],
		"mean_Delta_E94": [21.5],
		"mean_Delta_C94": [1.15],
		"mean_Delta_E2000": [17.6],
		"mean_Delta_C2000": [1.32],
		"mean_Delta_L": [-21.4],
		"mean_Delta_Chroma": [1.15],
		"mean_Delta_Hue_Distance": [0],
		"mean_Delta_Hue_Degrees": [0],
		"mean_Delta_C_sat_corr": ["_NaN_"],
		"mean_Delta_C94_sat_corr": ["_NaN_"],
		"mean_Delta_C2000_sat_corr": ["_NaN_"],
		"max_Delta_E": [52.9],
		"max_Delta_C": [2.55],
		"max_Delta_E94": [52.9],
		"max_Delta_C94": [2.55],
		"max_Delta_E2000": [41.4],
		"max_Delta_C2000": [2.87],
		"max_Delta_L": [-3.07],
		"max_Delta_Chroma": [2.55],
		"max_Delta_Hue_Distance": [0],
		"max_Delta_Hue_Degrees": [0],
		"max_Delta_C_sat_corr": ["_NaN_"],
		"max_Delta_C94_sat_corr": ["_NaN_"],
		"max_Delta_C2000_sat_corr": ["_NaN_"],
		"mean_RegionSize": [45292.8],
		"Sequence_dark_to_light": [5,4,3,2,1],
		"Patch_number": [5,4,3,2,1],
		"R_noise": [0.04458,0.04454,0.03356,0.02867,0.02809],
		"G_noise": [0.03286,0.02615,0.01965,0.01839,0.01953],
		"B_noise": [0.03852,0.03418,0.02528,0.02331,0.02365],
		"R_SNR_ratio": [1.778,2.622,6.139,10.73,14.24],
		"G_SNR_ratio": [2.231,4.573,10.57,16.63,20.14],
		"B_SNR_ratio": [2.002,3.532,8.378,13.41,17.3],
		"R_SNR_dB": [5,8.371,15.76,20.61,23.07],
		"G_SNR_dB": [6.97,13.2,20.48,24.42,26.08],
		"B_SNR_dB": [6.031,10.96,18.46,22.55,24.76],
		"Gb_noise": [0.02909,0.02261,0.01668,0.01571,0.01726],
		"Gb_SNR_ratio": [2.573,5.266,12.45,19.51,22.94],
		"Gb_SNR_dB": [8.207,14.43,21.91,25.81,27.21],
		"Y_f_stop_SNR_ratio": [3.194,3.698,3.472,1.814,0.9382],
		"Y_f_stop_SNR_dB": [10.09,11.36,10.81,5.175,-0.5545],
		"quality_levels_for_DR": [
				"Low,",
				"Medium,",
				"M-H,",
				"High,"
		],
		"SigNoise_levels_for_DR": [1,0.5,0.25,0.1],
		"Dynamic_Range_f_stops": [6.271,4.544,0,0],
		"Dynamic_Range_dB": [37.75,27.35,0,0],
		"noise_ISO15739_pct": [0.3275,0.337,0.5314,1.15,1.748],
		"snr_ISO15739": [2.002,3.928,6.691,6.659,7.441],
		"noise_pct_ISO15739_at_13pct_Lref": [1.598],
		"snr_ISO15739_at_13pct_Lref": [7.244],
		"snr_dB_ISO15739_at_13pct_Lref": [17.2],
		"DynamicRange_at_density_2": [1799],
		"DynamicRange_total": [0],
		"DynamicRange_from_slope_OD": [1.95],
		"DynamicRange_from_slope_EV": [6.474],
		"DynamicRange_from_slope_dB": [39],
		"SNR_BW_dB_RGBY": [19.7,23.56,21.5,24.92],
		"L_noise": [3.057,2.691,1.914,1.706,1.802],
		"a_noise": [5.646,6.737,5.023,4.135,3.743],
		"b_noise": [5.335,6.165,4.714,3.995,3.546],
		"Total_Lab_noise_unwtd": [8.348,9.52,7.149,5.997,5.462],
		"Total_ab_noise_unwtd": [7.768,9.132,6.888,5.75,5.156],
		"R_minus_Y_KK_noise": [0.0352,0.03718,0.02834,0.02393,0.02242],
		"B_minus_Y_KK_noise": [0.03675,0.03537,0.02752,0.02477,0.02299],
		"Y_Kelly_Keelan_noise": [0.02909,0.02261,0.01668,0.01571,0.01726],
		"Total_KK_noise": [0.03621,0.03173,0.02385,0.02146,0.02201],
		"Chroma_KK_noise": [0.02155,0.02227,0.01705,0.01462,0.01367],
		"Total_old_iso_noise": [0.04308,0.03995,0.03022,0.02668,0.02654],
		"Y_noise_from_YUV": [0.02909,0.0226,0.01668,0.01571,0.01726],
		"U_noise_from_YUV": [0.01727,0.01662,0.01293,0.01164,0.0108],