{
	"jsonResults": {
		"dateRun": "13-May-2025 11:12:19",
		"ini_time_size": "13-May-2025 11:10:39 17295B  MD5 = 2fc8b7d3f5427bd515dbfcc4fbeeb5d7",
		"version": "Imatest 24.2.6 Master Color/Tone Auto",
		"build": "2025-03-20",
		"image_file": "cup_55.0 mm_1600ISO_-1EV_Dist1_ON_Focused.tiff",
		"ColorSpace": "sRGB",
		"Reference": "Default values",
		"Ref_folder": "/usr/local/Imatest/v24.2/Master/",
		"Gamma": [0.4137],
		"patches_for_gamma_start_end": [1,5],
		"exposure_error_normalized_y_channel": [-0.137],
		"mean_camera_Saturation_Pct": ["_NaN_"],
		"mean_chroma_level_CPIQ_Pct": ["_NaN_"],
		"CPIQ_chroma_quality_loss_JND": ["_NaN_"],
		"CPIQ_exposure_quality_loss_JND": ["_NaN_"],
		"pixel_offset": [0],
		"mean_patch_size_pxls": [201,223],
		"roi_settings": "Recent ROI settings are in roi, nwid_save, nht_save, fillf, and distort (same names as ini file)",
		"roi": [3103,1401,4362,1675,3103,1677,4362,1393],
		"nwid_save": [6024],
		"nht_save": [4020],
		"fillf": [0.8],
		"distort": [0],
		"grayscale_zone": [1,2,3,4,5],
		"grayscale_minus_log_exposure": [2,1.513,1.025,0.5375,0.05],
		"grayscale_Y_reflectivity": [0.01,0.03073,0.09441,0.2901,0.8913],
		"grayscale_Y_Printer_pixel_gamma22": [33.13,55.18,91.91,153.1,255],
		"grayscale_Y_density": [0.2588,0.369,0.5348,0.7724,1.151],
		"grayscale_R_density": [0.2568,0.369,0.5376,0.7753,1.155],
		"grayscale_G_density": [0.2608,0.3697,0.5349,0.7723,1.151],
		"grayscale_B_density": [0.2456,0.3626,0.5265,0.7646,1.142],
		"grayscale_Y_mean": [140.5,109,74.42,43.07,18],
		"grayscale_R_mean": [141.2,109,73.95,42.78,17.85],
		"grayscale_G_mean": [139.9,108.8,74.41,43.08,18],
		"grayscale_B_mean": [144.9,110.6,75.87,43.84,18.38],
		"White_Bal_error_Degrees": [281,145.4,229.5,194.7,173.2],
		"White_Bal_error_Mired": [-6.376,-3.366,-5.247,-4.474,-3.992],
		"White_Bal_error_S_HSV": [0.03437,0.0163,0.02527,0.02415,0.02876],
		"White_Bal_error_Delta_C_ab": [2.883,1.081,0.9466,0.5499,0.2412],
		"White_Bal_error_Delta_C_94": [2.883,1.081,0.9466,0.5499,0.2412],
		"White_Bal_error_Delta_C_00": [3.081,1.16,0.9381,0.5465,0.2414],
		"n_Patch": [1,2,3,4,5],
		"n_Row": [1,1,1,1,1],
		"n_Column": [1,2,3,4,5],
		"width_pixels": [202,203,202,202,202],
		"height_pixels": [225,225,225,225,225],
		"Pixels_total": [45450,45675,45450,45450,45450],
		"R_reference": [242.4,146.6,86.6,49.01,25.46],
		"G_reference": [242.4,146.6,86.6,49.01,25.46],
		"B_reference": [242.4,146.6,86.6,49.01,25.46],
		"R_input": [141.2,109,73.95,42.78,17.85],
		"G_input": [139.9,108.8,74.41,43.08,18],
		"B_input": [144.9,110.6,75.87,43.84,18.38],
		"L_reference": [95.63,60.79,36.82,20.33,8.991],
		"a_reference": [0,0,0,0,0],
		"b_reference": [0,0,0,0,0],
		"L_input": [58.45,46.04,31.64,17.57,5.462],
		"a_input": [1.456,0.4472,0.1336,0.0546,0.02366],
		"b_input": [-2.488,-0.9844,-0.9371,-0.5472,-0.2401],
		"x_reference": [0.3127,0.3127,0.3127,0.3127,0.3127],
		"y_reference": [0.329,0.329,0.329,0.329,0.329],
		"Y_reference": [0.8913,0.2901,0.09441,0.03073,0.01],
		"x_input": [0.3091,0.3107,0.3093,0.3098,0.3101],
		"y_input": [0.3208,0.3253,0.3248,0.3256,0.326],
		"Y_input": [0.2644,0.153,0.06927,0.02423,0.006047],
		"LUV_comment": "L2 is used to differentiate between the L in LAB and L in LUV.",
		"L2_reference": [805.1,262,85.28,27.75,9.033],
		"U_reference": [0.1978,0.1978,0.1978,0.1978,0.1978],
		"V_reference": [0.4683,0.4683,0.4683,0.4683,0.4683],
		"L2_input": [238.8,138.2,62.57,21.89,5.462],
		"U_input": [0.1984,0.1978,0.197,0.1971,0.1972],
		"V_input": [0.4634,0.466,0.4656,0.466,0.4663],
		"patch_numbers_for_all_Delta_E_C": [1,2,3,4,5],
		"Delta_E_all": [37.3,14.8,5.26,2.82,3.54],
		"Delta_C_all": [2.88,1.08,0.947,0.55,0.241],
		"Delta_E94_all": [37.3,14.8,5.26,2.82,3.54],
		"Delta_C94_all": [2.88,1.08,0.947,0.55,0.241],
		"Delta_E2000_all": [26.7,14.4,4.32,1.97,2.17],
		"Delta_C2000_all": [3.08,1.16,0.938,0.547,0.241],
		"Delta_L_all": [-37.2,-14.7,-5.18,-2.77,-3.53],
		"Delta_Chroma_all": [2.88,1.08,0.947,0.55,0.241],
		"Delta_Hue_Distance_all": [0,0,0,0,0],
		"Delta_Hue_Degrees_all": [0,0,0,0,0],
		"sat_corr_comment": "sat_corr explained on https://www.imatest.com/docs/colorcheck/#satcorr - not recommended.",
		"Delta_C_all_sat_corr": ["_NaN_","_NaN_","_NaN_","_NaN_","_NaN_"],
		"Delta_C94_all_sat_corr": ["_NaN_","_NaN_","_NaN_","_NaN_","_NaN_"],
		"Delta_C2000_all_sat_corr": ["_NaN_","_NaN_","_NaN_","_NaN_","_NaN_"],
		"grayscale_patch_numbers": [1,2,3,4,5],
		"Delta_E": [37.3,14.8,5.26,2.82,3.54],
		"Delta_C": [2.88,1.08,0.947,0.55,0.241],
		"Delta_E94": [37.3,14.8,5.26,2.82,3.54],
		"Delta_C94": [2.88,1.08,0.947,0.55,0.241],
		"Delta_E2000": [26.7,14.4,4.32,1.97,2.17],
		"Delta_C2000": [3.08,1.16,0.938,0.547,0.241],
		"Delta_L": [-37.2,-14.7,-5.18,-2.77,-3.53],
		"Delta_Chroma": [2.88,1.08,0.947,0.55,0.241],
		"Delta_Hue_Distance": [0,0,0,0,0],
		"Delta_Hue_Degrees": [0,0,0,0,0],
		"mean_Delta_E": [12.7],
		"mean_Delta_C": [1.14],
		"mean_Delta_E94": [12.7],
		"mean_Delta_C94": [1.14],
		"mean_Delta_E2000": [9.91],
		"mean_Delta_C2000": [1.19],
		"mean_Delta_L": [-12.7],
		"mean_Delta_Chroma": [1.14],
		"mean_Delta_Hue_Distance": [0],
		"mean_Delta_Hue_Degrees": [0],
		"mean_Delta_C_sat_corr": ["_NaN_"],
		"mean_Delta_C94_sat_corr": ["_NaN_"],
		"mean_Delta_C2000_sat_corr": ["_NaN_"],
		"max_Delta_E": [37.3],
		"max_Delta_C": [2.88],
		"max_Delta_E94": [37.3],
		"max_Delta_C94": [2.88],
		"max_Delta_E2000": [26.7],
		"max_Delta_C2000": [3.08],
		"max_Delta_L": [-2.77],
		"max_Delta_Chroma": [2.88],
		"max_Delta_Hue_Distance": [0],
		"max_Delta_Hue_Degrees": [0],
		"max_Delta_C_sat_corr": ["_NaN_"],
		"max_Delta_C94_sat_corr": ["_NaN_"],
		"max_Delta_C2000_sat_corr": ["_NaN_"],
		"mean_RegionSize": [45292.8],
		"Sequence_dark_to_light": [5,4,3,2,1],
		"Patch_number": [5,4,3,2,1],
		"R_noise": [0.04373,0.03587,0.02825,0.0252,0.02381],
		"G_noise": [0.02861,0.02041,0.01739,0.01597,0.01534],
		"B_noise": [0.03626,0.02711,0.02249,0.02048,0.01951],
		"R_SNR_ratio": [1.601,4.677,10.26,16.97,23.25],
		"G_SNR_ratio": [2.467,8.275,16.79,26.73,35.75],
		"B_SNR_ratio": [1.988,6.342,13.23,21.19,29.11],
		"R_SNR_dB": [4.087,13.4,20.23,24.59,27.33],
		"G_SNR_dB": [7.844,18.36,24.5,28.54,31.07],
		"B_SNR_dB": [5.968,16.05,22.43,26.52,29.28],
		"Gb_noise": [0.02324,0.01731,0.01443,0.0133,0.01273],
		"Gb_SNR_ratio": [3.037,9.756,20.22,32.15,43.28],
		"Gb_SNR_dB": [9.648,19.79,26.12,30.14,32.73],
		"Y_f_stop_SNR_ratio": [5.991,6.018,5.531,3.946,2.612],
		"Y_f_stop_SNR_dB": [15.55,15.59,14.86,11.92,8.341],
		"quality_levels_for_DR": [
				"Low,",
				"Medium,",
				"M-H,",
				"High,"
		],
		"SigNoise_levels_for_DR": [1,0.5,0.25,0.1],
		"Dynamic_Range_f_stops": [0,0,4.782,0],
		"Dynamic_Range_dB": [0,0,28.79,0],
		"noise_ISO15739_pct": [0.2371,0.2488,0.5195,1.179,1.562],
		"snr_ISO15739": [2.55,9.74,13.33,12.97,16.92],
		"noise_pct_ISO15739_at_13pct_Lref": [1.291],
		"snr_ISO15739_at_13pct_Lref": [14.12],
		"snr_dB_ISO15739_at_13pct_Lref": [23],
		"DynamicRange_at_density_2": [1471],
		"DynamicRange_total": [0],
		"DynamicRange_from_slope_OD": [1.95],
		"DynamicRange_from_slope_EV": [6.474],
		"DynamicRange_from_slope_dB": [39],
		"SNR_BW_dB_RGBY": [23.62,27.58,25.42,29.17],
		"L_noise": [2.362,2.035,1.577,1.364,1.246],
		"a_noise": [6.467,5.449,4.218,3.551,3.217],
		"b_noise": [6.019,5.175,4.032,3.427,3.124],
		"Total_Lab_noise_unwtd": [9.145,7.786,6.044,5.12,4.654],
		"Total_ab_noise_unwtd": [8.835,7.515,5.835,4.935,4.484],
		"R_minus_Y_KK_noise": [0.03864,0.03038,0.02431,0.02161,0.02053],
		"B_minus_Y_KK_noise": [0.04004,0.0294,0.0248,0.02249,0.02146],
		"Y_Kelly_Keelan_noise": [0.02324,0.01731,0.01443,0.0133,0.01273],
		"Total_KK_noise": [0.03313,0.02517,0.02067,0.01875,0.01789],
		"Chroma_KK_noise": [0.02361,0.01826,0.0148,0.01322,0.01257],
		"Total_old_iso_noise": [0.04186,0.03207,0.02617,0.02359,0.02248],
		"Y_noise_from_YUV": [0.02324,0.01731,0.01443,0.0133,0.01273],
		"U_noise_from_YUV": [0.01881,0.01381,0.01165,0.01057,0.01009],