{
	"jsonResults": {
		"dateRun": "07-May-2025 14:51:20",
		"ini_time_size": "07-May-2025 14:50:00 9257B  MD5 = 15a2d5ed231fcdf6114ae87c16e35ccf",
		"version": "Imatest 24.2.6 Master Color/Tone Auto",
		"build": "2025-03-20",
		"image_file": "cup_55.0 mm_1600ISO_+1EV_Dist1_ON_Focused.tiff",
		"ColorSpace": "sRGB",
		"Reference": "Default values",
		"Ref_folder": "/usr/local/Imatest/v24.2/Master/",
		"Gamma": [0.3775],
		"patches_for_gamma_start_end": [1,5],
		"exposure_error_normalized_y_channel": [0.203],
		"mean_camera_Saturation_Pct": ["_NaN_"],
		"mean_chroma_level_CPIQ_Pct": ["_NaN_"],
		"CPIQ_chroma_quality_loss_JND": ["_NaN_"],
		"CPIQ_exposure_quality_loss_JND": ["_NaN_"],
		"pixel_offset": [0],
		"mean_patch_size_pxls": [181,240],
		"roi_settings": "Recent ROI settings are in roi, nwid_save, nht_save, fillf, and distort (same names as ini file)",
		"roi": [3051,1381,4488,1721,3111,1721,4268,1376],
		"nwid_save": [6024],
		"nht_save": [4020],
		"fillf": [0.7],
		"distort": [0],
		"grayscale_zone": [1,2,3,4,5],
		"grayscale_minus_log_exposure": [2,1.513,1.025,0.5375,0.05],
		"grayscale_Y_reflectivity": [0.01,0.03073,0.09441,0.2901,0.8913],
		"grayscale_Y_Printer_pixel_gamma22": [33.13,55.18,91.91,153.1,255],
		"grayscale_Y_density": [0.02988,0.1363,0.2921,0.5043,0.8046],
		"grayscale_R_density": [0.03291,0.1404,0.2959,0.5048,0.8086],
		"grayscale_G_density": [0.03001,0.1355,0.2915,0.5047,0.8043],
		"grayscale_B_density": [0.01973,0.1317,0.2864,0.499,0.7959],
		"grayscale_Y_mean": [238,186.3,130.2,79.84,39.99],
		"grayscale_R_mean": [236.4,184.6,129,79.75,39.63],
		"grayscale_G_mean": [238,186.7,130.3,79.76,40.02],
		"grayscale_B_mean": [243.7,188.3,131.9,80.82,40.8],
		"White_Bal_error_Degrees": [310.1,186.4,203,123.7,226],
		"White_Bal_error_Mired": [-7.004,-4.288,-4.66,-2.872,-5.17],
		"White_Bal_error_S_HSV": [0.02989,0.0198,0.02179,0.01319,0.02872],
		"White_Bal_error_Delta_C_ab": [2.987,1.172,1.034,0.6643,0.5781],
		"White_Bal_error_Delta_C_94": [2.987,1.172,1.034,0.6643,0.5781],
		"White_Bal_error_Delta_C_00": [2.844,1.225,1.028,0.6986,0.5709],
		"n_Patch": [1,2,3,4,5],
		"n_Row": [1,1,1,1,1],
		"n_Column": [1,2,3,4,5],
		"width_pixels": [182,182,183,182,183],
		"height_pixels": [241,242,242,242,242],
		"Pixels_total": [43862,44044,44286,44044,44286],
		"R_reference": [242.4,146.6,86.6,49.01,25.46],
		"G_reference": [242.4,146.6,86.6,49.01,25.46],
		"B_reference": [242.4,146.6,86.6,49.01,25.46],
		"R_input": [236.4,184.6,129,79.75,39.63],
		"G_input": [238,186.7,130.3,79.76,40.02],
		"B_input": [243.7,188.3,131.9,80.82,40.8],
		"L_reference": [95.63,60.79,36.82,20.33,8.991],
		"a_reference": [0,0,0,0,0],
		"b_reference": [0,0,0,0,0],
		"L_input": [94.12,75.64,54.43,33.96,16.11],
		"a_input": [0.5021,-0.4113,-0.1766,0.2236,0.01417],
		"b_input": [-2.944,-1.098,-1.019,-0.6256,-0.5779],
		"x_reference": [0.3127,0.3127,0.3127,0.3127,0.3127],
		"y_reference": [0.329,0.329,0.329,0.329,0.329],
		"Y_reference": [0.8913,0.2901,0.09441,0.03073,0.01],
		"x_input": [0.3082,0.3097,0.3095,0.311,0.3093],
		"y_input": [0.3232,0.3269,0.3262,0.3262,0.3253],
		"Y_input": [0.8554,0.493,0.2238,0.07989,0.02121],
		"LUV_comment": "L2 is used to differentiate between the L in LAB and L in LUV.",
		"L2_reference": [805.1,262,85.28,27.75,9.033],
		"U_reference": [0.1978,0.1978,0.1978,0.1978,0.1978],
		"V_reference": [0.4683,0.4683,0.4683,0.4683,0.4683],
		"L2_input": [772.7,445.3,202.2,72.16,19.16],
		"U_input": [0.1969,0.1966,0.1967,0.1977,0.1968],
		"V_input": [0.4645,0.4667,0.4664,0.4665,0.4658],
		"patch_numbers_for_all_Delta_E_C": [1,2,3,4,5],
		"Delta_E_all": [3.35,14.9,17.6,13.6,7.14],
		"Delta_C_all": [2.99,1.17,1.03,0.664,0.578],
		"Delta_E94_all": [3.35,14.9,17.6,13.6,7.14],
		"Delta_C94_all": [2.99,1.17,1.03,0.664,0.578],
		"Delta_E2000_all": [2.99,11.8,16.9,10.2,4.61],
		"Delta_C2000_all": [2.84,1.22,1.03,0.699,0.571],
		"Delta_L_all": [-1.52,14.8,17.6,13.6,7.12],
		"Delta_Chroma_all": [2.99,1.17,1.03,0.664,0.578],
		"Delta_Hue_Distance_all": [0,0,0,0,0],
		"Delta_Hue_Degrees_all": [0,0,0,0,0],
		"sat_corr_comment": "sat_corr explained on https://www.imatest.com/docs/colorcheck/#satcorr - not recommended.",
		"Delta_C_all_sat_corr": ["_NaN_","_NaN_","_NaN_","_NaN_","_NaN_"],
		"Delta_C94_all_sat_corr": ["_NaN_","_NaN_","_NaN_","_NaN_","_NaN_"],
		"Delta_C2000_all_sat_corr": ["_NaN_","_NaN_","_NaN_","_NaN_","_NaN_"],
		"grayscale_patch_numbers": [1,2,3,4,5],
		"Delta_E": [3.35,14.9,17.6,13.6,7.14],
		"Delta_C": [2.99,1.17,1.03,0.664,0.578],
		"Delta_E94": [3.35,14.9,17.6,13.6,7.14],
		"Delta_C94": [2.99,1.17,1.03,0.664,0.578],
		"Delta_E2000": [2.99,11.8,16.9,10.2,4.61],
		"Delta_C2000": [2.84,1.22,1.03,0.699,0.571],
		"Delta_L": [-1.52,14.8,17.6,13.6,7.12],
		"Delta_Chroma": [2.99,1.17,1.03,0.664,0.578],
		"Delta_Hue_Distance": [0,0,0,0,0],
		"Delta_Hue_Degrees": [0,0,0,0,0],
		"mean_Delta_E": [11.3],
		"mean_Delta_C": [1.29],
		"mean_Delta_E94": [11.3],
		"mean_Delta_C94": [1.29],
		"mean_Delta_E2000": [9.3],
		"mean_Delta_C2000": [1.27],
		"mean_Delta_L": [10.3],
		"mean_Delta_Chroma": [1.29],
		"mean_Delta_Hue_Distance": [0],
		"mean_Delta_Hue_Degrees": [0],
		"mean_Delta_C_sat_corr": ["_NaN_"],
		"mean_Delta_C94_sat_corr": ["_NaN_"],
		"mean_Delta_C2000_sat_corr": ["_NaN_"],
		"max_Delta_E": [17.6],
		"max_Delta_C": [2.99],
		"max_Delta_E94": [17.6],
		"max_Delta_C94": [2.99],
		"max_Delta_E2000": [16.9],
		"max_Delta_C2000": [2.84],
		"max_Delta_L": [17.6],
		"max_Delta_Chroma": [2.99],
		"max_Delta_Hue_Distance": [0],
		"max_Delta_Hue_Degrees": [0],
		"max_Delta_C_sat_corr": ["_NaN_"],
		"max_Delta_C94_sat_corr": ["_NaN_"],
		"max_Delta_C2000_sat_corr": ["_NaN_"],
		"mean_RegionSize": [43922],
		"Sequence_dark_to_light": [5,4,3,2,1],
		"Patch_number": [5,4,3,2,1],
		"R_noise": [0.03808,0.02602,0.02255,0.02108,0.01979],
		"G_noise": [0.02088,0.01615,0.01412,0.01345,0.01313],
		"B_noise": [0.02918,0.021,0.01815,0.01704,0.01605],
		"R_SNR_ratio": [4.081,12.02,22.44,34.34,46.85],
		"G_SNR_ratio": [7.514,19.37,36.2,54.43,71.09],
		"B_SNR_ratio": [5.483,15.09,28.49,43.32,59.55],
		"R_SNR_dB": [12.22,21.6,27.02,30.72,33.41],
		"G_SNR_dB": [17.52,25.74,31.17,34.72,37.04],
		"B_SNR_dB": [14.78,23.58,29.09,32.73,35.5],
		"Gb_noise": [0.01791,0.01363,0.01189,0.01136,0.01118],
		"Gb_SNR_ratio": [8.757,22.98,42.91,64.31,83.53],
		"Gb_SNR_dB": [18.85,27.23,32.65,36.17,38.44],
		"Y_f_stop_SNR_ratio": [11.2,11.5,10.84,8.011,5.387],
		"Y_f_stop_SNR_dB": [20.99,21.21,20.7,18.07,14.63],
		"quality_levels_for_DR": [
				"Low,",
				"Medium,",
				"M-H,",
				"High,"
		],
		"SigNoise_levels_for_DR": [1,0.5,0.25,0.1],
		"Dynamic_Range_f_stops": [0,0,0,3.624],
		"Dynamic_Range_dB": [0,0,0,21.82],
		"noise_ISO15739_pct": [0.3271,0.3496,0.7582,1.767,2.393],
		"snr_ISO15739": [6.485,22.85,29.52,27.9,35.75],
		"noise_pct_ISO15739_at_13pct_Lref": [1.118],
		"snr_ISO15739_at_13pct_Lref": [28.94],
		"snr_dB_ISO15739_at_13pct_Lref": [29.23],
		"DynamicRange_at_density_2": [405.2],
		"DynamicRange_total": [0],
		"DynamicRange_from_slope_OD": [1.95],
		"DynamicRange_from_slope_EV": [6.474],
		"DynamicRange_from_slope_dB": [39],
		"SNR_BW_dB_RGBY": [29.38,33.28,31.22,34.75],
		"L_noise": [2.116,1.473,1.183,1.059,0.9943],
		"a_noise": [5.732,3.791,3.021,2.64,2.336],
		"b_noise": [5.46,3.628,2.916,2.526,2.275],
		"Total_Lab_noise_unwtd": [8.195,5.45,4.362,3.804,3.409],
		"Total_ab_noise_unwtd": [7.917,5.248,4.198,3.654,3.26],
		"R_minus_Y_KK_noise": [0.03206,0.02207,0.01912,0.01788,0.01659],
		"B_minus_Y_KK_noise": [0.03091,0.02257,0.01973,0.01825,0.01721],
		"Y_Kelly_Keelan_noise": [0.01791,0.01363,0.01189,0.01136,0.01118],
		"Total_KK_noise": [0.0263,0.01914,0.01667,0.01573,0.01509],
		"Chroma_KK_noise": [0.01926,0.01344,0.01167,0.01088,0.01014],
		"Total_old_iso_noise": [0.03364,0.02406,0.02092,0.01967,0.01866],
		"Y_noise_from_YUV": [0.01791,0.01362,0.01189,0.01136,0.01118],
		"U_noise_from_YUV": [0.01452,0.01061,0.009271,0.008577,0.008087],