{
	"jsonResults": {
		"dateRun": "13-May-2025 11:12:19",
		"ini_time_size": "13-May-2025 11:10:39 17295B  MD5 = 2fc8b7d3f5427bd515dbfcc4fbeeb5d7",
		"version": "Imatest 24.2.6 Master Color/Tone Auto",
		"build": "2025-03-20",
		"image_file": "cup_55.0 mm_25600ISO_-1EV_Dist1_ON_Focused.tiff",
		"ColorSpace": "sRGB",
		"Reference": "Default values",
		"Ref_folder": "/usr/local/Imatest/v24.2/Master/",
		"Gamma": [0.3958],
		"patches_for_gamma_start_end": [1,5],
		"exposure_error_normalized_y_channel": [-0.184],
		"mean_camera_Saturation_Pct": ["_NaN_"],
		"mean_chroma_level_CPIQ_Pct": ["_NaN_"],
		"CPIQ_chroma_quality_loss_JND": ["_NaN_"],
		"CPIQ_exposure_quality_loss_JND": ["_NaN_"],
		"pixel_offset": [0],
		"mean_patch_size_pxls": [201,223],
		"roi_settings": "Recent ROI settings are in roi, nwid_save, nht_save, fillf, and distort (same names as ini file)",
		"roi": [3103,1401,4362,1675,3103,1677,4362,1393],
		"nwid_save": [6024],
		"nht_save": [4020],
		"fillf": [0.8],
		"distort": [0],
		"grayscale_zone": [1,2,3,4,5],
		"grayscale_minus_log_exposure": [2,1.513,1.025,0.5375,0.05],
		"grayscale_Y_reflectivity": [0.01,0.03073,0.09441,0.2901,0.8913],
		"grayscale_Y_Printer_pixel_gamma22": [33.13,55.18,91.91,153.1,255],
		"grayscale_Y_density": [0.325,0.4446,0.6375,0.8947,1.094],
		"grayscale_R_density": [0.3345,0.4647,0.6656,0.8225,0.9225],
		"grayscale_G_density": [0.326,0.4417,0.6319,0.9247,1.176],
		"grayscale_B_density": [0.2883,0.4163,0.6143,0.8424,0.9854],
		"grayscale_Y_mean": [120.7,91.62,58.75,32.5,20.53],
		"grayscale_R_mean": [118,87.47,55.07,38.38,30.48],
		"grayscale_G_mean": [120.4,92.23,59.52,30.33,16.99],
		"grayscale_B_mean": [131.3,97.78,61.97,36.65,26.37],
		"White_Bal_error_Degrees": [1227,1093,989.5,-237.9,-1362],
		"White_Bal_error_Mired": [-24.43,-22.14,-20.33,5.845,40.79],
		"White_Bal_error_S_HSV": [0.1011,0.1054,0.1113,0.2097,0.4426],
		"White_Bal_error_Delta_C_ab": [6.435,3.879,2.512,6.031,9.553],
		"White_Bal_error_Delta_C_94": [6.435,3.879,2.512,6.031,9.553],
		"White_Bal_error_Delta_C_00": [5.773,3.619,2.711,7.118,10.46],
		"n_Patch": [1,2,3,4,5],
		"n_Row": [1,1,1,1,1],
		"n_Column": [1,2,3,4,5],
		"width_pixels": [202,203,202,202,202],
		"height_pixels": [225,225,225,225,225],
		"Pixels_total": [45450,45675,45450,45450,45450],
		"R_reference": [242.4,146.6,86.6,49.01,25.46],
		"G_reference": [242.4,146.6,86.6,49.01,25.46],
		"B_reference": [242.4,146.6,86.6,49.01,25.46],
		"R_input": [118,87.47,55.07,38.38,30.48],
		"G_input": [120.4,92.23,59.52,30.33,16.99],
		"B_input": [131.3,97.78,61.97,36.65,26.37],
		"L_reference": [95.63,60.79,36.82,20.33,8.991],
		"a_reference": [0,0,0,0,0],
		"b_reference": [0,0,0,0,0],
		"L_input": [50.71,38.93,24.77,12.58,6.866],
		"a_input": [1.446,-0.6172,-1.273,5.327,8.78],
		"b_input": [-6.27,-3.829,-2.165,-2.827,-3.764],
		"x_reference": [0.3127,0.3127,0.3127,0.3127,0.3127],
		"y_reference": [0.329,0.329,0.329,0.329,0.329],
		"Y_reference": [0.8913,0.2901,0.09441,0.03073,0.01],
		"x_input": [0.2977,0.2976,0.2978,0.3206,0.3362],
		"y_input": [0.3085,0.3155,0.3203,0.2971,0.2718],
		"Y_input": [0.1902,0.1062,0.04343,0.01496,0.007601],
		"LUV_comment": "L2 is used to differentiate between the L in LAB and L in LUV.",
		"L2_reference": [805.1,262,85.28,27.75,9.033],
		"U_reference": [0.1978,0.1978,0.1978,0.1978,0.1978],
		"V_reference": [0.4683,0.4683,0.4683,0.4683,0.4683],
		"L2_input": [171.8,95.93,39.23,13.51,6.866],
		"U_input": [0.195,0.1922,0.1907,0.2165,0.2406],
		"V_input": [0.4547,0.4587,0.4614,0.4513,0.4377],
		"patch_numbers_for_all_Delta_E_C": [1,2,3,4,5],
		"Delta_E_all": [45.4,22.2,12.3,9.82,9.79],
		"Delta_C_all": [6.43,3.88,2.51,6.03,9.55],
		"Delta_E94_all": [45.4,22.2,12.3,9.82,9.79],
		"Delta_C94_all": [6.43,3.88,2.51,6.03,9.55],
		"Delta_E2000_all": [34,22.2,9.79,8.8,10.5],
		"Delta_C2000_all": [5.77,3.62,2.71,7.12,10.5],
		"Delta_L_all": [-44.9,-21.9,-12,-7.75,-2.13],
		"Delta_Chroma_all": [6.43,3.88,2.51,6.03,9.55],
		"Delta_Hue_Distance_all": [0,0,0,0,0],
		"Delta_Hue_Degrees_all": [0,0,0,0,0],
		"sat_corr_comment": "sat_corr explained on https://www.imatest.com/docs/colorcheck/#satcorr - not recommended.",
		"Delta_C_all_sat_corr": ["_NaN_","_NaN_","_NaN_","_NaN_","_NaN_"],
		"Delta_C94_all_sat_corr": ["_NaN_","_NaN_","_NaN_","_NaN_","_NaN_"],
		"Delta_C2000_all_sat_corr": ["_NaN_","_NaN_","_NaN_","_NaN_","_NaN_"],
		"grayscale_patch_numbers": [1,2,3,4,5],
		"Delta_E": [45.4,22.2,12.3,9.82,9.79],
		"Delta_C": [6.43,3.88,2.51,6.03,9.55],
		"Delta_E94": [45.4,22.2,12.3,9.82,9.79],
		"Delta_C94": [6.43,3.88,2.51,6.03,9.55],
		"Delta_E2000": [34,22.2,9.79,8.8,10.5],
		"Delta_C2000": [5.77,3.62,2.71,7.12,10.5],
		"Delta_L": [-44.9,-21.9,-12,-7.75,-2.13],
		"Delta_Chroma": [6.43,3.88,2.51,6.03,9.55],
		"Delta_Hue_Distance": [0,0,0,0,0],
		"Delta_Hue_Degrees": [0,0,0,0,0],
		"mean_Delta_E": [19.9],
		"mean_Delta_C": [5.68],
		"mean_Delta_E94": [19.9],
		"mean_Delta_C94": [5.68],
		"mean_Delta_E2000": [17.1],
		"mean_Delta_C2000": [5.94],
		"mean_Delta_L": [-17.7],
		"mean_Delta_Chroma": [5.68],
		"mean_Delta_Hue_Distance": [0],
		"mean_Delta_Hue_Degrees": [0],
		"mean_Delta_C_sat_corr": ["_NaN_"],
		"mean_Delta_C94_sat_corr": ["_NaN_"],
		"mean_Delta_C2000_sat_corr": ["_NaN_"],
		"max_Delta_E": [45.4],
		"max_Delta_C": [9.55],
		"max_Delta_E94": [45.4],
		"max_Delta_C94": [9.55],
		"max_Delta_E2000": [34],
		"max_Delta_C2000": [10.5],
		"max_Delta_L": [-2.13],
		"max_Delta_Chroma": [9.55],
		"max_Delta_Hue_Distance": [0],
		"max_Delta_Hue_Degrees": [0],
		"max_Delta_C_sat_corr": ["_NaN_"],
		"max_Delta_C94_sat_corr": ["_NaN_"],
		"max_Delta_C2000_sat_corr": ["_NaN_"],
		"mean_RegionSize": [45292.8],
		"Sequence_dark_to_light": [5,4,3,2,1],
		"Patch_number": [5,4,3,2,1],
		"R_noise": [0.1013,0.1138,0.1272,0.1097,0.08645],
		"G_noise": [0.07581,0.09209,0.08975,0.06579,0.05619],
		"B_noise": [0.08922,0.1027,0.1032,0.07461,0.06034],
		"R_SNR_ratio": [1.18,1.323,1.698,3.128,5.354],
		"G_SNR_ratio": [0.8788,1.292,2.601,5.498,8.401],
		"B_SNR_ratio": [1.159,1.399,2.355,5.14,8.533],
		"R_SNR_dB": [1.441,2.432,4.6,9.906,14.57],
		"G_SNR_dB": [-1.122,2.223,8.301,14.8,18.49],
		"B_SNR_dB": [1.282,2.918,7.44,14.22,18.62],
		"Gb_noise": [0.0619,0.0734,0.07274,0.05585,0.04732],
		"Gb_SNR_ratio": [1.301,1.736,3.167,6.433,9.999],
		"Gb_SNR_dB": [2.284,4.792,10.01,16.17,20],
		"Y_f_stop_SNR_ratio": [1.486,1.342,0.9839,0.6304,0.4681],
		"Y_f_stop_SNR_dB": [3.44,2.555,-0.1408,-4.008,-6.594],
		"quality_levels_for_DR": [
				"Low,",
				"Medium,",
				"M-H,",
				"High,"
		],
		"SigNoise_levels_for_DR": [1,0.5,0.25,0.1],
		"Dynamic_Range_f_stops": [3.141,0,0,0],
		"Dynamic_Range_dB": [18.91,0,0,0],
		"noise_ISO15739_pct": [0.877,1.34,2.661,4.498,5.2],
		"snr_ISO15739": [0.8667,1.116,1.632,2.361,3.658],
		"noise_pct_ISO15739_at_13pct_Lref": [4.816],
		"snr_ISO15739_at_13pct_Lref": [2.949],
		"snr_dB_ISO15739_at_13pct_Lref": [9.394],
		"DynamicRange_at_density_2": [476.9],
		"DynamicRange_total": [229.6],
		"DynamicRange_from_slope_OD": [1.95],
		"DynamicRange_from_slope_EV": [6.474],
		"DynamicRange_from_slope_dB": [39],
		"SNR_BW_dB_RGBY": [9.974,14.41,13.32,15.83],
		"L_noise": [6.883,7.985,7.511,5.581,4.658],
		"a_noise": [15.53,18.02,17.96,13.58,11],
		"b_noise": [15.44,18.3,17.87,12.48,10.07],
		"Total_Lab_noise_unwtd": [22.96,26.89,26.42,19.27,15.63],
		"Total_ab_noise_unwtd": [21.9,25.68,25.33,18.44,14.92],
		"R_minus_Y_KK_noise": [0.09072,0.1054,0.1133,0.09305,0.07349],
		"B_minus_Y_KK_noise": [0.09576,0.115,0.1157,0.08188,0.06803],
		"Y_Kelly_Keelan_noise": [0.0619,0.0734,0.07274,0.05585,0.04732],
		"Total_KK_noise": [0.08327,0.09823,0.1003,0.07826,0.06445],
		"Chroma_KK_noise": [0.0557,0.06528,0.06898,0.05482,0.04375],
		"Total_old_iso_noise": [0.1028,0.1209,0.1251,0.09866,0.08023],
		"Y_noise_from_YUV": [0.06189,0.07339,0.07274,0.05585,0.04732],
		"U_noise_from_YUV": [0.045,0.05406,0.05435,0.03847,0.03196],
		"V_noise_from_YUV": [0.07084,0.08227,0.08848,0.07266,0.05739],