{
	"jsonResults": {
		"dateRun": "13-May-2025 11:12:19",
		"ini_time_size": "13-May-2025 11:10:39 17295B  MD5 = 2fc8b7d3f5427bd515dbfcc4fbeeb5d7",
		"version": "Imatest 24.2.6 Master Color/Tone Auto",
		"build": "2025-03-20",
		"image_file": "cup_55.0 mm_1600ISO_0EV_Dist1_OFF_Defocus2.tiff",
		"ColorSpace": "sRGB",
		"Reference": "Default values",
		"Ref_folder": "/usr/local/Imatest/v24.2/Master/",
		"Gamma": [0.3147],
		"patches_for_gamma_start_end": [1,5],
		"exposure_error_normalized_y_channel": [0.00566],
		"mean_camera_Saturation_Pct": ["_NaN_"],
		"mean_chroma_level_CPIQ_Pct": ["_NaN_"],
		"CPIQ_chroma_quality_loss_JND": ["_NaN_"],
		"CPIQ_exposure_quality_loss_JND": ["_NaN_"],
		"pixel_offset": [0],
		"mean_patch_size_pxls": [201,223],
		"roi_settings": "Recent ROI settings are in roi, nwid_save, nht_save, fillf, and distort (same names as ini file)",
		"roi": [3103,1401,4362,1675,3103,1677,4362,1393],
		"nwid_save": [6024],
		"nht_save": [4020],
		"fillf": [0.8],
		"distort": [0],
		"grayscale_zone": [1,2,3,4,5],
		"grayscale_minus_log_exposure": [2,1.513,1.025,0.5375,0.05],
		"grayscale_Y_reflectivity": [0.01,0.03073,0.09441,0.2901,0.8913],
		"grayscale_Y_Printer_pixel_gamma22": [33.13,55.18,91.91,153.1,255],
		"grayscale_Y_density": [0.133,0.2366,0.39,0.5911,0.7544],
		"grayscale_R_density": [0.1338,0.2385,0.3926,0.591,0.7589],
		"grayscale_G_density": [0.134,0.2365,0.39,0.5918,0.7535],
		"grayscale_B_density": [0.1215,0.231,0.3827,0.585,0.751],
		"grayscale_Y_mean": [187.7,147.9,103.9,65.38,44.89],
		"grayscale_R_mean": [187.4,147.2,103.3,65.4,44.43],
		"grayscale_G_mean": [187.3,147.9,103.9,65.28,44.99],
		"grayscale_B_mean": [192.8,149.8,105.6,66.3,45.24],
		"White_Bal_error_Degrees": [297.4,166.2,211.5,126.1,135],
		"White_Bal_error_Mired": [-6.731,-3.835,-4.848,-2.928,-3.13],
		"White_Bal_error_S_HSV": [0.02823,0.01709,0.02241,0.01541,0.01793],
		"White_Bal_error_Delta_C_ab": [2.937,1.099,1.079,0.6697,0.3157],
		"White_Bal_error_Delta_C_94": [2.937,1.099,1.079,0.6697,0.3157],
		"White_Bal_error_Delta_C_00": [2.951,1.082,1.062,0.7278,0.3768],
		"n_Patch": [1,2,3,4,5],
		"n_Row": [1,1,1,1,1],
		"n_Column": [1,2,3,4,5],
		"width_pixels": [202,203,202,202,202],
		"height_pixels": [225,225,225,225,225],
		"Pixels_total": [45450,45675,45450,45450,45450],
		"R_reference": [242.4,146.6,86.6,49.01,25.46],
		"G_reference": [242.4,146.6,86.6,49.01,25.46],
		"B_reference": [242.4,146.6,86.6,49.01,25.46],
		"R_input": [187.4,147.2,103.3,65.4,44.43],
		"G_input": [187.3,147.9,103.9,65.28,44.99],
		"B_input": [192.8,149.8,105.6,66.3,45.24],
		"L_reference": [95.63,60.79,36.82,20.33,8.991],
		"a_reference": [0,0,0,0,0],
		"b_reference": [0,0,0,0,0],
		"L_input": [76.15,61.28,43.96,27.7,18.42],
		"a_input": [1.045,0.1292,0.126,0.2814,-0.1891],
		"b_input": [-2.744,-1.092,-1.072,-0.6078,-0.2528],
		"x_reference": [0.3127,0.3127,0.3127,0.3127,0.3127],
		"y_reference": [0.329,0.329,0.329,0.329,0.329],
		"Y_reference": [0.8913,0.2901,0.09441,0.03073,0.01],
		"x_input": [0.3086,0.3102,0.3096,0.311,0.3105],
		"y_input": [0.3222,0.326,0.3252,0.3257,0.3279],
		"Y_input": [0.5013,0.2957,0.1381,0.05347,0.02612],
		"LUV_comment": "L2 is used to differentiate between the L in LAB and L in LUV.",
		"L2_reference": [805.1,262,85.28,27.75,9.033],
		"U_reference": [0.1978,0.1978,0.1978,0.1978,0.1978],
		"V_reference": [0.4683,0.4683,0.4683,0.4683,0.4683],
		"L2_input": [452.8,267.1,124.8,48.3,23.59],
		"U_input": [0.1976,0.1972,0.1971,0.1979,0.1967],
		"V_input": [0.464,0.4664,0.4658,0.4663,0.4674],
		"patch_numbers_for_all_Delta_E_C": [1,2,3,4,5],
		"Delta_E_all": [19.7,1.21,7.22,7.4,9.43],
		"Delta_C_all": [2.94,1.1,1.08,0.67,0.316],
		"Delta_E94_all": [19.7,1.21,7.22,7.4,9.43],
		"Delta_C94_all": [2.94,1.1,1.08,0.67,0.316],
		"Delta_E2000_all": [13,1.16,6.41,5.37,6.13],
		"Delta_C2000_all": [2.95,1.08,1.06,0.728,0.377],
		"Delta_L_all": [-19.5,0.496,7.14,7.37,9.43],
		"Delta_Chroma_all": [2.94,1.1,1.08,0.67,0.316],
		"Delta_Hue_Distance_all": [0,0,0,0,0],
		"Delta_Hue_Degrees_all": [0,0,0,0,0],
		"sat_corr_comment": "sat_corr explained on https://www.imatest.com/docs/colorcheck/#satcorr - not recommended.",
		"Delta_C_all_sat_corr": ["_NaN_","_NaN_","_NaN_","_NaN_","_NaN_"],
		"Delta_C94_all_sat_corr": ["_NaN_","_NaN_","_NaN_","_NaN_","_NaN_"],
		"Delta_C2000_all_sat_corr": ["_NaN_","_NaN_","_NaN_","_NaN_","_NaN_"],
		"grayscale_patch_numbers": [1,2,3,4,5],
		"Delta_E": [19.7,1.21,7.22,7.4,9.43],
		"Delta_C": [2.94,1.1,1.08,0.67,0.316],
		"Delta_E94": [19.7,1.21,7.22,7.4,9.43],
		"Delta_C94": [2.94,1.1,1.08,0.67,0.316],
		"Delta_E2000": [13,1.16,6.41,5.37,6.13],
		"Delta_C2000": [2.95,1.08,1.06,0.728,0.377],
		"Delta_L": [-19.5,0.496,7.14,7.37,9.43],
		"Delta_Chroma": [2.94,1.1,1.08,0.67,0.316],
		"Delta_Hue_Distance": [0,0,0,0,0],
		"Delta_Hue_Degrees": [0,0,0,0,0],
		"mean_Delta_E": [8.99],
		"mean_Delta_C": [1.22],
		"mean_Delta_E94": [8.99],
		"mean_Delta_C94": [1.22],
		"mean_Delta_E2000": [6.42],
		"mean_Delta_C2000": [1.24],
		"mean_Delta_L": [0.99],
		"mean_Delta_Chroma": [1.22],
		"mean_Delta_Hue_Distance": [0],
		"mean_Delta_Hue_Degrees": [0],
		"mean_Delta_C_sat_corr": ["_NaN_"],
		"mean_Delta_C94_sat_corr": ["_NaN_"],
		"mean_Delta_C2000_sat_corr": ["_NaN_"],
		"max_Delta_E": [19.7],
		"max_Delta_C": [2.94],
		"max_Delta_E94": [19.7],
		"max_Delta_C94": [2.94],
		"max_Delta_E2000": [13],
		"max_Delta_C2000": [2.95],
		"max_Delta_L": [9.43],
		"max_Delta_Chroma": [2.94],
		"max_Delta_Hue_Distance": [0],
		"max_Delta_Hue_Degrees": [0],
		"max_Delta_C_sat_corr": ["_NaN_"],
		"max_Delta_C94_sat_corr": ["_NaN_"],
		"max_Delta_C2000_sat_corr": ["_NaN_"],
		"mean_RegionSize": [45292.8],
		"Sequence_dark_to_light": [5,4,3,2,1],
		"Patch_number": [5,4,3,2,1],
		"R_noise": [0.05087,0.03423,0.02669,0.02608,0.02913],
		"G_noise": [0.03975,0.02483,0.01762,0.0184,0.02351],
		"B_noise": [0.0448,0.02926,0.0216,0.02249,0.02676],
		"R_SNR_ratio": [3.425,7.493,15.18,22.14,25.23],
		"G_SNR_ratio": [4.438,10.31,23.12,31.52,31.24],
		"B_SNR_ratio": [3.96,8.886,19.18,26.12,28.25],
		"R_SNR_dB": [10.69,17.49,23.62,26.9,28.04],
		"G_SNR_dB": [12.94,20.26,27.28,29.97,29.89],
		"B_SNR_dB": [11.95,18.97,25.66,28.34,29.02],
		"Gb_noise": [0.03818,0.02289,0.01522,0.01654,0.02217],
		"Gb_SNR_ratio": [4.61,11.2,26.77,35.07,33.2],
		"Gb_SNR_dB": [13.27,20.98,28.55,30.9,30.42],
		"Y_f_stop_SNR_ratio": [4.348,6.138,6.565,3.121,1.299],
		"Y_f_stop_SNR_dB": [12.77,15.76,16.35,9.885,2.275],
		"quality_levels_for_DR": [
				"Low,",
				"Medium,",
				"M-H,",
				"High,"
		],
		"SigNoise_levels_for_DR": [1,0.5,0.25,0.1],
		"Dynamic_Range_f_stops": [0,5.506,4.18,0],
		"Dynamic_Range_dB": [0,33.15,25.16,0],
		"noise_ISO15739_pct": [0.364,0.2906,0.4176,1.041,1.922],
		"snr_ISO15739": [7.176,18.4,33.07,28.42,26.08],
		"noise_pct_ISO15739_at_13pct_Lref": [1.384],
		"snr_ISO15739_at_13pct_Lref": [27.51],
		"snr_dB_ISO15739_at_13pct_Lref": [28.79],
		"DynamicRange_at_density_2": [1128],
		"DynamicRange_total": [0],
		"DynamicRange_from_slope_OD": [1.95],
		"DynamicRange_from_slope_EV": [6.474],
		"DynamicRange_from_slope_dB": [39],
		"SNR_BW_dB_RGBY": [25.3,28.32,26.58,29.25],
		"L_noise": [4.414,2.53,1.577,1.613,2.083],
		"a_noise": [5.817,4.437,3.615,3.141,2.867],
		"b_noise": [5.463,4.246,3.446,3.067,2.735],
		"Total_Lab_noise_unwtd": [9.119,6.642,5.237,4.677,4.477],
		"Total_ab_noise_unwtd": [7.98,6.141,4.994,4.39,3.962],
		"R_minus_Y_KK_noise": [0.03225,0.02512,0.02205,0.02019,0.01935],
		"B_minus_Y_KK_noise": [0.03142,0.02551,0.02241,0.02124,0.0198],
		"Y_Kelly_Keelan_noise": [0.03818,0.02289,0.01522,0.01654,0.02217],
		"Total_KK_noise": [0.04284,0.02752,0.02028,0.02066,0.02511],
		"Chroma_KK_noise": [0.01942,0.01527,0.01341,0.01239,0.01179],
		"Total_old_iso_noise": [0.04776,0.03212,0.02496,0.02463,0.02818],
		"Y_noise_from_YUV": [0.03818,0.02289,0.01522,0.01654,0.02217],
		"U_noise_from_YUV": [0.01476,0.01199,0.01053,0.009982,0.009305],