{
	"jsonResults": {
		"dateRun": "13-May-2025 11:12:19",
		"ini_time_size": "13-May-2025 11:10:39 17295B  MD5 = 2fc8b7d3f5427bd515dbfcc4fbeeb5d7",
		"version": "Imatest 24.2.6 Master Color/Tone Auto",
		"build": "2025-03-20",
		"image_file": "cup_55.0 mm_25600ISO_-2EV_Dist1_OFF_Defocus1.tiff",
		"ColorSpace": "sRGB",
		"Reference": "Default values",
		"Ref_folder": "/usr/local/Imatest/v24.2/Master/",
		"Gamma": [0.4107],
		"patches_for_gamma_start_end": [1,5],
		"exposure_error_normalized_y_channel": [-0.241],
		"mean_camera_Saturation_Pct": ["_NaN_"],
		"mean_chroma_level_CPIQ_Pct": ["_NaN_"],
		"CPIQ_chroma_quality_loss_JND": ["_NaN_"],
		"CPIQ_exposure_quality_loss_JND": ["_NaN_"],
		"pixel_offset": [0],
		"mean_patch_size_pxls": [201,223],
		"roi_settings": "Recent ROI settings are in roi, nwid_save, nht_save, fillf, and distort (same names as ini file)",
		"roi": [3103,1401,4362,1675,3103,1677,4362,1393],
		"nwid_save": [6024],
		"nht_save": [4020],
		"fillf": [0.8],
		"distort": [0],
		"grayscale_zone": [1,2,3,4,5],
		"grayscale_minus_log_exposure": [2,1.513,1.025,0.5375,0.05],
		"grayscale_Y_reflectivity": [0.01,0.03073,0.09441,0.2901,0.8913],
		"grayscale_Y_Printer_pixel_gamma22": [33.13,55.18,91.91,153.1,255],
		"grayscale_Y_density": [0.4754,0.608,0.8083,1.013,1.126],
		"grayscale_R_density": [0.4848,0.6268,0.773,0.8719,0.9208],
		"grayscale_G_density": [0.4756,0.6044,0.8215,1.074,1.228],
		"grayscale_B_density": [0.4466,0.5904,0.7879,0.9373,1.017],
		"grayscale_Y_mean": [85.34,62.88,39.65,24.77,19.06],
		"grayscale_R_mean": [83.5,60.22,43,34.25,30.6],
		"grayscale_G_mean": [85.3,63.41,38.47,21.49,15.08],
		"grayscale_B_mean": [91.19,65.48,41.56,29.46,24.54],
		"White_Bal_error_Degrees": [903.7,703.8,-193.3,-1329,-2246],
		"White_Bal_error_Mired": [-18.78,-15.03,4.714,39.55,81.23],
		"White_Bal_error_S_HSV": [0.08435,0.08029,0.1055,0.3727,0.5071],
		"White_Bal_error_Delta_C_ab": [3.721,1.927,3.088,8.725,10.01],
		"White_Bal_error_Delta_C_94": [3.721,1.927,3.088,8.725,10.01],
		"White_Bal_error_Delta_C_00": [3.484,2.046,4.009,9.838,10.97],
		"n_Patch": [1,2,3,4,5],
		"n_Row": [1,1,1,1,1],
		"n_Column": [1,2,3,4,5],
		"width_pixels": [202,203,202,202,202],
		"height_pixels": [225,225,225,225,225],
		"Pixels_total": [45450,45675,45450,45450,45450],
		"R_reference": [242.4,146.6,86.6,49.01,25.46],
		"G_reference": [242.4,146.6,86.6,49.01,25.46],
		"B_reference": [242.4,146.6,86.6,49.01,25.46],
		"R_input": [83.5,60.22,43,34.25,30.6],
		"G_input": [85.3,63.41,38.47,21.49,15.08],
		"B_input": [91.19,65.48,41.56,29.46,24.54],
		"L_reference": [95.63,60.79,36.82,20.33,8.991],
		"a_reference": [0,0,0,0,0],
		"b_reference": [0,0,0,0,0],
		"L_input": [36.3,26.61,15.97,8.906,6.299],
		"a_input": [0.5987,-0.8431,2.811,8.184,9.492],
		"b_input": [-3.672,-1.733,-1.278,-3.024,-3.178],
		"x_reference": [0.3127,0.3127,0.3127,0.3127,0.3127],
		"y_reference": [0.329,0.329,0.329,0.329,0.329],
		"Y_reference": [0.8913,0.2901,0.09441,0.03073,0.01],
		"x_input": [0.3008,0.3019,0.3179,0.3366,0.3479],
		"y_input": [0.3139,0.3221,0.3149,0.2841,0.2709],
		"Y_input": [0.09165,0.04955,0.02094,0.009898,0.006974],
		"LUV_comment": "L2 is used to differentiate between the L in LAB and L in LUV.",
		"L2_reference": [805.1,262,85.28,27.75,9.033],
		"U_reference": [0.1978,0.1978,0.1978,0.1978,0.1978],
		"V_reference": [0.4683,0.4683,0.4683,0.4683,0.4683],
		"L2_input": [82.78,44.76,18.91,8.94,6.299],
		"U_input": [0.1951,0.1929,0.2071,0.2347,0.2505],
		"V_input": [0.4583,0.463,0.4613,0.4457,0.4389],
		"patch_numbers_for_all_Delta_E_C": [1,2,3,4,5],
		"Delta_E_all": [59.4,34.2,21.1,14.4,10.4],
		"Delta_C_all": [3.72,1.93,3.09,8.72,10],
		"Delta_E94_all": [59.4,34.2,21.1,14.4,10.4],
		"Delta_C94_all": [3.72,1.93,3.09,8.72,10],
		"Delta_E2000_all": [48.3,31.8,16,12.4,11.1],
		"Delta_C2000_all": [3.48,2.05,4.01,9.84,11],
		"Delta_L_all": [-59.3,-34.2,-20.8,-11.4,-2.69],
		"Delta_Chroma_all": [3.72,1.93,3.09,8.72,10],
		"Delta_Hue_Distance_all": [0,0,0,0,0],
		"Delta_Hue_Degrees_all": [0,0,0,0,0],
		"sat_corr_comment": "sat_corr explained on https://www.imatest.com/docs/colorcheck/#satcorr - not recommended.",
		"Delta_C_all_sat_corr": ["_NaN_","_NaN_","_NaN_","_NaN_","_NaN_"],
		"Delta_C94_all_sat_corr": ["_NaN_","_NaN_","_NaN_","_NaN_","_NaN_"],
		"Delta_C2000_all_sat_corr": ["_NaN_","_NaN_","_NaN_","_NaN_","_NaN_"],
		"grayscale_patch_numbers": [1,2,3,4,5],
		"Delta_E": [59.4,34.2,21.1,14.4,10.4],
		"Delta_C": [3.72,1.93,3.09,8.72,10],
		"Delta_E94": [59.4,34.2,21.1,14.4,10.4],
		"Delta_C94": [3.72,1.93,3.09,8.72,10],
		"Delta_E2000": [48.3,31.8,16,12.4,11.1],
		"Delta_C2000": [3.48,2.05,4.01,9.84,11],
		"Delta_L": [-59.3,-34.2,-20.8,-11.4,-2.69],
		"Delta_Chroma": [3.72,1.93,3.09,8.72,10],
		"Delta_Hue_Distance": [0,0,0,0,0],
		"Delta_Hue_Degrees": [0,0,0,0,0],
		"mean_Delta_E": [27.9],
		"mean_Delta_C": [5.49],
		"mean_Delta_E94": [27.9],
		"mean_Delta_C94": [5.49],
		"mean_Delta_E2000": [23.9],
		"mean_Delta_C2000": [6.07],
		"mean_Delta_L": [-25.7],
		"mean_Delta_Chroma": [5.49],
		"mean_Delta_Hue_Distance": [0],
		"mean_Delta_Hue_Degrees": [0],
		"mean_Delta_C_sat_corr": ["_NaN_"],
		"mean_Delta_C94_sat_corr": ["_NaN_"],
		"mean_Delta_C2000_sat_corr": ["_NaN_"],
		"max_Delta_E": [59.4],
		"max_Delta_C": [10],
		"max_Delta_E94": [59.4],
		"max_Delta_C94": [10],
		"max_Delta_E2000": [48.3],
		"max_Delta_C2000": [11],
		"max_Delta_L": [-2.69],
		"max_Delta_Chroma": [10],
		"max_Delta_Hue_Distance": [0],
		"max_Delta_Hue_Degrees": [0],
		"max_Delta_C_sat_corr": ["_NaN_"],
		"max_Delta_C94_sat_corr": ["_NaN_"],
		"max_Delta_C2000_sat_corr": ["_NaN_"],
		"mean_RegionSize": [45292.8],
		"Sequence_dark_to_light": [5,4,3,2,1],
		"Patch_number": [5,4,3,2,1],
		"R_noise": [0.102,0.1079,0.1206,0.1269,0.1167],
		"G_noise": [0.07241,0.08277,0.09526,0.0841,0.07026],
		"B_noise": [0.08626,0.09364,0.1063,0.09929,0.07733],
		"R_SNR_ratio": [1.176,1.245,1.398,1.861,2.805],
		"G_SNR_ratio": [0.8169,1.018,1.584,2.957,4.761],
		"B_SNR_ratio": [1.116,1.234,1.533,2.586,4.625],
		"R_SNR_dB": [1.411,1.901,2.909,5.393,8.96],
		"G_SNR_dB": [-1.757,0.1546,3.993,9.416,13.55],
		"B_SNR_dB": [0.9515,1.825,3.713,8.253,13.3],
		"Gb_noise": [0.05974,0.0672,0.07564,0.06949,0.05909],
		"Gb_SNR_ratio": [1.251,1.446,2.056,3.548,5.664],
		"Gb_SNR_dB": [1.948,3.201,6.26,11,15.06],
		"Y_f_stop_SNR_ratio": [0.9205,0.7959,0.6099,0.371,0.2315],
		"Y_f_stop_SNR_dB": [-0.7196,-1.982,-4.294,-8.613,-12.71],
		"quality_levels_for_DR": [
				"Low,",
				"Medium,",
				"M-H,",
				"High,"
		],
		"SigNoise_levels_for_DR": [1,0.5,0.25,0.1],
		"Dynamic_Range_f_stops": [0,0,0,0],
		"Dynamic_Range_dB": [0,0,0,0],
		"noise_ISO15739_pct": [1.535,2.097,4.125,7.408,8.141],
		"snr_ISO15739": [0.4542,0.4719,0.5077,0.6689,1.126],
		"noise_pct_ISO15739_at_13pct_Lref": [7.778],
		"snr_ISO15739_at_13pct_Lref": [0.8998],
		"snr_dB_ISO15739_at_13pct_Lref": [-0.9172],
		"DynamicRange_at_density_2": [286.1],
		"DynamicRange_total": [6.713],
		"DynamicRange_from_slope_OD": [1.95],
		"DynamicRange_from_slope_EV": [6.474],
		"DynamicRange_from_slope_dB": [39],
		"SNR_BW_dB_RGBY": [5.443,9.018,7.576,10.68],
		"L_noise": [6.691,7.427,8.123,7.128,5.902],
		"a_noise": [15.15,16.51,18.75,17.09,14.61],
		"b_noise": [14.84,16.32,18.83,16.8,13.01],
		"Total_Lab_noise_unwtd": [22.24,24.37,27.78,25,20.43],
		"Total_ab_noise_unwtd": [21.21,23.21,26.57,23.96,19.56],
		"R_minus_Y_KK_noise": [0.09026,0.09764,0.1119,0.1107,0.1003],
		"B_minus_Y_KK_noise": [0.09145,0.1015,0.1197,0.1089,0.08504],
		"Y_Kelly_Keelan_noise": [0.05974,0.0672,0.07564,0.06949,0.05909],
		"Total_KK_noise": [0.0811,0.0899,0.1023,0.09639,0.08327],
		"Chroma_KK_noise": [0.05485,0.05972,0.06894,0.06679,0.05868],
		"Total_old_iso_noise": [0.1006,0.1108,0.1266,0.1207,0.1053],
		"Y_noise_from_YUV": [0.05973,0.06719,0.07563,0.06949,0.05908],
		"U_noise_from_YUV": [0.04297,0.04769,0.05622,0.05117,0.03996],
		"V_noise_from_YUV": [0.07048,0.07625,0.08738,0.08643,0.07833],