{
	"jsonResults": {
		"dateRun": "13-May-2025 11:12:19",
		"ini_time_size": "13-May-2025 11:10:39 17295B  MD5 = 2fc8b7d3f5427bd515dbfcc4fbeeb5d7",
		"version": "Imatest 24.2.6 Master Color/Tone Auto",
		"build": "2025-03-20",
		"image_file": "cup_55.0 mm_100ISO_-1EV_Dist1_ON_Defocus2.tiff",
		"ColorSpace": "sRGB",
		"Reference": "Default values",
		"Ref_folder": "/usr/local/Imatest/v24.2/Master/",
		"Gamma": [0.3389],
		"patches_for_gamma_start_end": [1,5],
		"exposure_error_normalized_y_channel": [-0.187],
		"mean_camera_Saturation_Pct": ["_NaN_"],
		"mean_chroma_level_CPIQ_Pct": ["_NaN_"],
		"CPIQ_chroma_quality_loss_JND": ["_NaN_"],
		"CPIQ_exposure_quality_loss_JND": ["_NaN_"],
		"pixel_offset": [0],
		"mean_patch_size_pxls": [201,223],
		"roi_settings": "Recent ROI settings are in roi, nwid_save, nht_save, fillf, and distort (same names as ini file)",
		"roi": [3103,1401,4362,1675,3103,1677,4362,1393],
		"nwid_save": [6024],
		"nht_save": [4020],
		"fillf": [0.8],
		"distort": [0],
		"grayscale_zone": [1,2,3,4,5],
		"grayscale_minus_log_exposure": [2,1.513,1.025,0.5375,0.05],
		"grayscale_Y_reflectivity": [0.01,0.03073,0.09441,0.2901,0.8913],
		"grayscale_Y_Printer_pixel_gamma22": [33.13,55.18,91.91,153.1,255],
		"grayscale_Y_density": [0.3397,0.45,0.6153,0.8374,1.024],
		"grayscale_R_density": [0.3431,0.454,0.6182,0.8361,1.023],
		"grayscale_G_density": [0.3399,0.4494,0.6151,0.8384,1.025],
		"grayscale_B_density": [0.3278,0.4442,0.6077,0.8306,1.018],
		"grayscale_Y_mean": [116.6,90.47,61.84,37.08,24.12],
		"grayscale_R_mean": [115.7,89.64,61.42,37.19,24.19],
		"grayscale_G_mean": [116.6,90.6,61.86,36.99,24.06],
		"grayscale_B_mean": [119.9,91.69,62.93,37.66,24.44],
		"White_Bal_error_Degrees": [342.9,199.7,208,107.4,76.63],
		"White_Bal_error_Mired": [-7.709,-4.585,-4.771,-2.5,-1.793],
		"White_Bal_error_S_HSV": [0.03458,0.02237,0.02393,0.01785,0.01537],
		"White_Bal_error_Delta_C_ab": [1.968,0.7826,0.7268,0.4897,0.2925],
		"White_Bal_error_Delta_C_94": [1.968,0.7826,0.7268,0.4897,0.2925],
		"White_Bal_error_Delta_C_00": [1.922,0.7847,0.718,0.5599,0.3397],
		"n_Patch": [1,2,3,4,5],
		"n_Row": [1,1,1,1,1],
		"n_Column": [1,2,3,4,5],
		"width_pixels": [202,203,202,202,202],
		"height_pixels": [225,225,225,225,225],
		"Pixels_total": [45450,45675,45450,45450,45450],
		"R_reference": [242.4,146.6,86.6,49.01,25.46],
		"G_reference": [242.4,146.6,86.6,49.01,25.46],
		"B_reference": [242.4,146.6,86.6,49.01,25.46],
		"R_input": [115.7,89.64,61.42,37.19,24.19],
		"G_input": [116.6,90.6,61.86,36.99,24.06],
		"B_input": [119.9,91.69,62.93,37.66,24.44],
		"L_reference": [95.63,60.79,36.82,20.33,8.991],
		"a_reference": [0,0,0,0,0],
		"b_reference": [0,0,0,0,0],
		"L_input": [49.1,38.44,26.14,14.72,8.308],
		"a_input": [0.3613,-0.143,0.059,0.2557,0.1592],
		"b_input": [-1.935,-0.7695,-0.7244,-0.4176,-0.2453],
		"x_reference": [0.3127,0.3127,0.3127,0.3127,0.3127],
		"y_reference": [0.329,0.329,0.329,0.329,0.329],
		"Y_reference": [0.8913,0.2901,0.09441,0.03073,0.01],
		"x_input": [0.3078,0.3096,0.3096,0.3113,0.3117],
		"y_input": [0.3226,0.3263,0.3254,0.3257,0.3265],
		"Y_input": [0.1767,0.1034,0.04793,0.01857,0.009202],
		"LUV_comment": "L2 is used to differentiate between the L in LAB and L in LUV.",
		"L2_reference": [805.1,262,85.28,27.75,9.033],
		"U_reference": [0.1978,0.1978,0.1978,0.1978,0.1978],
		"V_reference": [0.4683,0.4683,0.4683,0.4683,0.4683],
		"L2_input": [159.7,93.37,43.3,16.78,8.312],
		"U_input": [0.1968,0.1967,0.197,0.1981,0.1981],
		"V_input": [0.4641,0.4664,0.4659,0.4663,0.4668],
		"patch_numbers_for_all_Delta_E_C": [1,2,3,4,5],
		"Delta_E_all": [46.6,22.4,10.7,5.63,0.743],
		"Delta_C_all": [1.97,0.783,0.727,0.49,0.292],
		"Delta_E94_all": [46.6,22.4,10.7,5.63,0.743],
		"Delta_C94_all": [1.97,0.783,0.727,0.49,0.292],
		"Delta_E2000_all": [35.1,22.4,8.44,3.83,0.542],
		"Delta_C2000_all": [1.92,0.785,0.718,0.56,0.34],
		"Delta_L_all": [-46.5,-22.3,-10.7,-5.61,-0.683],
		"Delta_Chroma_all": [1.97,0.783,0.727,0.49,0.292],
		"Delta_Hue_Distance_all": [0,0,0,0,0],
		"Delta_Hue_Degrees_all": [0,0,0,0,0],
		"sat_corr_comment": "sat_corr explained on https://www.imatest.com/docs/colorcheck/#satcorr - not recommended.",
		"Delta_C_all_sat_corr": ["_NaN_","_NaN_","_NaN_","_NaN_","_NaN_"],
		"Delta_C94_all_sat_corr": ["_NaN_","_NaN_","_NaN_","_NaN_","_NaN_"],
		"Delta_C2000_all_sat_corr": ["_NaN_","_NaN_","_NaN_","_NaN_","_NaN_"],
		"grayscale_patch_numbers": [1,2,3,4,5],
		"Delta_E": [46.6,22.4,10.7,5.63,0.743],
		"Delta_C": [1.97,0.783,0.727,0.49,0.292],
		"Delta_E94": [46.6,22.4,10.7,5.63,0.743],
		"Delta_C94": [1.97,0.783,0.727,0.49,0.292],
		"Delta_E2000": [35.1,22.4,8.44,3.83,0.542],
		"Delta_C2000": [1.92,0.785,0.718,0.56,0.34],
		"Delta_L": [-46.5,-22.3,-10.7,-5.61,-0.683],
		"Delta_Chroma": [1.97,0.783,0.727,0.49,0.292],
		"Delta_Hue_Distance": [0,0,0,0,0],
		"Delta_Hue_Degrees": [0,0,0,0,0],
		"mean_Delta_E": [17.2],
		"mean_Delta_C": [0.852],
		"mean_Delta_E94": [17.2],
		"mean_Delta_C94": [0.852],
		"mean_Delta_E2000": [14],
		"mean_Delta_C2000": [0.865],
		"mean_Delta_L": [-17.2],
		"mean_Delta_Chroma": [0.852],
		"mean_Delta_Hue_Distance": [0],
		"mean_Delta_Hue_Degrees": [0],
		"mean_Delta_C_sat_corr": ["_NaN_"],
		"mean_Delta_C94_sat_corr": ["_NaN_"],
		"mean_Delta_C2000_sat_corr": ["_NaN_"],
		"max_Delta_E": [46.6],
		"max_Delta_C": [1.97],
		"max_Delta_E94": [46.6],
		"max_Delta_C94": [1.97],
		"max_Delta_E2000": [35.1],
		"max_Delta_C2000": [1.92],
		"max_Delta_L": [-0.683],
		"max_Delta_Chroma": [1.97],
		"max_Delta_Hue_Distance": [0],
		"max_Delta_Hue_Degrees": [0],
		"max_Delta_C_sat_corr": ["_NaN_"],
		"max_Delta_C94_sat_corr": ["_NaN_"],
		"max_Delta_C2000_sat_corr": ["_NaN_"],
		"mean_RegionSize": [45292.8],
		"Sequence_dark_to_light": [5,4,3,2,1],
		"Patch_number": [5,4,3,2,1],
		"R_noise": [0.02257,0.01313,0.007732,0.009061,0.01342],
		"G_noise": [0.02196,0.0121,0.006253,0.008221,0.013],
		"B_noise": [0.02278,0.01254,0.006788,0.008858,0.0142],
		"R_SNR_ratio": [4.203,11.11,31.15,38.8,33.83],
		"G_SNR_ratio": [4.297,11.99,38.8,43.22,35.18],
		"B_SNR_ratio": [4.207,11.78,36.36,40.59,33.11],
		"R_SNR_dB": [12.47,20.92,29.87,31.78,30.59],
		"G_SNR_dB": [12.66,21.58,31.78,32.71,30.93],
		"B_SNR_dB": [12.48,21.42,31.21,32.17,30.4],
		"Gb_noise": [0.02182,0.01189,0.005854,0.007907,0.01284],
		"Gb_SNR_ratio": [4.335,12.23,41.43,44.87,35.62],
		"Gb_SNR_dB": [12.74,21.75,32.35,33.04,31.03],
		"Y_f_stop_SNR_ratio": [4.934,8.391,11.04,3.842,1.439],
		"Y_f_stop_SNR_dB": [13.86,18.48,20.86,11.69,3.161],
		"quality_levels_for_DR": [
				"Low,",
				"Medium,",
				"M-H,",
				"High,"
		],
		"SigNoise_levels_for_DR": [1,0.5,0.25,0.1],
		"Dynamic_Range_f_stops": [0,5.752,4.76,3.329],
		"Dynamic_Range_dB": [0,34.62,28.66,20.04],
		"noise_ISO15739_pct": [0.2197,0.1589,0.1675,0.5137,1.144],
		"snr_ISO15739": [4.188,11.69,28.62,20.12,15.45],
		"noise_pct_ISO15739_at_13pct_Lref": [0.9816],
		"snr_ISO15739_at_13pct_Lref": [16.65],
		"snr_dB_ISO15739_at_13pct_Lref": [24.43],
		"DynamicRange_at_density_2": [2676],
		"DynamicRange_total": [0],
		"DynamicRange_from_slope_OD": [1.95],
		"DynamicRange_from_slope_EV": [6.474],
		"DynamicRange_from_slope_dB": [39],
		"SNR_BW_dB_RGBY": [30.74,31.58,30.94,31.92],
		"L_noise": [2.643,1.429,0.6658,0.8449,1.322],
		"a_noise": [1.029,1.095,0.9359,0.8349,0.7836],
		"b_noise": [1.017,1.066,0.9118,0.8427,0.8223],
		"Total_Lab_noise_unwtd": [3.013,2.092,1.467,1.456,1.743],
		"Total_ab_noise_unwtd": [1.446,1.528,1.307,1.186,1.136],
		"R_minus_Y_KK_noise": [0.006327,0.005539,0.005137,0.00489,0.004771],
		"B_minus_Y_KK_noise": [0.00668,0.005857,0.005427,0.005344,0.005463],
		"Y_Kelly_Keelan_noise": [0.02182,0.01189,0.005854,0.007907,0.01284],
		"Total_KK_noise": [0.02216,0.01237,0.00665,0.008467,0.01319],
		"Chroma_KK_noise": [0.003885,0.003403,0.003155,0.003031,0.002996],
		"Total_old_iso_noise": [0.02255,0.0129,0.007474,0.009077,0.01357],
		"Y_noise_from_YUV": [0.02182,0.01189,0.005854,0.007906,0.01284],