{
	"jsonResults": {
		"dateRun": "07-May-2025 14:51:20",
		"ini_time_size": "07-May-2025 14:50:00 9257B  MD5 = 15a2d5ed231fcdf6114ae87c16e35ccf",
		"version": "Imatest 24.2.6 Master Color/Tone Auto",
		"build": "2025-03-20",
		"image_file": "cup_55.0 mm_1600ISO_+1EV_Dist1_OFF_Defocus1.tiff",
		"ColorSpace": "sRGB",
		"Reference": "Default values",
		"Ref_folder": "/usr/local/Imatest/v24.2/Master/",
		"Gamma": [0.3139],
		"patches_for_gamma_start_end": [1,5],
		"exposure_error_normalized_y_channel": [0.2],
		"mean_camera_Saturation_Pct": ["_NaN_"],
		"mean_chroma_level_CPIQ_Pct": ["_NaN_"],
		"CPIQ_chroma_quality_loss_JND": ["_NaN_"],
		"CPIQ_exposure_quality_loss_JND": ["_NaN_"],
		"pixel_offset": [0],
		"mean_patch_size_pxls": [181,240],
		"roi_settings": "Recent ROI settings are in roi, nwid_save, nht_save, fillf, and distort (same names as ini file)",
		"roi": [3051,1381,4488,1721,3111,1721,4268,1376],
		"nwid_save": [6024],
		"nht_save": [4020],
		"fillf": [0.7],
		"distort": [0],
		"grayscale_zone": [1,2,3,4,5],
		"grayscale_minus_log_exposure": [2,1.513,1.025,0.5375,0.05],
		"grayscale_Y_reflectivity": [0.01,0.03073,0.09441,0.2901,0.8913],
		"grayscale_Y_Printer_pixel_gamma22": [33.13,55.18,91.91,153.1,255],
		"grayscale_Y_density": [0.03335,0.1375,0.2905,0.4948,0.7547],
		"grayscale_R_density": [0.03559,0.1405,0.2936,0.4945,0.7576],
		"grayscale_G_density": [0.03376,0.137,0.2902,0.4954,0.7541],
		"grayscale_B_density": [0.02292,0.1329,0.2843,0.4904,0.7527],
		"grayscale_Y_mean": [236.1,185.8,130.6,81.6,44.85],
		"grayscale_R_mean": [234.9,184.5,129.7,81.67,44.56],
		"grayscale_G_mean": [235.9,186,130.7,81.5,44.92],
		"grayscale_B_mean": [241.9,187.8,132.5,82.44,45.07],
		"White_Bal_error_Degrees": [302.1,164.8,200.5,90.53,84.54],
		"White_Bal_error_Mired": [-6.832,-3.805,-4.603,-2.113,-1.975],
		"White_Bal_error_S_HSV": [0.02876,0.01722,0.02116,0.01136,0.01119],
		"White_Bal_error_Delta_C_ab": [3.098,1.096,1.099,0.5954,0.1979],
		"White_Bal_error_Delta_C_94": [3.098,1.096,1.099,0.5954,0.1979],
		"White_Bal_error_Delta_C_00": [2.992,1.087,1.073,0.6582,0.2396],
		"n_Patch": [1,2,3,4,5],
		"n_Row": [1,1,1,1,1],
		"n_Column": [1,2,3,4,5],
		"width_pixels": [182,182,183,182,183],
		"height_pixels": [241,242,242,242,242],
		"Pixels_total": [43862,44044,44286,44044,44286],
		"R_reference": [242.4,146.6,86.6,49.01,25.46],
		"G_reference": [242.4,146.6,86.6,49.01,25.46],
		"B_reference": [242.4,146.6,86.6,49.01,25.46],
		"R_input": [234.9,184.5,129.7,81.67,44.56],
		"G_input": [235.9,186,130.7,81.5,44.92],
		"B_input": [241.9,187.8,132.5,82.44,45.07],
		"L_reference": [95.63,60.79,36.82,20.33,8.991],
		"a_reference": [0,0,0,0,0],
		"b_reference": [0,0,0,0,0],
		"L_input": [93.45,75.44,54.62,34.71,18.4],
		"a_input": [0.7453,-0.1795,-0.02483,0.271,-0.1229],
		"b_input": [-3.007,-1.081,-1.099,-0.5301,-0.1551],
		"x_reference": [0.3127,0.3127,0.3127,0.3127,0.3127],
		"y_reference": [0.329,0.329,0.329,0.329,0.329],
		"Y_reference": [0.8913,0.2901,0.09441,0.03073,0.01],
		"x_input": [0.3084,0.3101,0.3096,0.3115,0.3113],
		"y_input": [0.3229,0.3267,0.3259,0.3265,0.3284],
		"Y_input": [0.8401,0.4899,0.2256,0.08354,0.02609],
		"LUV_comment": "L2 is used to differentiate between the L in LAB and L in LUV.",
		"L2_reference": [805.1,262,85.28,27.75,9.033],
		"U_reference": [0.1978,0.1978,0.1978,0.1978,0.1978],
		"V_reference": [0.4683,0.4683,0.4683,0.4683,0.4683],
		"L2_input": [758.8,442.5,203.8,75.46,23.56],
		"U_input": [0.1971,0.1969,0.1969,0.1979,0.1971],
		"V_input": [0.4644,0.4667,0.4662,0.4668,0.4678],
		"patch_numbers_for_all_Delta_E_C": [1,2,3,4,5],
		"Delta_E_all": [3.79,14.7,17.8,14.4,9.41],
		"Delta_C_all": [3.1,1.1,1.1,0.595,0.198],
		"Delta_E94_all": [3.79,14.7,17.8,14.4,9.41],
		"Delta_C94_all": [3.1,1.1,1.1,0.595,0.198],
		"Delta_E2000_all": [3.27,11.6,17.1,10.8,6.11],
		"Delta_C2000_all": [2.99,1.09,1.07,0.658,0.24],
		"Delta_L_all": [-2.18,14.7,17.8,14.4,9.41],
		"Delta_Chroma_all": [3.1,1.1,1.1,0.595,0.198],
		"Delta_Hue_Distance_all": [0,0,0,0,0],
		"Delta_Hue_Degrees_all": [0,0,0,0,0],
		"sat_corr_comment": "sat_corr explained on https://www.imatest.com/docs/colorcheck/#satcorr - not recommended.",
		"Delta_C_all_sat_corr": ["_NaN_","_NaN_","_NaN_","_NaN_","_NaN_"],
		"Delta_C94_all_sat_corr": ["_NaN_","_NaN_","_NaN_","_NaN_","_NaN_"],
		"Delta_C2000_all_sat_corr": ["_NaN_","_NaN_","_NaN_","_NaN_","_NaN_"],
		"grayscale_patch_numbers": [1,2,3,4,5],
		"Delta_E": [3.79,14.7,17.8,14.4,9.41],
		"Delta_C": [3.1,1.1,1.1,0.595,0.198],
		"Delta_E94": [3.79,14.7,17.8,14.4,9.41],
		"Delta_C94": [3.1,1.1,1.1,0.595,0.198],
		"Delta_E2000": [3.27,11.6,17.1,10.8,6.11],
		"Delta_C2000": [2.99,1.09,1.07,0.658,0.24],
		"Delta_L": [-2.18,14.7,17.8,14.4,9.41],
		"Delta_Chroma": [3.1,1.1,1.1,0.595,0.198],
		"Delta_Hue_Distance": [0,0,0,0,0],
		"Delta_Hue_Degrees": [0,0,0,0,0],
		"mean_Delta_E": [12],
		"mean_Delta_C": [1.22],
		"mean_Delta_E94": [12],
		"mean_Delta_C94": [1.22],
		"mean_Delta_E2000": [9.79],
		"mean_Delta_C2000": [1.21],
		"mean_Delta_L": [10.8],
		"mean_Delta_Chroma": [1.22],
		"mean_Delta_Hue_Distance": [0],
		"mean_Delta_Hue_Degrees": [0],
		"mean_Delta_C_sat_corr": ["_NaN_"],
		"mean_Delta_C94_sat_corr": ["_NaN_"],
		"mean_Delta_C2000_sat_corr": ["_NaN_"],
		"max_Delta_E": [17.8],
		"max_Delta_C": [3.1],
		"max_Delta_E94": [17.8],
		"max_Delta_C94": [3.1],
		"max_Delta_E2000": [17.1],
		"max_Delta_C2000": [2.99],
		"max_Delta_L": [17.8],
		"max_Delta_Chroma": [3.1],
		"max_Delta_Hue_Distance": [0],
		"max_Delta_Hue_Degrees": [0],
		"max_Delta_C_sat_corr": ["_NaN_"],
		"max_Delta_C94_sat_corr": ["_NaN_"],
		"max_Delta_C2000_sat_corr": ["_NaN_"],
		"mean_RegionSize": [43922],
		"Sequence_dark_to_light": [5,4,3,2,1],
		"Patch_number": [5,4,3,2,1],
		"R_noise": [0.04861,0.02991,0.02204,0.02474,0.03287],
		"G_noise": [0.04101,0.02281,0.01407,0.01899,0.02979],
		"B_noise": [0.04161,0.02486,0.01785,0.02161,0.03121],
		"R_SNR_ratio": [3.595,10.71,23.07,29.25,28.03],
		"G_SNR_ratio": [4.296,14.01,36.43,38.41,31.06],
		"B_SNR_ratio": [4.247,13,29.1,34.07,30.4],
		"R_SNR_dB": [11.11,20.59,27.26,29.32,28.95],
		"G_SNR_dB": [12.66,22.93,31.23,31.69,29.84],
		"B_SNR_dB": [12.56,22.28,29.28,30.65,29.66],
		"Gb_noise": [0.03963,0.02109,0.01182,0.01758,0.02886],
		"Gb_SNR_ratio": [4.439,15.17,43.33,41.45,32.08],
		"Gb_SNR_dB": [12.95,23.62,32.74,32.35,30.13],
		"Y_f_stop_SNR_ratio": [4.223,7.266,10.67,4.924,2.245],
		"Y_f_stop_SNR_dB": [12.51,17.23,20.56,13.85,7.026],
		"quality_levels_for_DR": [
				"Low,",
				"Medium,",
				"M-H,",
				"High,"
		],
		"SigNoise_levels_for_DR": [1,0.5,0.25,0.1],
		"Dynamic_Range_f_stops": [0,0,5.172,3.332],
		"Dynamic_Range_dB": [0,0,31.14,20.06],
		"noise_ISO15739_pct": [0.6394,0.4745,0.6468,2.324,5.258],
		"snr_ISO15739": [4.08,17.61,34.88,21.08,15.98],
		"noise_pct_ISO15739_at_13pct_Lref": [1.522],
		"snr_ISO15739_at_13pct_Lref": [27.68],
		"snr_dB_ISO15739_at_13pct_Lref": [28.84],
		"DynamicRange_at_density_2": [257.2],
		"DynamicRange_total": [0],
		"DynamicRange_from_slope_OD": [1.95],
		"DynamicRange_from_slope_EV": [6.474],
		"DynamicRange_from_slope_dB": [39],
		"SNR_BW_dB_RGBY": [27.78,30.08,28.96,30.75],
		"L_noise": [4.515,2.24,1.175,1.65,2.609],
		"a_noise": [4.894,3.633,2.983,2.592,2.345],
		"b_noise": [4.693,3.48,2.865,2.516,2.305],
		"Total_Lab_noise_unwtd": [8.146,5.507,4.299,3.972,4.197],
		"Total_ab_noise_unwtd": [6.78,5.031,4.136,3.613,3.288],
		"R_minus_Y_KK_noise": [0.02704,0.02112,0.01873,0.01762,0.0167],
		"B_minus_Y_KK_noise": [0.02665,0.02171,0.01941,0.01816,0.0174],
		"Y_Kelly_Keelan_noise": [0.03963,0.02109,0.01182,0.01758,0.02886],
		"Total_KK_noise": [0.04286,0.02471,0.01646,0.02061,0.03062],
		"Chroma_KK_noise": [0.01633,0.01288,0.01145,0.01075,0.01022],
		"Total_old_iso_noise": [0.04639,0.02839,0.0206,0.02368,0.03256],
		"Y_noise_from_YUV": [0.03963,0.02109,0.01182,0.01758,0.02886],
		"U_noise_from_YUV": [0.01252,0.0102,0.009118,0.008534,0.008177],