{
	"jsonResults": {
		"dateRun": "13-May-2025 11:12:19",
		"ini_time_size": "13-May-2025 11:10:39 17295B  MD5 = 2fc8b7d3f5427bd515dbfcc4fbeeb5d7",
		"version": "Imatest 24.2.6 Master Color/Tone Auto",
		"build": "2025-03-20",
		"image_file": "cup_55.0 mm_25600ISO_0EV_Dist1_OFF_Defocus2.tiff",
		"ColorSpace": "sRGB",
		"Reference": "Default values",
		"Ref_folder": "/usr/local/Imatest/v24.2/Master/",
		"Gamma": [0.3422],
		"patches_for_gamma_start_end": [1,5],
		"exposure_error_normalized_y_channel": [-0.0723],
		"mean_camera_Saturation_Pct": ["_NaN_"],
		"mean_chroma_level_CPIQ_Pct": ["_NaN_"],
		"CPIQ_chroma_quality_loss_JND": ["_NaN_"],
		"CPIQ_exposure_quality_loss_JND": ["_NaN_"],
		"pixel_offset": [0],
		"mean_patch_size_pxls": [201,223],
		"roi_settings": "Recent ROI settings are in roi, nwid_save, nht_save, fillf, and distort (same names as ini file)",
		"roi": [3103,1401,4362,1675,3103,1677,4362,1393],
		"nwid_save": [6024],
		"nht_save": [4020],
		"fillf": [0.8],
		"distort": [0],
		"grayscale_zone": [1,2,3,4,5],
		"grayscale_minus_log_exposure": [2,1.513,1.025,0.5375,0.05],
		"grayscale_Y_reflectivity": [0.01,0.03073,0.09441,0.2901,0.8913],
		"grayscale_Y_Printer_pixel_gamma22": [33.13,55.18,91.91,153.1,255],
		"grayscale_Y_density": [0.1903,0.2976,0.4644,0.6997,0.8428],
		"grayscale_R_density": [0.1917,0.3039,0.4801,0.6953,0.7841],
		"grayscale_G_density": [0.1922,0.2973,0.4617,0.7021,0.865],
		"grayscale_B_density": [0.1684,0.2819,0.4467,0.6888,0.8143],
		"grayscale_Y_mean": [164.5,128.5,87.52,50.92,36.62],
		"grayscale_R_mean": [164,126.7,84.41,51.43,41.92],
		"grayscale_G_mean": [163.8,128.6,88.08,50.63,34.8],
		"grayscale_B_mean": [173,133.3,91.16,52.21,39.1],
		"White_Bal_error_Degrees": [596.6,502.7,695.7,151,-477.4],
		"White_Bal_error_Mired": [-12.93,-11.04,-14.88,-3.492,12.19],
		"White_Bal_error_S_HSV": [0.05327,0.04955,0.07408,0.03021,0.1699],
		"White_Bal_error_Delta_C_ab": [5.091,2.786,2.417,1.134,4.626],
		"White_Bal_error_Delta_C_94": [5.091,2.786,2.417,1.134,4.626],
		"White_Bal_error_Delta_C_00": [4.893,2.632,2.425,1.347,5.82],
		"n_Patch": [1,2,3,4,5],
		"n_Row": [1,1,1,1,1],
		"n_Column": [1,2,3,4,5],
		"width_pixels": [202,203,202,202,202],
		"height_pixels": [225,225,225,225,225],
		"Pixels_total": [45450,45675,45450,45450,45450],
		"R_reference": [242.4,146.6,86.6,49.01,25.46],
		"G_reference": [242.4,146.6,86.6,49.01,25.46],
		"B_reference": [242.4,146.6,86.6,49.01,25.46],
		"R_input": [164,126.7,84.41,51.43,41.92],
		"G_input": [163.8,128.6,88.08,50.63,34.8],
		"B_input": [173,133.3,91.16,52.21,39.1],
		"L_reference": [95.63,60.79,36.82,20.33,8.991],
		"a_reference": [0,0,0,0,0],
		"b_reference": [0,0,0,0,0],
		"L_input": [67.57,53.79,37.22,21.21,14.56],
		"a_input": [1.858,0.2298,-0.769,0.7178,4.331],
		"b_input": [-4.74,-2.777,-2.291,-0.8778,-1.624],
		"x_reference": [0.3127,0.3127,0.3127,0.3127,0.3127],
		"y_reference": [0.329,0.329,0.329,0.329,0.329],
		"Y_reference": [0.8913,0.2901,0.09441,0.03073,0.01],
		"x_input": [0.305,0.3055,0.3022,0.311,0.3233],
		"y_input": [0.316,0.3207,0.3212,0.3229,0.3086],
		"Y_input": [0.3739,0.2178,0.09655,0.03301,0.01828],
		"LUV_comment": "L2 is used to differentiate between the L in LAB and L in LUV.",
		"L2_reference": [805.1,262,85.28,27.75,9.033],
		"U_reference": [0.1978,0.1978,0.1978,0.1978,0.1978],
		"V_reference": [0.4683,0.4683,0.4683,0.4683,0.4683],
		"L2_input": [337.8,196.7,87.21,29.81,16.51],
		"U_input": [0.1973,0.1959,0.1934,0.199,0.2135],
		"V_input": [0.46,0.4627,0.4625,0.4647,0.4586],
		"patch_numbers_for_all_Delta_E_C": [1,2,3,4,5],
		"Delta_E_all": [28.5,7.53,2.45,1.43,7.24],
		"Delta_C_all": [5.09,2.79,2.42,1.13,4.63],
		"Delta_E94_all": [28.5,7.53,2.45,1.43,7.24],
		"Delta_C94_all": [5.09,2.79,2.42,1.13,4.63],
		"Delta_E2000_all": [19.7,6.92,2.45,1.48,6.82],
		"Delta_C2000_all": [4.89,2.63,2.43,1.35,5.82],
		"Delta_L_all": [-28.1,-7,0.396,0.877,5.57],
		"Delta_Chroma_all": [5.09,2.79,2.42,1.13,4.63],
		"Delta_Hue_Distance_all": [0,0,0,0,0],
		"Delta_Hue_Degrees_all": [0,0,0,0,0],
		"sat_corr_comment": "sat_corr explained on https://www.imatest.com/docs/colorcheck/#satcorr - not recommended.",
		"Delta_C_all_sat_corr": ["_NaN_","_NaN_","_NaN_","_NaN_","_NaN_"],
		"Delta_C94_all_sat_corr": ["_NaN_","_NaN_","_NaN_","_NaN_","_NaN_"],
		"Delta_C2000_all_sat_corr": ["_NaN_","_NaN_","_NaN_","_NaN_","_NaN_"],
		"grayscale_patch_numbers": [1,2,3,4,5],
		"Delta_E": [28.5,7.53,2.45,1.43,7.24],
		"Delta_C": [5.09,2.79,2.42,1.13,4.63],
		"Delta_E94": [28.5,7.53,2.45,1.43,7.24],
		"Delta_C94": [5.09,2.79,2.42,1.13,4.63],
		"Delta_E2000": [19.7,6.92,2.45,1.48,6.82],
		"Delta_C2000": [4.89,2.63,2.43,1.35,5.82],
		"Delta_L": [-28.1,-7,0.396,0.877,5.57],
		"Delta_Chroma": [5.09,2.79,2.42,1.13,4.63],
		"Delta_Hue_Distance": [0,0,0,0,0],
		"Delta_Hue_Degrees": [0,0,0,0,0],
		"mean_Delta_E": [9.43],
		"mean_Delta_C": [3.21],
		"mean_Delta_E94": [9.43],
		"mean_Delta_C94": [3.21],
		"mean_Delta_E2000": [7.48],
		"mean_Delta_C2000": [3.42],
		"mean_Delta_L": [-5.64],
		"mean_Delta_Chroma": [3.21],
		"mean_Delta_Hue_Distance": [0],
		"mean_Delta_Hue_Degrees": [0],
		"mean_Delta_C_sat_corr": ["_NaN_"],
		"mean_Delta_C94_sat_corr": ["_NaN_"],
		"mean_Delta_C2000_sat_corr": ["_NaN_"],
		"max_Delta_E": [28.5],
		"max_Delta_C": [5.09],
		"max_Delta_E94": [28.5],
		"max_Delta_C94": [5.09],
		"max_Delta_E2000": [19.7],
		"max_Delta_C2000": [5.82],
		"max_Delta_L": [5.57],
		"max_Delta_Chroma": [5.09],
		"max_Delta_Hue_Distance": [0],
		"max_Delta_Hue_Degrees": [0],
		"max_Delta_C_sat_corr": ["_NaN_"],
		"max_Delta_C94_sat_corr": ["_NaN_"],
		"max_Delta_C2000_sat_corr": ["_NaN_"],
		"mean_RegionSize": [45292.8],
		"Sequence_dark_to_light": [5,4,3,2,1],
		"Patch_number": [5,4,3,2,1],
		"R_noise": [0.1164,0.1254,0.1156,0.08284,0.07056],
		"G_noise": [0.09155,0.09296,0.068,0.05494,0.05144],
		"B_noise": [0.1004,0.1061,0.07837,0.06131,0.05574],
		"R_SNR_ratio": [1.412,1.609,2.862,5.996,9.114],
		"G_SNR_ratio": [1.491,2.136,5.08,9.179,12.49],
		"B_SNR_ratio": [1.527,1.93,4.562,8.523,12.17],
		"R_SNR_dB": [2.999,4.129,9.134,15.56,19.19],
		"G_SNR_dB": [3.468,6.592,14.12,19.26,21.93],
		"B_SNR_dB": [3.678,5.713,13.18,18.61,21.71],
		"Gb_noise": [0.07512,0.07577,0.05777,0.04655,0.04387],
		"Gb_SNR_ratio": [1.912,2.635,5.941,10.83,14.71],
		"Gb_SNR_dB": [5.629,8.417,15.48,20.69,23.35],
		"Y_f_stop_SNR_ratio": [1.987,2.002,1.626,0.8133,0.4606],
		"Y_f_stop_SNR_dB": [5.963,6.03,4.223,-1.795,-6.733],
		"quality_levels_for_DR": [
				"Low,",
				"Medium,",
				"M-H,",
				"High,"
		],
		"SigNoise_levels_for_DR": [1,0.5,0.25,0.1],
		"Dynamic_Range_f_stops": [4.253,1.627,0,0],
		"Dynamic_Range_dB": [25.61,9.794,0,0],
		"noise_ISO15739_pct": [0.8213,1.063,1.619,2.943,3.862],
		"snr_ISO15739": [2.226,3.105,5.964,7.402,9.681],
		"noise_pct_ISO15739_at_13pct_Lref": [3.363],
		"snr_ISO15739_at_13pct_Lref": [8.445],
		"snr_dB_ISO15739_at_13pct_Lref": [18.53],
		"DynamicRange_at_density_2": [526.7],
		"DynamicRange_total": [0],
		"DynamicRange_from_slope_OD": [1.95],
		"DynamicRange_from_slope_EV": [6.474],
		"DynamicRange_from_slope_dB": [39],
		"SNR_BW_dB_RGBY": [14.61,18.18,17.23,19.62],
		"L_noise": [8.164,7.978,5.787,4.572,4.163],
		"a_noise": [17.22,18.13,14.27,10.54,8.808],
		"b_noise": [16.91,18.36,12.98,9.788,8.228],
		"Total_Lab_noise_unwtd": [25.47,27.01,20.14,15.09,12.75],
		"Total_ab_noise_unwtd": [24.13,25.81,19.29,14.38,12.05],
		"R_minus_Y_KK_noise": [0.1042,0.1114,0.09832,0.0702,0.05933],
		"B_minus_Y_KK_noise": [0.1069,0.1178,0.08516,0.0665,0.05827],
		"Y_Kelly_Keelan_noise": [0.07512,0.07577,0.05777,0.04655,0.04387],
		"Total_KK_noise": [0.09838,0.1021,0.08169,0.0627,0.05661],
		"Chroma_KK_noise": [0.06352,0.06845,0.05775,0.042,0.03579],
		"Total_old_iso_noise": [0.1201,0.1261,0.1034,0.07765,0.06871],
		"Y_noise_from_YUV": [0.07512,0.07576,0.05777,0.04655,0.04386],
		"U_noise_from_YUV": [0.05025,0.05535,0.04002,0.03125,0.02738],