{
	"jsonResults": {
		"dateRun": "13-May-2025 11:12:19",
		"ini_time_size": "13-May-2025 11:10:39 17295B  MD5 = 2fc8b7d3f5427bd515dbfcc4fbeeb5d7",
		"version": "Imatest 24.2.6 Master Color/Tone Auto",
		"build": "2025-03-20",
		"image_file": "cup_55.0 mm_100ISO_-2EV_Dist1_OFF_Focused.tiff",
		"ColorSpace": "sRGB",
		"Reference": "Default values",
		"Ref_folder": "/usr/local/Imatest/v24.2/Master/",
		"Gamma": [0.3732],
		"patches_for_gamma_start_end": [1,5],
		"exposure_error_normalized_y_channel": [-0.236],
		"mean_camera_Saturation_Pct": ["_NaN_"],
		"mean_chroma_level_CPIQ_Pct": ["_NaN_"],
		"CPIQ_chroma_quality_loss_JND": ["_NaN_"],
		"CPIQ_exposure_quality_loss_JND": ["_NaN_"],
		"pixel_offset": [0],
		"mean_patch_size_pxls": [201,223],
		"roi_settings": "Recent ROI settings are in roi, nwid_save, nht_save, fillf, and distort (same names as ini file)",
		"roi": [3103,1401,4362,1675,3103,1677,4362,1393],
		"nwid_save": [6024],
		"nht_save": [4020],
		"fillf": [0.8],
		"distort": [0],
		"grayscale_zone": [1,2,3,4,5],
		"grayscale_minus_log_exposure": [2,1.513,1.025,0.5375,0.05],
		"grayscale_Y_reflectivity": [0.01,0.03073,0.09441,0.2901,0.8913],
		"grayscale_Y_Printer_pixel_gamma22": [33.13,55.18,91.91,153.1,255],
		"grayscale_Y_density": [0.4709,0.5897,0.7717,1.045,1.537],
		"grayscale_R_density": [0.4699,0.5894,0.7704,1.037,1.516],
		"grayscale_G_density": [0.4724,0.5905,0.7731,1.048,1.548],
		"grayscale_B_density": [0.4584,0.5833,0.7616,1.031,1.493],
		"grayscale_Y_mean": [86.24,65.59,43.14,23,7.406],
		"grayscale_R_mean": [86.42,65.64,43.27,23.4,7.774],
		"grayscale_G_mean": [85.93,65.47,43,22.81,7.217],
		"grayscale_B_mean": [88.74,66.56,44.15,23.73,8.201],
		"White_Bal_error_Degrees": [265.6,129,177.6,123.7,315.7],
		"White_Bal_error_Mired": [-6.04,-2.993,-4.091,-2.874,-7.127],
		"White_Bal_error_S_HSV": [0.03167,0.01631,0.02614,0.03886,0.12],
		"White_Bal_error_Delta_C_ab": [1.759,0.7125,0.8139,0.7553,0.4284],
		"White_Bal_error_Delta_C_94": [1.759,0.7125,0.8139,0.7553,0.4284],
		"White_Bal_error_Delta_C_00": [1.89,0.781,0.9087,0.9326,0.5261],
		"n_Patch": [1,2,3,4,5],
		"n_Row": [1,1,1,1,1],
		"n_Column": [1,2,3,4,5],
		"width_pixels": [202,203,202,202,202],
		"height_pixels": [225,225,225,225,225],
		"Pixels_total": [45450,45675,45450,45450,45450],
		"R_reference": [242.4,146.6,86.6,49.01,25.46],
		"G_reference": [242.4,146.6,86.6,49.01,25.46],
		"B_reference": [242.4,146.6,86.6,49.01,25.46],
		"R_input": [86.42,65.64,43.27,23.4,7.774],
		"G_input": [85.93,65.47,43,22.81,7.217],
		"B_input": [88.74,66.56,44.15,23.73,8.201],
		"L_reference": [95.63,60.79,36.82,20.33,8.991],
		"a_reference": [0,0,0,0,0],
		"b_reference": [0,0,0,0,0],
		"L_input": [36.67,27.79,17.6,7.74,2.031],
		"a_input": [0.8009,0.3153,0.3981,0.5192,0.2828],
		"b_input": [-1.566,-0.6389,-0.7099,-0.5486,-0.3218],
		"x_reference": [0.3127,0.3127,0.3127,0.3127,0.3127],
		"y_reference": [0.329,0.329,0.329,0.329,0.329],
		"Y_reference": [0.8913,0.2901,0.09441,0.03073,0.01],
		"x_input": [0.3092,0.311,0.3104,0.3115,0.3095],
		"y_input": [0.3219,0.3255,0.3239,0.3227,0.3155],
		"Y_input": [0.0936,0.05381,0.0243,0.008569,0.002248],
		"LUV_comment": "L2 is used to differentiate between the L in LAB and L in LUV.",
		"L2_reference": [805.1,262,85.28,27.75,9.033],
		"U_reference": [0.1978,0.1978,0.1978,0.1978,0.1978],
		"V_reference": [0.4683,0.4683,0.4683,0.4683,0.4683],
		"L2_input": [84.55,48.61,21.95,7.74,2.031],
		"U_input": [0.1981,0.1979,0.1981,0.1994,0.2008],
		"V_input": [0.4639,0.4662,0.4652,0.4647,0.4604],
		"patch_numbers_for_all_Delta_E_C": [1,2,3,4,5],
		"Delta_E_all": [59,33,19.2,12.6,6.97],
		"Delta_C_all": [1.76,0.713,0.814,0.755,0.428],
		"Delta_E94_all": [59,33,19.2,12.6,6.97],
		"Delta_C94_all": [1.76,0.713,0.814,0.755,0.428],
		"Delta_E2000_all": [47.8,30.9,14.4,8.25,4.22],
		"Delta_C2000_all": [1.89,0.781,0.909,0.933,0.526],
		"Delta_L_all": [-59,-33,-19.2,-12.6,-6.96],
		"Delta_Chroma_all": [1.76,0.713,0.814,0.755,0.428],
		"Delta_Hue_Distance_all": [0,0,0,0,0],
		"Delta_Hue_Degrees_all": [0,0,0,0,0],
		"sat_corr_comment": "sat_corr explained on https://www.imatest.com/docs/colorcheck/#satcorr - not recommended.",
		"Delta_C_all_sat_corr": ["_NaN_","_NaN_","_NaN_","_NaN_","_NaN_"],
		"Delta_C94_all_sat_corr": ["_NaN_","_NaN_","_NaN_","_NaN_","_NaN_"],
		"Delta_C2000_all_sat_corr": ["_NaN_","_NaN_","_NaN_","_NaN_","_NaN_"],
		"grayscale_patch_numbers": [1,2,3,4,5],
		"Delta_E": [59,33,19.2,12.6,6.97],
		"Delta_C": [1.76,0.713,0.814,0.755,0.428],
		"Delta_E94": [59,33,19.2,12.6,6.97],
		"Delta_C94": [1.76,0.713,0.814,0.755,0.428],
		"Delta_E2000": [47.8,30.9,14.4,8.25,4.22],
		"Delta_C2000": [1.89,0.781,0.909,0.933,0.526],
		"Delta_L": [-59,-33,-19.2,-12.6,-6.96],
		"Delta_Chroma": [1.76,0.713,0.814,0.755,0.428],
		"Delta_Hue_Distance": [0,0,0,0,0],
		"Delta_Hue_Degrees": [0,0,0,0,0],
		"mean_Delta_E": [26.2],
		"mean_Delta_C": [0.894],
		"mean_Delta_E94": [26.2],
		"mean_Delta_C94": [0.894],
		"mean_Delta_E2000": [21.1],
		"mean_Delta_C2000": [1.01],
		"mean_Delta_L": [-26.1],
		"mean_Delta_Chroma": [0.894],
		"mean_Delta_Hue_Distance": [0],
		"mean_Delta_Hue_Degrees": [0],
		"mean_Delta_C_sat_corr": ["_NaN_"],
		"mean_Delta_C94_sat_corr": ["_NaN_"],
		"mean_Delta_C2000_sat_corr": ["_NaN_"],
		"max_Delta_E": [59],
		"max_Delta_C": [1.76],
		"max_Delta_E94": [59],
		"max_Delta_C94": [1.76],
		"max_Delta_E2000": [47.8],
		"max_Delta_C2000": [1.89],
		"max_Delta_L": [-6.96],
		"max_Delta_Chroma": [1.76],
		"max_Delta_Hue_Distance": [0],
		"max_Delta_Hue_Degrees": [0],
		"max_Delta_C_sat_corr": ["_NaN_"],
		"max_Delta_C94_sat_corr": ["_NaN_"],
		"max_Delta_C2000_sat_corr": ["_NaN_"],
		"mean_RegionSize": [45292.8],
		"Sequence_dark_to_light": [5,4,3,2,1],
		"Patch_number": [5,4,3,2,1],
		"R_noise": [0.008357,0.007304,0.006496,0.005964,0.005787],
		"G_noise": [0.005107,0.004847,0.004216,0.004065,0.003881],
		"B_noise": [0.006859,0.005992,0.005399,0.005184,0.004955],
		"R_SNR_ratio": [3.648,12.56,26.12,43.16,58.56],
		"G_SNR_ratio": [5.541,18.45,39.99,63.16,86.82],
		"B_SNR_ratio": [4.689,15.53,32.07,50.35,70.23],
		"R_SNR_dB": [11.24,21.98,28.34,32.7,35.35],
		"G_SNR_dB": [14.87,25.32,32.04,36.01,38.77],
		"B_SNR_dB": [13.42,23.82,30.12,34.04,36.93],
		"Gb_noise": [0.004328,0.00406,0.003513,0.003435,0.003282],
		"Gb_SNR_ratio": [6.711,22.22,48.15,74.87,103.1],
		"Gb_SNR_dB": [16.54,26.93,33.65,37.49,40.26],
		"Y_f_stop_SNR_ratio": [15.24,15.19,14.68,10.65,8.724],
		"Y_f_stop_SNR_dB": [23.66,23.63,23.33,20.55,18.81],
		"quality_levels_for_DR": [
				"Low,",
				"Medium,",
				"M-H,",
				"High,"
		],
		"SigNoise_levels_for_DR": [1,0.5,0.25,0.1],
		"Dynamic_Range_f_stops": [0,0,0,5.338],
		"Dynamic_Range_dB": [0,0,0,32.13],
		"noise_ISO15739_pct": [0.04653,0.06117,0.1305,0.3104,0.4084],
		"snr_ISO15739": [4.832,14.01,18.62,17.34,22.92],
		"noise_pct_ISO15739_at_13pct_Lref": [0.3748],
		"snr_ISO15739_at_13pct_Lref": [21.01],
		"snr_dB_ISO15739_at_13pct_Lref": [26.45],
		"DynamicRange_at_density_2": [11311],
		"DynamicRange_total": [0],
		"DynamicRange_from_slope_OD": [1.95],
		"DynamicRange_from_slope_EV": [6.474],
		"DynamicRange_from_slope_dB": [39],
		"SNR_BW_dB_RGBY": [32.38,35.71,33.6,37.17],
		"L_noise": [0.3035,0.5133,0.4204,0.3851,0.3509],
		"a_noise": [0.7924,1.272,1.074,0.9136,0.8427],
		"b_noise": [0.7654,1.224,1.048,0.9242,0.839],
		"Total_Lab_noise_unwtd": [1.143,1.838,1.559,1.355,1.24],
		"Total_ab_noise_unwtd": [1.102,1.765,1.501,1.3,1.189],
		"R_minus_Y_KK_noise": [0.007054,0.006242,0.005567,0.005026,0.004888],
		"B_minus_Y_KK_noise": [0.007327,0.006483,0.005901,0.005554,0.005283],
		"Y_Kelly_Keelan_noise": [0.004328,0.00406,0.003513,0.003435,0.003282],
		"Total_KK_noise": [0.00611,0.005573,0.004905,0.004644,0.00446],
		"Chroma_KK_noise": [0.004313,0.003817,0.003422,0.003124,0.00302],
		"Total_old_iso_noise": [0.007692,0.006939,0.006144,0.005736,0.005525],
		"Y_noise_from_YUV": [0.004328,0.00406,0.003513,0.003435,0.003281],