{
	"jsonResults": {
		"dateRun": "13-May-2025 11:12:19",
		"ini_time_size": "13-May-2025 11:10:39 17295B  MD5 = 2fc8b7d3f5427bd515dbfcc4fbeeb5d7",
		"version": "Imatest 24.2.6 Master Color/Tone Auto",
		"build": "2025-03-20",
		"image_file": "cup_55.0 mm_100ISO_-1EV_Dist1_OFF_Defocus1.tiff",
		"ColorSpace": "sRGB",
		"Reference": "Default values",
		"Ref_folder": "/usr/local/Imatest/v24.2/Master/",
		"Gamma": [0.349],
		"patches_for_gamma_start_end": [1,5],
		"exposure_error_normalized_y_channel": [-0.185],
		"mean_camera_Saturation_Pct": ["_NaN_"],
		"mean_chroma_level_CPIQ_Pct": ["_NaN_"],
		"CPIQ_chroma_quality_loss_JND": ["_NaN_"],
		"CPIQ_exposure_quality_loss_JND": ["_NaN_"],
		"pixel_offset": [0],
		"mean_patch_size_pxls": [201,223],
		"roi_settings": "Recent ROI settings are in roi, nwid_save, nht_save, fillf, and distort (same names as ini file)",
		"roi": [3103,1401,4362,1675,3103,1677,4362,1393],
		"nwid_save": [6024],
		"nht_save": [4020],
		"fillf": [0.8],
		"distort": [0],
		"grayscale_zone": [1,2,3,4,5],
		"grayscale_minus_log_exposure": [2,1.513,1.025,0.5375,0.05],
		"grayscale_Y_reflectivity": [0.01,0.03073,0.09441,0.2901,0.8913],
		"grayscale_Y_Printer_pixel_gamma22": [33.13,55.18,91.91,153.1,255],
		"grayscale_Y_density": [0.3321,0.446,0.6161,0.8569,1.201],
		"grayscale_R_density": [0.3359,0.4502,0.6196,0.8551,1.192],
		"grayscale_G_density": [0.3321,0.4453,0.6158,0.8583,1.205],
		"grayscale_B_density": [0.3209,0.4409,0.6088,0.848,1.186],
		"grayscale_Y_mean": [118.7,91.32,61.72,35.45,16.06],
		"grayscale_R_mean": [117.7,90.43,61.22,35.6,16.39],
		"grayscale_G_mean": [118.7,91.47,61.76,35.34,15.9],
		"grayscale_B_mean": [121.8,92.4,62.76,36.18,16.61],
		"White_Bal_error_Degrees": [333.3,188.2,211.1,136.7,103.7],
		"White_Bal_error_Mired": [-7.504,-4.329,-4.838,-3.168,-2.417],
		"White_Bal_error_S_HSV": [0.03394,0.02132,0.02453,0.02342,0.04258],
		"White_Bal_error_Delta_C_ab": [1.862,0.7168,0.6999,0.6221,0.4394],
		"White_Bal_error_Delta_C_94": [1.862,0.7168,0.6999,0.6221,0.4394],
		"White_Bal_error_Delta_C_00": [1.807,0.7423,0.6891,0.7133,0.5541],
		"n_Patch": [1,2,3,4,5],
		"n_Row": [1,1,1,1,1],
		"n_Column": [1,2,3,4,5],
		"width_pixels": [202,203,202,202,202],
		"height_pixels": [225,225,225,225,225],
		"Pixels_total": [45450,45675,45450,45450,45450],
		"R_reference": [242.4,146.6,86.6,49.01,25.46],
		"G_reference": [242.4,146.6,86.6,49.01,25.46],
		"B_reference": [242.4,146.6,86.6,49.01,25.46],
		"R_input": [117.7,90.43,61.22,35.6,16.39],
		"G_input": [118.7,91.47,61.76,35.34,15.9],
		"B_input": [121.8,92.4,62.76,36.18,16.61],
		"L_reference": [95.63,60.79,36.82,20.33,8.991],
		"a_reference": [0,0,0,0,0],
		"b_reference": [0,0,0,0,0],
		"L_input": [49.91,38.79,26.08,13.93,4.703],
		"a_input": [0.2502,-0.212,0.003185,0.3328,0.3121],
		"b_input": [-1.845,-0.6847,-0.6999,-0.5257,-0.3093],
		"x_reference": [0.3127,0.3127,0.3127,0.3127,0.3127],
		"y_reference": [0.329,0.329,0.329,0.329,0.329],
		"Y_reference": [0.8913,0.2901,0.09441,0.03073,0.01],
		"x_input": [0.3078,0.3097,0.3095,0.311,0.3118],
		"y_input": [0.323,0.3267,0.3256,0.3247,0.3231],
		"Y_input": [0.1835,0.1054,0.04775,0.01718,0.005206],
		"LUV_comment": "L2 is used to differentiate between the L in LAB and L in LUV.",
		"L2_reference": [805.1,262,85.28,27.75,9.033],
		"U_reference": [0.1978,0.1978,0.1978,0.1978,0.1978],
		"V_reference": [0.4683,0.4683,0.4683,0.4683,0.4683],
		"L2_input": [165.7,95.19,43.13,15.52,4.703],
		"U_input": [0.1967,0.1966,0.1969,0.1983,0.1994],
		"V_input": [0.4644,0.4667,0.466,0.4657,0.465],
		"patch_numbers_for_all_Delta_E_C": [1,2,3,4,5],
		"Delta_E_all": [45.8,22,10.8,6.43,4.31],
		"Delta_C_all": [1.86,0.717,0.7,0.622,0.439],
		"Delta_E94_all": [45.8,22,10.8,6.43,4.31],
		"Delta_C94_all": [1.86,0.717,0.7,0.622,0.439],
		"Delta_E2000_all": [34.3,22,8.48,4.36,2.67],
		"Delta_C2000_all": [1.81,0.742,0.689,0.713,0.554],
		"Delta_L_all": [-45.7,-22,-10.7,-6.4,-4.29],
		"Delta_Chroma_all": [1.86,0.717,0.7,0.622,0.439],
		"Delta_Hue_Distance_all": [0,0,0,0,0],
		"Delta_Hue_Degrees_all": [0,0,0,0,0],
		"sat_corr_comment": "sat_corr explained on https://www.imatest.com/docs/colorcheck/#satcorr - not recommended.",
		"Delta_C_all_sat_corr": ["_NaN_","_NaN_","_NaN_","_NaN_","_NaN_"],
		"Delta_C94_all_sat_corr": ["_NaN_","_NaN_","_NaN_","_NaN_","_NaN_"],
		"Delta_C2000_all_sat_corr": ["_NaN_","_NaN_","_NaN_","_NaN_","_NaN_"],
		"grayscale_patch_numbers": [1,2,3,4,5],
		"Delta_E": [45.8,22,10.8,6.43,4.31],
		"Delta_C": [1.86,0.717,0.7,0.622,0.439],
		"Delta_E94": [45.8,22,10.8,6.43,4.31],
		"Delta_C94": [1.86,0.717,0.7,0.622,0.439],
		"Delta_E2000": [34.3,22,8.48,4.36,2.67],
		"Delta_C2000": [1.81,0.742,0.689,0.713,0.554],
		"Delta_L": [-45.7,-22,-10.7,-6.4,-4.29],
		"Delta_Chroma": [1.86,0.717,0.7,0.622,0.439],
		"Delta_Hue_Distance": [0,0,0,0,0],
		"Delta_Hue_Degrees": [0,0,0,0,0],
		"mean_Delta_E": [17.9],
		"mean_Delta_C": [0.868],
		"mean_Delta_E94": [17.9],
		"mean_Delta_C94": [0.868],
		"mean_Delta_E2000": [14.4],
		"mean_Delta_C2000": [0.901],
		"mean_Delta_L": [-17.8],
		"mean_Delta_Chroma": [0.868],
		"mean_Delta_Hue_Distance": [0],
		"mean_Delta_Hue_Degrees": [0],
		"mean_Delta_C_sat_corr": ["_NaN_"],
		"mean_Delta_C94_sat_corr": ["_NaN_"],
		"mean_Delta_C2000_sat_corr": ["_NaN_"],
		"max_Delta_E": [45.8],
		"max_Delta_C": [1.86],
		"max_Delta_E94": [45.8],
		"max_Delta_C94": [1.86],
		"max_Delta_E2000": [34.3],
		"max_Delta_C2000": [1.81],
		"max_Delta_L": [-4.29],
		"max_Delta_Chroma": [1.86],
		"max_Delta_Hue_Distance": [0],
		"max_Delta_Hue_Degrees": [0],
		"max_Delta_C_sat_corr": ["_NaN_"],
		"max_Delta_C94_sat_corr": ["_NaN_"],
		"max_Delta_C2000_sat_corr": ["_NaN_"],
		"mean_RegionSize": [45292.8],
		"Sequence_dark_to_light": [5,4,3,2,1],
		"Patch_number": [5,4,3,2,1],
		"R_noise": [0.01773,0.00795,0.00599,0.007242,0.009464],
		"G_noise": [0.01717,0.006283,0.003952,0.005718,0.00845],
		"B_noise": [0.01616,0.006463,0.005078,0.006232,0.008289],
		"R_SNR_ratio": [3.625,17.56,40.08,48.96,48.76],
		"G_SNR_ratio": [3.632,22.06,61.29,62.74,55.08],
		"B_SNR_ratio": [4.03,21.95,48.47,58.14,57.62],
		"R_SNR_dB": [11.19,24.89,32.06,33.8,33.76],
		"G_SNR_dB": [11.2,26.87,35.75,35.95,34.82],
		"B_SNR_dB": [12.11,26.83,33.71,35.29,35.21],
		"Gb_noise": [0.01672,0.005776,0.003302,0.005328,0.00816],
		"Gb_SNR_ratio": [3.766,24.07,73.29,67.22,57.04],
		"Gb_SNR_dB": [11.52,27.63,37.3,36.55,35.12],
		"Y_f_stop_SNR_ratio": [8.124,12.95,20.48,9.57,2.808],
		"Y_f_stop_SNR_dB": [18.2,22.24,26.23,19.62,8.968],
		"quality_levels_for_DR": [
				"Low,",
				"Medium,",
				"M-H,",
				"High,"
		],
		"SigNoise_levels_for_DR": [1,0.5,0.25,0.1],
		"Dynamic_Range_f_stops": [0,0,5.795,4.728],
		"Dynamic_Range_dB": [0,0,34.89,28.46],
		"noise_ISO15739_pct": [0.1385,0.06658,0.09194,0.3556,0.7478],
		"snr_ISO15739": [3.758,25.81,51.93,29.63,24.53],
		"noise_pct_ISO15739_at_13pct_Lref": [0.6224],
		"snr_ISO15739_at_13pct_Lref": [26.16],
		"snr_dB_ISO15739_at_13pct_Lref": [28.35],
		"DynamicRange_at_density_2": [3946],
		"DynamicRange_total": [0],
		"DynamicRange_from_slope_OD": [1.95],
		"DynamicRange_from_slope_EV": [6.474],
		"DynamicRange_from_slope_dB": [39],
		"SNR_BW_dB_RGBY": [33.08,35.13,34.38,35.75],
		"L_noise": [1.967,0.7057,0.3738,0.5671,0.8328],
		"a_noise": [1.001,1.099,0.9324,0.8359,0.7692],
		"b_noise": [1.037,1.096,0.9288,0.8551,0.8063],
		"Total_Lab_noise_unwtd": [2.439,1.705,1.368,1.323,1.391],
		"Total_ab_noise_unwtd": [1.442,1.552,1.316,1.196,1.114],
		"R_minus_Y_KK_noise": [0.006747,0.005498,0.00512,0.004862,0.004722],
		"B_minus_Y_KK_noise": [0.007307,0.005991,0.005525,0.005431,0.005358],
		"Y_Kelly_Keelan_noise": [0.01672,0.005776,0.003302,0.005328,0.00816],
		"Total_KK_noise": [0.01724,0.006705,0.004572,0.00613,0.008679],
		"Chroma_KK_noise": [0.004171,0.003405,0.003162,0.003032,0.002958],
		"Total_old_iso_noise": [0.01781,0.007646,0.005707,0.006945,0.009244],
		"Y_noise_from_YUV": [0.01672,0.005776,0.003302,0.005327,0.00816],