{
	"jsonResults": {
		"dateRun": "07-May-2025 14:51:20",
		"ini_time_size": "07-May-2025 14:50:00 9257B  MD5 = 15a2d5ed231fcdf6114ae87c16e35ccf",
		"version": "Imatest 24.2.6 Master Color/Tone Auto",
		"build": "2025-03-20",
		"image_file": "cup_55.0 mm_6400ISO_+1EV_Dist1_OFF_Defocus2.tiff",
		"ColorSpace": "sRGB",
		"Reference": "Default values",
		"Ref_folder": "/usr/local/Imatest/v24.2/Master/",
		"Gamma": [0.3029],
		"patches_for_gamma_start_end": [1,5],
		"exposure_error_normalized_y_channel": [0.178],
		"mean_camera_Saturation_Pct": ["_NaN_"],
		"mean_chroma_level_CPIQ_Pct": ["_NaN_"],
		"CPIQ_chroma_quality_loss_JND": ["_NaN_"],
		"CPIQ_exposure_quality_loss_JND": ["_NaN_"],
		"pixel_offset": [0],
		"mean_patch_size_pxls": [181,240],
		"roi_settings": "Recent ROI settings are in roi, nwid_save, nht_save, fillf, and distort (same names as ini file)",
		"roi": [3051,1381,4488,1721,3111,1721,4268,1376],
		"nwid_save": [6024],
		"nht_save": [4020],
		"fillf": [0.7],
		"distort": [0],
		"grayscale_zone": [1,2,3,4,5],
		"grayscale_minus_log_exposure": [2,1.513,1.025,0.5375,0.05],
		"grayscale_Y_reflectivity": [0.01,0.03073,0.09441,0.2901,0.8913],
		"grayscale_Y_Printer_pixel_gamma22": [33.13,55.18,91.91,153.1,255],
		"grayscale_Y_density": [0.04934,0.1465,0.2942,0.4847,0.6374],
		"grayscale_R_density": [0.04998,0.1496,0.2981,0.4902,0.6473],
		"grayscale_G_density": [0.05042,0.1462,0.2937,0.4834,0.6344],
		"grayscale_B_density": [0.03693,0.1403,0.2874,0.4806,0.6391],
		"grayscale_Y_mean": [227.6,182,129.5,83.54,58.77],
		"grayscale_R_mean": [227.3,180.7,128.4,82.48,57.44],
		"grayscale_G_mean": [227,182.1,129.7,83.77,59.18],
		"grayscale_B_mean": [234.2,184.6,131.6,84.32,58.54],
		"White_Bal_error_Degrees": [322.5,205.1,229.1,183.8,127],
		"White_Bal_error_Mired": [-7.272,-4.706,-5.237,-4.23,-2.949],
		"White_Bal_error_S_HSV": [0.03059,0.02102,0.0243,0.02179,0.02943],
		"White_Bal_error_Delta_C_ab": [3.729,1.443,1.202,0.6445,0.8961],
		"White_Bal_error_Delta_C_94": [3.729,1.443,1.202,0.6445,0.8961],
		"White_Bal_error_Delta_C_00": [3.699,1.398,1.176,0.7704,1.297],
		"n_Patch": [1,2,3,4,5],
		"n_Row": [1,1,1,1,1],
		"n_Column": [1,2,3,4,5],
		"width_pixels": [182,182,183,182,183],
		"height_pixels": [241,242,242,242,242],
		"Pixels_total": [43862,44044,44286,44044,44286],
		"R_reference": [242.4,146.6,86.6,49.01,25.46],
		"G_reference": [242.4,146.6,86.6,49.01,25.46],
		"B_reference": [242.4,146.6,86.6,49.01,25.46],
		"R_input": [227.3,180.7,128.4,82.48,57.44],
		"G_input": [227,182.1,129.7,83.77,59.18],
		"B_input": [234.2,184.6,131.6,84.32,58.54],
		"L_reference": [95.63,60.79,36.82,20.33,8.991],
		"a_reference": [0,0,0,0,0],
		"b_reference": [0,0,0,0,0],
		"L_input": [90.46,74.04,54.18,35.53,24.77],
		"a_input": [1.378,-0.01536,-0.1057,-0.3993,-0.8865],
		"b_input": [-3.466,-1.443,-1.198,-0.5059,0.1307],
		"x_reference": [0.3127,0.3127,0.3127,0.3127,0.3127],
		"y_reference": [0.329,0.329,0.329,0.329,0.329],
		"Y_reference": [0.8913,0.2901,0.09441,0.03073,0.01],
		"x_input": [0.3083,0.3096,0.3092,0.3097,0.3101],
		"y_input": [0.3215,0.3258,0.3256,0.3276,0.3313],
		"Y_input": [0.7729,0.4677,0.2215,0.08766,0.0434],
		"LUV_comment": "L2 is used to differentiate between the L in LAB and L in LUV.",
		"L2_reference": [805.1,262,85.28,27.75,9.033],
		"U_reference": [0.1978,0.1978,0.1978,0.1978,0.1978],
		"V_reference": [0.4683,0.4683,0.4683,0.4683,0.4683],
		"L2_input": [698.2,422.5,200.1,79.18,39.21],
		"U_input": [0.1976,0.1969,0.1966,0.1963,0.1952],
		"V_input": [0.4636,0.4661,0.466,0.4671,0.4691],
		"patch_numbers_for_all_Delta_E_C": [1,2,3,4,5],
		"Delta_E_all": [6.38,13.3,17.4,15.2,15.8],
		"Delta_C_all": [3.73,1.44,1.2,0.644,0.896],
		"Delta_E94_all": [6.38,13.3,17.4,15.2,15.8],
		"Delta_C94_all": [3.73,1.44,1.2,0.644,0.896],
		"Delta_E2000_all": [4.86,10.7,16.6,11.5,10.6],
		"Delta_C2000_all": [3.7,1.4,1.18,0.77,1.3],
		"Delta_L_all": [-5.18,13.3,17.4,15.2,15.8],
		"Delta_Chroma_all": [3.73,1.44,1.2,0.644,0.896],
		"Delta_Hue_Distance_all": [0,0,0,0,0],
		"Delta_Hue_Degrees_all": [0,0,0,0,0],
		"sat_corr_comment": "sat_corr explained on https://www.imatest.com/docs/colorcheck/#satcorr - not recommended.",
		"Delta_C_all_sat_corr": ["_NaN_","_NaN_","_NaN_","_NaN_","_NaN_"],
		"Delta_C94_all_sat_corr": ["_NaN_","_NaN_","_NaN_","_NaN_","_NaN_"],
		"Delta_C2000_all_sat_corr": ["_NaN_","_NaN_","_NaN_","_NaN_","_NaN_"],
		"grayscale_patch_numbers": [1,2,3,4,5],
		"Delta_E": [6.38,13.3,17.4,15.2,15.8],
		"Delta_C": [3.73,1.44,1.2,0.644,0.896],
		"Delta_E94": [6.38,13.3,17.4,15.2,15.8],
		"Delta_C94": [3.73,1.44,1.2,0.644,0.896],
		"Delta_E2000": [4.86,10.7,16.6,11.5,10.6],
		"Delta_C2000": [3.7,1.4,1.18,0.77,1.3],
		"Delta_L": [-5.18,13.3,17.4,15.2,15.8],
		"Delta_Chroma": [3.73,1.44,1.2,0.644,0.896],
		"Delta_Hue_Distance": [0,0,0,0,0],
		"Delta_Hue_Degrees": [0,0,0,0,0],
		"mean_Delta_E": [13.6],
		"mean_Delta_C": [1.58],
		"mean_Delta_E94": [13.6],
		"mean_Delta_C94": [1.58],
		"mean_Delta_E2000": [10.9],
		"mean_Delta_C2000": [1.67],
		"mean_Delta_L": [11.3],
		"mean_Delta_Chroma": [1.58],
		"mean_Delta_Hue_Distance": [0],
		"mean_Delta_Hue_Degrees": [0],
		"mean_Delta_C_sat_corr": ["_NaN_"],
		"mean_Delta_C94_sat_corr": ["_NaN_"],
		"mean_Delta_C2000_sat_corr": ["_NaN_"],
		"max_Delta_E": [17.4],
		"max_Delta_C": [3.73],
		"max_Delta_E94": [17.4],
		"max_Delta_C94": [3.73],
		"max_Delta_E2000": [16.6],
		"max_Delta_C2000": [3.7],
		"max_Delta_L": [17.4],
		"max_Delta_Chroma": [3.73],
		"max_Delta_Hue_Distance": [0],
		"max_Delta_Hue_Degrees": [0],
		"max_Delta_C_sat_corr": ["_NaN_"],
		"max_Delta_C94_sat_corr": ["_NaN_"],
		"max_Delta_C2000_sat_corr": ["_NaN_"],
		"mean_RegionSize": [43922],
		"Sequence_dark_to_light": [5,4,3,2,1],
		"Patch_number": [5,4,3,2,1],
		"R_noise": [0.07862,0.05832,0.04358,0.03902,0.04409],
		"G_noise": [0.05673,0.03723,0.02739,0.02799,0.0368],
		"B_noise": [0.067,0.04574,0.03295,0.03209,0.03979],
		"R_SNR_ratio": [2.865,5.546,11.55,18.16,20.22],
		"G_SNR_ratio": [4.091,8.823,18.57,25.52,24.19],
		"B_SNR_ratio": [3.427,7.228,15.65,22.56,23.08],
		"R_SNR_dB": [9.142,14.88,21.25,25.18,26.11],
		"G_SNR_dB": [12.24,18.91,25.37,28.14,27.67],
		"B_SNR_dB": [10.7,17.18,23.89,27.07,27.27],
		"Gb_noise": [0.05272,0.03348,0.02313,0.02421,0.03447],
		"Gb_SNR_ratio": [4.371,9.785,21.96,29.47,25.9],
		"Gb_SNR_dB": [12.81,19.81,26.83,29.39,28.26],
		"Y_f_stop_SNR_ratio": [3.205,4.904,5.153,2.559,1.138],
		"Y_f_stop_SNR_dB": [10.12,13.81,14.24,8.161,1.12],
		"quality_levels_for_DR": [
				"Low,",
				"Medium,",
				"M-H,",
				"High,"
		],
		"SigNoise_levels_for_DR": [1,0.5,0.25,0.1],
		"Dynamic_Range_f_stops": [0,5.221,3.699,0],
		"Dynamic_Range_dB": [0,31.43,22.27,0],
		"noise_ISO15739_pct": [0.8349,0.7073,1.064,2.596,5.143],
		"snr_ISO15739": [5.199,12.39,20.81,18.02,15.03],
		"noise_pct_ISO15739_at_13pct_Lref": [2.249],
		"snr_ISO15739_at_13pct_Lref": [18.65],
		"snr_dB_ISO15739_at_13pct_Lref": [25.41],
		"DynamicRange_at_density_2": [258.8],
		"DynamicRange_total": [0],
		"DynamicRange_from_slope_OD": [1.95],
		"DynamicRange_from_slope_EV": [6.474],
		"DynamicRange_from_slope_dB": [39],
		"SNR_BW_dB_RGBY": [23.22,26.1,24.91,27.36],
		"L_noise": [5.82,3.534,2.296,2.273,3.124],
		"a_noise": [9.737,7.51,5.714,4.773,4.201],
		"b_noise": [9.243,6.982,5.318,4.347,3.877],
		"Total_Lab_noise_unwtd": [14.63,10.85,8.137,6.845,6.514],
		"Total_ab_noise_unwtd": [13.42,10.25,7.806,6.456,5.716],
		"R_minus_Y_KK_noise": [0.05709,0.04608,0.03699,0.03244,0.0293],
		"B_minus_Y_KK_noise": [0.05605,0.04391,0.03601,0.0313,0.02909],
		"Y_Kelly_Keelan_noise": [0.05272,0.03348,0.02313,0.02421,0.03447],
		"Total_KK_noise": [0.06297,0.04339,0.03211,0.03108,0.03876],
		"Chroma_KK_noise": [0.03444,0.0276,0.02227,0.01949,0.01772],
		"Total_old_iso_noise": [0.07327,0.0528,0.04022,0.03764,0.04328],
		"Y_noise_from_YUV": [0.05272,0.03348,0.02313,0.02421,0.03447],
		"U_noise_from_YUV": [0.02634,0.02063,0.01692,0.01471,0.01367],