{
	"jsonResults": {
		"dateRun": "13-May-2025 11:12:19",
		"ini_time_size": "13-May-2025 11:10:39 17295B  MD5 = 2fc8b7d3f5427bd515dbfcc4fbeeb5d7",
		"version": "Imatest 24.2.6 Master Color/Tone Auto",
		"build": "2025-03-20",
		"image_file": "cup_55.0 mm_25600ISO_0EV_Dist1_OFF_Focused.tiff",
		"ColorSpace": "sRGB",
		"Reference": "Default values",
		"Ref_folder": "/usr/local/Imatest/v24.2/Master/",
		"Gamma": [0.3529],
		"patches_for_gamma_start_end": [1,5],
		"exposure_error_normalized_y_channel": [-0.0702],
		"mean_camera_Saturation_Pct": ["_NaN_"],
		"mean_chroma_level_CPIQ_Pct": ["_NaN_"],
		"CPIQ_chroma_quality_loss_JND": ["_NaN_"],
		"CPIQ_exposure_quality_loss_JND": ["_NaN_"],
		"pixel_offset": [0],
		"mean_patch_size_pxls": [201,223],
		"roi_settings": "Recent ROI settings are in roi, nwid_save, nht_save, fillf, and distort (same names as ini file)",
		"roi": [3103,1401,4362,1675,3103,1677,4362,1393],
		"nwid_save": [6024],
		"nht_save": [4020],
		"fillf": [0.8],
		"distort": [0],
		"grayscale_zone": [1,2,3,4,5],
		"grayscale_minus_log_exposure": [2,1.513,1.025,0.5375,0.05],
		"grayscale_Y_reflectivity": [0.01,0.03073,0.09441,0.2901,0.8913],
		"grayscale_Y_Printer_pixel_gamma22": [33.13,55.18,91.91,153.1,255],
		"grayscale_Y_density": [0.1837,0.2957,0.4677,0.7277,1.005],
		"grayscale_R_density": [0.1854,0.3006,0.4915,0.7199,0.8831],
		"grayscale_G_density": [0.1856,0.2962,0.4626,0.7315,1.056],
		"grayscale_B_density": [0.161,0.2767,0.4506,0.713,0.9406],
		"grayscale_Y_mean": [167,129.1,86.87,47.74,25.23],
		"grayscale_R_mean": [166.4,127.6,82.23,48.6,33.38],
		"grayscale_G_mean": [166.3,128.9,87.89,47.32,22.41],
		"grayscale_B_mean": [176,134.8,90.35,49.37,29.24],
		"White_Bal_error_Degrees": [627.6,567.2,813.6,170.8,-1071],
		"White_Bal_error_Mired": [-13.55,-12.35,-17.12,-3.94,30.35],
		"White_Bal_error_S_HSV": [0.05507,0.05364,0.08984,0.04161,0.3286],
		"White_Bal_error_Delta_C_ab": [5.339,3.44,2.767,1.532,7.506],
		"White_Bal_error_Delta_C_94": [5.339,3.44,2.767,1.532,7.506],
		"White_Bal_error_Delta_C_00": [5.092,3.271,3.111,1.851,8.731],
		"n_Patch": [1,2,3,4,5],
		"n_Row": [1,1,1,1,1],
		"n_Column": [1,2,3,4,5],
		"width_pixels": [202,203,202,202,202],
		"height_pixels": [225,225,225,225,225],
		"Pixels_total": [45450,45675,45450,45450,45450],
		"R_reference": [242.4,146.6,86.6,49.01,25.46],
		"G_reference": [242.4,146.6,86.6,49.01,25.46],
		"B_reference": [242.4,146.6,86.6,49.01,25.46],
		"R_input": [166.4,127.6,82.23,48.6,33.38],
		"G_input": [166.3,128.9,87.89,47.32,22.41],
		"B_input": [176,134.8,90.35,49.37,29.24],
		"L_reference": [95.63,60.79,36.82,20.33,8.991],
		"a_reference": [0,0,0,0,0],
		"b_reference": [0,0,0,0,0],
		"L_input": [68.51,54.02,36.95,19.75,9.068],
		"a_input": [1.914,0.7132,-1.682,1.052,7.032],
		"b_input": [-4.984,-3.365,-2.197,-1.114,-2.627],
		"x_reference": [0.3127,0.3127,0.3127,0.3127,0.3127],
		"y_reference": [0.329,0.329,0.329,0.329,0.329],
		"Y_reference": [0.8913,0.2901,0.09441,0.03073,0.01],
		"x_input": [0.3046,0.3049,0.3,0.311,0.3331],
		"y_input": [0.3155,0.3185,0.3227,0.3206,0.29],
		"Y_input": [0.3867,0.2199,0.0951,0.02927,0.01009],
		"LUV_comment": "L2 is used to differentiate between the L in LAB and L in LUV.",
		"L2_reference": [805.1,262,85.28,27.75,9.033],
		"U_reference": [0.1978,0.1978,0.1978,0.1978,0.1978],
		"V_reference": [0.4683,0.4683,0.4683,0.4683,0.4683],
		"L2_input": [349.3,198.6,85.91,26.44,9.117],
		"U_input": [0.1973,0.1963,0.1913,0.1998,0.2291],
		"V_input": [0.4597,0.4614,0.463,0.4635,0.4489],
		"patch_numbers_for_all_Delta_E_C": [1,2,3,4,5],
		"Delta_E_all": [27.6,7.6,2.77,1.64,7.51],
		"Delta_C_all": [5.34,3.44,2.77,1.53,7.51],
		"Delta_E94_all": [27.6,7.6,2.77,1.64,7.51],
		"Delta_C94_all": [5.34,3.44,2.77,1.53,7.51],
		"Delta_E2000_all": [19.1,7,3.11,1.9,8.73],
		"Delta_C2000_all": [5.09,3.27,3.11,1.85,8.73],
		"Delta_L_all": [-27.1,-6.77,0.129,-0.584,0.0768],
		"Delta_Chroma_all": [5.34,3.44,2.77,1.53,7.51],
		"Delta_Hue_Distance_all": [0,0,0,0,0],
		"Delta_Hue_Degrees_all": [0,0,0,0,0],
		"sat_corr_comment": "sat_corr explained on https://www.imatest.com/docs/colorcheck/#satcorr - not recommended.",
		"Delta_C_all_sat_corr": ["_NaN_","_NaN_","_NaN_","_NaN_","_NaN_"],
		"Delta_C94_all_sat_corr": ["_NaN_","_NaN_","_NaN_","_NaN_","_NaN_"],
		"Delta_C2000_all_sat_corr": ["_NaN_","_NaN_","_NaN_","_NaN_","_NaN_"],
		"grayscale_patch_numbers": [1,2,3,4,5],
		"Delta_E": [27.6,7.6,2.77,1.64,7.51],
		"Delta_C": [5.34,3.44,2.77,1.53,7.51],
		"Delta_E94": [27.6,7.6,2.77,1.64,7.51],
		"Delta_C94": [5.34,3.44,2.77,1.53,7.51],
		"Delta_E2000": [19.1,7,3.11,1.9,8.73],
		"Delta_C2000": [5.09,3.27,3.11,1.85,8.73],
		"Delta_L": [-27.1,-6.77,0.129,-0.584,0.0768],
		"Delta_Chroma": [5.34,3.44,2.77,1.53,7.51],
		"Delta_Hue_Distance": [0,0,0,0,0],
		"Delta_Hue_Degrees": [0,0,0,0,0],
		"mean_Delta_E": [9.43],
		"mean_Delta_C": [4.12],
		"mean_Delta_E94": [9.43],
		"mean_Delta_C94": [4.12],
		"mean_Delta_E2000": [7.96],
		"mean_Delta_C2000": [4.41],
		"mean_Delta_L": [-6.85],
		"mean_Delta_Chroma": [4.12],
		"mean_Delta_Hue_Distance": [0],
		"mean_Delta_Hue_Degrees": [0],
		"mean_Delta_C_sat_corr": ["_NaN_"],
		"mean_Delta_C94_sat_corr": ["_NaN_"],
		"mean_Delta_C2000_sat_corr": ["_NaN_"],
		"max_Delta_E": [27.6],
		"max_Delta_C": [7.51],
		"max_Delta_E94": [27.6],
		"max_Delta_C94": [7.51],
		"max_Delta_E2000": [19.1],
		"max_Delta_C2000": [8.73],
		"max_Delta_L": [0.129],
		"max_Delta_Chroma": [7.51],
		"max_Delta_Hue_Distance": [0],
		"max_Delta_Hue_Degrees": [0],
		"max_Delta_C_sat_corr": ["_NaN_"],
		"max_Delta_C94_sat_corr": ["_NaN_"],
		"max_Delta_C2000_sat_corr": ["_NaN_"],
		"mean_RegionSize": [45292.8],
		"Sequence_dark_to_light": [5,4,3,2,1],
		"Patch_number": [5,4,3,2,1],
		"R_noise": [0.107,0.1246,0.1178,0.08253,0.06714],
		"G_noise": [0.08433,0.09398,0.06823,0.0542,0.04851],
		"B_noise": [0.09381,0.107,0.08027,0.05949,0.05223],
		"R_SNR_ratio": [1.224,1.53,2.737,6.064,9.719],
		"G_SNR_ratio": [1.042,1.974,5.052,9.33,13.45],
		"B_SNR_ratio": [1.222,1.809,4.414,8.889,13.22],
		"R_SNR_dB": [1.754,3.694,8.744,15.66,19.75],
		"G_SNR_dB": [0.3596,5.909,14.07,19.4,22.57],
		"B_SNR_dB": [1.743,5.151,12.9,18.98,22.42],
		"Gb_noise": [0.06839,0.07566,0.05796,0.04558,0.0404],
		"Gb_SNR_ratio": [1.447,2.474,5.878,11.11,16.21],
		"Gb_SNR_dB": [3.209,7.869,15.38,20.91,24.2],
		"Y_f_stop_SNR_ratio": [2.274,2.129,1.699,0.9862,0.7968],
		"Y_f_stop_SNR_dB": [7.137,6.565,4.605,-0.1211,-1.973],
		"quality_levels_for_DR": [
				"Low,",
				"Medium,",
				"M-H,",
				"High,"
		],
		"SigNoise_levels_for_DR": [1,0.5,0.25,0.1],
		"Dynamic_Range_f_stops": [4.805,2.033,0,0],
		"Dynamic_Range_dB": [28.93,12.24,0,0],
		"noise_ISO15739_pct": [0.6191,0.9276,1.606,2.994,3.699],
		"snr_ISO15739": [1.63,3.155,5.923,7.345,10.46],
		"noise_pct_ISO15739_at_13pct_Lref": [3.263],
		"snr_ISO15739_at_13pct_Lref": [8.534],
		"snr_dB_ISO15739_at_13pct_Lref": [18.62],
		"DynamicRange_at_density_2": [640.7],
		"DynamicRange_total": [0],
		"DynamicRange_from_slope_OD": [1.95],
		"DynamicRange_from_slope_EV": [6.474],
		"DynamicRange_from_slope_dB": [39],
		"SNR_BW_dB_RGBY": [15.07,18.72,17.91,20.23],
		"L_noise": [7.553,7.984,5.825,4.465,3.811],
		"a_noise": [16.54,18.49,14.45,10.47,8.622],
		"b_noise": [16.42,18.64,13.35,9.592,8.103],
		"Total_Lab_noise_unwtd": [24.5,27.44,20.51,14.88,12.43],
		"Total_ab_noise_unwtd": [23.31,26.26,19.67,14.2,11.83],
		"R_minus_Y_KK_noise": [0.09712,0.1127,0.1002,0.07077,0.05813],
		"B_minus_Y_KK_noise": [0.1021,0.1195,0.08751,0.06527,0.05757],
		"Y_Kelly_Keelan_noise": [0.06839,0.07566,0.05796,0.04558,0.0404],
		"Total_KK_noise": [0.0907,0.1026,0.08266,0.06205,0.05354],
		"Chroma_KK_noise": [0.05958,0.0693,0.05894,0.0421,0.03514],
		"Total_old_iso_noise": [0.1113,0.1271,0.1049,0.07723,0.06577],
		"Y_noise_from_YUV": [0.06838,0.07565,0.05795,0.04557,0.0404],
		"U_noise_from_YUV": [0.04798,0.05615,0.04112,0.03067,0.02705],
		"V_noise_from_YUV": [0.07584,0.08804,0.07823,0.05527,0.0454],