{
	"jsonResults": {
		"dateRun": "13-May-2025 11:12:19",
		"ini_time_size": "13-May-2025 11:10:39 17295B  MD5 = 2fc8b7d3f5427bd515dbfcc4fbeeb5d7",
		"version": "Imatest 24.2.6 Master Color/Tone Auto",
		"build": "2025-03-20",
		"image_file": "cup_55.0 mm_6400ISO_0EV_Dist1_ON_Defocus2.tiff",
		"ColorSpace": "sRGB",
		"Reference": "Default values",
		"Ref_folder": "/usr/local/Imatest/v24.2/Master/",
		"Gamma": [0.3217],
		"patches_for_gamma_start_end": [1,5],
		"exposure_error_normalized_y_channel": [-0.0636],
		"mean_camera_Saturation_Pct": ["_NaN_"],
		"mean_chroma_level_CPIQ_Pct": ["_NaN_"],
		"CPIQ_chroma_quality_loss_JND": ["_NaN_"],
		"CPIQ_exposure_quality_loss_JND": ["_NaN_"],
		"pixel_offset": [0],
		"mean_patch_size_pxls": [201,223],
		"roi_settings": "Recent ROI settings are in roi, nwid_save, nht_save, fillf, and distort (same names as ini file)",
		"roi": [3103,1401,4362,1675,3103,1677,4362,1393],
		"nwid_save": [6024],
		"nht_save": [4020],
		"fillf": [0.8],
		"distort": [0],
		"grayscale_zone": [1,2,3,4,5],
		"grayscale_minus_log_exposure": [2,1.513,1.025,0.5375,0.05],
		"grayscale_Y_reflectivity": [0.01,0.03073,0.09441,0.2901,0.8913],
		"grayscale_Y_Printer_pixel_gamma22": [33.13,55.18,91.91,153.1,255],
		"grayscale_Y_density": [0.1847,0.2898,0.4466,0.6596,0.8362],
		"grayscale_R_density": [0.1849,0.2919,0.4523,0.6708,0.8248],
		"grayscale_G_density": [0.1862,0.29,0.4458,0.6571,0.8402],
		"grayscale_B_density": [0.1705,0.2814,0.4374,0.6522,0.8314],
		"grayscale_Y_mean": [166.6,130.9,91.2,55.84,37.18],
		"grayscale_R_mean": [166.6,130.2,90,54.41,38.17],
		"grayscale_G_mean": [166.1,130.8,91.35,56.16,36.84],
		"grayscale_B_mean": [172.2,133.4,93.15,56.81,37.59],
		"White_Bal_error_Degrees": [353,237.2,309.2,333.2,-83.93],
		"White_Bal_error_Mired": [-7.924,-5.416,-6.986,-7.502,2.012],
		"White_Bal_error_S_HSV": [0.03532,0.02407,0.03387,0.04212,0.03486],
		"White_Bal_error_Delta_C_ab": [3.361,1.527,1.234,0.8953,0.8433],
		"White_Bal_error_Delta_C_94": [3.361,1.527,1.234,0.8953,0.8433],
		"White_Bal_error_Delta_C_00": [3.401,1.512,1.212,1.089,1.192],
		"n_Patch": [1,2,3,4,5],
		"n_Row": [1,1,1,1,1],
		"n_Column": [1,2,3,4,5],
		"width_pixels": [202,203,202,202,202],
		"height_pixels": [225,225,225,225,225],
		"Pixels_total": [45450,45675,45450,45450,45450],
		"R_reference": [242.4,146.6,86.6,49.01,25.46],
		"G_reference": [242.4,146.6,86.6,49.01,25.46],
		"B_reference": [242.4,146.6,86.6,49.01,25.46],
		"R_input": [166.6,130.2,90,54.41,38.17],
		"G_input": [166.1,130.8,91.35,56.16,36.84],
		"B_input": [172.2,133.4,93.15,56.81,37.59],
		"L_reference": [95.63,60.79,36.82,20.33,8.991],
		"a_reference": [0,0,0,0,0],
		"b_reference": [0,0,0,0,0],
		"L_input": [68.36,54.7,38.74,23.45,14.77],
		"a_input": [1.346,0.3067,-0.1504,-0.5965,0.7942],
		"b_input": [-3.079,-1.496,-1.225,-0.6676,-0.2834],
		"x_reference": [0.3127,0.3127,0.3127,0.3127,0.3127],
		"y_reference": [0.329,0.329,0.329,0.329,0.329],
		"Y_reference": [0.8913,0.2901,0.09441,0.03073,0.01],
		"x_input": [0.308,0.3093,0.308,0.3072,0.3148],
		"y_input": [0.3205,0.3244,0.3246,0.3266,0.3253],
		"Y_input": [0.3847,0.2264,0.1051,0.03933,0.01866],
		"LUV_comment": "L2 is used to differentiate between the L in LAB and L in LUV.",
		"L2_reference": [805.1,262,85.28,27.75,9.033],
		"U_reference": [0.1978,0.1978,0.1978,0.1978,0.1978],
		"V_reference": [0.4683,0.4683,0.4683,0.4683,0.4683],
		"L2_input": [347.5,204.5,94.93,35.53,16.86],
		"U_input": [0.1978,0.1972,0.1962,0.1949,0.2007],
		"V_input": [0.463,0.4653,0.4653,0.4662,0.4666],
		"patch_numbers_for_all_Delta_E_C": [1,2,3,4,5],
		"Delta_E_all": [27.5,6.27,2.28,3.24,5.84],
		"Delta_C_all": [3.36,1.53,1.23,0.895,0.843],
		"Delta_E94_all": [27.5,6.27,2.28,3.24,5.84],
		"Delta_C94_all": [3.36,1.53,1.23,0.895,0.843],
		"Delta_E2000_all": [18.8,5.73,2.04,2.46,3.87],
		"Delta_C2000_all": [3.4,1.51,1.21,1.09,1.19],
		"Delta_L_all": [-27.3,-6.09,1.92,3.12,5.78],
		"Delta_Chroma_all": [3.36,1.53,1.23,0.895,0.843],
		"Delta_Hue_Distance_all": [0,0,0,0,0],
		"Delta_Hue_Degrees_all": [0,0,0,0,0],
		"sat_corr_comment": "sat_corr explained on https://www.imatest.com/docs/colorcheck/#satcorr - not recommended.",
		"Delta_C_all_sat_corr": ["_NaN_","_NaN_","_NaN_","_NaN_","_NaN_"],
		"Delta_C94_all_sat_corr": ["_NaN_","_NaN_","_NaN_","_NaN_","_NaN_"],
		"Delta_C2000_all_sat_corr": ["_NaN_","_NaN_","_NaN_","_NaN_","_NaN_"],
		"grayscale_patch_numbers": [1,2,3,4,5],
		"Delta_E": [27.5,6.27,2.28,3.24,5.84],
		"Delta_C": [3.36,1.53,1.23,0.895,0.843],
		"Delta_E94": [27.5,6.27,2.28,3.24,5.84],
		"Delta_C94": [3.36,1.53,1.23,0.895,0.843],
		"Delta_E2000": [18.8,5.73,2.04,2.46,3.87],
		"Delta_C2000": [3.4,1.51,1.21,1.09,1.19],
		"Delta_L": [-27.3,-6.09,1.92,3.12,5.78],
		"Delta_Chroma": [3.36,1.53,1.23,0.895,0.843],
		"Delta_Hue_Distance": [0,0,0,0,0],
		"Delta_Hue_Degrees": [0,0,0,0,0],
		"mean_Delta_E": [9.02],
		"mean_Delta_C": [1.57],
		"mean_Delta_E94": [9.02],
		"mean_Delta_C94": [1.57],
		"mean_Delta_E2000": [6.58],
		"mean_Delta_C2000": [1.68],
		"mean_Delta_L": [-4.51],
		"mean_Delta_Chroma": [1.57],
		"mean_Delta_Hue_Distance": [0],
		"mean_Delta_Hue_Degrees": [0],
		"mean_Delta_C_sat_corr": ["_NaN_"],
		"mean_Delta_C94_sat_corr": ["_NaN_"],
		"mean_Delta_C2000_sat_corr": ["_NaN_"],
		"max_Delta_E": [27.5],
		"max_Delta_C": [3.36],
		"max_Delta_E94": [27.5],
		"max_Delta_C94": [3.36],
		"max_Delta_E2000": [18.8],
		"max_Delta_C2000": [3.4],
		"max_Delta_L": [5.78],
		"max_Delta_Chroma": [3.36],
		"max_Delta_Hue_Distance": [0],
		"max_Delta_Hue_Degrees": [0],
		"max_Delta_C_sat_corr": ["_NaN_"],
		"max_Delta_C94_sat_corr": ["_NaN_"],
		"max_Delta_C2000_sat_corr": ["_NaN_"],
		"mean_RegionSize": [45292.8],
		"Sequence_dark_to_light": [5,4,3,2,1],
		"Patch_number": [5,4,3,2,1],
		"R_noise": [0.07229,0.06804,0.05069,0.04275,0.04134],
		"G_noise": [0.05456,0.03951,0.03004,0.02829,0.02995],
		"B_noise": [0.06323,0.05079,0.03767,0.03353,0.03418],
		"R_SNR_ratio": [2.071,3.136,6.962,11.94,15.8],
		"G_SNR_ratio": [2.648,5.574,11.93,18.13,21.75],
		"B_SNR_ratio": [2.332,4.386,9.698,15.6,19.76],
		"R_SNR_dB": [6.323,9.928,16.85,21.54,23.98],
		"G_SNR_dB": [8.458,14.92,21.53,25.17,26.75],
		"B_SNR_dB": [7.353,12.84,19.73,23.86,25.91],
		"Gb_noise": [0.04777,0.0345,0.02544,0.02429,0.02657],
		"Gb_SNR_ratio": [3.052,6.347,14.06,21.13,24.59],
		"Gb_SNR_dB": [9.692,16.05,22.96,26.5,27.82],
		"Y_f_stop_SNR_ratio": [3.261,3.76,3.57,1.896,0.9456],
		"Y_f_stop_SNR_dB": [10.27,11.5,11.05,5.555,-0.4862],
		"quality_levels_for_DR": [
				"Low,",
				"Medium,",
				"M-H,",
				"High,"
		],
		"SigNoise_levels_for_DR": [1,0.5,0.25,0.1],
		"Dynamic_Range_f_stops": [6.302,4.678,0,0],
		"Dynamic_Range_dB": [37.94,28.16,0,0],
		"noise_ISO15739_pct": [0.4125,0.3972,0.6358,1.401,2.12],
		"snr_ISO15739": [4.523,9.901,16.53,16.16,18.15],
		"noise_pct_ISO15739_at_13pct_Lref": [1.802],
		"snr_ISO15739_at_13pct_Lref": [17.27],
		"snr_dB_ISO15739_at_13pct_Lref": [24.75],
		"DynamicRange_at_density_2": [1184],
		"DynamicRange_total": [0],
		"DynamicRange_from_slope_OD": [1.95],
		"DynamicRange_from_slope_EV": [6.474],
		"DynamicRange_from_slope_dB": [39],
		"SNR_BW_dB_RGBY": [20.14,23.73,22.25,25.05],
		"L_noise": [5.332,3.806,2.67,2.411,2.537],
		"a_noise": [10.27,9.245,6.919,5.561,4.907],
		"b_noise": [9.879,8.726,6.351,5.204,4.555],
		"Total_Lab_noise_unwtd": [15.21,13.27,9.764,7.988,7.16],
		"Total_ab_noise_unwtd": [14.25,12.71,9.392,7.616,6.695],
		"R_minus_Y_KK_noise": [0.0582,0.05623,0.0431,0.03557,0.0328],
		"B_minus_Y_KK_noise": [0.06112,0.05247,0.04053,0.03529,0.03226],
		"Y_Kelly_Keelan_noise": [0.04777,0.0345,0.02544,0.02429,0.02657],
		"Total_KK_noise": [0.05963,0.04811,0.03619,0.03244,0.03313],
		"Chroma_KK_noise": [0.03569,0.03353,0.02575,0.02151,0.01979],
		"Total_old_iso_noise": [0.07105,0.06045,0.04581,0.03999,0.03951],
		"Y_noise_from_YUV": [0.04777,0.0345,0.02544,0.02429,0.02657],
		"U_noise_from_YUV": [0.02872,0.02466,0.01904,0.01658,0.01516],