{
	"jsonResults": {
		"dateRun": "13-May-2025 11:12:19",
		"ini_time_size": "13-May-2025 11:10:39 17295B  MD5 = 2fc8b7d3f5427bd515dbfcc4fbeeb5d7",
		"version": "Imatest 24.2.6 Master Color/Tone Auto",
		"build": "2025-03-20",
		"image_file": "cup_55.0 mm_6400ISO_-2EV_Dist1_OFF_Defocus1.tiff",
		"ColorSpace": "sRGB",
		"Reference": "Default values",
		"Ref_folder": "/usr/local/Imatest/v24.2/Master/",
		"Gamma": [0.3895],
		"patches_for_gamma_start_end": [1,5],
		"exposure_error_normalized_y_channel": [-0.232],
		"mean_camera_Saturation_Pct": ["_NaN_"],
		"mean_chroma_level_CPIQ_Pct": ["_NaN_"],
		"CPIQ_chroma_quality_loss_JND": ["_NaN_"],
		"CPIQ_exposure_quality_loss_JND": ["_NaN_"],
		"pixel_offset": [0],
		"mean_patch_size_pxls": [201,223],
		"roi_settings": "Recent ROI settings are in roi, nwid_save, nht_save, fillf, and distort (same names as ini file)",
		"roi": [3103,1401,4362,1675,3103,1677,4362,1393],
		"nwid_save": [6024],
		"nht_save": [4020],
		"fillf": [0.8],
		"distort": [0],
		"grayscale_zone": [1,2,3,4,5],
		"grayscale_minus_log_exposure": [2,1.513,1.025,0.5375,0.05],
		"grayscale_Y_reflectivity": [0.01,0.03073,0.09441,0.2901,0.8913],
		"grayscale_Y_Printer_pixel_gamma22": [33.13,55.18,91.91,153.1,255],
		"grayscale_Y_density": [0.4541,0.5741,0.7639,1.049,1.341],
		"grayscale_R_density": [0.453,0.5797,0.7793,1.008,1.175],
		"grayscale_G_density": [0.4563,0.5734,0.7603,1.063,1.416],
		"grayscale_B_density": [0.4366,0.5643,0.7557,1.036,1.263],
		"grayscale_Y_mean": [89.62,67.99,43.91,22.79,11.63],
		"grayscale_R_mean": [89.86,67.12,42.38,25.06,17.06],
		"grayscale_G_mean": [89.18,68.1,44.28,22.06,9.783],
		"grayscale_B_mean": [93.32,69.55,44.75,23.45,13.9],
		"White_Bal_error_Degrees": [390.7,307.2,392.7,-375.1,-1265],
		"White_Bal_error_Mired": [-8.723,-6.943,-8.764,9.421,37.18],
		"White_Bal_error_S_HSV": [0.04434,0.03495,0.05295,0.1199,0.4266],
		"White_Bal_error_Delta_C_ab": [2.569,1.026,0.9439,1.871,3.07],
		"White_Bal_error_Delta_C_94": [2.569,1.026,0.9439,1.871,3.07],
		"White_Bal_error_Delta_C_00": [2.703,1.007,1.212,2.602,4.076],
		"n_Patch": [1,2,3,4,5],
		"n_Row": [1,1,1,1,1],
		"n_Column": [1,2,3,4,5],
		"width_pixels": [202,203,202,202,202],
		"height_pixels": [225,225,225,225,225],
		"Pixels_total": [45450,45675,45450,45450,45450],
		"R_reference": [242.4,146.6,86.6,49.01,25.46],
		"G_reference": [242.4,146.6,86.6,49.01,25.46],
		"B_reference": [242.4,146.6,86.6,49.01,25.46],
		"R_input": [89.86,67.12,42.38,25.06,17.06],
		"G_input": [89.18,68.1,44.28,22.06,9.783],
		"B_input": [93.32,69.55,44.75,23.45,13.9],
		"L_reference": [95.63,60.79,36.82,20.33,8.991],
		"a_reference": [0,0,0,0,0],
		"b_reference": [0,0,0,0,0],
		"L_input": [38.09,28.85,17.97,7.652,3.284],
		"a_input": [1.162,-0.07883,-0.7273,1.819,2.929],
		"b_input": [-2.291,-1.023,-0.6015,-0.4397,-0.9207],
		"x_reference": [0.3127,0.3127,0.3127,0.3127,0.3127],
		"y_reference": [0.329,0.329,0.329,0.329,0.329],
		"Y_reference": [0.8913,0.2901,0.09441,0.03073,0.01],
		"x_input": [0.3077,0.308,0.3061,0.3206,0.3361],
		"y_input": [0.3189,0.3245,0.3269,0.3197,0.293],
		"Y_input": [0.1014,0.0578,0.0251,0.008471,0.003636],
		"LUV_comment": "L2 is used to differentiate between the L in LAB and L in LUV.",
		"L2_reference": [805.1,262,85.28,27.75,9.033],
		"U_reference": [0.1978,0.1978,0.1978,0.1978,0.1978],
		"V_reference": [0.4683,0.4683,0.4683,0.4683,0.4683],
		"L2_input": [91.57,52.21,22.68,7.652,3.284],
		"U_input": [0.1981,0.1963,0.194,0.207,0.2301],
		"V_input": [0.4621,0.4652,0.4662,0.4644,0.4513],
		"patch_numbers_for_all_Delta_E_C": [1,2,3,4,5],
		"Delta_E_all": [57.6,32,18.9,12.8,6.48],
		"Delta_C_all": [2.57,1.03,0.944,1.87,3.07],
		"Delta_E94_all": [57.6,32,18.9,12.8,6.48],
		"Delta_C94_all": [2.57,1.03,0.944,1.87,3.07],
		"Delta_E2000_all": [46.3,30.2,14.2,8.66,5.34],
		"Delta_C2000_all": [2.7,1.01,1.21,2.6,4.08],
		"Delta_L_all": [-57.5,-31.9,-18.9,-12.7,-5.71],
		"Delta_Chroma_all": [2.57,1.03,0.944,1.87,3.07],
		"Delta_Hue_Distance_all": [0,0,0,0,0],
		"Delta_Hue_Degrees_all": [0,0,0,0,0],
		"sat_corr_comment": "sat_corr explained on https://www.imatest.com/docs/colorcheck/#satcorr - not recommended.",
		"Delta_C_all_sat_corr": ["_NaN_","_NaN_","_NaN_","_NaN_","_NaN_"],
		"Delta_C94_all_sat_corr": ["_NaN_","_NaN_","_NaN_","_NaN_","_NaN_"],
		"Delta_C2000_all_sat_corr": ["_NaN_","_NaN_","_NaN_","_NaN_","_NaN_"],
		"grayscale_patch_numbers": [1,2,3,4,5],
		"Delta_E": [57.6,32,18.9,12.8,6.48],
		"Delta_C": [2.57,1.03,0.944,1.87,3.07],
		"Delta_E94": [57.6,32,18.9,12.8,6.48],
		"Delta_C94": [2.57,1.03,0.944,1.87,3.07],
		"Delta_E2000": [46.3,30.2,14.2,8.66,5.34],
		"Delta_C2000": [2.7,1.01,1.21,2.6,4.08],
		"Delta_L": [-57.5,-31.9,-18.9,-12.7,-5.71],
		"Delta_Chroma": [2.57,1.03,0.944,1.87,3.07],
		"Delta_Hue_Distance": [0,0,0,0,0],
		"Delta_Hue_Degrees": [0,0,0,0,0],
		"mean_Delta_E": [25.5],
		"mean_Delta_C": [1.9],
		"mean_Delta_E94": [25.5],
		"mean_Delta_C94": [1.9],
		"mean_Delta_E2000": [20.9],
		"mean_Delta_C2000": [2.32],
		"mean_Delta_L": [-25.3],
		"mean_Delta_Chroma": [1.9],
		"mean_Delta_Hue_Distance": [0],
		"mean_Delta_Hue_Degrees": [0],
		"mean_Delta_C_sat_corr": ["_NaN_"],
		"mean_Delta_C94_sat_corr": ["_NaN_"],
		"mean_Delta_C2000_sat_corr": ["_NaN_"],
		"max_Delta_E": [57.6],
		"max_Delta_C": [3.07],
		"max_Delta_E94": [57.6],
		"max_Delta_C94": [3.07],
		"max_Delta_E2000": [46.3],
		"max_Delta_C2000": [4.08],
		"max_Delta_L": [-5.71],
		"max_Delta_Chroma": [3.07],
		"max_Delta_Hue_Distance": [0],
		"max_Delta_Hue_Degrees": [0],
		"max_Delta_C_sat_corr": ["_NaN_"],
		"max_Delta_C94_sat_corr": ["_NaN_"],
		"max_Delta_C2000_sat_corr": ["_NaN_"],
		"mean_RegionSize": [45292.8],
		"Sequence_dark_to_light": [5,4,3,2,1],
		"Patch_number": [5,4,3,2,1],
		"R_noise": [0.05763,0.06704,0.07138,0.06018,0.05158],
		"G_noise": [0.03984,0.04892,0.04032,0.03277,0.03034],
		"B_noise": [0.04746,0.05804,0.0537,0.04256,0.03742],
		"R_SNR_ratio": [1.161,1.466,2.329,4.373,6.832],
		"G_SNR_ratio": [0.9631,1.768,4.307,8.149,11.53],
		"B_SNR_ratio": [1.149,1.584,3.268,6.408,9.781],
		"R_SNR_dB": [1.296,3.322,7.342,12.82,16.69],
		"G_SNR_dB": [-0.3267,4.95,12.68,18.22,21.24],
		"B_SNR_dB": [1.205,3.996,10.29,16.13,19.81],
		"Gb_noise": [0.03331,0.03929,0.03371,0.0278,0.02549],
		"Gb_SNR_ratio": [1.369,2.275,5.109,9.592,13.79],
		"Gb_SNR_dB": [2.727,7.141,14.17,19.64,22.79],
		"Y_f_stop_SNR_ratio": [2.055,1.991,1.623,0.9949,0.8119],
		"Y_f_stop_SNR_dB": [6.257,5.98,4.209,-0.04405,-1.81],
		"quality_levels_for_DR": [
				"Low,",
				"Medium,",
				"M-H,",
				"High,"
		],
		"SigNoise_levels_for_DR": [1,0.5,0.25,0.1],
		"Dynamic_Range_f_stops": [4.837,0,0,0],
		"Dynamic_Range_dB": [29.12,0,0,0],
		"noise_ISO15739_pct": [0.4698,0.7376,1.367,2.593,3.281],
		"snr_ISO15739": [0.7738,1.148,1.836,2.229,3.09],
		"noise_pct_ISO15739_at_13pct_Lref": [2.991],
		"snr_ISO15739_at_13pct_Lref": [2.728],
		"snr_dB_ISO15739_at_13pct_Lref": [8.717],
		"DynamicRange_at_density_2": [1022],
		"DynamicRange_total": [243.8],
		"DynamicRange_from_slope_OD": [1.95],
		"DynamicRange_from_slope_EV": [6.474],
		"DynamicRange_from_slope_dB": [39],
		"SNR_BW_dB_RGBY": [12.78,18.06,15.79,19.49],
		"L_noise": [3.262,4.261,3.78,3.009,2.676],
		"a_noise": [8.143,10.94,10.3,8.248,7.089],
		"b_noise": [7.295,10.4,9.844,7.567,6.415],
		"Total_Lab_noise_unwtd": [11.41,15.68,14.74,11.59,9.928],
		"Total_ab_noise_unwtd": [10.93,15.09,14.25,11.19,9.56],
		"R_minus_Y_KK_noise": [0.0499,0.06028,0.06138,0.05114,0.04419],
		"B_minus_Y_KK_noise": [0.05014,0.06535,0.05855,0.04636,0.04086],
		"Y_Kelly_Keelan_noise": [0.03331,0.03929,0.03371,0.0278,0.02549],
		"Total_KK_noise": [0.04501,0.05416,0.04989,0.04113,0.03662],
		"Chroma_KK_noise": [0.03027,0.03728,0.03678,0.03031,0.0263],
		"Total_old_iso_noise": [0.05573,0.06747,0.064,0.05282,0.04655],
		"Y_noise_from_YUV": [0.03331,0.03928,0.0337,0.0278,0.02548],
		"U_noise_from_YUV": [0.02356,0.0307,0.02751,0.02178,0.0192],