{
	"jsonResults": {
		"dateRun": "13-May-2025 11:12:19",
		"ini_time_size": "13-May-2025 11:10:39 17295B  MD5 = 2fc8b7d3f5427bd515dbfcc4fbeeb5d7",
		"version": "Imatest 24.2.6 Master Color/Tone Auto",
		"build": "2025-03-20",
		"image_file": "cup_55.0 mm_6400ISO_-3EV_Dist1_OFF_Defocus1.tiff",
		"ColorSpace": "sRGB",
		"Reference": "Default values",
		"Ref_folder": "/usr/local/Imatest/v24.2/Master/",
		"Gamma": [0.4409],
		"patches_for_gamma_start_end": [1,5],
		"exposure_error_normalized_y_channel": [-0.261],
		"mean_camera_Saturation_Pct": ["_NaN_"],
		"mean_chroma_level_CPIQ_Pct": ["_NaN_"],
		"CPIQ_chroma_quality_loss_JND": ["_NaN_"],
		"CPIQ_exposure_quality_loss_JND": ["_NaN_"],
		"pixel_offset": [0],
		"mean_patch_size_pxls": [201,223],
		"roi_settings": "Recent ROI settings are in roi, nwid_save, nht_save, fillf, and distort (same names as ini file)",
		"roi": [3103,1401,4362,1675,3103,1677,4362,1393],
		"nwid_save": [6024],
		"nht_save": [4020],
		"fillf": [0.8],
		"distort": [0],
		"grayscale_zone": [1,2,3,4,5],
		"grayscale_minus_log_exposure": [2,1.513,1.025,0.5375,0.05],
		"grayscale_Y_reflectivity": [0.01,0.03073,0.09441,0.2901,0.8913],
		"grayscale_Y_Printer_pixel_gamma22": [33.13,55.18,91.91,153.1,255],
		"grayscale_Y_density": [0.5998,0.731,0.9459,1.236,1.452],
		"grayscale_R_density": [0.6011,0.7404,0.9392,1.116,1.232],
		"grayscale_G_density": [0.6011,0.7288,0.9478,1.286,1.562],
		"grayscale_B_density": [0.5832,0.7247,0.9469,1.176,1.342],
		"grayscale_Y_mean": [64.09,47.38,28.88,14.82,9.009],
		"grayscale_R_mean": [63.9,46.36,29.33,19.53,14.93],
		"grayscale_G_mean": [63.89,47.61,28.76,13.21,6.989],
		"grayscale_B_mean": [66.58,48.07,28.82,16.99,11.6],
		"White_Bal_error_Degrees": [388.3,270.4,-104.5,-835,-1628],
		"White_Bal_error_Mired": [-8.673,-6.145,2.514,22.67,51.4],
		"White_Bal_error_S_HSV": [0.04041,0.0356,0.01963,0.3235,0.532],
		"White_Bal_error_Delta_C_ab": [1.754,0.6593,0.2944,3.168,3.075],
		"White_Bal_error_Delta_C_94": [1.754,0.6593,0.2944,3.168,3.075],
		"White_Bal_error_Delta_C_00": [1.808,0.8094,0.4334,4.169,4.071],
		"n_Patch": [1,2,3,4,5],
		"n_Row": [1,1,1,1,1],
		"n_Column": [1,2,3,4,5],
		"width_pixels": [202,203,202,202,202],
		"height_pixels": [225,225,225,225,225],
		"Pixels_total": [45450,45675,45450,45450,45450],
		"R_reference": [242.4,146.6,86.6,49.01,25.46],
		"G_reference": [242.4,146.6,86.6,49.01,25.46],
		"B_reference": [242.4,146.6,86.6,49.01,25.46],
		"R_input": [63.9,46.36,29.33,19.53,14.93],
		"G_input": [63.89,47.61,28.76,13.21,6.989],
		"B_input": [66.58,48.07,28.82,16.99,11.6],
		"L_reference": [95.63,60.79,36.82,20.33,8.991],
		"a_reference": [0,0,0,0,0],
		"b_reference": [0,0,0,0,0],
		"L_input": [27.13,19.58,10.71,4.313,2.514],
		"a_input": [0.6173,-0.4428,0.2896,2.984,2.917],
		"b_input": [-1.642,-0.4885,0.05318,-1.065,-0.9745],
		"x_reference": [0.3127,0.3127,0.3127,0.3127,0.3127],
		"y_reference": [0.329,0.329,0.329,0.329,0.329],
		"Y_reference": [0.8913,0.2901,0.09441,0.03073,0.01],
		"x_input": [0.3074,0.3082,0.3147,0.3295,0.3408],
		"y_input": [0.3203,0.3271,0.3287,0.2987,0.2825],
		"Y_input": [0.05141,0.02885,0.01221,0.004775,0.002783],
		"LUV_comment": "L2 is used to differentiate between the L in LAB and L in LUV.",
		"L2_reference": [805.1,262,85.28,27.75,9.033],
		"U_reference": [0.1978,0.1978,0.1978,0.1978,0.1978],
		"V_reference": [0.4683,0.4683,0.4683,0.4683,0.4683],
		"L2_input": [46.44,26.06,11.03,4.313,2.514],
		"U_input": [0.1974,0.1954,0.1994,0.2224,0.2388],
		"V_input": [0.4628,0.4666,0.4684,0.4537,0.4454],
		"patch_numbers_for_all_Delta_E_C": [1,2,3,4,5],
		"Delta_E_all": [68.5,41.2,26.1,16.3,7.17],
		"Delta_C_all": [1.75,0.659,0.294,3.17,3.08],
		"Delta_E94_all": [68.5,41.2,26.1,16.3,7.17],
		"Delta_C94_all": [1.75,0.659,0.294,3.17,3.08],
		"Delta_E2000_all": [59.1,36.3,18.8,11.1,5.64],
		"Delta_C2000_all": [1.81,0.809,0.433,4.17,4.07],
		"Delta_L_all": [-68.5,-41.2,-26.1,-16,-6.48],
		"Delta_Chroma_all": [1.75,0.659,0.294,3.17,3.08],
		"Delta_Hue_Distance_all": [0,0,0,0,0],
		"Delta_Hue_Degrees_all": [0,0,0,0,0],
		"sat_corr_comment": "sat_corr explained on https://www.imatest.com/docs/colorcheck/#satcorr - not recommended.",
		"Delta_C_all_sat_corr": ["_NaN_","_NaN_","_NaN_","_NaN_","_NaN_"],
		"Delta_C94_all_sat_corr": ["_NaN_","_NaN_","_NaN_","_NaN_","_NaN_"],
		"Delta_C2000_all_sat_corr": ["_NaN_","_NaN_","_NaN_","_NaN_","_NaN_"],
		"grayscale_patch_numbers": [1,2,3,4,5],
		"Delta_E": [68.5,41.2,26.1,16.3,7.17],
		"Delta_C": [1.75,0.659,0.294,3.17,3.08],
		"Delta_E94": [68.5,41.2,26.1,16.3,7.17],
		"Delta_C94": [1.75,0.659,0.294,3.17,3.08],
		"Delta_E2000": [59.1,36.3,18.8,11.1,5.64],
		"Delta_C2000": [1.81,0.809,0.433,4.17,4.07],
		"Delta_L": [-68.5,-41.2,-26.1,-16,-6.48],
		"Delta_Chroma": [1.75,0.659,0.294,3.17,3.08],
		"Delta_Hue_Distance": [0,0,0,0,0],
		"Delta_Hue_Degrees": [0,0,0,0,0],
		"mean_Delta_E": [31.9],
		"mean_Delta_C": [1.79],
		"mean_Delta_E94": [31.9],
		"mean_Delta_C94": [1.79],
		"mean_Delta_E2000": [26.2],
		"mean_Delta_C2000": [2.26],
		"mean_Delta_L": [-31.7],
		"mean_Delta_Chroma": [1.79],
		"mean_Delta_Hue_Distance": [0],
		"mean_Delta_Hue_Degrees": [0],
		"mean_Delta_C_sat_corr": ["_NaN_"],
		"mean_Delta_C94_sat_corr": ["_NaN_"],
		"mean_Delta_C2000_sat_corr": ["_NaN_"],
		"max_Delta_E": [68.5],
		"max_Delta_C": [3.17],
		"max_Delta_E94": [68.5],
		"max_Delta_C94": [3.17],
		"max_Delta_E2000": [59.1],
		"max_Delta_C2000": [4.17],
		"max_Delta_L": [-6.48],
		"max_Delta_Chroma": [3.17],
		"max_Delta_Hue_Distance": [0],
		"max_Delta_Hue_Degrees": [0],
		"max_Delta_C_sat_corr": ["_NaN_"],
		"max_Delta_C94_sat_corr": ["_NaN_"],
		"max_Delta_C2000_sat_corr": ["_NaN_"],
		"mean_RegionSize": [45292.8],
		"Sequence_dark_to_light": [5,4,3,2,1],
		"Patch_number": [5,4,3,2,1],
		"R_noise": [0.05416,0.06134,0.07052,0.07048,0.06224],
		"G_noise": [0.0341,0.04378,0.04752,0.03803,0.03417],
		"B_noise": [0.04331,0.0519,0.0586,0.05111,0.04295],
		"R_SNR_ratio": [1.081,1.248,1.631,2.579,4.026],
		"G_SNR_ratio": [0.8036,1.183,2.373,4.909,7.333],
		"B_SNR_ratio": [1.05,1.284,1.928,3.688,6.079],
		"R_SNR_dB": [0.6791,1.927,4.25,8.23,12.1],
		"G_SNR_dB": [-1.899,1.462,7.506,13.82,17.31],
		"B_SNR_dB": [0.4263,2.17,5.703,11.34,15.68],
		"Gb_noise": [0.02869,0.03566,0.03845,0.03206,0.02882],
		"Gb_SNR_ratio": [1.232,1.63,2.946,5.795,8.719],
		"Gb_SNR_dB": [1.809,4.246,9.384,15.26,18.81],
		"Y_f_stop_SNR_ratio": [1.403,1.329,1.025,0.6747,0.4908],
		"Y_f_stop_SNR_dB": [2.944,2.472,0.215,-3.418,-6.182],
		"quality_levels_for_DR": [
				"Low,",
				"Medium,",
				"M-H,",
				"High,"
		],
		"SigNoise_levels_for_DR": [1,0.5,0.25,0.1],
		"Dynamic_Range_f_stops": [3.317,0,0,0],
		"Dynamic_Range_dB": [19.97,0,0,0],
		"noise_ISO15739_pct": [0.8069,1.267,2.611,4.633,5.608],
		"snr_ISO15739": [0.3449,0.377,0.4675,0.6227,0.9168],
		"noise_pct_ISO15739_at_13pct_Lref": [5.065],
		"snr_ISO15739_at_13pct_Lref": [0.7531],
		"snr_dB_ISO15739_at_13pct_Lref": [-2.463],
		"DynamicRange_at_density_2": [503.1],
		"DynamicRange_total": [0],
		"DynamicRange_from_slope_OD": [1.95],
		"DynamicRange_from_slope_EV": [6.474],
		"DynamicRange_from_slope_dB": [39],
		"SNR_BW_dB_RGBY": [8.758,14.12,11.55,15.6],
		"L_noise": [2.681,3.592,4.306,3.588,3.139],
		"a_noise": [7.337,9.288,11.29,9.959,8.564],
		"b_noise": [6.328,8.552,10.66,9.26,7.706],
		"Total_Lab_noise_unwtd": [10.05,13.13,16.11,14.06,11.94],
		"Total_ab_noise_unwtd": [9.689,12.63,15.53,13.6,11.52],
		"R_minus_Y_KK_noise": [0.04691,0.05467,0.06267,0.06035,0.05324],
		"B_minus_Y_KK_noise": [0.0447,0.05676,0.06515,0.05509,0.04693],
		"Y_Kelly_Keelan_noise": [0.02869,0.03566,0.03845,0.03206,0.02882],
		"Total_KK_noise": [0.04016,0.04887,0.05429,0.04807,0.04261],
		"Chroma_KK_noise": [0.0281,0.03342,0.03833,0.03582,0.03138],
		"Total_old_iso_noise": [0.05051,0.06082,0.06834,0.062,0.05475],
		"Y_noise_from_YUV": [0.02869,0.03565,0.03844,0.03206,0.02882],
		"U_noise_from_YUV": [0.021,0.02667,0.03061,0.02588,0.02205],