{
	"jsonResults": {
		"dateRun": "07-May-2025 14:51:20",
		"ini_time_size": "07-May-2025 14:50:00 9257B  MD5 = 15a2d5ed231fcdf6114ae87c16e35ccf",
		"version": "Imatest 24.2.6 Master Color/Tone Auto",
		"build": "2025-03-20",
		"image_file": "cup_55.0 mm_100ISO_+1EV_Dist1_OFF_Defocus1.tiff",
		"ColorSpace": "sRGB",
		"Reference": "Default values",
		"Ref_folder": "/usr/local/Imatest/v24.2/Master/",
		"Gamma": [0.3213],
		"patches_for_gamma_start_end": [1,5],
		"exposure_error_normalized_y_channel": [0.219],
		"mean_camera_Saturation_Pct": ["_NaN_"],
		"mean_chroma_level_CPIQ_Pct": ["_NaN_"],
		"CPIQ_chroma_quality_loss_JND": ["_NaN_"],
		"CPIQ_exposure_quality_loss_JND": ["_NaN_"],
		"pixel_offset": [0],
		"mean_patch_size_pxls": [181,240],
		"roi_settings": "Recent ROI settings are in roi, nwid_save, nht_save, fillf, and distort (same names as ini file)",
		"roi": [3051,1381,4488,1721,3111,1721,4268,1376],
		"nwid_save": [6024],
		"nht_save": [4020],
		"fillf": [0.7],
		"distort": [0],
		"grayscale_zone": [1,2,3,4,5],
		"grayscale_minus_log_exposure": [2,1.513,1.025,0.5375,0.05],
		"grayscale_Y_reflectivity": [0.01,0.03073,0.09441,0.2901,0.8913],
		"grayscale_Y_Printer_pixel_gamma22": [33.13,55.18,91.91,153.1,255],
		"grayscale_Y_density": [0.0235,0.1299,0.2865,0.4939,0.7508],
		"grayscale_R_density": [0.02545,0.1343,0.29,0.4909,0.7445],
		"grayscale_G_density": [0.02412,0.129,0.286,0.4952,0.7528],
		"grayscale_B_density": [0.01183,0.126,0.2816,0.4897,0.7492],
		"grayscale_Y_mean": [241.6,189.1,131.8,81.78,45.26],
		"grayscale_R_mean": [240.5,187.2,130.8,82.34,45.92],
		"grayscale_G_mean": [241.2,189.5,132,81.53,45.05],
		"grayscale_B_mean": [248.1,190.8,133.3,82.56,45.43],
		"White_Bal_error_Degrees": [329.6,176.2,176.5,38.66,-64.75],
		"White_Bal_error_Mired": [-7.425,-4.061,-4.067,-0.9096,1.548],
		"White_Bal_error_S_HSV": [0.03087,0.01897,0.019,0.01255,0.01898],
		"White_Bal_error_Delta_C_ab": [3.569,1.103,0.9019,0.743,0.4923],
		"White_Bal_error_Delta_C_94": [3.569,1.103,0.9019,0.743,0.4923],
		"White_Bal_error_Delta_C_00": [3.45,1.224,0.9035,0.9465,0.7161],
		"n_Patch": [1,2,3,4,5],
		"n_Row": [1,1,1,1,1],
		"n_Column": [1,2,3,4,5],
		"width_pixels": [182,182,183,182,183],
		"height_pixels": [241,242,242,242,242],
		"Pixels_total": [43862,44044,44286,44044,44286],
		"R_reference": [242.4,146.6,86.6,49.01,25.46],
		"G_reference": [242.4,146.6,86.6,49.01,25.46],
		"B_reference": [242.4,146.6,86.6,49.01,25.46],
		"R_input": [240.5,187.2,130.8,82.34,45.92],
		"G_input": [241.2,189.5,132,81.53,45.05],
		"B_input": [248.1,190.8,133.3,82.56,45.43],
		"L_reference": [95.63,60.79,36.82,20.33,8.991],
		"a_reference": [0,0,0,0,0],
		"b_reference": [0,0,0,0,0],
		"L_input": [95.35,76.64,55.08,34.78,18.59],
		"a_input": [1.002,-0.542,-0.1724,0.5536,0.4794],
		"b_input": [-3.426,-0.9606,-0.8853,-0.4956,-0.1118],
		"x_reference": [0.3127,0.3127,0.3127,0.3127,0.3127],
		"y_reference": [0.329,0.329,0.329,0.329,0.329],
		"Y_reference": [0.8913,0.2901,0.09441,0.03073,0.01],
		"x_input": [0.3081,0.3098,0.3099,0.3125,0.3142],
		"y_input": [0.3221,0.3273,0.3267,0.3263,0.3274],
		"Y_input": [0.8844,0.5093,0.2301,0.08391,0.02653],
		"LUV_comment": "L2 is used to differentiate between the L in LAB and L in LUV.",
		"L2_reference": [805.1,262,85.28,27.75,9.033],
		"U_reference": [0.1978,0.1978,0.1978,0.1978,0.1978],
		"V_reference": [0.4683,0.4683,0.4683,0.4683,0.4683],
		"L2_input": [798.9,460.1,207.8,75.79,23.96],
		"U_input": [0.1972,0.1965,0.1968,0.1987,0.1995],
		"V_input": [0.4639,0.467,0.4666,0.4668,0.4677],
		"patch_numbers_for_all_Delta_E_C": [1,2,3,4,5],
		"Delta_E_all": [3.58,15.9,18.3,14.5,9.62],
		"Delta_C_all": [3.57,1.1,0.902,0.743,0.492],
		"Delta_E94_all": [3.58,15.9,18.3,14.5,9.62],
		"Delta_C94_all": [3.57,1.1,0.902,0.743,0.492],
		"Delta_E2000_all": [3.45,12.5,17.6,10.9,6.28],
		"Delta_C2000_all": [3.45,1.22,0.904,0.946,0.716],
		"Delta_L_all": [-0.287,15.9,18.3,14.5,9.6],
		"Delta_Chroma_all": [3.57,1.1,0.902,0.743,0.492],
		"Delta_Hue_Distance_all": [0,0,0,0,0],
		"Delta_Hue_Degrees_all": [0,0,0,0,0],
		"sat_corr_comment": "sat_corr explained on https://www.imatest.com/docs/colorcheck/#satcorr - not recommended.",
		"Delta_C_all_sat_corr": ["_NaN_","_NaN_","_NaN_","_NaN_","_NaN_"],
		"Delta_C94_all_sat_corr": ["_NaN_","_NaN_","_NaN_","_NaN_","_NaN_"],
		"Delta_C2000_all_sat_corr": ["_NaN_","_NaN_","_NaN_","_NaN_","_NaN_"],
		"grayscale_patch_numbers": [1,2,3,4,5],
		"Delta_E": [3.58,15.9,18.3,14.5,9.62],
		"Delta_C": [3.57,1.1,0.902,0.743,0.492],
		"Delta_E94": [3.58,15.9,18.3,14.5,9.62],
		"Delta_C94": [3.57,1.1,0.902,0.743,0.492],
		"Delta_E2000": [3.45,12.5,17.6,10.9,6.28],
		"Delta_C2000": [3.45,1.22,0.904,0.946,0.716],
		"Delta_L": [-0.287,15.9,18.3,14.5,9.6],
		"Delta_Chroma": [3.57,1.1,0.902,0.743,0.492],
		"Delta_Hue_Distance": [0,0,0,0,0],
		"Delta_Hue_Degrees": [0,0,0,0,0],
		"mean_Delta_E": [12.4],
		"mean_Delta_C": [1.36],
		"mean_Delta_E94": [12.4],
		"mean_Delta_C94": [1.36],
		"mean_Delta_E2000": [10.1],
		"mean_Delta_C2000": [1.45],
		"mean_Delta_L": [11.6],
		"mean_Delta_Chroma": [1.36],
		"mean_Delta_Hue_Distance": [0],
		"mean_Delta_Hue_Degrees": [0],
		"mean_Delta_C_sat_corr": ["_NaN_"],
		"mean_Delta_C94_sat_corr": ["_NaN_"],
		"mean_Delta_C2000_sat_corr": ["_NaN_"],
		"max_Delta_E": [18.3],
		"max_Delta_C": [3.57],
		"max_Delta_E94": [18.3],
		"max_Delta_C94": [3.57],
		"max_Delta_E2000": [17.6],
		"max_Delta_C2000": [3.45],
		"max_Delta_L": [18.3],
		"max_Delta_Chroma": [3.57],
		"max_Delta_Hue_Distance": [0],
		"max_Delta_Hue_Degrees": [0],
		"max_Delta_C_sat_corr": ["_NaN_"],
		"max_Delta_C94_sat_corr": ["_NaN_"],
		"max_Delta_C2000_sat_corr": ["_NaN_"],
		"mean_RegionSize": [43922],
		"Sequence_dark_to_light": [5,4,3,2,1],
		"Patch_number": [5,4,3,2,1],
		"R_noise": [0.03663,0.01802,0.006883,0.01509,0.02831],
		"G_noise": [0.03679,0.01753,0.00499,0.01458,0.02751],
		"B_noise": [0.03408,0.0157,0.005708,0.01514,0.02865],
		"R_SNR_ratio": [4.917,17.92,74.52,48.65,33.32],
		"G_SNR_ratio": [4.803,18.24,103.7,50.97,34.38],
		"B_SNR_ratio": [5.228,20.62,91.59,49.43,33.96],
		"R_SNR_dB": [13.83,25.07,37.45,33.74,30.45],
		"G_SNR_dB": [13.63,25.22,40.32,34.15,30.73],
		"B_SNR_dB": [14.37,26.29,39.24,33.88,30.62],
		"Gb_noise": [0.03637,0.0172,0.004473,0.01437,0.02756],
		"Gb_SNR_ratio": [4.881,18.65,115.6,51.61,34.37],
		"Gb_SNR_dB": [13.77,25.41,41.26,34.25,30.72],
		"Y_f_stop_SNR_ratio": [4.611,9.248,29.04,6.093,2.431],
		"Y_f_stop_SNR_dB": [13.28,19.32,29.26,15.7,7.715],
		"quality_levels_for_DR": [
				"Low,",
				"Medium,",
				"M-H,",
				"High,"
		],
		"SigNoise_levels_for_DR": [1,0.5,0.25,0.1],
		"Dynamic_Range_f_stops": [0,0,5.421,4.058],
		"Dynamic_Range_dB": [0,0,32.63,24.43],
		"noise_ISO15739_pct": [0.7038,0.4617,0.2875,2.204,5.803],
		"snr_ISO15739": [3.769,18.18,80.03,23.11,15.24],
		"noise_pct_ISO15739_at_13pct_Lref": [0.9717],
		"snr_ISO15739_at_13pct_Lref": [59.71],
		"snr_dB_ISO15739_at_13pct_Lref": [35.52],
		"DynamicRange_at_density_2": [195.7],
		"DynamicRange_total": [0],
		"DynamicRange_from_slope_OD": [1.95],
		"DynamicRange_from_slope_EV": [6.474],
		"DynamicRange_from_slope_dB": [39],
		"SNR_BW_dB_RGBY": [32.37,32.67,32.34,32.79],
		"L_noise": [4.13,1.816,0.4438,1.348,2.486],
		"a_noise": [1.152,0.9234,0.8267,0.7837,0.7717],
		"b_noise": [1.321,0.9861,0.8643,0.8494,0.8828],
		"Total_Lab_noise_unwtd": [4.487,2.263,1.276,1.776,2.749],
		"Total_ab_noise_unwtd": [1.753,1.351,1.196,1.156,1.173],
		"R_minus_Y_KK_noise": [0.00589,0.005264,0.005193,0.005203,0.005262],
		"B_minus_Y_KK_noise": [0.007591,0.006175,0.005858,0.006144,0.006689],
		"Y_Kelly_Keelan_noise": [0.03637,0.0172,0.004473,0.01437,0.02756],
		"Total_KK_noise": [0.03657,0.01752,0.005527,0.01474,0.02777],
		"Chroma_KK_noise": [0.00384,0.00333,0.003247,0.003298,0.003415],
		"Total_old_iso_noise": [0.0368,0.01788,0.006539,0.01516,0.02801],
		"Y_noise_from_YUV": [0.03637,0.0172,0.004473,0.01437,0.02756],