{
	"jsonResults": {
		"dateRun": "13-May-2025 11:53:35",
		"ini_time_size": "13-May-2025 11:49:51 19023B  MD5 = f1ea47fb316e71e682b9f03904642b64",
		"version": "Imatest 24.2.6 Master Color/Tone Auto",
		"build": "2025-03-20",
		"image_file": "potted plant_55.0 mm_100ISO_-1EV_Dist1_ON_Defocus2.tiff",
		"ColorSpace": "sRGB",
		"Reference": "Default values",
		"Ref_folder": "/usr/local/Imatest/v24.2/Master/",
		"Gamma": [0.3418],
		"patches_for_gamma_start_end": [1,5],
		"exposure_error_normalized_y_channel": [-0.196],
		"mean_camera_Saturation_Pct": ["_NaN_"],
		"mean_chroma_level_CPIQ_Pct": ["_NaN_"],
		"CPIQ_chroma_quality_loss_JND": ["_NaN_"],
		"CPIQ_exposure_quality_loss_JND": ["_NaN_"],
		"pixel_offset": [0],
		"mean_patch_size_pxls": [201,223],
		"roi_settings": "Recent ROI settings are in roi, nwid_save, nht_save, fillf, and distort (same names as ini file)",
		"roi": [3103,1411,4362,1685,3103,1687,4362,1403],
		"nwid_save": [6024],
		"nht_save": [4020],
		"fillf": [0.8],
		"distort": [0],
		"grayscale_zone": [1,2,3,4,5],
		"grayscale_minus_log_exposure": [2,1.513,1.025,0.5375,0.05],
		"grayscale_Y_reflectivity": [0.01,0.03073,0.09441,0.2901,0.8913],
		"grayscale_Y_Printer_pixel_gamma22": [33.13,55.18,91.91,153.1,255],
		"grayscale_Y_density": [0.3591,0.4689,0.6356,0.8597,1.02],
		"grayscale_R_density": [0.3614,0.472,0.6373,0.8578,1.019],
		"grayscale_G_density": [0.3596,0.4686,0.6358,0.8611,1.021],
		"grayscale_B_density": [0.3476,0.4633,0.6282,0.852,1.014],
		"grayscale_Y_mean": [111.5,86.62,59.02,35.22,24.36],
		"grayscale_R_mean": [111,86,58.78,35.38,24.43],
		"grayscale_G_mean": [111.4,86.69,58.99,35.11,24.31],
		"grayscale_B_mean": [114.5,87.75,60.03,35.85,24.71],
		"White_Bal_error_Degrees": [312.1,178.9,182.8,113.8,84.36],
		"White_Bal_error_Mired": [-7.048,-4.121,-4.208,-2.647,-1.971],
		"White_Bal_error_S_HSV": [0.03136,0.01994,0.02083,0.02061,0.0163],
		"White_Bal_error_Delta_C_ab": [1.867,0.7185,0.6961,0.5467,0.3116],
		"White_Bal_error_Delta_C_94": [1.867,0.7185,0.6961,0.5467,0.3116],
		"White_Bal_error_Delta_C_00": [1.859,0.7089,0.7049,0.6346,0.3591],
		"n_Patch": [1,2,3,4,5],
		"n_Row": [1,1,1,1,1],
		"n_Column": [1,2,3,4,5],
		"width_pixels": [202,203,202,202,202],
		"height_pixels": [225,225,225,225,225],
		"Pixels_total": [45450,45675,45450,45450,45450],
		"R_reference": [242.4,146.6,86.6,49.01,25.46],
		"G_reference": [242.4,146.6,86.6,49.01,25.46],
		"B_reference": [242.4,146.6,86.6,49.01,25.46],
		"R_input": [111,86,58.78,35.38,24.43],
		"G_input": [111.4,86.69,58.99,35.11,24.31],
		"B_input": [114.5,87.75,60.03,35.85,24.71],
		"L_reference": [95.63,60.79,36.82,20.33,8.991],
		"a_reference": [0,0,0,0,0],
		"b_reference": [0,0,0,0,0],
		"L_input": [47.06,36.83,24.88,13.82,8.432],
		"a_input": [0.475,-0.04676,0.1509,0.3041,0.1648],
		"b_input": [-1.805,-0.7169,-0.6795,-0.4543,-0.2645],
		"x_reference": [0.3127,0.3127,0.3127,0.3127,0.3127],
		"y_reference": [0.329,0.329,0.329,0.329,0.329],
		"Y_reference": [0.8913,0.2901,0.09441,0.03073,0.01],
		"x_input": [0.3083,0.31,0.31,0.3113,0.3116],
		"y_input": [0.3226,0.3263,0.3254,0.3252,0.3263],
		"Y_input": [0.1606,0.09446,0.04376,0.01699,0.009344],
		"LUV_comment": "L2 is used to differentiate between the L in LAB and L in LUV.",
		"L2_reference": [805.1,262,85.28,27.75,9.033],
		"U_reference": [0.1978,0.1978,0.1978,0.1978,0.1978],
		"V_reference": [0.4683,0.4683,0.4683,0.4683,0.4683],
		"L2_input": [145.1,85.32,39.53,15.35,8.44],
		"U_input": [0.1971,0.1969,0.1973,0.1983,0.1981],
		"V_input": [0.4642,0.4665,0.466,0.4661,0.4667],
		"patch_numbers_for_all_Delta_E_C": [1,2,3,4,5],
		"Delta_E_all": [48.6,24,12,6.53,0.64],
		"Delta_C_all": [1.87,0.718,0.696,0.547,0.312],
		"Delta_E94_all": [48.6,24,12,6.53,0.64],
		"Delta_C94_all": [1.87,0.718,0.696,0.547,0.312],
		"Delta_E2000_all": [37,23.9,9.36,4.42,0.499],
		"Delta_C2000_all": [1.86,0.709,0.705,0.635,0.359],
		"Delta_L_all": [-48.6,-24,-11.9,-6.51,-0.559],
		"Delta_Chroma_all": [1.87,0.718,0.696,0.547,0.312],
		"Delta_Hue_Distance_all": [0,0,0,0,0],
		"Delta_Hue_Degrees_all": [0,0,0,0,0],
		"sat_corr_comment": "sat_corr explained on https://www.imatest.com/docs/colorcheck/#satcorr - not recommended.",
		"Delta_C_all_sat_corr": ["_NaN_","_NaN_","_NaN_","_NaN_","_NaN_"],
		"Delta_C94_all_sat_corr": ["_NaN_","_NaN_","_NaN_","_NaN_","_NaN_"],
		"Delta_C2000_all_sat_corr": ["_NaN_","_NaN_","_NaN_","_NaN_","_NaN_"],
		"grayscale_patch_numbers": [1,2,3,4,5],
		"Delta_E": [48.6,24,12,6.53,0.64],
		"Delta_C": [1.87,0.718,0.696,0.547,0.312],
		"Delta_E94": [48.6,24,12,6.53,0.64],
		"Delta_C94": [1.87,0.718,0.696,0.547,0.312],
		"Delta_E2000": [37,23.9,9.36,4.42,0.499],
		"Delta_C2000": [1.86,0.709,0.705,0.635,0.359],
		"Delta_L": [-48.6,-24,-11.9,-6.51,-0.559],
		"Delta_Chroma": [1.87,0.718,0.696,0.547,0.312],
		"Delta_Hue_Distance": [0,0,0,0,0],
		"Delta_Hue_Degrees": [0,0,0,0,0],
		"mean_Delta_E": [18.3],
		"mean_Delta_C": [0.828],
		"mean_Delta_E94": [18.3],
		"mean_Delta_C94": [0.828],
		"mean_Delta_E2000": [15],
		"mean_Delta_C2000": [0.853],
		"mean_Delta_L": [-18.3],
		"mean_Delta_Chroma": [0.828],
		"mean_Delta_Hue_Distance": [0],
		"mean_Delta_Hue_Degrees": [0],
		"mean_Delta_C_sat_corr": ["_NaN_"],
		"mean_Delta_C94_sat_corr": ["_NaN_"],
		"mean_Delta_C2000_sat_corr": ["_NaN_"],
		"max_Delta_E": [48.6],
		"max_Delta_C": [1.87],
		"max_Delta_E94": [48.6],
		"max_Delta_C94": [1.87],
		"max_Delta_E2000": [37],
		"max_Delta_C2000": [1.86],
		"max_Delta_L": [-0.559],
		"max_Delta_Chroma": [1.87],
		"max_Delta_Hue_Distance": [0],
		"max_Delta_Hue_Degrees": [0],
		"max_Delta_C_sat_corr": ["_NaN_"],
		"max_Delta_C94_sat_corr": ["_NaN_"],
		"max_Delta_C2000_sat_corr": ["_NaN_"],
		"mean_RegionSize": [45292.8],
		"Sequence_dark_to_light": [5,4,3,2,1],
		"Patch_number": [5,4,3,2,1],
		"R_noise": [0.0201,0.01208,0.007713,0.008986,0.01239],
		"G_noise": [0.01946,0.01093,0.006411,0.008068,0.01183],
		"B_noise": [0.01996,0.01143,0.007075,0.008652,0.01301],
		"R_SNR_ratio": [4.766,11.48,29.88,37.53,35.11],
		"G_SNR_ratio": [4.897,12.6,36.08,42.14,36.94],
		"B_SNR_ratio": [4.853,12.3,33.27,39.78,34.54],
		"R_SNR_dB": [13.56,21.2,29.51,31.49,30.91],
		"G_SNR_dB": [13.8,22.01,31.15,32.49,31.35],
		"B_SNR_dB": [13.72,21.8,30.44,31.99,30.77],
		"Gb_noise": [0.01925,0.0107,0.006002,0.007757,0.01166],
		"Gb_SNR_ratio": [4.962,12.91,38.56,43.79,37.52],
		"Gb_SNR_dB": [13.91,22.22,31.72,32.83,31.48],
		"Y_f_stop_SNR_ratio": [5.175,8.197,10.37,3.921,1.366],
		"Y_f_stop_SNR_dB": [14.28,18.27,20.31,11.87,2.708],
		"quality_levels_for_DR": [
				"Low,",
				"Medium,",
				"M-H,",
				"High,"
		],
		"SigNoise_levels_for_DR": [1,0.5,0.25,0.1],
		"Dynamic_Range_f_stops": [0,5.69,4.807,3.275],
		"Dynamic_Range_dB": [0,34.25,28.94,19.72],
		"noise_ISO15739_pct": [0.2169,0.1571,0.1811,0.5248,1.084],
		"snr_ISO15739": [4.307,10.82,24.17,18,14.81],
		"noise_pct_ISO15739_at_13pct_Lref": [0.9412],
		"snr_ISO15739_at_13pct_Lref": [15.63],
		"snr_dB_ISO15739_at_13pct_Lref": [23.88],
		"DynamicRange_at_density_2": [2711],
		"DynamicRange_total": [0],
		"DynamicRange_from_slope_OD": [1.95],
		"DynamicRange_from_slope_EV": [6.474],
		"DynamicRange_from_slope_dB": [39],
		"SNR_BW_dB_RGBY": [30.45,31.39,30.78,31.73],
		"L_noise": [2.316,1.301,0.6887,0.8341,1.207],
		"a_noise": [1.023,1.108,0.9347,0.8412,0.8074],
		"b_noise": [0.9949,1.073,0.9344,0.8601,0.821],
		"Total_Lab_noise_unwtd": [2.72,2.018,1.49,1.464,1.668],
		"Total_ab_noise_unwtd": [1.427,1.542,1.322,1.203,1.151],
		"R_minus_Y_KK_noise": [0.0064,0.005548,0.005079,0.004869,0.004889],
		"B_minus_Y_KK_noise": [0.006611,0.00585,0.005519,0.005413,0.005412],
		"Y_Kelly_Keelan_noise": [0.01925,0.0107,0.006002,0.007757,0.01166],
		"Total_KK_noise": [0.01965,0.01123,0.006775,0.008329,0.01205],
		"Chroma_KK_noise": [0.003908,0.003406,0.003143,0.003032,0.00304],
		"Total_old_iso_noise": [0.0201,0.01182,0.007577,0.008946,0.01249],
		"Y_noise_from_YUV": [0.01925,0.0107,0.006002,0.007757,0.01166],