{
	"jsonResults": {
		"dateRun": "07-May-2025 15:08:50",
		"ini_time_size": "07-May-2025 15:01:17 9689B  MD5 = 0b60de6e9f2c29b090d319a75437ad2e",
		"version": "Imatest 24.2.6 Master Color/Tone Auto",
		"build": "2025-03-20",
		"image_file": "potted plant_55.0 mm_100ISO_+1EV_Dist1_OFF_Defocus2.tiff",
		"ColorSpace": "sRGB",
		"Reference": "Default values",
		"Ref_folder": "/usr/local/Imatest/v24.2/Master/",
		"Gamma": [0.3142],
		"patches_for_gamma_start_end": [1,5],
		"exposure_error_normalized_y_channel": [0.0969],
		"mean_camera_Saturation_Pct": ["_NaN_"],
		"mean_chroma_level_CPIQ_Pct": ["_NaN_"],
		"CPIQ_chroma_quality_loss_JND": ["_NaN_"],
		"CPIQ_exposure_quality_loss_JND": ["_NaN_"],
		"pixel_offset": [0],
		"mean_patch_size_pxls": [182,233],
		"roi_settings": "Recent ROI settings are in roi, nwid_save, nht_save, fillf, and distort (same names as ini file)",
		"roi": [3053,1391,4492,1721,3113,1721,4272,1386],
		"nwid_save": [6024],
		"nht_save": [4020],
		"fillf": [0.7],
		"distort": [0],
		"grayscale_zone": [1,2,3,4,5],
		"grayscale_minus_log_exposure": [2,1.513,1.025,0.5375,0.05],
		"grayscale_Y_reflectivity": [0.01,0.03073,0.09441,0.2901,0.8913],
		"grayscale_Y_Printer_pixel_gamma22": [33.13,55.18,91.91,153.1,255],
		"grayscale_Y_density": [0.08436,0.1836,0.3367,0.5312,0.6468],
		"grayscale_R_density": [0.08647,0.1878,0.3398,0.5288,0.6454],
		"grayscale_G_density": [0.08487,0.1827,0.3363,0.5324,0.6477],
		"grayscale_B_density": [0.07329,0.1796,0.3316,0.5265,0.6421],
		"grayscale_Y_mean": [210,167.1,117.4,75.05,57.51],
		"grayscale_R_mean": [209,165.5,116.6,75.46,57.7],
		"grayscale_G_mean": [209.7,167.4,117.5,74.84,57.39],
		"grayscale_B_mean": [215.4,168.6,118.8,75.86,58.14],
		"White_Bal_error_Degrees": [314.1,172.5,173.4,60.13,73.26],
		"White_Bal_error_Mired": [-7.092,-3.978,-3.998,-1.41,-1.715],
		"White_Bal_error_S_HSV": [0.02989,0.01868,0.01874,0.01343,0.01286],
		"White_Bal_error_Delta_C_ab": [3.005,0.9875,0.8425,0.7061,0.5203],
		"White_Bal_error_Delta_C_94": [3.005,0.9875,0.8425,0.7061,0.5203],
		"White_Bal_error_Delta_C_00": [2.924,1.081,0.8333,0.8673,0.6139],
		"n_Patch": [1,2,3,4,5],
		"n_Row": [1,1,1,1,1],
		"n_Column": [1,2,3,4,5],
		"width_pixels": [183,183,183,183,183],
		"height_pixels": [235,235,235,234,235],
		"Pixels_total": [43005,43005,43005,42822,43005],
		"R_reference": [242.4,146.6,86.6,49.01,25.46],
		"G_reference": [242.4,146.6,86.6,49.01,25.46],
		"B_reference": [242.4,146.6,86.6,49.01,25.46],
		"R_input": [209,165.5,116.6,75.46,57.7],
		"G_input": [209.7,167.4,117.5,74.84,57.39],
		"B_input": [215.4,168.6,118.8,75.86,58.14],
		"L_reference": [95.63,60.79,36.82,20.33,8.991],
		"a_reference": [0,0,0,0,0],
		"b_reference": [0,0,0,0,0],
		"L_input": [84.19,68.53,49.41,31.91,24.2],
		"a_input": [0.7845,-0.4496,-0.09542,0.4765,0.3056],
		"b_input": [-2.901,-0.8792,-0.8371,-0.5211,-0.421],
		"x_reference": [0.3127,0.3127,0.3127,0.3127,0.3127],
		"y_reference": [0.329,0.329,0.329,0.329,0.329],
		"Y_reference": [0.8913,0.2901,0.09441,0.03073,0.01],
		"x_input": [0.3083,0.3099,0.31,0.3121,0.3118],
		"y_input": [0.3226,0.3273,0.3265,0.3261,0.3263],
		"Y_input": [0.6444,0.387,0.1793,0.07045,0.04162],
		"LUV_comment": "L2 is used to differentiate between the L in LAB and L in LUV.",
		"L2_reference": [805.1,262,85.28,27.75,9.033],
		"U_reference": [0.1978,0.1978,0.1978,0.1978,0.1978],
		"V_reference": [0.4683,0.4683,0.4683,0.4683,0.4683],
		"L2_input": [582.1,349.6,162,63.64,37.6],
		"U_input": [0.1971,0.1965,0.1969,0.1985,0.1982],
		"V_input": [0.4642,0.467,0.4666,0.4667,0.4668],
		"patch_numbers_for_all_Delta_E_C": [1,2,3,4,5],
		"Delta_E_all": [11.8,7.81,12.6,11.6,15.2],
		"Delta_C_all": [3.01,0.988,0.843,0.706,0.52],
		"Delta_E94_all": [11.8,7.81,12.6,11.6,15.2],
		"Delta_C94_all": [3.01,0.988,0.843,0.706,0.52],
		"Delta_E2000_all": [7.75,6.49,11.6,8.61,10.2],
		"Delta_C2000_all": [2.92,1.08,0.833,0.867,0.614],
		"Delta_L_all": [-11.4,7.74,12.6,11.6,15.2],
		"Delta_Chroma_all": [3.01,0.988,0.843,0.706,0.52],
		"Delta_Hue_Distance_all": [0,0,0,0,0],
		"Delta_Hue_Degrees_all": [0,0,0,0,0],
		"sat_corr_comment": "sat_corr explained on https://www.imatest.com/docs/colorcheck/#satcorr - not recommended.",
		"Delta_C_all_sat_corr": ["_NaN_","_NaN_","_NaN_","_NaN_","_NaN_"],
		"Delta_C94_all_sat_corr": ["_NaN_","_NaN_","_NaN_","_NaN_","_NaN_"],
		"Delta_C2000_all_sat_corr": ["_NaN_","_NaN_","_NaN_","_NaN_","_NaN_"],
		"grayscale_patch_numbers": [1,2,3,4,5],
		"Delta_E": [11.8,7.81,12.6,11.6,15.2],
		"Delta_C": [3.01,0.988,0.843,0.706,0.52],
		"Delta_E94": [11.8,7.81,12.6,11.6,15.2],
		"Delta_C94": [3.01,0.988,0.843,0.706,0.52],
		"Delta_E2000": [7.75,6.49,11.6,8.61,10.2],
		"Delta_C2000": [2.92,1.08,0.833,0.867,0.614],
		"Delta_L": [-11.4,7.74,12.6,11.6,15.2],
		"Delta_Chroma": [3.01,0.988,0.843,0.706,0.52],
		"Delta_Hue_Distance": [0,0,0,0,0],
		"Delta_Hue_Degrees": [0,0,0,0,0],
		"mean_Delta_E": [11.8],
		"mean_Delta_C": [1.21],
		"mean_Delta_E94": [11.8],
		"mean_Delta_C94": [1.21],
		"mean_Delta_E2000": [8.93],
		"mean_Delta_C2000": [1.26],
		"mean_Delta_L": [7.14],
		"mean_Delta_Chroma": [1.21],
		"mean_Delta_Hue_Distance": [0],
		"mean_Delta_Hue_Degrees": [0],
		"mean_Delta_C_sat_corr": ["_NaN_"],
		"mean_Delta_C94_sat_corr": ["_NaN_"],
		"mean_Delta_C2000_sat_corr": ["_NaN_"],
		"max_Delta_E": [15.2],
		"max_Delta_C": [3.01],
		"max_Delta_E94": [15.2],
		"max_Delta_C94": [3.01],
		"max_Delta_E2000": [11.6],
		"max_Delta_C2000": [2.92],
		"max_Delta_L": [15.2],
		"max_Delta_Chroma": [3.01],
		"max_Delta_Hue_Distance": [0],
		"max_Delta_Hue_Degrees": [0],
		"max_Delta_C_sat_corr": ["_NaN_"],
		"max_Delta_C94_sat_corr": ["_NaN_"],
		"max_Delta_C2000_sat_corr": ["_NaN_"],
		"mean_RegionSize": [42785.4],
		"Sequence_dark_to_light": [5,4,3,2,1],
		"Patch_number": [5,4,3,2,1],
		"R_noise": [0.03408,0.01916,0.008658,0.01266,0.02598],
		"G_noise": [0.03399,0.01887,0.007443,0.01216,0.02536],
		"B_noise": [0.03463,0.01922,0.007737,0.01315,0.02792],
		"R_SNR_ratio": [6.64,15.44,52.81,51.28,31.54],
		"G_SNR_ratio": [6.62,15.55,61.93,53.97,32.43],
		"B_SNR_ratio": [6.584,15.48,60.22,50.28,30.26],
		"R_SNR_dB": [16.44,23.78,34.46,34.2,29.98],
		"G_SNR_dB": [16.42,23.84,35.84,34.64,30.22],
		"B_SNR_dB": [16.37,23.79,35.6,34.03,29.62],
		"Gb_noise": [0.0339,0.01873,0.007156,0.01198,0.02551],
		"Gb_SNR_ratio": [6.652,15.72,64.35,54.69,32.29],
		"Gb_SNR_dB": [16.46,23.93,36.17,34.76,30.18],
		"Y_f_stop_SNR_ratio": [4.07,9.35,15.57,3.874,1.253],
		"Y_f_stop_SNR_dB": [12.19,19.42,23.85,11.76,1.957],
		"quality_levels_for_DR": [
				"Low,",
				"Medium,",
				"M-H,",
				"High,"
		],
		"SigNoise_levels_for_DR": [1,0.5,0.25,0.1],
		"Dynamic_Range_f_stops": [0,5.584,4.791,3.538],
		"Dynamic_Range_dB": [0,33.61,28.84,21.3],
		"noise_ISO15739_pct": [0.4768,0.3383,0.2586,0.9728,2.874],
		"snr_ISO15739": [8.729,20.82,69.35,39.78,22.42],
		"noise_pct_ISO15739_at_13pct_Lref": [1.119],
		"snr_ISO15739_at_13pct_Lref": [38.44],
		"snr_dB_ISO15739_at_13pct_Lref": [31.7],
		"DynamicRange_at_density_2": [618],
		"DynamicRange_total": [0],
		"DynamicRange_from_slope_OD": [1.95],
		"DynamicRange_from_slope_EV": [6.474],
		"DynamicRange_from_slope_dB": [39],
		"SNR_BW_dB_RGBY": [32.43,32.77,32.09,32.9],
		"L_noise": [3.868,2.011,0.728,1.15,2.361],
		"a_noise": [0.9988,0.8631,0.7773,0.7353,0.7292],
		"b_noise": [1.015,0.8868,0.8009,0.7734,0.7952],
		"Total_Lab_noise_unwtd": [4.122,2.362,1.332,1.569,2.596],
		"Total_ab_noise_unwtd": [1.424,1.238,1.116,1.067,1.079],
		"R_minus_Y_KK_noise": [0.005253,0.004801,0.004808,0.004803,0.004864],
		"B_minus_Y_KK_noise": [0.005839,0.005437,0.005315,0.005473,0.005903],
		"Y_Kelly_Keelan_noise": [0.0339,0.01873,0.007156,0.01198,0.02551],
		"Total_KK_noise": [0.03406,0.01897,0.007755,0.01236,0.02569],
		"Chroma_KK_noise": [0.003271,0.003005,0.002989,0.003012,0.003109],
		"Total_old_iso_noise": [0.03424,0.01924,0.008398,0.01277,0.02591],
		"Y_noise_from_YUV": [0.0339,0.01873,0.007156,0.01198,0.02551],