{
	"jsonResults": {
		"dateRun": "13-May-2025 11:53:35",
		"ini_time_size": "13-May-2025 11:49:51 19023B  MD5 = f1ea47fb316e71e682b9f03904642b64",
		"version": "Imatest 24.2.6 Master Color/Tone Auto",
		"build": "2025-03-20",
		"image_file": "potted plant_55.0 mm_6400ISO_-3EV_Dist1_OFF_Defocus2.tiff",
		"ColorSpace": "sRGB",
		"Reference": "Default values",
		"Ref_folder": "/usr/local/Imatest/v24.2/Master/",
		"Gamma": [0.4417],
		"patches_for_gamma_start_end": [1,5],
		"exposure_error_normalized_y_channel": [-0.264],
		"mean_camera_Saturation_Pct": ["_NaN_"],
		"mean_chroma_level_CPIQ_Pct": ["_NaN_"],
		"CPIQ_chroma_quality_loss_JND": ["_NaN_"],
		"CPIQ_exposure_quality_loss_JND": ["_NaN_"],
		"pixel_offset": [0],
		"mean_patch_size_pxls": [201,223],
		"roi_settings": "Recent ROI settings are in roi, nwid_save, nht_save, fillf, and distort (same names as ini file)",
		"roi": [3103,1411,4362,1685,3103,1687,4362,1403],
		"nwid_save": [6024],
		"nht_save": [4020],
		"fillf": [0.8],
		"distort": [0],
		"grayscale_zone": [1,2,3,4,5],
		"grayscale_minus_log_exposure": [2,1.513,1.025,0.5375,0.05],
		"grayscale_Y_reflectivity": [0.01,0.03073,0.09441,0.2901,0.8913],
		"grayscale_Y_Printer_pixel_gamma22": [33.13,55.18,91.91,153.1,255],
		"grayscale_Y_density": [0.6292,0.7569,0.9722,1.232,1.328],
		"grayscale_R_density": [0.6333,0.7638,0.959,1.123,1.172],
		"grayscale_G_density": [0.6294,0.7551,0.9772,1.277,1.397],
		"grayscale_B_density": [0.6156,0.755,0.963,1.18,1.251],
		"grayscale_Y_mean": [59.89,44.63,27.18,14.93,11.99],
		"grayscale_R_mean": [59.33,43.93,28.02,19.22,17.15],
		"grayscale_G_mean": [59.87,44.82,26.87,13.47,10.22],
		"grayscale_B_mean": [61.79,44.83,27.77,16.84,14.3],
		"White_Bal_error_Degrees": [359.5,142.4,-26.97,-766.5,-1103],
		"White_Bal_error_Mired": [-8.063,-3.298,0.6411,20.57,31.44],
		"White_Bal_error_S_HSV": [0.03982,0.02002,0.04103,0.2994,0.404],
		"White_Bal_error_Delta_C_ab": [1.288,0.4195,0.8885,2.862,3.015],
		"White_Bal_error_Delta_C_94": [1.288,0.4195,0.8885,2.862,3.015],
		"White_Bal_error_Delta_C_00": [1.273,0.5989,1.211,3.806,3.996],
		"n_Patch": [1,2,3,4,5],
		"n_Row": [1,1,1,1,1],
		"n_Column": [1,2,3,4,5],
		"width_pixels": [202,203,202,202,202],
		"height_pixels": [225,225,225,225,225],
		"Pixels_total": [45450,45675,45450,45450,45450],
		"R_reference": [242.4,146.6,86.6,49.01,25.46],
		"G_reference": [242.4,146.6,86.6,49.01,25.46],
		"B_reference": [242.4,146.6,86.6,49.01,25.46],
		"R_input": [59.33,43.93,28.02,19.22,17.15],
		"G_input": [59.87,44.82,26.87,13.47,10.22],
		"B_input": [61.79,44.83,27.77,16.84,14.3],
		"L_reference": [95.63,60.79,36.82,20.33,8.991],
		"a_reference": [0,0,0,0,0],
		"b_reference": [0,0,0,0,0],
		"L_input": [25.27,18.3,9.861,4.341,3.387],
		"a_input": [0.2166,-0.3925,0.7794,2.704,2.854],
		"b_input": [-1.269,-0.148,-0.4265,-0.9388,-0.9708],
		"x_reference": [0.3127,0.3127,0.3127,0.3127,0.3127],
		"y_reference": [0.329,0.329,0.329,0.329,0.329],
		"Y_reference": [0.8913,0.2901,0.09441,0.03073,0.01],
		"x_input": [0.3075,0.3102,0.314,0.3283,0.3336],
		"y_input": [0.3224,0.329,0.3235,0.3018,0.2936],
		"Y_input": [0.04503,0.02585,0.01108,0.004806,0.003749],
		"LUV_comment": "L2 is used to differentiate between the L in LAB and L in LUV.",
		"L2_reference": [805.1,262,85.28,27.75,9.033],
		"U_reference": [0.1978,0.1978,0.1978,0.1978,0.1978],
		"V_reference": [0.4683,0.4683,0.4683,0.4683,0.4683],
		"L2_input": [40.68,23.35,10.01,4.341,3.387],
		"U_input": [0.1967,0.1961,0.2008,0.2202,0.2279],
		"V_input": [0.464,0.4679,0.4656,0.4554,0.4512],
		"patch_numbers_for_all_Delta_E_C": [1,2,3,4,5],
		"Delta_E_all": [70.4,42.5,27,16.2,6.36],
		"Delta_C_all": [1.29,0.419,0.888,2.86,3.02],
		"Delta_E94_all": [70.4,42.5,27,16.2,6.36],
		"Delta_C94_all": [1.29,0.419,0.888,2.86,3.02],
		"Delta_E2000_all": [61.5,37.1,19.4,10.9,5.24],
		"Delta_C2000_all": [1.27,0.599,1.21,3.81,4],
		"Delta_L_all": [-70.4,-42.5,-27,-16,-5.6],
		"Delta_Chroma_all": [1.29,0.419,0.888,2.86,3.02],
		"Delta_Hue_Distance_all": [0,0,0,0,0],
		"Delta_Hue_Degrees_all": [0,0,0,0,0],
		"sat_corr_comment": "sat_corr explained on https://www.imatest.com/docs/colorcheck/#satcorr - not recommended.",
		"Delta_C_all_sat_corr": ["_NaN_","_NaN_","_NaN_","_NaN_","_NaN_"],
		"Delta_C94_all_sat_corr": ["_NaN_","_NaN_","_NaN_","_NaN_","_NaN_"],
		"Delta_C2000_all_sat_corr": ["_NaN_","_NaN_","_NaN_","_NaN_","_NaN_"],
		"grayscale_patch_numbers": [1,2,3,4,5],
		"Delta_E": [70.4,42.5,27,16.2,6.36],
		"Delta_C": [1.29,0.419,0.888,2.86,3.02],
		"Delta_E94": [70.4,42.5,27,16.2,6.36],
		"Delta_C94": [1.29,0.419,0.888,2.86,3.02],
		"Delta_E2000": [61.5,37.1,19.4,10.9,5.24],
		"Delta_C2000": [1.27,0.599,1.21,3.81,4],
		"Delta_L": [-70.4,-42.5,-27,-16,-5.6],
		"Delta_Chroma": [1.29,0.419,0.888,2.86,3.02],
		"Delta_Hue_Distance": [0,0,0,0,0],
		"Delta_Hue_Degrees": [0,0,0,0,0],
		"mean_Delta_E": [32.5],
		"mean_Delta_C": [1.69],
		"mean_Delta_E94": [32.5],
		"mean_Delta_C94": [1.69],
		"mean_Delta_E2000": [26.8],
		"mean_Delta_C2000": [2.18],
		"mean_Delta_L": [-32.3],
		"mean_Delta_Chroma": [1.69],
		"mean_Delta_Hue_Distance": [0],
		"mean_Delta_Hue_Degrees": [0],
		"mean_Delta_C_sat_corr": ["_NaN_"],
		"mean_Delta_C94_sat_corr": ["_NaN_"],
		"mean_Delta_C2000_sat_corr": ["_NaN_"],
		"max_Delta_E": [70.4],
		"max_Delta_C": [3.02],
		"max_Delta_E94": [70.4],
		"max_Delta_C94": [3.02],
		"max_Delta_E2000": [61.5],
		"max_Delta_C2000": [4],
		"max_Delta_L": [-5.6],
		"max_Delta_Chroma": [3.02],
		"max_Delta_Hue_Distance": [0],
		"max_Delta_Hue_Degrees": [0],
		"max_Delta_C_sat_corr": ["_NaN_"],
		"max_Delta_C94_sat_corr": ["_NaN_"],
		"max_Delta_C2000_sat_corr": ["_NaN_"],
		"mean_RegionSize": [45292.8],
		"Sequence_dark_to_light": [5,4,3,2,1],
		"Patch_number": [5,4,3,2,1],
		"R_noise": [0.05793,0.06105,0.06977,0.07036,0.06396],
		"G_noise": [0.03876,0.04381,0.04863,0.03956,0.03512],
		"B_noise": [0.0474,0.05152,0.05883,0.05323,0.04509],
		"R_SNR_ratio": [1.161,1.235,1.575,2.448,3.638],
		"G_SNR_ratio": [1.034,1.205,2.167,4.443,6.684],
		"B_SNR_ratio": [1.183,1.282,1.851,3.303,5.374],
		"R_SNR_dB": [1.295,1.832,3.947,7.777,11.22],
		"G_SNR_dB": [0.29,1.623,6.717,12.95,16.5],
		"B_SNR_dB": [1.461,2.156,5.349,10.38,14.61],
		"Gb_noise": [0.03228,0.0359,0.03949,0.03323,0.02987],
		"Gb_SNR_ratio": [1.456,1.631,2.7,5.266,7.864],
		"Gb_SNR_dB": [3.264,4.252,8.626,14.43,17.91],
		"Y_f_stop_SNR_ratio": [1.237,1.191,0.9105,0.5125,0.221],
		"Y_f_stop_SNR_dB": [1.849,1.522,-0.8143,-5.806,-13.11],
		"quality_levels_for_DR": [
				"Low,",
				"Medium,",
				"M-H,",
				"High,"
		],
		"SigNoise_levels_for_DR": [1,0.5,0.25,0.1],
		"Dynamic_Range_f_stops": [2.624,0,0,0],
		"Dynamic_Range_dB": [15.8,0,0,0],
		"noise_ISO15739_pct": [1.311,1.693,3.06,5.201,6.267],
		"snr_ISO15739": [0.286,0.284,0.3621,0.497,0.7186],
		"noise_pct_ISO15739_at_13pct_Lref": [5.678],
		"snr_ISO15739_at_13pct_Lref": [0.5961],
		"snr_dB_ISO15739_at_13pct_Lref": [-4.494],
		"DynamicRange_at_density_2": [310.9],
		"DynamicRange_total": [0],
		"DynamicRange_from_slope_OD": [1.95],
		"DynamicRange_from_slope_EV": [6.474],
		"DynamicRange_from_slope_dB": [39],
		"SNR_BW_dB_RGBY": [7.978,12.98,10.4,14.49],
		"L_noise": [3.18,3.617,4.391,3.742,3.277],
		"a_noise": [8.297,9.185,11.2,10.18,8.84],
		"b_noise": [7.441,8.496,10.72,9.612,8.075],
		"Total_Lab_noise_unwtd": [11.59,13.02,16.12,14.49,12.41],
		"Total_ab_noise_unwtd": [11.15,12.51,15.51,14,11.97],
		"R_minus_Y_KK_noise": [0.05034,0.05393,0.06173,0.06031,0.05431],
		"B_minus_Y_KK_noise": [0.05041,0.05637,0.06575,0.05721,0.04875],
		"Y_Kelly_Keelan_noise": [0.03228,0.0359,0.03949,0.03323,0.02987],
		"Total_KK_noise": [0.04442,0.04878,0.0548,0.04907,0.04387],
		"Chroma_KK_noise": [0.03051,0.03303,0.03799,0.03609,0.03213],
		"Total_old_iso_noise": [0.05541,0.06049,0.06848,0.0629,0.05621],
		"Y_noise_from_YUV": [0.03228,0.03589,0.03948,0.03323,0.02987],
		"U_noise_from_YUV": [0.02369,0.02649,0.03089,0.02688,0.02291],