{
	"jsonResults": {
		"dateRun": "13-May-2025 11:53:35",
		"ini_time_size": "13-May-2025 11:49:51 19023B  MD5 = f1ea47fb316e71e682b9f03904642b64",
		"version": "Imatest 24.2.6 Master Color/Tone Auto",
		"build": "2025-03-20",
		"image_file": "potted plant_55.0 mm_6400ISO_-1EV_Dist1_OFF_Defocus1.tiff",
		"ColorSpace": "sRGB",
		"Reference": "Default values",
		"Ref_folder": "/usr/local/Imatest/v24.2/Master/",
		"Gamma": [0.3539],
		"patches_for_gamma_start_end": [1,5],
		"exposure_error_normalized_y_channel": [-0.185],
		"mean_camera_Saturation_Pct": ["_NaN_"],
		"mean_chroma_level_CPIQ_Pct": ["_NaN_"],
		"CPIQ_chroma_quality_loss_JND": ["_NaN_"],
		"CPIQ_exposure_quality_loss_JND": ["_NaN_"],
		"pixel_offset": [0],
		"mean_patch_size_pxls": [201,223],
		"roi_settings": "Recent ROI settings are in roi, nwid_save, nht_save, fillf, and distort (same names as ini file)",
		"roi": [3103,1411,4362,1685,3103,1687,4362,1403],
		"nwid_save": [6024],
		"nht_save": [4020],
		"fillf": [0.8],
		"distort": [0],
		"grayscale_zone": [1,2,3,4,5],
		"grayscale_minus_log_exposure": [2,1.513,1.025,0.5375,0.05],
		"grayscale_Y_reflectivity": [0.01,0.03073,0.09441,0.2901,0.8913],
		"grayscale_Y_Printer_pixel_gamma22": [33.13,55.18,91.91,153.1,255],
		"grayscale_Y_density": [0.334,0.4462,0.6187,0.8751,1.134],
		"grayscale_R_density": [0.3344,0.4521,0.63,0.8873,1.075],
		"grayscale_G_density": [0.3359,0.4458,0.6168,0.8725,1.159],
		"grayscale_B_density": [0.3148,0.4334,0.6056,0.8655,1.088],
		"grayscale_Y_mean": [118.2,91.27,61.35,33.99,18.73],
		"grayscale_R_mean": [118.1,90.05,59.78,33.05,21.47],
		"grayscale_G_mean": [117.7,91.36,61.62,34.2,17.7],
		"grayscale_B_mean": [123.5,94,63.24,34.76,20.84],
		"White_Bal_error_Degrees": [479.7,398.5,470.6,349.6,-70.31],
		"White_Bal_error_Mired": [-10.57,-8.887,-10.39,-7.852,1.682],
		"White_Bal_error_S_HSV": [0.04732,0.04204,0.05467,0.04899,0.1756],
		"White_Bal_error_Delta_C_ab": [3.434,1.703,1.329,0.6828,2.624],
		"White_Bal_error_Delta_C_94": [3.434,1.703,1.329,0.6828,2.624],
		"White_Bal_error_Delta_C_00": [3.462,1.641,1.359,0.7931,3.371],
		"n_Patch": [1,2,3,4,5],
		"n_Row": [1,1,1,1,1],
		"n_Column": [1,2,3,4,5],
		"width_pixels": [202,203,202,202,202],
		"height_pixels": [225,225,225,225,225],
		"Pixels_total": [45450,45675,45450,45450,45450],
		"R_reference": [242.4,146.6,86.6,49.01,25.46],
		"G_reference": [242.4,146.6,86.6,49.01,25.46],
		"B_reference": [242.4,146.6,86.6,49.01,25.46],
		"R_input": [118.1,90.05,59.78,33.05,21.47],
		"G_input": [117.7,91.36,61.62,34.2,17.7],
		"B_input": [123.5,94,63.24,34.76,20.84],
		"L_reference": [95.63,60.79,36.82,20.33,8.991],
		"a_reference": [0,0,0,0,0],
		"b_reference": [0,0,0,0,0],
		"L_input": [49.71,38.77,25.92,13.23,5.791],
		"a_input": [1.356,0.05155,-0.3987,-0.3856,2.266],
		"b_input": [-3.156,-1.702,-1.268,-0.5636,-1.324],
		"x_reference": [0.3127,0.3127,0.3127,0.3127,0.3127],
		"y_reference": [0.329,0.329,0.329,0.329,0.329],
		"Y_reference": [0.8913,0.2901,0.09441,0.03073,0.01],
		"x_input": [0.3064,0.3068,0.3054,0.307,0.3171],
		"y_input": [0.3178,0.3226,0.3235,0.326,0.3058],
		"Y_input": [0.1818,0.1053,0.0472,0.016,0.006411],
		"LUV_comment": "L2 is used to differentiate between the L in LAB and L in LUV.",
		"L2_reference": [805.1,262,85.28,27.75,9.033],
		"U_reference": [0.1978,0.1978,0.1978,0.1978,0.1978],
		"V_reference": [0.4683,0.4683,0.4683,0.4683,0.4683],
		"L2_input": [164.2,95.1,42.63,14.45,5.791],
		"U_input": [0.1977,0.1961,0.1948,0.195,0.2101],
		"V_input": [0.4613,0.464,0.4643,0.4659,0.456],
		"patch_numbers_for_all_Delta_E_C": [1,2,3,4,5],
		"Delta_E_all": [46,22.1,11,7.14,4.14],
		"Delta_C_all": [3.43,1.7,1.33,0.683,2.62],
		"Delta_E94_all": [46,22.1,11,7.14,4.14],
		"Delta_C94_all": [3.43,1.7,1.33,0.683,2.62],
		"Delta_E2000_all": [34.6,22.1,8.68,4.82,3.9],
		"Delta_C2000_all": [3.46,1.64,1.36,0.793,3.37],
		"Delta_L_all": [-45.9,-22,-10.9,-7.11,-3.2],
		"Delta_Chroma_all": [3.43,1.7,1.33,0.683,2.62],
		"Delta_Hue_Distance_all": [0,0,0,0,0],
		"Delta_Hue_Degrees_all": [0,0,0,0,0],
		"sat_corr_comment": "sat_corr explained on https://www.imatest.com/docs/colorcheck/#satcorr - not recommended.",
		"Delta_C_all_sat_corr": ["_NaN_","_NaN_","_NaN_","_NaN_","_NaN_"],
		"Delta_C94_all_sat_corr": ["_NaN_","_NaN_","_NaN_","_NaN_","_NaN_"],
		"Delta_C2000_all_sat_corr": ["_NaN_","_NaN_","_NaN_","_NaN_","_NaN_"],
		"grayscale_patch_numbers": [1,2,3,4,5],
		"Delta_E": [46,22.1,11,7.14,4.14],
		"Delta_C": [3.43,1.7,1.33,0.683,2.62],
		"Delta_E94": [46,22.1,11,7.14,4.14],
		"Delta_C94": [3.43,1.7,1.33,0.683,2.62],
		"Delta_E2000": [34.6,22.1,8.68,4.82,3.9],
		"Delta_C2000": [3.46,1.64,1.36,0.793,3.37],
		"Delta_L": [-45.9,-22,-10.9,-7.11,-3.2],
		"Delta_Chroma": [3.43,1.7,1.33,0.683,2.62],
		"Delta_Hue_Distance": [0,0,0,0,0],
		"Delta_Hue_Degrees": [0,0,0,0,0],
		"mean_Delta_E": [18.1],
		"mean_Delta_C": [1.95],
		"mean_Delta_E94": [18.1],
		"mean_Delta_C94": [1.95],
		"mean_Delta_E2000": [14.8],
		"mean_Delta_C2000": [2.13],
		"mean_Delta_L": [-17.8],
		"mean_Delta_Chroma": [1.95],
		"mean_Delta_Hue_Distance": [0],
		"mean_Delta_Hue_Degrees": [0],
		"mean_Delta_C_sat_corr": ["_NaN_"],
		"mean_Delta_C94_sat_corr": ["_NaN_"],
		"mean_Delta_C2000_sat_corr": ["_NaN_"],
		"max_Delta_E": [46],
		"max_Delta_C": [3.43],
		"max_Delta_E94": [46],
		"max_Delta_C94": [3.43],
		"max_Delta_E2000": [34.6],
		"max_Delta_C2000": [3.46],
		"max_Delta_L": [-3.2],
		"max_Delta_Chroma": [3.43],
		"max_Delta_Hue_Distance": [0],
		"max_Delta_Hue_Degrees": [0],
		"max_Delta_C_sat_corr": ["_NaN_"],
		"max_Delta_C94_sat_corr": ["_NaN_"],
		"max_Delta_C2000_sat_corr": ["_NaN_"],
		"mean_RegionSize": [45292.8],
		"Sequence_dark_to_light": [5,4,3,2,1],
		"Patch_number": [5,4,3,2,1],
		"R_noise": [0.06447,0.07273,0.06382,0.04998,0.04513],
		"G_noise": [0.04934,0.04642,0.03399,0.03022,0.02918],
		"B_noise": [0.05644,0.0586,0.04496,0.03736,0.034],
		"R_SNR_ratio": [1.306,1.782,3.673,7.066,10.26],
		"G_SNR_ratio": [1.407,2.889,7.109,11.85,15.81],
		"B_SNR_ratio": [1.448,2.326,5.516,9.867,14.25],
		"R_SNR_dB": [2.319,5.02,11.3,16.98,20.22],
		"G_SNR_dB": [2.964,9.214,17.04,21.48,23.98],
		"B_SNR_dB": [3.217,7.332,14.83,19.88,23.07],
		"Gb_noise": [0.04126,0.03826,0.02891,0.02543,0.02464],
		"Gb_SNR_ratio": [1.78,3.485,8.322,14.07,18.81],
		"Gb_SNR_dB": [5.008,10.84,18.4,22.97,25.49],
		"Y_f_stop_SNR_ratio": [2.644,2.706,2.399,1.349,0.8961],
		"Y_f_stop_SNR_dB": [8.445,8.645,7.6,2.598,-0.9531],
		"quality_levels_for_DR": [
				"Low,",
				"Medium,",
				"M-H,",
				"High,"
		],
		"SigNoise_levels_for_DR": [1,0.5,0.25,0.1],
		"Dynamic_Range_f_stops": [5.976,3.654,0,0],
		"Dynamic_Range_dB": [35.98,21.99,0,0],
		"noise_ISO15739_pct": [0.3996,0.4992,0.8405,1.737,2.34],
		"snr_ISO15739": [1.604,3.204,5.616,6.062,7.771],
		"noise_pct_ISO15739_at_13pct_Lref": [2.132],
		"snr_ISO15739_at_13pct_Lref": [7.184],
		"snr_dB_ISO15739_at_13pct_Lref": [17.13],
		"DynamicRange_at_density_2": [1329],
		"DynamicRange_total": [0],
		"DynamicRange_from_slope_OD": [1.95],
		"DynamicRange_from_slope_EV": [6.474],
		"DynamicRange_from_slope_dB": [39],
		"SNR_BW_dB_RGBY": [16.4,20.77,18.93,22.27],
		"L_noise": [4.382,4.326,3.161,2.667,2.483],
		"a_noise": [9.643,11.24,8.697,6.908,6.045],
		"b_noise": [8.88,10.66,8.103,6.472,5.496],
		"Total_Lab_noise_unwtd": [13.82,16.08,12.3,9.835,8.539],
		"Total_ab_noise_unwtd": [13.11,15.49,11.89,9.467,8.17],
		"R_minus_Y_KK_noise": [0.05617,0.0633,0.05411,0.04246,0.0384],
		"B_minus_Y_KK_noise": [0.05773,0.06402,0.04913,0.04132,0.03667],
		"Y_Kelly_Keelan_noise": [0.04126,0.03826,0.02891,0.02543,0.02464],
		"Total_KK_noise": [0.05363,0.05424,0.04318,0.03605,0.03372],
		"Chroma_KK_noise": [0.03426,0.03845,0.03208,0.02556,0.02302],
		"Total_old_iso_noise": [0.06523,0.06844,0.05564,0.04554,0.04202],
		"Y_noise_from_YUV": [0.04125,0.03825,0.02891,0.02543,0.02464],
		"U_noise_from_YUV": [0.02713,0.03008,0.02308,0.01942,0.01723],