{
	"jsonResults": {
		"dateRun": "13-May-2025 11:53:35",
		"ini_time_size": "13-May-2025 11:49:51 19023B  MD5 = f1ea47fb316e71e682b9f03904642b64",
		"version": "Imatest 24.2.6 Master Color/Tone Auto",
		"build": "2025-03-20",
		"image_file": "potted plant_55.0 mm_1600ISO_-2EV_Dist1_ON_Defocus2.tiff",
		"ColorSpace": "sRGB",
		"Reference": "Default values",
		"Ref_folder": "/usr/local/Imatest/v24.2/Master/",
		"Gamma": [0.3526],
		"patches_for_gamma_start_end": [1,5],
		"exposure_error_normalized_y_channel": [-0.22],
		"mean_camera_Saturation_Pct": ["_NaN_"],
		"mean_chroma_level_CPIQ_Pct": ["_NaN_"],
		"CPIQ_chroma_quality_loss_JND": ["_NaN_"],
		"CPIQ_exposure_quality_loss_JND": ["_NaN_"],
		"pixel_offset": [0],
		"mean_patch_size_pxls": [201,223],
		"roi_settings": "Recent ROI settings are in roi, nwid_save, nht_save, fillf, and distort (same names as ini file)",
		"roi": [3103,1411,4362,1685,3103,1687,4362,1403],
		"nwid_save": [6024],
		"nht_save": [4020],
		"fillf": [0.8],
		"distort": [0],
		"grayscale_zone": [1,2,3,4,5],
		"grayscale_minus_log_exposure": [2,1.513,1.025,0.5375,0.05],
		"grayscale_Y_reflectivity": [0.01,0.03073,0.09441,0.2901,0.8913],
		"grayscale_Y_Printer_pixel_gamma22": [33.13,55.18,91.91,153.1,255],
		"grayscale_Y_density": [0.422,0.5323,0.7042,0.9491,1.122],
		"grayscale_R_density": [0.4171,0.5301,0.7057,0.9541,1.098],
		"grayscale_G_density": [0.4251,0.5337,0.7046,0.9483,1.131],
		"grayscale_B_density": [0.4066,0.5246,0.6949,0.9427,1.103],
		"grayscale_Y_mean": [96.5,74.87,50.39,28.67,19.27],
		"grayscale_R_mean": [97.6,75.24,50.21,28.34,20.35],
		"grayscale_G_mean": [95.82,74.62,50.34,28.73,18.87],
		"grayscale_B_mean": [99.99,76.2,51.48,29.1,20.1],
		"White_Bal_error_Degrees": [269.1,128.4,213.4,179.3,-22.46],
		"White_Bal_error_Mired": [-6.115,-2.98,-4.891,-4.129,0.5334],
		"White_Bal_error_S_HSV": [0.04171,0.02075,0.02467,0.02606,0.07299],
		"White_Bal_error_Delta_C_ab": [2.65,1.046,0.7788,0.3349,1.036],
		"White_Bal_error_Delta_C_94": [2.65,1.046,0.7788,0.3349,1.036],
		"White_Bal_error_Delta_C_00": [2.972,1.211,0.8004,0.3462,1.395],
		"n_Patch": [1,2,3,4,5],
		"n_Row": [1,1,1,1,1],
		"n_Column": [1,2,3,4,5],
		"width_pixels": [202,203,202,202,202],
		"height_pixels": [225,225,225,225,225],
		"Pixels_total": [45450,45675,45450,45450,45450],
		"R_reference": [242.4,146.6,86.6,49.01,25.46],
		"G_reference": [242.4,146.6,86.6,49.01,25.46],
		"B_reference": [242.4,146.6,86.6,49.01,25.46],
		"R_input": [97.6,75.24,50.21,28.34,20.35],
		"G_input": [95.82,74.62,50.34,28.73,18.87],
		"B_input": [99.99,76.2,51.48,29.1,20.1],
		"L_reference": [95.63,60.79,36.82,20.33,8.991],
		"a_reference": [0,0,0,0,0],
		"b_reference": [0,0,0,0,0],
		"L_input": [40.94,31.83,20.97,10.6,6.003],
		"a_input": [1.58,0.6044,0.2151,-0.08755,0.894],
		"b_input": [-2.128,-0.8536,-0.7485,-0.3232,-0.5241],
		"x_reference": [0.3127,0.3127,0.3127,0.3127,0.3127],
		"y_reference": [0.329,0.329,0.329,0.329,0.329],
		"Y_reference": [0.8913,0.2901,0.09441,0.03073,0.01],
		"x_input": [0.3096,0.3111,0.3097,0.3099,0.3144],
		"y_input": [0.3195,0.3245,0.3245,0.3268,0.3198],
		"Y_input": [0.1183,0.07011,0.03237,0.01206,0.006646],
		"LUV_comment": "L2 is used to differentiate between the L in LAB and L in LUV.",
		"L2_reference": [805.1,262,85.28,27.75,9.033],
		"U_reference": [0.1978,0.1978,0.1978,0.1978,0.1978],
		"V_reference": [0.4683,0.4683,0.4683,0.4683,0.4683],
		"L2_input": [106.8,63.33,29.24,10.9,6.003],
		"U_input": [0.1992,0.1984,0.1974,0.1967,0.2026],
		"V_input": [0.4627,0.4657,0.4654,0.4667,0.4636],
		"patch_numbers_for_all_Delta_E_C": [1,2,3,4,5],
		"Delta_E_all": [54.8,29,15.9,9.73,3.16],
		"Delta_C_all": [2.65,1.05,0.779,0.335,1.04],
		"Delta_E94_all": [54.8,29,15.9,9.73,3.16],
		"Delta_C94_all": [2.65,1.05,0.779,0.335,1.04],
		"Delta_E2000_all": [43.3,28,12.1,6.44,2.3],
		"Delta_C2000_all": [2.97,1.21,0.8,0.346,1.39],
		"Delta_L_all": [-54.7,-29,-15.8,-9.73,-2.99],
		"Delta_Chroma_all": [2.65,1.05,0.779,0.335,1.04],
		"Delta_Hue_Distance_all": [0,0,0,0,0],
		"Delta_Hue_Degrees_all": [0,0,0,0,0],
		"sat_corr_comment": "sat_corr explained on https://www.imatest.com/docs/colorcheck/#satcorr - not recommended.",
		"Delta_C_all_sat_corr": ["_NaN_","_NaN_","_NaN_","_NaN_","_NaN_"],
		"Delta_C94_all_sat_corr": ["_NaN_","_NaN_","_NaN_","_NaN_","_NaN_"],
		"Delta_C2000_all_sat_corr": ["_NaN_","_NaN_","_NaN_","_NaN_","_NaN_"],
		"grayscale_patch_numbers": [1,2,3,4,5],
		"Delta_E": [54.8,29,15.9,9.73,3.16],
		"Delta_C": [2.65,1.05,0.779,0.335,1.04],
		"Delta_E94": [54.8,29,15.9,9.73,3.16],
		"Delta_C94": [2.65,1.05,0.779,0.335,1.04],
		"Delta_E2000": [43.3,28,12.1,6.44,2.3],
		"Delta_C2000": [2.97,1.21,0.8,0.346,1.39],
		"Delta_L": [-54.7,-29,-15.8,-9.73,-2.99],
		"Delta_Chroma": [2.65,1.05,0.779,0.335,1.04],
		"Delta_Hue_Distance": [0,0,0,0,0],
		"Delta_Hue_Degrees": [0,0,0,0,0],
		"mean_Delta_E": [22.5],
		"mean_Delta_C": [1.17],
		"mean_Delta_E94": [22.5],
		"mean_Delta_C94": [1.17],
		"mean_Delta_E2000": [18.4],
		"mean_Delta_C2000": [1.34],
		"mean_Delta_L": [-22.4],
		"mean_Delta_Chroma": [1.17],
		"mean_Delta_Hue_Distance": [0],
		"mean_Delta_Hue_Degrees": [0],
		"mean_Delta_C_sat_corr": ["_NaN_"],
		"mean_Delta_C94_sat_corr": ["_NaN_"],
		"mean_Delta_C2000_sat_corr": ["_NaN_"],
		"max_Delta_E": [54.8],
		"max_Delta_C": [2.65],
		"max_Delta_E94": [54.8],
		"max_Delta_C94": [2.65],
		"max_Delta_E2000": [43.3],
		"max_Delta_C2000": [2.97],
		"max_Delta_L": [-2.99],
		"max_Delta_Chroma": [2.65],
		"max_Delta_Hue_Distance": [0],
		"max_Delta_Hue_Degrees": [0],
		"max_Delta_C_sat_corr": ["_NaN_"],
		"max_Delta_C94_sat_corr": ["_NaN_"],
		"max_Delta_C2000_sat_corr": ["_NaN_"],
		"mean_RegionSize": [45292.8],
		"Sequence_dark_to_light": [5,4,3,2,1],
		"Patch_number": [5,4,3,2,1],
		"R_noise": [0.04291,0.04411,0.03447,0.02896,0.02807],
		"G_noise": [0.03116,0.02661,0.0202,0.01863,0.01909],
		"B_noise": [0.03661,0.03462,0.02597,0.02344,0.02298],
		"R_SNR_ratio": [1.86,2.52,5.713,10.19,13.64],
		"G_SNR_ratio": [2.374,4.233,9.771,15.71,19.68],
		"B_SNR_ratio": [2.153,3.296,7.775,12.75,17.07],
		"R_SNR_dB": [5.392,8.026,15.14,20.16,22.69],
		"G_SNR_dB": [7.511,12.53,19.8,23.92,25.88],
		"B_SNR_dB": [6.66,10.36,17.81,22.11,24.64],
		"Gb_noise": [0.02708,0.02265,0.017,0.01579,0.01673],
		"Gb_SNR_ratio": [2.791,4.964,11.63,18.59,22.62],
		"Gb_SNR_dB": [8.916,13.92,21.31,25.39,27.09],
		"Y_f_stop_SNR_ratio": [3.13,3.534,3.29,1.663,0.8404],
		"Y_f_stop_SNR_dB": [9.911,10.97,10.34,4.42,-1.51],
		"quality_levels_for_DR": [
				"Low,",
				"Medium,",
				"M-H,",
				"High,"
		],
		"SigNoise_levels_for_DR": [1,0.5,0.25,0.1],
		"Dynamic_Range_f_stops": [5.956,4.307,0,0],
		"Dynamic_Range_dB": [35.85,25.93,0,0],
		"noise_ISO15739_pct": [0.3485,0.3787,0.5821,1.227,1.806],
		"snr_ISO15739": [1.907,3.185,5.561,5.713,6.548],
		"noise_pct_ISO15739_at_13pct_Lref": [1.651],
		"snr_ISO15739_at_13pct_Lref": [6.324],
		"snr_dB_ISO15739_at_13pct_Lref": [16.02],
		"DynamicRange_at_density_2": [1654],
		"DynamicRange_total": [0],
		"DynamicRange_from_slope_OD": [1.95],
		"DynamicRange_from_slope_EV": [6.474],
		"DynamicRange_from_slope_dB": [39],
		"SNR_BW_dB_RGBY": [19.26,23.09,21.1,24.53],
		"L_noise": [2.802,2.671,1.963,1.726,1.759],
		"a_noise": [5.662,6.771,5.249,4.261,3.796],
		"b_noise": [5.289,6.337,4.871,4.056,3.569],
		"Total_Lab_noise_unwtd": [8.239,9.651,7.425,6.131,5.499],
		"Total_ab_noise_unwtd": [7.748,9.274,7.161,5.883,5.21],
		"R_minus_Y_KK_noise": [0.03519,0.03723,0.02938,0.02444,0.02271],
		"B_minus_Y_KK_noise": [0.03595,0.03676,0.02824,0.02498,0.02295],
		"Y_Kelly_Keelan_noise": [0.02708,0.02265,0.017,0.01579,0.01673],
		"Total_KK_noise": [0.03453,0.03192,0.02449,0.0217,0.02169],
		"Chroma_KK_noise": [0.02143,0.02248,0.01763,0.01488,0.01379],
		"Total_old_iso_noise": [0.04162,0.0402,0.03113,0.02705,0.02635],
		"Y_noise_from_YUV": [0.02707,0.02265,0.017,0.01579,0.01673],
		"U_noise_from_YUV": [0.01689,0.01727,0.01327,0.01174,0.01078],