{
	"jsonResults": {
		"dateRun": "13-May-2025 11:53:35",
		"ini_time_size": "13-May-2025 11:49:51 19023B  MD5 = f1ea47fb316e71e682b9f03904642b64",
		"version": "Imatest 24.2.6 Master Color/Tone Auto",
		"build": "2025-03-20",
		"image_file": "potted plant_55.0 mm_1600ISO_-1EV_Dist1_ON_Defocus1.tiff",
		"ColorSpace": "sRGB",
		"Reference": "Default values",
		"Ref_folder": "/usr/local/Imatest/v24.2/Master/",
		"Gamma": [0.3368],
		"patches_for_gamma_start_end": [1,5],
		"exposure_error_normalized_y_channel": [-0.149],
		"mean_camera_Saturation_Pct": ["_NaN_"],
		"mean_chroma_level_CPIQ_Pct": ["_NaN_"],
		"CPIQ_chroma_quality_loss_JND": ["_NaN_"],
		"CPIQ_exposure_quality_loss_JND": ["_NaN_"],
		"pixel_offset": [0],
		"mean_patch_size_pxls": [201,223],
		"roi_settings": "Recent ROI settings are in roi, nwid_save, nht_save, fillf, and distort (same names as ini file)",
		"roi": [3103,1411,4362,1685,3103,1687,4362,1403],
		"nwid_save": [6024],
		"nht_save": [4020],
		"fillf": [0.8],
		"distort": [0],
		"grayscale_zone": [1,2,3,4,5],
		"grayscale_minus_log_exposure": [2,1.513,1.025,0.5375,0.05],
		"grayscale_Y_reflectivity": [0.01,0.03073,0.09441,0.2901,0.8913],
		"grayscale_Y_Printer_pixel_gamma22": [33.13,55.18,91.91,153.1,255],
		"grayscale_Y_density": [0.2767,0.3861,0.5503,0.7813,1.048],
		"grayscale_R_density": [0.2752,0.3867,0.5522,0.783,1.047],
		"grayscale_G_density": [0.2786,0.3867,0.5506,0.7813,1.048],
		"grayscale_B_density": [0.263,0.3787,0.5419,0.7759,1.045],
		"grayscale_Y_mean": [134.8,104.8,71.81,42.19,22.84],
		"grayscale_R_mean": [135.3,104.7,71.51,42.03,22.87],
		"grayscale_G_mean": [134.3,104.7,71.76,42.19,22.82],
		"grayscale_B_mean": [139.2,106.6,73.23,42.72,22.96],
		"White_Bal_error_Degrees": [302.9,179.7,214.6,129.8,31.26],
		"White_Bal_error_Mired": [-6.85,-4.138,-4.918,-3.011,-0.7364],
		"White_Bal_error_S_HSV": [0.03536,0.01829,0.02342,0.0162,0.006199],
		"White_Bal_error_Delta_C_ab": [2.856,1.168,0.9453,0.3788,0.1102],
		"White_Bal_error_Delta_C_94": [2.856,1.168,0.9453,0.3788,0.1102],
		"White_Bal_error_Delta_C_00": [3.021,1.218,0.9569,0.3806,0.1284],
		"n_Patch": [1,2,3,4,5],
		"n_Row": [1,1,1,1,1],
		"n_Column": [1,2,3,4,5],
		"width_pixels": [202,203,202,202,202],
		"height_pixels": [225,225,225,225,225],
		"Pixels_total": [45450,45675,45450,45450,45450],
		"R_reference": [242.4,146.6,86.6,49.01,25.46],
		"G_reference": [242.4,146.6,86.6,49.01,25.46],
		"B_reference": [242.4,146.6,86.6,49.01,25.46],
		"R_input": [135.3,104.7,71.51,42.03,22.87],
		"G_input": [134.3,104.7,71.76,42.19,22.82],
		"B_input": [139.2,106.6,73.23,42.72,22.96],
		"L_reference": [95.63,60.79,36.82,20.33,8.991],
		"a_reference": [0,0,0,0,0],
		"b_reference": [0,0,0,0,0],
		"L_input": [56.26,44.34,30.51,17.15,7.661],
		"a_input": [1.372,0.4025,0.2243,0.0558,0.05966],
		"b_input": [-2.505,-1.097,-0.9183,-0.3746,-0.09265],
		"x_reference": [0.3127,0.3127,0.3127,0.3127,0.3127],
		"y_reference": [0.329,0.329,0.329,0.329,0.329],
		"Y_reference": [0.8913,0.2901,0.09441,0.03073,0.01],
		"x_input": [0.3088,0.3102,0.3096,0.3108,0.3123],
		"y_input": [0.3206,0.3248,0.3247,0.3266,0.328],
		"Y_input": [0.2417,0.1407,0.06447,0.02335,0.008481],
		"LUV_comment": "L2 is used to differentiate between the L in LAB and L in LUV.",
		"L2_reference": [805.1,262,85.28,27.75,9.033],
		"U_reference": [0.1978,0.1978,0.1978,0.1978,0.1978],
		"V_reference": [0.4683,0.4683,0.4683,0.4683,0.4683],
		"L2_input": [218.3,127.1,58.24,21.09,7.661],
		"U_input": [0.1983,0.1976,0.1973,0.1974,0.1979],
		"V_input": [0.4632,0.4657,0.4655,0.4667,0.4677],
		"patch_numbers_for_all_Delta_E_C": [1,2,3,4,5],
		"Delta_E_all": [39.5,16.5,6.38,3.2,1.34],
		"Delta_C_all": [2.86,1.17,0.945,0.379,0.11],
		"Delta_E94_all": [39.5,16.5,6.38,3.2,1.34],
		"Delta_C94_all": [2.86,1.17,0.945,0.379,0.11],
		"Delta_E2000_all": [28.6,16.2,5.19,2.2,0.831],
		"Delta_C2000_all": [3.02,1.22,0.957,0.381,0.128],
		"Delta_L_all": [-39.4,-16.4,-6.31,-3.18,-1.33],
		"Delta_Chroma_all": [2.86,1.17,0.945,0.379,0.11],
		"Delta_Hue_Distance_all": [0,0,0,0,0],
		"Delta_Hue_Degrees_all": [0,0,0,0,0],
		"sat_corr_comment": "sat_corr explained on https://www.imatest.com/docs/colorcheck/#satcorr - not recommended.",
		"Delta_C_all_sat_corr": ["_NaN_","_NaN_","_NaN_","_NaN_","_NaN_"],
		"Delta_C94_all_sat_corr": ["_NaN_","_NaN_","_NaN_","_NaN_","_NaN_"],
		"Delta_C2000_all_sat_corr": ["_NaN_","_NaN_","_NaN_","_NaN_","_NaN_"],
		"grayscale_patch_numbers": [1,2,3,4,5],
		"Delta_E": [39.5,16.5,6.38,3.2,1.34],
		"Delta_C": [2.86,1.17,0.945,0.379,0.11],
		"Delta_E94": [39.5,16.5,6.38,3.2,1.34],
		"Delta_C94": [2.86,1.17,0.945,0.379,0.11],
		"Delta_E2000": [28.6,16.2,5.19,2.2,0.831],
		"Delta_C2000": [3.02,1.22,0.957,0.381,0.128],
		"Delta_L": [-39.4,-16.4,-6.31,-3.18,-1.33],
		"Delta_Chroma": [2.86,1.17,0.945,0.379,0.11],
		"Delta_Hue_Distance": [0,0,0,0,0],
		"Delta_Hue_Degrees": [0,0,0,0,0],
		"mean_Delta_E": [13.4],
		"mean_Delta_C": [1.09],
		"mean_Delta_E94": [13.4],
		"mean_Delta_C94": [1.09],
		"mean_Delta_E2000": [10.6],
		"mean_Delta_C2000": [1.14],
		"mean_Delta_L": [-13.3],
		"mean_Delta_Chroma": [1.09],
		"mean_Delta_Hue_Distance": [0],
		"mean_Delta_Hue_Degrees": [0],
		"mean_Delta_C_sat_corr": ["_NaN_"],
		"mean_Delta_C94_sat_corr": ["_NaN_"],
		"mean_Delta_C2000_sat_corr": ["_NaN_"],
		"max_Delta_E": [39.5],
		"max_Delta_C": [2.86],
		"max_Delta_E94": [39.5],
		"max_Delta_C94": [2.86],
		"max_Delta_E2000": [28.6],
		"max_Delta_C2000": [3.02],
		"max_Delta_L": [-1.33],
		"max_Delta_Chroma": [2.86],
		"max_Delta_Hue_Distance": [0],
		"max_Delta_Hue_Degrees": [0],
		"max_Delta_C_sat_corr": ["_NaN_"],
		"max_Delta_C94_sat_corr": ["_NaN_"],
		"max_Delta_C2000_sat_corr": ["_NaN_"],
		"mean_RegionSize": [45292.8],
		"Sequence_dark_to_light": [5,4,3,2,1],
		"Patch_number": [5,4,3,2,1],
		"R_noise": [0.04904,0.03805,0.02856,0.026,0.02606],
		"G_noise": [0.03726,0.02251,0.01758,0.01684,0.01834],
		"B_noise": [0.04312,0.02895,0.02261,0.02114,0.02189],
		"R_SNR_ratio": [1.829,4.331,9.819,15.79,20.36],
		"G_SNR_ratio": [2.402,7.349,16.01,24.38,28.71],
		"B_SNR_ratio": [2.089,5.787,12.7,19.77,24.93],
		"R_SNR_dB": [5.244,12.73,19.84,23.97,26.18],
		"G_SNR_dB": [7.611,17.32,24.09,27.74,29.16],
		"B_SNR_dB": [6.397,15.25,22.08,25.92,27.94],
		"Gb_noise": [0.03375,0.01966,0.01476,0.01428,0.01622],
		"Gb_SNR_ratio": [2.654,8.417,19.08,28.79,32.6],
		"Gb_SNR_dB": [8.479,18.5,25.61,29.19,30.26],
		"Y_f_stop_SNR_ratio": [4.482,5.345,5.136,3.016,1.388],
		"Y_f_stop_SNR_dB": [13.03,14.56,14.21,9.588,2.85],
		"quality_levels_for_DR": [
				"Low,",
				"Medium,",
				"M-H,",
				"High,"
		],
		"SigNoise_levels_for_DR": [1,0.5,0.25,0.1],
		"Dynamic_Range_f_stops": [0,5.56,3.893,0],
		"Dynamic_Range_dB": [0,33.47,23.44,0],
		"noise_ISO15739_pct": [0.2689,0.2148,0.3755,0.8629,1.355],
		"snr_ISO15739": [3.154,10.87,17.17,16.31,17.84],
		"noise_pct_ISO15739_at_13pct_Lref": [1.195],
		"snr_ISO15739_at_13pct_Lref": [17.35],
		"snr_dB_ISO15739_at_13pct_Lref": [24.78],
		"DynamicRange_at_density_2": [2040],
		"DynamicRange_total": [0],
		"DynamicRange_from_slope_OD": [1.95],
		"DynamicRange_from_slope_EV": [6.474],
		"DynamicRange_from_slope_dB": [39],
		"SNR_BW_dB_RGBY": [22.91,26.68,24.7,28.11],
		"L_noise": [3.788,2.312,1.622,1.475,1.607],
		"a_noise": [6.239,5.594,4.239,3.592,3.281],
		"b_noise": [5.855,5.292,4.037,3.428,3.141],
		"Total_Lab_noise_unwtd": [9.357,8.04,6.074,5.18,4.818],
		"Total_ab_noise_unwtd": [8.556,7.701,5.853,4.965,4.542],
		"R_minus_Y_KK_noise": [0.03692,0.03136,0.02429,0.02204,0.02068],
		"B_minus_Y_KK_noise": [0.03836,0.03003,0.02469,0.02233,0.02143],
		"Y_Kelly_Keelan_noise": [0.03375,0.01966,0.01476,0.01428,0.01622],
		"Total_KK_noise": [0.0406,0.02721,0.02088,0.01958,0.02056],
		"Chroma_KK_noise": [0.02258,0.01881,0.01477,0.01339,0.01264],
		"Total_old_iso_noise": [0.0474,0.03406,0.02632,0.02438,0.0247],
		"Y_noise_from_YUV": [0.03375,0.01966,0.01476,0.01427,0.01622],