{
	"jsonResults": {
		"dateRun": "13-May-2025 11:53:35",
		"ini_time_size": "13-May-2025 11:49:51 19023B  MD5 = f1ea47fb316e71e682b9f03904642b64",
		"version": "Imatest 24.2.6 Master Color/Tone Auto",
		"build": "2025-03-20",
		"image_file": "potted plant_55.0 mm_25600ISO_-1EV_Dist1_ON_Focused.tiff",
		"ColorSpace": "sRGB",
		"Reference": "Default values",
		"Ref_folder": "/usr/local/Imatest/v24.2/Master/",
		"Gamma": [0.3986],
		"patches_for_gamma_start_end": [1,5],
		"exposure_error_normalized_y_channel": [-0.193],
		"mean_camera_Saturation_Pct": ["_NaN_"],
		"mean_chroma_level_CPIQ_Pct": ["_NaN_"],
		"CPIQ_chroma_quality_loss_JND": ["_NaN_"],
		"CPIQ_exposure_quality_loss_JND": ["_NaN_"],
		"pixel_offset": [0],
		"mean_patch_size_pxls": [201,223],
		"roi_settings": "Recent ROI settings are in roi, nwid_save, nht_save, fillf, and distort (same names as ini file)",
		"roi": [3103,1411,4362,1685,3103,1687,4362,1403],
		"nwid_save": [6024],
		"nht_save": [4020],
		"fillf": [0.8],
		"distort": [0],
		"grayscale_zone": [1,2,3,4,5],
		"grayscale_minus_log_exposure": [2,1.513,1.025,0.5375,0.05],
		"grayscale_Y_reflectivity": [0.01,0.03073,0.09441,0.2901,0.8913],
		"grayscale_Y_Printer_pixel_gamma22": [33.13,55.18,91.91,153.1,255],
		"grayscale_Y_density": [0.3424,0.4634,0.6577,0.9126,1.099],
		"grayscale_R_density": [0.3486,0.483,0.6743,0.8321,0.9051],
		"grayscale_G_density": [0.3446,0.4609,0.6557,0.9458,1.192],
		"grayscale_B_density": [0.3043,0.4338,0.6306,0.8598,0.9963],
		"grayscale_Y_mean": [115.9,87.72,56.08,31.18,20.31],
		"grayscale_R_mean": [114.3,83.86,53.98,37.53,31.73],
		"grayscale_G_mean": [115.3,88.24,56.34,28.89,16.37],
		"grayscale_B_mean": [126.5,93.91,59.7,35.22,25.72],
		"White_Bal_error_Degrees": [1202,1118,906.1,-406.1,-2113],
		"White_Bal_error_Mired": [-24.01,-22.58,-18.82,10.25,74.1],
		"White_Bal_error_S_HSV": [0.09688,0.107,0.09573,0.2303,0.484],
		"White_Bal_error_Delta_C_ab": [6.608,3.896,2.45,6.263,10.2],
		"White_Bal_error_Delta_C_94": [6.608,3.896,2.45,6.263,10.2],
		"White_Bal_error_Delta_C_00": [6.027,3.61,2.331,7.404,11.13],
		"n_Patch": [1,2,3,4,5],
		"n_Row": [1,1,1,1,1],
		"n_Column": [1,2,3,4,5],
		"width_pixels": [202,203,202,202,202],
		"height_pixels": [225,225,225,225,225],
		"Pixels_total": [45450,45675,45450,45450,45450],
		"R_reference": [242.4,146.6,86.6,49.01,25.46],
		"G_reference": [242.4,146.6,86.6,49.01,25.46],
		"B_reference": [242.4,146.6,86.6,49.01,25.46],
		"R_input": [114.3,83.86,53.98,37.53,31.73],
		"G_input": [115.3,88.24,56.34,28.89,16.37],
		"B_input": [126.5,93.91,59.7,35.22,25.72],
		"L_reference": [95.63,60.79,36.82,20.33,8.991],
		"a_reference": [0,0,0,0,0],
		"b_reference": [0,0,0,0,0],
		"L_input": [48.82,37.31,23.57,11.95,6.845],
		"a_input": [1.993,-0.4534,-0.1938,5.639,9.663],
		"b_input": [-6.3,-3.87,-2.442,-2.726,-3.268],
		"x_reference": [0.3127,0.3127,0.3127,0.3127,0.3127],
		"y_reference": [0.329,0.329,0.329,0.329,0.329],
		"Y_reference": [0.8913,0.2901,0.09441,0.03073,0.01],
		"x_input": [0.2983,0.2974,0.3,0.3231,0.3464],
		"y_input": [0.3073,0.3148,0.3167,0.2963,0.273],
		"Y_input": [0.1745,0.09704,0.03968,0.01399,0.007578],
		"LUV_comment": "L2 is used to differentiate between the L in LAB and L in LUV.",
		"L2_reference": [805.1,262,85.28,27.75,9.033],
		"U_reference": [0.1978,0.1978,0.1978,0.1978,0.1978],
		"V_reference": [0.4683,0.4683,0.4683,0.4683,0.4683],
		"L2_input": [157.6,87.66,35.84,12.64,6.845],
		"U_input": [0.1959,0.1924,0.1935,0.2187,0.2481],
		"V_input": [0.4541,0.4582,0.4597,0.4513,0.4401],
		"patch_numbers_for_all_Delta_E_C": [1,2,3,4,5],
		"Delta_E_all": [47.3,23.8,13.5,10.5,10.4],
		"Delta_C_all": [6.61,3.9,2.45,6.26,10.2],
		"Delta_E94_all": [47.3,23.8,13.5,10.5,10.4],
		"Delta_C94_all": [6.61,3.9,2.45,6.26,10.2],
		"Delta_E2000_all": [35.8,23.7,10.5,9.27,11.2],
		"Delta_C2000_all": [6.03,3.61,2.33,7.4,11.1],
		"Delta_L_all": [-46.8,-23.5,-13.3,-8.38,-2.15],
		"Delta_Chroma_all": [6.61,3.9,2.45,6.26,10.2],
		"Delta_Hue_Distance_all": [0,0,0,0,0],
		"Delta_Hue_Degrees_all": [0,0,0,0,0],
		"sat_corr_comment": "sat_corr explained on https://www.imatest.com/docs/colorcheck/#satcorr - not recommended.",
		"Delta_C_all_sat_corr": ["_NaN_","_NaN_","_NaN_","_NaN_","_NaN_"],
		"Delta_C94_all_sat_corr": ["_NaN_","_NaN_","_NaN_","_NaN_","_NaN_"],
		"Delta_C2000_all_sat_corr": ["_NaN_","_NaN_","_NaN_","_NaN_","_NaN_"],
		"grayscale_patch_numbers": [1,2,3,4,5],
		"Delta_E": [47.3,23.8,13.5,10.5,10.4],
		"Delta_C": [6.61,3.9,2.45,6.26,10.2],
		"Delta_E94": [47.3,23.8,13.5,10.5,10.4],
		"Delta_C94": [6.61,3.9,2.45,6.26,10.2],
		"Delta_E2000": [35.8,23.7,10.5,9.27,11.2],
		"Delta_C2000": [6.03,3.61,2.33,7.4,11.1],
		"Delta_L": [-46.8,-23.5,-13.3,-8.38,-2.15],
		"Delta_Chroma": [6.61,3.9,2.45,6.26,10.2],
		"Delta_Hue_Distance": [0,0,0,0,0],
		"Delta_Hue_Degrees": [0,0,0,0,0],
		"mean_Delta_E": [21.1],
		"mean_Delta_C": [5.88],
		"mean_Delta_E94": [21.1],
		"mean_Delta_C94": [5.88],
		"mean_Delta_E2000": [18.1],
		"mean_Delta_C2000": [6.1],
		"mean_Delta_L": [-18.8],
		"mean_Delta_Chroma": [5.88],
		"mean_Delta_Hue_Distance": [0],
		"mean_Delta_Hue_Degrees": [0],
		"mean_Delta_C_sat_corr": ["_NaN_"],
		"mean_Delta_C94_sat_corr": ["_NaN_"],
		"mean_Delta_C2000_sat_corr": ["_NaN_"],
		"max_Delta_E": [47.3],
		"max_Delta_C": [10.2],
		"max_Delta_E94": [47.3],
		"max_Delta_C94": [10.2],
		"max_Delta_E2000": [35.8],
		"max_Delta_C2000": [11.1],
		"max_Delta_L": [-2.15],
		"max_Delta_Chroma": [10.2],
		"max_Delta_Hue_Distance": [0],
		"max_Delta_Hue_Degrees": [0],
		"max_Delta_C_sat_corr": ["_NaN_"],
		"max_Delta_C94_sat_corr": ["_NaN_"],
		"max_Delta_C2000_sat_corr": ["_NaN_"],
		"mean_RegionSize": [45292.8],
		"Sequence_dark_to_light": [5,4,3,2,1],
		"Patch_number": [5,4,3,2,1],
		"R_noise": [0.1026,0.1118,0.1258,0.1144,0.08957],
		"G_noise": [0.0743,0.0906,0.09021,0.06798,0.05833],
		"B_noise": [0.08911,0.1009,0.1043,0.07724,0.06219],
		"R_SNR_ratio": [1.213,1.316,1.683,2.874,5.004],
		"G_SNR_ratio": [0.8641,1.25,2.449,5.091,7.753],
		"B_SNR_ratio": [1.132,1.369,2.244,4.768,7.98],
		"R_SNR_dB": [1.675,2.386,4.521,9.171,13.99],
		"G_SNR_dB": [-1.269,1.941,7.78,14.14,17.79],
		"B_SNR_dB": [1.075,2.731,7.022,13.57,18.04],
		"Gb_noise": [0.06092,0.07271,0.07339,0.05738,0.0486],
		"Gb_SNR_ratio": [1.307,1.682,2.997,5.995,9.352],
		"Gb_SNR_dB": [2.327,4.515,9.533,15.56,19.42],
		"Y_f_stop_SNR_ratio": [1.404,1.262,0.9327,0.5956,0.4321],
		"Y_f_stop_SNR_dB": [2.948,2.022,-0.6049,-4.502,-7.288],
		"quality_levels_for_DR": [
				"Low,",
				"Medium,",
				"M-H,",
				"High,"
		],
		"SigNoise_levels_for_DR": [1,0.5,0.25,0.1],
		"Dynamic_Range_f_stops": [2.822,0,0,0],
		"Dynamic_Range_dB": [16.99,0,0,0],
		"noise_ISO15739_pct": [0.9228,1.409,2.797,4.755,5.471],
		"snr_ISO15739": [0.8212,0.9933,1.419,2.041,3.19],
		"noise_pct_ISO15739_at_13pct_Lref": [5.085],
		"snr_ISO15739_at_13pct_Lref": [2.57],
		"snr_dB_ISO15739_at_13pct_Lref": [8.199],
		"DynamicRange_at_density_2": [456.2],
		"DynamicRange_total": [134.6],
		"DynamicRange_from_slope_OD": [1.95],
		"DynamicRange_from_slope_EV": [6.474],
		"DynamicRange_from_slope_dB": [39],
		"SNR_BW_dB_RGBY": [9.26,13.78,12.67,15.25],
		"L_noise": [6.799,7.921,7.62,5.76,4.784],
		"a_noise": [15.45,17.58,17.89,14.26,11.61],
		"b_noise": [15.36,18.01,18.1,12.98,10.52],
		"Total_Lab_noise_unwtd": [22.83,26.38,26.57,20.13,16.38],
		"Total_ab_noise_unwtd": [21.79,25.17,25.45,19.29,15.67],
		"R_minus_Y_KK_noise": [0.0915,0.1025,0.1115,0.09768,0.0771],
		"B_minus_Y_KK_noise": [0.09489,0.113,0.1168,0.0849,0.07085],
		"Y_Kelly_Keelan_noise": [0.06092,0.07271,0.07339,0.05738,0.0486],
		"Total_KK_noise": [0.0827,0.09665,0.1003,0.08117,0.0668],
		"Chroma_KK_noise": [0.05593,0.06367,0.06835,0.05741,0.04583],
		"Total_old_iso_noise": [0.1025,0.1185,0.1246,0.1027,0.08349],
		"Y_noise_from_YUV": [0.06092,0.0727,0.07338,0.05738,0.0486],
		"U_noise_from_YUV": [0.04458,0.0531,0.05488,0.03989,0.03329],
		"V_noise_from_YUV": [0.07145,0.08002,0.08711,0.07628,0.06021],