{
	"jsonResults": {
		"dateRun": "13-May-2025 11:53:35",
		"ini_time_size": "13-May-2025 11:49:51 19023B  MD5 = f1ea47fb316e71e682b9f03904642b64",
		"version": "Imatest 24.2.6 Master Color/Tone Auto",
		"build": "2025-03-20",
		"image_file": "potted plant_55.0 mm_100ISO_-2EV_Dist1_OFF_Focused.tiff",
		"ColorSpace": "sRGB",
		"Reference": "Default values",
		"Ref_folder": "/usr/local/Imatest/v24.2/Master/",
		"Gamma": [0.3763],
		"patches_for_gamma_start_end": [1,5],
		"exposure_error_normalized_y_channel": [-0.241],
		"mean_camera_Saturation_Pct": ["_NaN_"],
		"mean_chroma_level_CPIQ_Pct": ["_NaN_"],
		"CPIQ_chroma_quality_loss_JND": ["_NaN_"],
		"CPIQ_exposure_quality_loss_JND": ["_NaN_"],
		"pixel_offset": [0],
		"mean_patch_size_pxls": [201,223],
		"roi_settings": "Recent ROI settings are in roi, nwid_save, nht_save, fillf, and distort (same names as ini file)",
		"roi": [3103,1411,4362,1685,3103,1687,4362,1403],
		"nwid_save": [6024],
		"nht_save": [4020],
		"fillf": [0.8],
		"distort": [0],
		"grayscale_zone": [1,2,3,4,5],
		"grayscale_minus_log_exposure": [2,1.513,1.025,0.5375,0.05],
		"grayscale_Y_reflectivity": [0.01,0.03073,0.09441,0.2901,0.8913],
		"grayscale_Y_Printer_pixel_gamma22": [33.13,55.18,91.91,153.1,255],
		"grayscale_Y_density": [0.4887,0.6083,0.7917,1.069,1.569],
		"grayscale_R_density": [0.4875,0.608,0.7909,1.061,1.551],
		"grayscale_G_density": [0.4904,0.609,0.7929,1.072,1.577],
		"grayscale_B_density": [0.4757,0.6017,0.7822,1.058,1.548],
		"grayscale_Y_mean": [82.76,62.84,41.19,21.78,6.877],
		"grayscale_R_mean": [83,62.88,41.27,22.18,7.176],
		"grayscale_G_mean": [82.44,62.73,41.08,21.6,6.753],
		"grayscale_B_mean": [85.29,63.81,42.1,22.29,7.219],
		"White_Bal_error_Degrees": [272.8,135.1,171.2,58.2,65.44],
		"White_Bal_error_Mired": [-6.196,-3.132,-3.948,-1.365,-1.533],
		"White_Bal_error_S_HSV": [0.03341,0.01685,0.02437,0.03087,0.06455],
		"White_Bal_error_Delta_C_ab": [1.799,0.7096,0.7256,0.5674,0.2232],
		"White_Bal_error_Delta_C_94": [1.799,0.7096,0.7256,0.5674,0.2232],
		"White_Bal_error_Delta_C_00": [1.944,0.7737,0.802,0.7334,0.2952],
		"n_Patch": [1,2,3,4,5],
		"n_Row": [1,1,1,1,1],
		"n_Column": [1,2,3,4,5],
		"width_pixels": [202,203,202,202,202],
		"height_pixels": [225,225,225,225,225],
		"Pixels_total": [45450,45675,45450,45450,45450],
		"R_reference": [242.4,146.6,86.6,49.01,25.46],
		"G_reference": [242.4,146.6,86.6,49.01,25.46],
		"B_reference": [242.4,146.6,86.6,49.01,25.46],
		"R_input": [83,62.88,41.27,22.18,7.176],
		"G_input": [82.44,62.73,41.08,21.6,6.753],
		"B_input": [85.29,63.81,42.1,22.29,7.219],
		"L_reference": [95.63,60.79,36.82,20.33,8.991],
		"a_reference": [0,0,0,0,0],
		"b_reference": [0,0,0,0,0],
		"L_input": [35.2,26.58,16.68,7.141,1.885],
		"a_input": [0.8455,0.3052,0.3354,0.4327,0.1754],
		"b_input": [-1.588,-0.6407,-0.6434,-0.3671,-0.1381],
		"x_reference": [0.3127,0.3127,0.3127,0.3127,0.3127],
		"y_reference": [0.329,0.329,0.329,0.329,0.329],
		"Y_reference": [0.8913,0.2901,0.09441,0.03073,0.01],
		"x_input": [0.3091,0.3109,0.3104,0.3124,0.3126],
		"y_input": [0.3215,0.3254,0.3243,0.3241,0.322],
		"Y_input": [0.086,0.04946,0.02236,0.007905,0.002087],
		"LUV_comment": "L2 is used to differentiate between the L in LAB and L in LUV.",
		"L2_reference": [805.1,262,85.28,27.75,9.033],
		"U_reference": [0.1978,0.1978,0.1978,0.1978,0.1978],
		"V_reference": [0.4683,0.4683,0.4683,0.4683,0.4683],
		"L2_input": [77.68,44.68,20.2,7.141,1.885],
		"U_input": [0.1982,0.1979,0.198,0.1995,0.2004],
		"V_input": [0.4637,0.4661,0.4654,0.4657,0.4645],
		"patch_numbers_for_all_Delta_E_C": [1,2,3,4,5],
		"Delta_E_all": [60.5,34.2,20.2,13.2,7.11],
		"Delta_C_all": [1.8,0.71,0.726,0.567,0.223],
		"Delta_E94_all": [60.5,34.2,20.2,13.2,7.11],
		"Delta_C94_all": [1.8,0.71,0.726,0.567,0.223],
		"Delta_E2000_all": [49.5,31.8,15,8.6,4.28],
		"Delta_C2000_all": [1.94,0.774,0.802,0.733,0.295],
		"Delta_L_all": [-60.4,-34.2,-20.1,-13.2,-7.11],
		"Delta_Chroma_all": [1.8,0.71,0.726,0.567,0.223],
		"Delta_Hue_Distance_all": [0,0,0,0,0],
		"Delta_Hue_Degrees_all": [0,0,0,0,0],
		"sat_corr_comment": "sat_corr explained on https://www.imatest.com/docs/colorcheck/#satcorr - not recommended.",
		"Delta_C_all_sat_corr": ["_NaN_","_NaN_","_NaN_","_NaN_","_NaN_"],
		"Delta_C94_all_sat_corr": ["_NaN_","_NaN_","_NaN_","_NaN_","_NaN_"],
		"Delta_C2000_all_sat_corr": ["_NaN_","_NaN_","_NaN_","_NaN_","_NaN_"],
		"grayscale_patch_numbers": [1,2,3,4,5],
		"Delta_E": [60.5,34.2,20.2,13.2,7.11],
		"Delta_C": [1.8,0.71,0.726,0.567,0.223],
		"Delta_E94": [60.5,34.2,20.2,13.2,7.11],
		"Delta_C94": [1.8,0.71,0.726,0.567,0.223],
		"Delta_E2000": [49.5,31.8,15,8.6,4.28],
		"Delta_C2000": [1.94,0.774,0.802,0.733,0.295],
		"Delta_L": [-60.4,-34.2,-20.1,-13.2,-7.11],
		"Delta_Chroma": [1.8,0.71,0.726,0.567,0.223],
		"Delta_Hue_Distance": [0,0,0,0,0],
		"Delta_Hue_Degrees": [0,0,0,0,0],
		"mean_Delta_E": [27],
		"mean_Delta_C": [0.805],
		"mean_Delta_E94": [27],
		"mean_Delta_C94": [0.805],
		"mean_Delta_E2000": [21.8],
		"mean_Delta_C2000": [0.91],
		"mean_Delta_L": [-27],
		"mean_Delta_Chroma": [0.805],
		"mean_Delta_Hue_Distance": [0],
		"mean_Delta_Hue_Degrees": [0],
		"mean_Delta_C_sat_corr": ["_NaN_"],
		"mean_Delta_C94_sat_corr": ["_NaN_"],
		"mean_Delta_C2000_sat_corr": ["_NaN_"],
		"max_Delta_E": [60.5],
		"max_Delta_C": [1.8],
		"max_Delta_E94": [60.5],
		"max_Delta_C94": [1.8],
		"max_Delta_E2000": [49.5],
		"max_Delta_C2000": [1.94],
		"max_Delta_L": [-7.11],
		"max_Delta_Chroma": [1.8],
		"max_Delta_Hue_Distance": [0],
		"max_Delta_Hue_Degrees": [0],
		"max_Delta_C_sat_corr": ["_NaN_"],
		"max_Delta_C94_sat_corr": ["_NaN_"],
		"max_Delta_C2000_sat_corr": ["_NaN_"],
		"mean_RegionSize": [45292.8],
		"Sequence_dark_to_light": [5,4,3,2,1],
		"Patch_number": [5,4,3,2,1],
		"R_noise": [0.008253,0.007161,0.006291,0.006057,0.005811],
		"G_noise": [0.004957,0.00479,0.004191,0.004083,0.003994],
		"B_noise": [0.006665,0.006027,0.005335,0.005195,0.005067],
		"R_SNR_ratio": [3.41,12.15,25.73,40.71,56.01],
		"G_SNR_ratio": [5.343,17.69,38.44,60.26,80.93],
		"B_SNR_ratio": [4.248,14.5,30.95,48.17,66],
		"R_SNR_dB": [10.65,21.69,28.21,32.19,34.97],
		"G_SNR_dB": [14.56,24.95,31.7,35.6,38.16],
		"B_SNR_dB": [12.56,23.23,29.81,33.65,36.39],
		"Gb_noise": [0.004189,0.004017,0.003481,0.003445,0.003362],
		"Gb_SNR_ratio": [6.437,21.26,46.41,71.54,96.54],
		"Gb_SNR_dB": [16.17,26.55,33.33,37.09,39.69],
		"Y_f_stop_SNR_ratio": [14.35,14.61,14.28,10.34,8.612],
		"Y_f_stop_SNR_dB": [23.14,23.29,23.1,20.29,18.7],
		"quality_levels_for_DR": [
				"Low,",
				"Medium,",
				"M-H,",
				"High,"
		],
		"SigNoise_levels_for_DR": [1,0.5,0.25,0.1],
		"Dynamic_Range_f_stops": [0,0,0,5.134],
		"Dynamic_Range_dB": [0,0,0,30.91],
		"noise_ISO15739_pct": [0.04731,0.0635,0.1352,0.3249,0.4367],
		"snr_ISO15739": [4.412,12.45,16.54,15.22,19.69],
		"noise_pct_ISO15739_at_13pct_Lref": [0.3977],
		"snr_ISO15739_at_13pct_Lref": [18.13],
		"snr_dB_ISO15739_at_13pct_Lref": [25.17],
		"DynamicRange_at_density_2": [11036],
		"DynamicRange_total": [0],
		"DynamicRange_from_slope_OD": [1.95],
		"DynamicRange_from_slope_EV": [6.474],
		"DynamicRange_from_slope_dB": [39],
		"SNR_BW_dB_RGBY": [31.93,35.36,33.26,36.83],
		"L_noise": [0.2933,0.4885,0.4195,0.3888,0.3619],
		"a_noise": [0.7771,1.204,1.055,0.933,0.8613],
		"b_noise": [0.7408,1.182,1.047,0.931,0.876],
		"Total_Lab_noise_unwtd": [1.113,1.757,1.544,1.374,1.281],
		"Total_ab_noise_unwtd": [1.074,1.688,1.486,1.318,1.228],
		"R_minus_Y_KK_noise": [0.007006,0.00611,0.005408,0.005127,0.004913],
		"B_minus_Y_KK_noise": [0.007123,0.006488,0.005851,0.005556,0.005478],
		"Y_Kelly_Keelan_noise": [0.004189,0.004017,0.003481,0.003445,0.003362],
		"Total_KK_noise": [0.005976,0.005501,0.004826,0.004682,0.004547],
		"Chroma_KK_noise": [0.004262,0.003758,0.003343,0.00317,0.003062],
		"Total_old_iso_noise": [0.007555,0.006838,0.006026,0.005799,0.005617],
		"Y_noise_from_YUV": [0.004189,0.004017,0.003481,0.003444,0.003362],