{
	"jsonResults": {
		"dateRun": "13-May-2025 11:53:35",
		"ini_time_size": "13-May-2025 11:49:51 19023B  MD5 = f1ea47fb316e71e682b9f03904642b64",
		"version": "Imatest 24.2.6 Master Color/Tone Auto",
		"build": "2025-03-20",
		"image_file": "potted plant_55.0 mm_100ISO_-2EV_Dist1_OFF_Defocus2.tiff",
		"ColorSpace": "sRGB",
		"Reference": "Default values",
		"Ref_folder": "/usr/local/Imatest/v24.2/Master/",
		"Gamma": [0.3641],
		"patches_for_gamma_start_end": [1,5],
		"exposure_error_normalized_y_channel": [-0.242],
		"mean_camera_Saturation_Pct": ["_NaN_"],
		"mean_chroma_level_CPIQ_Pct": ["_NaN_"],
		"CPIQ_chroma_quality_loss_JND": ["_NaN_"],
		"CPIQ_exposure_quality_loss_JND": ["_NaN_"],
		"pixel_offset": [0],
		"mean_patch_size_pxls": [201,223],
		"roi_settings": "Recent ROI settings are in roi, nwid_save, nht_save, fillf, and distort (same names as ini file)",
		"roi": [3103,1411,4362,1685,3103,1687,4362,1403],
		"nwid_save": [6024],
		"nht_save": [4020],
		"fillf": [0.8],
		"distort": [0],
		"grayscale_zone": [1,2,3,4,5],
		"grayscale_minus_log_exposure": [2,1.513,1.025,0.5375,0.05],
		"grayscale_Y_reflectivity": [0.01,0.03073,0.09441,0.2901,0.8913],
		"grayscale_Y_Printer_pixel_gamma22": [33.13,55.18,91.91,153.1,255],
		"grayscale_Y_density": [0.5009,0.6153,0.7928,1.043,1.231],
		"grayscale_R_density": [0.4996,0.6149,0.792,1.036,1.227],
		"grayscale_G_density": [0.5027,0.6162,0.7941,1.046,1.233],
		"grayscale_B_density": [0.487,0.6076,0.783,1.033,1.22],
		"grayscale_Y_mean": [80.48,61.84,41.09,23.09,14.98],
		"grayscale_R_mean": [80.72,61.9,41.17,23.45,15.12],
		"grayscale_G_mean": [80.14,61.71,40.97,22.92,14.9],
		"grayscale_B_mean": [83.09,62.94,42.02,23.64,15.35],
		"White_Bal_error_Degrees": [290.7,154,176.2,77.93,98.01],
		"White_Bal_error_Mired": [-6.585,-3.561,-4.061,-1.823,-2.285],
		"White_Bal_error_S_HSV": [0.03553,0.01954,0.02505,0.0304,0.02917],
		"White_Bal_error_Delta_C_ab": [1.873,0.8141,0.7443,0.6051,0.2515],
		"White_Bal_error_Delta_C_94": [1.873,0.8141,0.7443,0.6051,0.2515],
		"White_Bal_error_Delta_C_00": [2.02,0.8898,0.8221,0.7657,0.3039],
		"n_Patch": [1,2,3,4,5],
		"n_Row": [1,1,1,1,1],
		"n_Column": [1,2,3,4,5],
		"width_pixels": [202,203,202,202,202],
		"height_pixels": [225,225,225,225,225],
		"Pixels_total": [45450,45675,45450,45450,45450],
		"R_reference": [242.4,146.6,86.6,49.01,25.46],
		"G_reference": [242.4,146.6,86.6,49.01,25.46],
		"B_reference": [242.4,146.6,86.6,49.01,25.46],
		"R_input": [80.72,61.9,41.17,23.45,15.12],
		"G_input": [80.14,61.71,40.97,22.92,14.9],
		"B_input": [83.09,62.94,42.02,23.64,15.35],
		"L_reference": [95.63,60.79,36.82,20.33,8.991],
		"a_reference": [0,0,0,0,0],
		"b_reference": [0,0,0,0,0],
		"L_input": [34.23,26.13,16.63,7.784,4.309],
		"a_input": [0.8801,0.3597,0.3436,0.439,0.1559],
		"b_input": [-1.654,-0.7304,-0.6602,-0.4165,-0.1973],
		"x_reference": [0.3127,0.3127,0.3127,0.3127,0.3127],
		"y_reference": [0.329,0.329,0.329,0.329,0.329],
		"Y_reference": [0.8913,0.2901,0.09441,0.03073,0.01],
		"x_input": [0.3089,0.3106,0.3104,0.3121,0.3116],
		"y_input": [0.3211,0.3249,0.3242,0.3241,0.3251],
		"Y_input": [0.08121,0.04792,0.02226,0.008617,0.00477],
		"LUV_comment": "L2 is used to differentiate between the L in LAB and L in LUV.",
		"L2_reference": [805.1,262,85.28,27.75,9.033],
		"U_reference": [0.1978,0.1978,0.1978,0.1978,0.1978],
		"V_reference": [0.4683,0.4683,0.4683,0.4683,0.4683],
		"L2_input": [73.36,43.29,20.11,7.784,4.309],
		"U_input": [0.1982,0.1979,0.198,0.1992,0.1985],
		"V_input": [0.4635,0.4658,0.4654,0.4656,0.466],
		"patch_numbers_for_all_Delta_E_C": [1,2,3,4,5],
		"Delta_E_all": [61.4,34.7,20.2,12.6,4.69],
		"Delta_C_all": [1.87,0.814,0.744,0.605,0.251],
		"Delta_E94_all": [61.4,34.7,20.2,12.6,4.69],
		"Delta_C94_all": [1.87,0.814,0.744,0.605,0.251],
		"Delta_E2000_all": [50.6,32.1,15.1,8.21,2.86],
		"Delta_C2000_all": [2.02,0.89,0.822,0.766,0.304],
		"Delta_L_all": [-61.4,-34.7,-20.2,-12.5,-4.68],
		"Delta_Chroma_all": [1.87,0.814,0.744,0.605,0.251],
		"Delta_Hue_Distance_all": [0,0,0,0,0],
		"Delta_Hue_Degrees_all": [0,0,0,0,0],
		"sat_corr_comment": "sat_corr explained on https://www.imatest.com/docs/colorcheck/#satcorr - not recommended.",
		"Delta_C_all_sat_corr": ["_NaN_","_NaN_","_NaN_","_NaN_","_NaN_"],
		"Delta_C94_all_sat_corr": ["_NaN_","_NaN_","_NaN_","_NaN_","_NaN_"],
		"Delta_C2000_all_sat_corr": ["_NaN_","_NaN_","_NaN_","_NaN_","_NaN_"],
		"grayscale_patch_numbers": [1,2,3,4,5],
		"Delta_E": [61.4,34.7,20.2,12.6,4.69],
		"Delta_C": [1.87,0.814,0.744,0.605,0.251],
		"Delta_E94": [61.4,34.7,20.2,12.6,4.69],
		"Delta_C94": [1.87,0.814,0.744,0.605,0.251],
		"Delta_E2000": [50.6,32.1,15.1,8.21,2.86],
		"Delta_C2000": [2.02,0.89,0.822,0.766,0.304],
		"Delta_L": [-61.4,-34.7,-20.2,-12.5,-4.68],
		"Delta_Chroma": [1.87,0.814,0.744,0.605,0.251],
		"Delta_Hue_Distance": [0,0,0,0,0],
		"Delta_Hue_Degrees": [0,0,0,0,0],
		"mean_Delta_E": [26.7],
		"mean_Delta_C": [0.858],
		"mean_Delta_E94": [26.7],
		"mean_Delta_C94": [0.858],
		"mean_Delta_E2000": [21.8],
		"mean_Delta_C2000": [0.96],
		"mean_Delta_L": [-26.7],
		"mean_Delta_Chroma": [0.858],
		"mean_Delta_Hue_Distance": [0],
		"mean_Delta_Hue_Degrees": [0],
		"mean_Delta_C_sat_corr": ["_NaN_"],
		"mean_Delta_C94_sat_corr": ["_NaN_"],
		"mean_Delta_C2000_sat_corr": ["_NaN_"],
		"max_Delta_E": [61.4],
		"max_Delta_C": [1.87],
		"max_Delta_E94": [61.4],
		"max_Delta_C94": [1.87],
		"max_Delta_E2000": [50.6],
		"max_Delta_C2000": [2.02],
		"max_Delta_L": [-4.68],
		"max_Delta_Chroma": [1.87],
		"max_Delta_Hue_Distance": [0],
		"max_Delta_Hue_Degrees": [0],
		"max_Delta_C_sat_corr": ["_NaN_"],
		"max_Delta_C94_sat_corr": ["_NaN_"],
		"max_Delta_C2000_sat_corr": ["_NaN_"],
		"mean_RegionSize": [45292.8],
		"Sequence_dark_to_light": [5,4,3,2,1],
		"Patch_number": [5,4,3,2,1],
		"R_noise": [0.01595,0.01043,0.007295,0.007852,0.01007],
		"G_noise": [0.01486,0.008822,0.005533,0.006583,0.009209],
		"B_noise": [0.01574,0.009779,0.006508,0.007361,0.01012],
		"R_SNR_ratio": [3.717,8.815,22.13,30.91,31.43],
		"G_SNR_ratio": [3.934,10.19,29.04,36.76,34.13],
		"B_SNR_ratio": [3.826,9.481,25.32,33.53,32.21],
		"R_SNR_dB": [11.4,18.9,26.9,29.8,29.95],
		"G_SNR_dB": [11.9,20.16,29.26,31.31,30.66],
		"B_SNR_dB": [11.66,19.54,28.07,30.51,30.16],
		"Gb_noise": [0.01463,0.008465,0.005041,0.006195,0.00898],
		"Gb_SNR_ratio": [4.017,10.7,31.96,39.14,35.15],
		"Gb_SNR_dB": [12.08,20.58,30.09,31.85,30.92],
		"Y_f_stop_SNR_ratio": [5.027,7.697,9.306,3.734,1.341],
		"Y_f_stop_SNR_dB": [14.03,17.73,19.38,11.44,2.551],
		"quality_levels_for_DR": [
				"Low,",
				"Medium,",
				"M-H,",
				"High,"
		],
		"SigNoise_levels_for_DR": [1,0.5,0.25,0.1],
		"Dynamic_Range_f_stops": [0,5.646,4.678,0],
		"Dynamic_Range_dB": [0,33.99,28.16,0],
		"noise_ISO15739_pct": [0.2278,0.1716,0.2097,0.5795,1.157],
		"snr_ISO15739": [2.094,5.022,10.61,8.27,7.018],
		"noise_pct_ISO15739_at_13pct_Lref": [0.9902],
		"snr_ISO15739_at_13pct_Lref": [7.38],
		"snr_dB_ISO15739_at_13pct_Lref": [17.36],
		"DynamicRange_at_density_2": [2459],
		"DynamicRange_total": [0],
		"DynamicRange_from_slope_OD": [1.95],
		"DynamicRange_from_slope_EV": [6.474],
		"DynamicRange_from_slope_dB": [39],
		"SNR_BW_dB_RGBY": [29.15,30.68,29.71,31.2],
		"L_noise": [1.538,1.046,0.611,0.7044,0.9828],
		"a_noise": [0.9341,1.214,1.053,0.9299,0.8542],
		"b_noise": [0.914,1.166,1.04,0.9304,0.864],
		"Total_Lab_noise_unwtd": [2.019,1.982,1.601,1.492,1.563],
		"Total_ab_noise_unwtd": [1.307,1.683,1.48,1.315,1.215],
		"R_minus_Y_KK_noise": [0.006597,0.006202,0.005403,0.005066,0.004888],
		"B_minus_Y_KK_noise": [0.00686,0.00642,0.005807,0.005539,0.005379],
		"Y_Kelly_Keelan_noise": [0.01463,0.008465,0.005041,0.006195,0.00898],
		"Total_KK_noise": [0.01517,0.009274,0.006044,0.006946,0.009479],
		"Chroma_KK_noise": [0.004035,0.003789,0.003334,0.00314,0.003035],
		"Total_old_iso_noise": [0.01579,0.01014,0.007035,0.007728,0.01003],
		"Y_noise_from_YUV": [0.01463,0.008464,0.005041,0.006195,0.008979],