{
	"jsonResults": {
		"dateRun": "13-May-2025 11:53:35",
		"ini_time_size": "13-May-2025 11:49:51 19023B  MD5 = f1ea47fb316e71e682b9f03904642b64",
		"version": "Imatest 24.2.6 Master Color/Tone Auto",
		"build": "2025-03-20",
		"image_file": "potted plant_55.0 mm_25600ISO_-2EV_Dist1_ON_Defocus1.tiff",
		"ColorSpace": "sRGB",
		"Reference": "Default values",
		"Ref_folder": "/usr/local/Imatest/v24.2/Master/",
		"Gamma": [0.4025],
		"patches_for_gamma_start_end": [1,5],
		"exposure_error_normalized_y_channel": [-0.245],
		"mean_camera_Saturation_Pct": ["_NaN_"],
		"mean_chroma_level_CPIQ_Pct": ["_NaN_"],
		"CPIQ_chroma_quality_loss_JND": ["_NaN_"],
		"CPIQ_exposure_quality_loss_JND": ["_NaN_"],
		"pixel_offset": [0],
		"mean_patch_size_pxls": [201,223],
		"roi_settings": "Recent ROI settings are in roi, nwid_save, nht_save, fillf, and distort (same names as ini file)",
		"roi": [3103,1411,4362,1685,3103,1687,4362,1403],
		"nwid_save": [6024],
		"nht_save": [4020],
		"fillf": [0.8],
		"distort": [0],
		"grayscale_zone": [1,2,3,4,5],
		"grayscale_minus_log_exposure": [2,1.513,1.025,0.5375,0.05],
		"grayscale_Y_reflectivity": [0.01,0.03073,0.09441,0.2901,0.8913],
		"grayscale_Y_Printer_pixel_gamma22": [33.13,55.18,91.91,153.1,255],
		"grayscale_Y_density": [0.4929,0.6299,0.8261,1.023,1.111],
		"grayscale_R_density": [0.5012,0.6305,0.7666,0.8726,0.8973],
		"grayscale_G_density": [0.4931,0.6316,0.849,1.09,1.22],
		"grayscale_B_density": [0.4672,0.6113,0.7945,0.9442,0.9929],
		"grayscale_Y_mean": [81.97,59.79,38.06,24.18,19.74],
		"grayscale_R_mean": [80.42,59.71,43.64,34.19,32.3],
		"grayscale_G_mean": [81.92,59.55,36.11,20.73,15.38],
		"grayscale_B_mean": [86.96,62.4,40.93,28.99,25.92],
		"White_Bal_error_Degrees": [782.2,418.9,-436.6,-1502,-2397],
		"White_Bal_error_Mired": [-16.53,-9.315,11.08,46.22,89.91],
		"White_Bal_error_S_HSV": [0.07526,0.04568,0.1727,0.3938,0.5239],
		"White_Bal_error_Delta_C_ab": [3.199,1.882,4.992,9.138,11.23],
		"White_Bal_error_Delta_C_94": [3.199,1.882,4.992,9.138,11.23],
		"White_Bal_error_Delta_C_00": [3.03,1.959,6.184,10.21,11.93],
		"n_Patch": [1,2,3,4,5],
		"n_Row": [1,1,1,1,1],
		"n_Column": [1,2,3,4,5],
		"width_pixels": [202,203,202,202,202],
		"height_pixels": [225,225,225,225,225],
		"Pixels_total": [45450,45675,45450,45450,45450],
		"R_reference": [242.4,146.6,86.6,49.01,25.46],
		"G_reference": [242.4,146.6,86.6,49.01,25.46],
		"B_reference": [242.4,146.6,86.6,49.01,25.46],
		"R_input": [80.42,59.71,43.64,34.19,32.3],
		"G_input": [81.92,59.55,36.11,20.73,15.38],
		"B_input": [86.96,62.4,40.93,28.99,25.92],
		"L_reference": [95.63,60.79,36.82,20.33,8.991],
		"a_reference": [0,0,0,0,0],
		"b_reference": [0,0,0,0,0],
		"L_input": [34.87,25.23,15.25,8.64,6.673],
		"a_input": [0.5193,0.7258,4.622,8.607,10.61],
		"b_input": [-3.157,-1.736,-1.885,-3.069,-3.67],
		"x_reference": [0.3127,0.3127,0.3127,0.3127,0.3127],
		"y_reference": [0.329,0.329,0.329,0.329,0.329],
		"Y_reference": [0.8913,0.2901,0.09441,0.03073,0.01],
		"x_input": [0.3022,0.3071,0.3227,0.3389,0.3491],
		"y_input": [0.3157,0.3192,0.3069,0.2823,0.2667],
		"Y_input": [0.08434,0.04489,0.01955,0.009584,0.007387],
		"LUV_comment": "L2 is used to differentiate between the L in LAB and L in LUV.",
		"L2_reference": [805.1,262,85.28,27.75,9.033],
		"U_reference": [0.1978,0.1978,0.1978,0.1978,0.1978],
		"V_reference": [0.4683,0.4683,0.4683,0.4683,0.4683],
		"L2_input": [76.18,40.55,17.66,8.658,6.673],
		"U_input": [0.1955,0.1976,0.2138,0.2375,0.2538],
		"V_input": [0.4594,0.4622,0.4575,0.4449,0.4363],
		"patch_numbers_for_all_Delta_E_C": [1,2,3,4,5],
		"Delta_E_all": [60.8,35.6,22.1,14.8,11.5],
		"Delta_C_all": [3.2,1.88,4.99,9.14,11.2],
		"Delta_E94_all": [60.8,35.6,22.1,14.8,11.5],
		"Delta_C94_all": [3.2,1.88,4.99,9.14,11.2],
		"Delta_E2000_all": [49.9,32.7,17.1,12.8,12],
		"Delta_C2000_all": [3.03,1.96,6.18,10.2,11.9],
		"Delta_L_all": [-60.8,-35.6,-21.6,-11.7,-2.32],
		"Delta_Chroma_all": [3.2,1.88,4.99,9.14,11.2],
		"Delta_Hue_Distance_all": [0,0,0,0,0],
		"Delta_Hue_Degrees_all": [0,0,0,0,0],
		"sat_corr_comment": "sat_corr explained on https://www.imatest.com/docs/colorcheck/#satcorr - not recommended.",
		"Delta_C_all_sat_corr": ["_NaN_","_NaN_","_NaN_","_NaN_","_NaN_"],
		"Delta_C94_all_sat_corr": ["_NaN_","_NaN_","_NaN_","_NaN_","_NaN_"],
		"Delta_C2000_all_sat_corr": ["_NaN_","_NaN_","_NaN_","_NaN_","_NaN_"],
		"grayscale_patch_numbers": [1,2,3,4,5],
		"Delta_E": [60.8,35.6,22.1,14.8,11.5],
		"Delta_C": [3.2,1.88,4.99,9.14,11.2],
		"Delta_E94": [60.8,35.6,22.1,14.8,11.5],
		"Delta_C94": [3.2,1.88,4.99,9.14,11.2],
		"Delta_E2000": [49.9,32.7,17.1,12.8,12],
		"Delta_C2000": [3.03,1.96,6.18,10.2,11.9],
		"Delta_L": [-60.8,-35.6,-21.6,-11.7,-2.32],
		"Delta_Chroma": [3.2,1.88,4.99,9.14,11.2],
		"Delta_Hue_Distance": [0,0,0,0,0],
		"Delta_Hue_Degrees": [0,0,0,0,0],
		"mean_Delta_E": [29],
		"mean_Delta_C": [6.09],
		"mean_Delta_E94": [29],
		"mean_Delta_C94": [6.09],
		"mean_Delta_E2000": [24.9],
		"mean_Delta_C2000": [6.66],
		"mean_Delta_L": [-26.4],
		"mean_Delta_Chroma": [6.09],
		"mean_Delta_Hue_Distance": [0],
		"mean_Delta_Hue_Degrees": [0],
		"mean_Delta_C_sat_corr": ["_NaN_"],
		"mean_Delta_C94_sat_corr": ["_NaN_"],
		"mean_Delta_C2000_sat_corr": ["_NaN_"],
		"max_Delta_E": [60.8],
		"max_Delta_C": [11.2],
		"max_Delta_E94": [60.8],
		"max_Delta_C94": [11.2],
		"max_Delta_E2000": [49.9],
		"max_Delta_C2000": [11.9],
		"max_Delta_L": [-2.32],
		"max_Delta_Chroma": [11.2],
		"max_Delta_Hue_Distance": [0],
		"max_Delta_Hue_Degrees": [0],
		"max_Delta_C_sat_corr": ["_NaN_"],
		"max_Delta_C94_sat_corr": ["_NaN_"],
		"max_Delta_C2000_sat_corr": ["_NaN_"],
		"mean_RegionSize": [45292.8],
		"Sequence_dark_to_light": [5,4,3,2,1],
		"Patch_number": [5,4,3,2,1],
		"R_noise": [0.1042,0.1084,0.1209,0.1271,0.1206],
		"G_noise": [0.07326,0.08192,0.09415,0.08808,0.07148],
		"B_noise": [0.08833,0.09318,0.1045,0.1009,0.08139],
		"R_SNR_ratio": [1.215,1.237,1.415,1.842,2.614],
		"G_SNR_ratio": [0.8234,0.9923,1.504,2.652,4.494],
		"B_SNR_ratio": [1.151,1.22,1.535,2.426,4.19],
		"R_SNR_dB": [1.694,1.849,3.018,5.305,8.346],
		"G_SNR_dB": [-1.688,-0.067,3.544,8.47,13.05],
		"B_SNR_dB": [1.219,1.729,3.724,7.698,12.44],
		"Gb_noise": [0.06056,0.06666,0.07507,0.07154,0.06025],
		"Gb_SNR_ratio": [1.278,1.423,1.988,3.278,5.335],
		"Gb_SNR_dB": [2.131,3.063,5.969,10.31,14.54],
		"Y_f_stop_SNR_ratio": [0.891,0.7431,0.5743,0.3327,0.1778],
		"Y_f_stop_SNR_dB": [-1.002,-2.579,-4.817,-9.559,-15],
		"quality_levels_for_DR": [
				"Low,",
				"Medium,",
				"M-H,",
				"High,"
		],
		"SigNoise_levels_for_DR": [1,0.5,0.25,0.1],
		"Dynamic_Range_f_stops": [0,0,0,0],
		"Dynamic_Range_dB": [0,0,0,0],
		"noise_ISO15739_pct": [1.736,2.26,4.226,7.61,8.179],
		"snr_ISO15739": [0.4256,0.424,0.4628,0.5899,1.031],
		"noise_pct_ISO15739_at_13pct_Lref": [7.92],
		"snr_ISO15739_at_13pct_Lref": [0.8301],
		"snr_dB_ISO15739_at_13pct_Lref": [-1.618],
		"DynamicRange_at_density_2": [264.8],
		"DynamicRange_total": [5.583],
		"DynamicRange_from_slope_OD": [1.95],
		"DynamicRange_from_slope_EV": [6.474],
		"DynamicRange_from_slope_dB": [39],
		"SNR_BW_dB_RGBY": [5.019,8.208,7.03,10.01],
		"L_noise": [6.801,7.388,8.07,7.332,6.034],
		"a_noise": [15.33,16.45,18.62,17.75,15.01],
		"b_noise": [15.16,16.31,18.56,17.21,13.6],
		"Total_Lab_noise_unwtd": [22.6,24.32,27.51,25.78,21.14],
		"Total_ab_noise_unwtd": [21.56,23.17,26.3,24.72,20.26],
		"R_minus_Y_KK_noise": [0.09197,0.09747,0.1114,0.1135,0.1035],
		"B_minus_Y_KK_noise": [0.09331,0.1014,0.1175,0.1115,0.08892],
		"Y_Kelly_Keelan_noise": [0.06056,0.06666,0.07507,0.07154,0.06025],
		"Total_KK_noise": [0.08242,0.08943,0.1015,0.09902,0.08552],
		"Chroma_KK_noise": [0.05591,0.05963,0.06838,0.06846,0.06068],
		"Total_old_iso_noise": [0.1023,0.1103,0.1256,0.1239,0.1084],
		"Y_noise_from_YUV": [0.06055,0.06665,0.07505,0.07153,0.06025],
		"U_noise_from_YUV": [0.04384,0.04764,0.05523,0.05241,0.04178],