{
	"jsonResults": {
		"dateRun": "07-May-2025 15:08:50",
		"ini_time_size": "07-May-2025 15:01:17 9689B  MD5 = 0b60de6e9f2c29b090d319a75437ad2e",
		"version": "Imatest 24.2.6 Master Color/Tone Auto",
		"build": "2025-03-20",
		"image_file": "potted plant_55.0 mm_6400ISO_+1EV_Dist1_ON_Defocus2.tiff",
		"ColorSpace": "sRGB",
		"Reference": "Default values",
		"Ref_folder": "/usr/local/Imatest/v24.2/Master/",
		"Gamma": [0.3051],
		"patches_for_gamma_start_end": [1,5],
		"exposure_error_normalized_y_channel": [0.183],
		"mean_camera_Saturation_Pct": ["_NaN_"],
		"mean_chroma_level_CPIQ_Pct": ["_NaN_"],
		"CPIQ_chroma_quality_loss_JND": ["_NaN_"],
		"CPIQ_exposure_quality_loss_JND": ["_NaN_"],
		"pixel_offset": [0],
		"mean_patch_size_pxls": [182,233],
		"roi_settings": "Recent ROI settings are in roi, nwid_save, nht_save, fillf, and distort (same names as ini file)",
		"roi": [3053,1391,4492,1721,3113,1721,4272,1386],
		"nwid_save": [6024],
		"nht_save": [4020],
		"fillf": [0.7],
		"distort": [0],
		"grayscale_zone": [1,2,3,4,5],
		"grayscale_minus_log_exposure": [2,1.513,1.025,0.5375,0.05],
		"grayscale_Y_reflectivity": [0.01,0.03073,0.09441,0.2901,0.8913],
		"grayscale_Y_Printer_pixel_gamma22": [33.13,55.18,91.91,153.1,255],
		"grayscale_Y_density": [0.04873,0.1445,0.2932,0.4854,0.6079],
		"grayscale_R_density": [0.05033,0.1478,0.2989,0.493,0.6155],
		"grayscale_G_density": [0.04953,0.1441,0.2923,0.4836,0.6061],
		"grayscale_B_density": [0.03626,0.1382,0.286,0.4808,0.6034],
		"grayscale_Y_mean": [227.9,182.8,129.8,83.4,62.9],
		"grayscale_R_mean": [227.1,181.5,128.1,81.95,61.81],
		"grayscale_G_mean": [227.5,183,130.1,83.74,63.16],
		"grayscale_B_mean": [234.6,185.5,132,84.28,63.56],
		"White_Bal_error_Degrees": [343.2,212.9,273.5,231.1,219.4],
		"White_Bal_error_Mired": [-7.715,-4.878,-6.213,-5.282,-5.024],
		"White_Bal_error_S_HSV": [0.03188,0.02184,0.02943,0.02772,0.02757],
		"White_Bal_error_Delta_C_ab": [3.674,1.484,1.338,0.8311,0.6551],
		"White_Bal_error_Delta_C_94": [3.674,1.484,1.338,0.8311,0.6551],
		"White_Bal_error_Delta_C_00": [3.577,1.437,1.353,1.044,0.8295],
		"n_Patch": [1,2,3,4,5],
		"n_Row": [1,1,1,1,1],
		"n_Column": [1,2,3,4,5],
		"width_pixels": [183,183,183,183,183],
		"height_pixels": [235,235,235,234,235],
		"Pixels_total": [43005,43005,43005,42822,43005],
		"R_reference": [242.4,146.6,86.6,49.01,25.46],
		"G_reference": [242.4,146.6,86.6,49.01,25.46],
		"B_reference": [242.4,146.6,86.6,49.01,25.46],
		"R_input": [227.1,181.5,128.1,81.95,61.81],
		"G_input": [227.5,183,130.1,83.74,63.16],
		"B_input": [234.6,185.5,132,84.28,63.56],
		"L_reference": [95.63,60.79,36.82,20.33,8.991],
		"a_reference": [0,0,0,0,0],
		"b_reference": [0,0,0,0,0],
		"L_input": [90.57,74.36,54.3,35.47,26.61],
		"a_input": [1.144,-0.04732,-0.353,-0.601,-0.4777],
		"b_input": [-3.491,-1.483,-1.291,-0.574,-0.4483],
		"x_reference": [0.3127,0.3127,0.3127,0.3127,0.3127],
		"y_reference": [0.329,0.329,0.329,0.329,0.329],
		"Y_reference": [0.8913,0.2901,0.09441,0.03073,0.01],
		"x_input": [0.3079,0.3095,0.3084,0.3088,0.309],
		"y_input": [0.3216,0.3257,0.3256,0.3276,0.3277],
		"Y_input": [0.7754,0.4726,0.2226,0.08737,0.04956],
		"LUV_comment": "L2 is used to differentiate between the L in LAB and L in LUV.",
		"L2_reference": [805.1,262,85.28,27.75,9.033],
		"U_reference": [0.1978,0.1978,0.1978,0.1978,0.1978],
		"V_reference": [0.4683,0.4683,0.4683,0.4683,0.4683],
		"L2_input": [700.4,426.9,201,78.92,44.77],
		"U_input": [0.1973,0.1968,0.1961,0.1957,0.1958],
		"V_input": [0.4636,0.4661,0.4659,0.467,0.4671],
		"patch_numbers_for_all_Delta_E_C": [1,2,3,4,5],
		"Delta_E_all": [6.26,13.6,17.5,15.2,17.6],
		"Delta_C_all": [3.67,1.48,1.34,0.831,0.655],
		"Delta_E94_all": [6.26,13.6,17.5,15.2,17.6],
		"Delta_C94_all": [3.67,1.48,1.34,0.831,0.655],
		"Delta_E2000_all": [4.72,10.9,16.7,11.5,11.9],
		"Delta_C2000_all": [3.58,1.44,1.35,1.04,0.829],
		"Delta_L_all": [-5.06,13.6,17.5,15.1,17.6],
		"Delta_Chroma_all": [3.67,1.48,1.34,0.831,0.655],
		"Delta_Hue_Distance_all": [0,0,0,0,0],
		"Delta_Hue_Degrees_all": [0,0,0,0,0],
		"sat_corr_comment": "sat_corr explained on https://www.imatest.com/docs/colorcheck/#satcorr - not recommended.",
		"Delta_C_all_sat_corr": ["_NaN_","_NaN_","_NaN_","_NaN_","_NaN_"],
		"Delta_C94_all_sat_corr": ["_NaN_","_NaN_","_NaN_","_NaN_","_NaN_"],
		"Delta_C2000_all_sat_corr": ["_NaN_","_NaN_","_NaN_","_NaN_","_NaN_"],
		"grayscale_patch_numbers": [1,2,3,4,5],
		"Delta_E": [6.26,13.6,17.5,15.2,17.6],
		"Delta_C": [3.67,1.48,1.34,0.831,0.655],
		"Delta_E94": [6.26,13.6,17.5,15.2,17.6],
		"Delta_C94": [3.67,1.48,1.34,0.831,0.655],
		"Delta_E2000": [4.72,10.9,16.7,11.5,11.9],
		"Delta_C2000": [3.58,1.44,1.35,1.04,0.829],
		"Delta_L": [-5.06,13.6,17.5,15.1,17.6],
		"Delta_Chroma": [3.67,1.48,1.34,0.831,0.655],
		"Delta_Hue_Distance": [0,0,0,0,0],
		"Delta_Hue_Degrees": [0,0,0,0,0],
		"mean_Delta_E": [14],
		"mean_Delta_C": [1.6],
		"mean_Delta_E94": [14],
		"mean_Delta_C94": [1.6],
		"mean_Delta_E2000": [11.2],
		"mean_Delta_C2000": [1.65],
		"mean_Delta_L": [11.7],
		"mean_Delta_Chroma": [1.6],
		"mean_Delta_Hue_Distance": [0],
		"mean_Delta_Hue_Degrees": [0],
		"mean_Delta_C_sat_corr": ["_NaN_"],
		"mean_Delta_C94_sat_corr": ["_NaN_"],
		"mean_Delta_C2000_sat_corr": ["_NaN_"],
		"max_Delta_E": [17.6],
		"max_Delta_C": [3.67],
		"max_Delta_E94": [17.6],
		"max_Delta_C94": [3.67],
		"max_Delta_E2000": [16.7],
		"max_Delta_C2000": [3.58],
		"max_Delta_L": [17.6],
		"max_Delta_Chroma": [3.67],
		"max_Delta_Hue_Distance": [0],
		"max_Delta_Hue_Degrees": [0],
		"max_Delta_C_sat_corr": ["_NaN_"],
		"max_Delta_C94_sat_corr": ["_NaN_"],
		"max_Delta_C2000_sat_corr": ["_NaN_"],
		"mean_RegionSize": [42785.4],
		"Sequence_dark_to_light": [5,4,3,2,1],
		"Patch_number": [5,4,3,2,1],
		"R_noise": [0.08644,0.06891,0.04816,0.04157,0.04454],
		"G_noise": [0.0595,0.03958,0.0295,0.02913,0.03647],
		"B_noise": [0.07071,0.05019,0.03645,0.03298,0.03939],
		"R_SNR_ratio": [2.804,4.663,10.43,17.12,20],
		"G_SNR_ratio": [4.163,8.297,17.29,24.64,24.47],
		"B_SNR_ratio": [3.525,6.585,14.2,22.06,23.35],
		"R_SNR_dB": [8.956,13.37,20.37,24.67,26.02],
		"G_SNR_dB": [12.39,18.38,24.76,27.83,27.77],
		"B_SNR_dB": [10.94,16.37,23.05,26.87,27.37],
		"Gb_noise": [0.05405,0.03554,0.02499,0.02521,0.03389],
		"Gb_SNR_ratio": [4.564,9.202,20.37,28.44,26.38],
		"Gb_SNR_dB": [13.19,19.28,26.18,29.08,28.42],
		"Y_f_stop_SNR_ratio": [3.222,4.711,4.818,2.279,0.9182],
		"Y_f_stop_SNR_dB": [10.16,13.46,13.66,7.156,-0.7409],
		"quality_levels_for_DR": [
				"Low,",
				"Medium,",
				"M-H,",
				"High,"
		],
		"SigNoise_levels_for_DR": [1,0.5,0.25,0.1],
		"Dynamic_Range_f_stops": [6.256,5.011,3.536,0],
		"Dynamic_Range_dB": [37.66,30.17,21.29,0],
		"noise_ISO15739_pct": [0.9614,0.8219,1.188,2.75,5.172],
		"snr_ISO15739": [5.155,10.63,18.73,17.19,14.99],
		"noise_pct_ISO15739_at_13pct_Lref": [2.371],
		"snr_ISO15739_at_13pct_Lref": [17.56],
		"snr_dB_ISO15739_at_13pct_Lref": [24.89],
		"DynamicRange_at_density_2": [220.6],
		"DynamicRange_total": [0],
		"DynamicRange_from_slope_OD": [1.95],
		"DynamicRange_from_slope_EV": [6.474],
		"DynamicRange_from_slope_dB": [39],
		"SNR_BW_dB_RGBY": [22.69,25.78,24.7,27.04],
		"L_noise": [5.899,3.732,2.479,2.362,3.069],
		"a_noise": [11.04,8.579,6.298,5.006,4.364],
		"b_noise": [10.4,7.824,5.812,4.675,4.058],
		"Total_Lab_noise_unwtd": [16.27,12.2,8.921,7.245,6.703],
		"Total_ab_noise_unwtd": [15.17,11.61,8.57,6.849,5.959],
		"R_minus_Y_KK_noise": [0.06656,0.05562,0.04082,0.03427,0.03065],
		"B_minus_Y_KK_noise": [0.06393,0.04937,0.03937,0.03366,0.03042],
		"Y_Kelly_Keelan_noise": [0.05405,0.03554,0.02499,0.02521,0.03389],
		"Total_KK_noise": [0.06721,0.04838,0.03501,0.03261,0.03863],
		"Chroma_KK_noise": [0.03995,0.03283,0.02452,0.02067,0.01854],
		"Total_old_iso_noise": [0.08007,0.06028,0.04403,0.03961,0.04356],
		"Y_noise_from_YUV": [0.05405,0.03554,0.02499,0.02521,0.03389],
		"U_noise_from_YUV": [0.03004,0.0232,0.0185,0.01582,0.01429],