{
	"jsonResults": {
		"dateRun": "07-May-2025 15:08:50",
		"ini_time_size": "07-May-2025 15:01:17 9689B  MD5 = 0b60de6e9f2c29b090d319a75437ad2e",
		"version": "Imatest 24.2.6 Master Color/Tone Auto",
		"build": "2025-03-20",
		"image_file": "potted plant_55.0 mm_25600ISO_+1EV_Dist1_ON_Focused.tiff",
		"ColorSpace": "sRGB",
		"Reference": "Default values",
		"Ref_folder": "/usr/local/Imatest/v24.2/Master/",
		"Gamma": [0.3297],
		"patches_for_gamma_start_end": [1,5],
		"exposure_error_normalized_y_channel": [0.133],
		"mean_camera_Saturation_Pct": ["_NaN_"],
		"mean_chroma_level_CPIQ_Pct": ["_NaN_"],
		"CPIQ_chroma_quality_loss_JND": ["_NaN_"],
		"CPIQ_exposure_quality_loss_JND": ["_NaN_"],
		"pixel_offset": [0],
		"mean_patch_size_pxls": [182,233],
		"roi_settings": "Recent ROI settings are in roi, nwid_save, nht_save, fillf, and distort (same names as ini file)",
		"roi": [3053,1391,4492,1721,3113,1721,4272,1386],
		"nwid_save": [6024],
		"nht_save": [4020],
		"fillf": [0.7],
		"distort": [0],
		"grayscale_zone": [1,2,3,4,5],
		"grayscale_minus_log_exposure": [2,1.513,1.025,0.5375,0.05],
		"grayscale_Y_reflectivity": [0.01,0.03073,0.09441,0.2901,0.8913],
		"grayscale_Y_Printer_pixel_gamma22": [33.13,55.18,91.91,153.1,255],
		"grayscale_Y_density": [0.0589,0.1661,0.3268,0.5649,0.8894],
		"grayscale_R_density": [0.0547,0.1647,0.3291,0.5727,0.8054],
		"grayscale_G_density": [0.06124,0.167,0.3267,0.5629,0.9203],
		"grayscale_B_density": [0.04837,0.1614,0.3215,0.5619,0.8668],
		"grayscale_Y_mean": [222.7,173.9,120.1,69.45,32.9],
		"grayscale_R_mean": [224.8,174.5,119.5,68.21,39.92],
		"grayscale_G_mean": [221.5,173.6,120.2,69.77,30.64],
		"grayscale_B_mean": [228.1,175.9,121.6,69.93,34.65],
		"White_Bal_error_Degrees": [176.3,85.94,164.1,193.9,-1066],
		"White_Bal_error_Mired": [-4.064,-2.008,-3.788,-4.457,30.18],
		"White_Bal_error_S_HSV": [0.0292,0.01294,0.01737,0.0246,0.2325],
		"White_Bal_error_Delta_C_ab": [3.695,1.302,0.8899,0.6889,5.456],
		"White_Bal_error_Delta_C_94": [3.695,1.302,0.8899,0.6889,5.456],
		"White_Bal_error_Delta_C_00": [4.108,1.501,0.8739,0.9443,6.852],
		"n_Patch": [1,2,3,4,5],
		"n_Row": [1,1,1,1,1],
		"n_Column": [1,2,3,4,5],
		"width_pixels": [183,183,183,183,183],
		"height_pixels": [235,235,235,234,235],
		"Pixels_total": [43005,43005,43005,42822,43005],
		"R_reference": [242.4,146.6,86.6,49.01,25.46],
		"G_reference": [242.4,146.6,86.6,49.01,25.46],
		"B_reference": [242.4,146.6,86.6,49.01,25.46],
		"R_input": [224.8,174.5,119.5,68.21,39.92],
		"G_input": [221.5,173.6,120.2,69.77,30.64],
		"B_input": [228.1,175.9,121.6,69.93,34.65],
		"L_reference": [95.63,60.79,36.82,20.33,8.991],
		"a_reference": [0,0,0,0,0],
		"b_reference": [0,0,0,0,0],
		"L_input": [88.71,71.08,50.49,29.49,12.8],
		"a_input": [2.338,0.7582,0.04563,-0.6041,5.358],
		"b_input": [-2.861,-1.058,-0.8888,-0.3311,-1.03],
		"x_reference": [0.3127,0.3127,0.3127,0.3127,0.3127],
		"y_reference": [0.329,0.329,0.329,0.329,0.329],
		"Y_reference": [0.8913,0.2901,0.09441,0.03073,0.01],
		"x_input": [0.3107,0.3117,0.3102,0.3093,0.3333],
		"y_input": [0.3219,0.3259,0.3262,0.3285,0.3089],
		"Y_input": [0.7355,0.423,0.1883,0.06029,0.0153],
		"LUV_comment": "L2 is used to differentiate between the L in LAB and L in LUV.",
		"L2_reference": [805.1,262,85.28,27.75,9.033],
		"U_reference": [0.1978,0.1978,0.1978,0.1978,0.1978],
		"V_reference": [0.4683,0.4683,0.4683,0.4683,0.4683],
		"L2_input": [664.3,382.1,170.1,54.46,13.82],
		"U_input": [0.1991,0.1983,0.1971,0.1957,0.2207],
		"V_input": [0.4642,0.4665,0.4665,0.4675,0.4603],
		"patch_numbers_for_all_Delta_E_C": [1,2,3,4,5],
		"Delta_E_all": [7.85,10.4,13.7,9.18,6.65],
		"Delta_C_all": [3.69,1.3,0.89,0.689,5.46],
		"Delta_E94_all": [7.85,10.4,13.7,9.18,6.65],
		"Delta_C94_all": [3.69,1.3,0.89,0.689,5.46],
		"Delta_E2000_all": [5.91,8.5,12.7,6.75,7.26],
		"Delta_C2000_all": [4.11,1.5,0.874,0.944,6.85],
		"Delta_L_all": [-6.93,10.3,13.7,9.15,3.81],
		"Delta_Chroma_all": [3.69,1.3,0.89,0.689,5.46],
		"Delta_Hue_Distance_all": [0,0,0,0,0],
		"Delta_Hue_Degrees_all": [0,0,0,0,0],
		"sat_corr_comment": "sat_corr explained on https://www.imatest.com/docs/colorcheck/#satcorr - not recommended.",
		"Delta_C_all_sat_corr": ["_NaN_","_NaN_","_NaN_","_NaN_","_NaN_"],
		"Delta_C94_all_sat_corr": ["_NaN_","_NaN_","_NaN_","_NaN_","_NaN_"],
		"Delta_C2000_all_sat_corr": ["_NaN_","_NaN_","_NaN_","_NaN_","_NaN_"],
		"grayscale_patch_numbers": [1,2,3,4,5],
		"Delta_E": [7.85,10.4,13.7,9.18,6.65],
		"Delta_C": [3.69,1.3,0.89,0.689,5.46],
		"Delta_E94": [7.85,10.4,13.7,9.18,6.65],
		"Delta_C94": [3.69,1.3,0.89,0.689,5.46],
		"Delta_E2000": [5.91,8.5,12.7,6.75,7.26],
		"Delta_C2000": [4.11,1.5,0.874,0.944,6.85],
		"Delta_L": [-6.93,10.3,13.7,9.15,3.81],
		"Delta_Chroma": [3.69,1.3,0.89,0.689,5.46],
		"Delta_Hue_Distance": [0,0,0,0,0],
		"Delta_Hue_Degrees": [0,0,0,0,0],
		"mean_Delta_E": [9.55],
		"mean_Delta_C": [2.41],
		"mean_Delta_E94": [9.55],
		"mean_Delta_C94": [2.41],
		"mean_Delta_E2000": [8.23],
		"mean_Delta_C2000": [2.86],
		"mean_Delta_L": [6],
		"mean_Delta_Chroma": [2.41],
		"mean_Delta_Hue_Distance": [0],
		"mean_Delta_Hue_Degrees": [0],
		"mean_Delta_C_sat_corr": ["_NaN_"],
		"mean_Delta_C94_sat_corr": ["_NaN_"],
		"mean_Delta_C2000_sat_corr": ["_NaN_"],
		"max_Delta_E": [13.7],
		"max_Delta_C": [5.46],
		"max_Delta_E94": [13.7],
		"max_Delta_C94": [5.46],
		"max_Delta_E2000": [12.7],
		"max_Delta_C2000": [6.85],
		"max_Delta_L": [13.7],
		"max_Delta_Chroma": [5.46],
		"max_Delta_Hue_Distance": [0],
		"max_Delta_Hue_Degrees": [0],
		"max_Delta_C_sat_corr": ["_NaN_"],
		"max_Delta_C94_sat_corr": ["_NaN_"],
		"max_Delta_C2000_sat_corr": ["_NaN_"],
		"mean_RegionSize": [42785.4],
		"Sequence_dark_to_light": [5,4,3,2,1],
		"Patch_number": [5,4,3,2,1],
		"R_noise": [0.1159,0.125,0.08629,0.06774,0.05784],
		"G_noise": [0.09169,0.08012,0.05551,0.04775,0.04427],
		"B_noise": [0.09974,0.0949,0.06274,0.05281,0.04693],
		"R_SNR_ratio": [1.351,2.14,5.432,10.1,15.24],
		"G_SNR_ratio": [1.31,3.415,8.491,14.26,19.62],
		"B_SNR_ratio": [1.363,2.89,7.603,13.06,19.06],
		"R_SNR_dB": [2.612,6.607,14.7,20.09,23.66],
		"G_SNR_dB": [2.347,10.67,18.58,23.08,25.85],
		"B_SNR_dB": [2.687,9.217,17.62,22.32,25.6],
		"Gb_noise": [0.0734,0.06649,0.04682,0.03984,0.03654],
		"Gb_SNR_ratio": [1.758,4.096,10.06,17.12,23.9],
		"Gb_SNR_dB": [4.898,12.25,20.06,24.67,27.57],
		"Y_f_stop_SNR_ratio": [3.228,3.115,2.702,1.589,1.206],
		"Y_f_stop_SNR_dB": [10.18,9.869,8.635,4.021,1.625],
		"quality_levels_for_DR": [
				"Low,",
				"Medium,",
				"M-H,",
				"High,"
		],
		"SigNoise_levels_for_DR": [1,0.5,0.25,0.1],
		"Dynamic_Range_f_stops": [0,4.05,0,0],
		"Dynamic_Range_dB": [0,24.38,0,0],
		"noise_ISO15739_pct": [0.8793,1.112,1.916,4.015,5.139],
		"snr_ISO15739": [1.74,5.423,9.829,10.53,14.31],
		"noise_pct_ISO15739_at_13pct_Lref": [3.552],
		"snr_ISO15739_at_13pct_Lref": [10.38],
		"snr_dB_ISO15739_at_13pct_Lref": [20.32],
		"DynamicRange_at_density_2": [242],
		"DynamicRange_total": [0],
		"DynamicRange_from_slope_OD": [1.95],
		"DynamicRange_from_slope_EV": [6.474],
		"DynamicRange_from_slope_dB": [39],
		"SNR_BW_dB_RGBY": [18.96,22,21.12,23.57],
		"L_noise": [8.008,6.765,4.643,3.742,3.28],
		"a_noise": [17.96,16.48,11.12,8.683,7.315],
		"b_noise": [17.58,15.72,10.16,7.996,6.945],
		"Total_Lab_noise_unwtd": [26.38,23.76,15.76,12.38,10.61],
		"Total_ab_noise_unwtd": [25.14,22.78,15.06,11.8,10.09],
		"R_minus_Y_KK_noise": [0.1069,0.1089,0.07362,0.05865,0.05079],
		"B_minus_Y_KK_noise": [0.1108,0.1026,0.06838,0.05716,0.05195],
		"Y_Kelly_Keelan_noise": [0.0734,0.06649,0.04682,0.03984,0.03654],
		"Total_KK_noise": [0.09825,0.09305,0.06415,0.05324,0.04788],
		"Chroma_KK_noise": [0.06531,0.06511,0.04386,0.03532,0.03094],
		"Total_old_iso_noise": [0.1211,0.1171,0.08005,0.06566,0.05846],
		"Y_noise_from_YUV": [0.07339,0.06648,0.04681,0.03984,0.03653],
		"U_noise_from_YUV": [0.05205,0.04823,0.03213,0.02686,0.02441],