{
	"jsonResults": {
		"dateRun": "13-May-2025 11:53:35",
		"ini_time_size": "13-May-2025 11:49:51 19023B  MD5 = f1ea47fb316e71e682b9f03904642b64",
		"version": "Imatest 24.2.6 Master Color/Tone Auto",
		"build": "2025-03-20",
		"image_file": "potted plant_55.0 mm_1600ISO_-2EV_Dist1_OFF_Defocus2.tiff",
		"ColorSpace": "sRGB",
		"Reference": "Default values",
		"Ref_folder": "/usr/local/Imatest/v24.2/Master/",
		"Gamma": [0.3536],
		"patches_for_gamma_start_end": [1,5],
		"exposure_error_normalized_y_channel": [-0.22],
		"mean_camera_Saturation_Pct": ["_NaN_"],
		"mean_chroma_level_CPIQ_Pct": ["_NaN_"],
		"CPIQ_chroma_quality_loss_JND": ["_NaN_"],
		"CPIQ_exposure_quality_loss_JND": ["_NaN_"],
		"pixel_offset": [0],
		"mean_patch_size_pxls": [201,223],
		"roi_settings": "Recent ROI settings are in roi, nwid_save, nht_save, fillf, and distort (same names as ini file)",
		"roi": [3103,1411,4362,1685,3103,1687,4362,1403],
		"nwid_save": [6024],
		"nht_save": [4020],
		"fillf": [0.8],
		"distort": [0],
		"grayscale_zone": [1,2,3,4,5],
		"grayscale_minus_log_exposure": [2,1.513,1.025,0.5375,0.05],
		"grayscale_Y_reflectivity": [0.01,0.03073,0.09441,0.2901,0.8913],
		"grayscale_Y_Printer_pixel_gamma22": [33.13,55.18,91.91,153.1,255],
		"grayscale_Y_density": [0.4222,0.5326,0.705,0.9501,1.12],
		"grayscale_R_density": [0.4176,0.5302,0.7073,0.959,1.107],
		"grayscale_G_density": [0.4251,0.5342,0.7052,0.9479,1.126],
		"grayscale_B_density": [0.4071,0.5245,0.6962,0.9455,1.105],
		"grayscale_Y_mean": [96.46,74.8,50.3,28.61,19.33],
		"grayscale_R_mean": [97.49,75.22,50.04,28.02,19.92],
		"grayscale_G_mean": [95.81,74.53,50.27,28.75,19.09],
		"grayscale_B_mean": [99.86,76.21,51.33,28.91,20.04],
		"White_Bal_error_Degrees": [265.3,133.7,214.7,198.6,78.17],
		"White_Bal_error_Mired": [-6.032,-3.101,-4.918,-4.562,-1.828],
		"White_Bal_error_S_HSV": [0.04054,0.02199,0.02519,0.03066,0.04755],
		"White_Bal_error_Delta_C_ab": [2.567,1.112,0.726,0.3822,0.7197],
		"White_Bal_error_Delta_C_94": [2.567,1.112,0.726,0.3822,0.7197],
		"White_Bal_error_Delta_C_00": [2.876,1.29,0.7322,0.5044,0.9312],
		"n_Patch": [1,2,3,4,5],
		"n_Row": [1,1,1,1,1],
		"n_Column": [1,2,3,4,5],
		"width_pixels": [202,203,202,202,202],
		"height_pixels": [225,225,225,225,225],
		"Pixels_total": [45450,45675,45450,45450,45450],
		"R_reference": [242.4,146.6,86.6,49.01,25.46],
		"G_reference": [242.4,146.6,86.6,49.01,25.46],
		"B_reference": [242.4,146.6,86.6,49.01,25.46],
		"R_input": [97.49,75.22,50.04,28.02,19.92],
		"G_input": [95.81,74.53,50.27,28.75,19.09],
		"B_input": [99.86,76.21,51.33,28.91,20.04],
		"L_reference": [95.63,60.79,36.82,20.33,8.991],
		"a_reference": [0,0,0,0,0],
		"b_reference": [0,0,0,0,0],
		"L_input": [40.92,31.8,20.92,10.57,6.027],
		"a_input": [1.514,0.6509,0.1475,-0.3023,0.5562],
		"b_input": [-2.073,-0.9011,-0.7108,-0.2338,-0.4568],
		"x_reference": [0.3127,0.3127,0.3127,0.3127,0.3127],
		"y_reference": [0.329,0.329,0.329,0.329,0.329],
		"Y_reference": [0.8913,0.2901,0.09441,0.03073,0.01],
		"x_input": [0.3096,0.3111,0.3096,0.3093,0.3124],
		"y_input": [0.3198,0.3242,0.3248,0.328,0.3218],
		"Y_input": [0.1182,0.06999,0.03225,0.01202,0.006672],
		"LUV_comment": "L2 is used to differentiate between the L in LAB and L in LUV.",
		"L2_reference": [805.1,262,85.28,27.75,9.033],
		"U_reference": [0.1978,0.1978,0.1978,0.1978,0.1978],
		"V_reference": [0.4683,0.4683,0.4683,0.4683,0.4683],
		"L2_input": [106.7,63.22,29.13,10.86,6.027],
		"U_input": [0.1992,0.1985,0.1972,0.1958,0.2004],
		"V_input": [0.4628,0.4655,0.4656,0.4673,0.4644],
		"patch_numbers_for_all_Delta_E_C": [1,2,3,4,5],
		"Delta_E_all": [54.8,29,15.9,9.77,3.05],
		"Delta_C_all": [2.57,1.11,0.726,0.382,0.72],
		"Delta_E94_all": [54.8,29,15.9,9.77,3.05],
		"Delta_C94_all": [2.57,1.11,0.726,0.382,0.72],
		"Delta_E2000_all": [43.3,28,12.2,6.47,2.04],
		"Delta_C2000_all": [2.88,1.29,0.732,0.504,0.931],
		"Delta_L_all": [-54.7,-29,-15.9,-9.76,-2.96],
		"Delta_Chroma_all": [2.57,1.11,0.726,0.382,0.72],
		"Delta_Hue_Distance_all": [0,0,0,0,0],
		"Delta_Hue_Degrees_all": [0,0,0,0,0],
		"sat_corr_comment": "sat_corr explained on https://www.imatest.com/docs/colorcheck/#satcorr - not recommended.",
		"Delta_C_all_sat_corr": ["_NaN_","_NaN_","_NaN_","_NaN_","_NaN_"],
		"Delta_C94_all_sat_corr": ["_NaN_","_NaN_","_NaN_","_NaN_","_NaN_"],
		"Delta_C2000_all_sat_corr": ["_NaN_","_NaN_","_NaN_","_NaN_","_NaN_"],
		"grayscale_patch_numbers": [1,2,3,4,5],
		"Delta_E": [54.8,29,15.9,9.77,3.05],
		"Delta_C": [2.57,1.11,0.726,0.382,0.72],
		"Delta_E94": [54.8,29,15.9,9.77,3.05],
		"Delta_C94": [2.57,1.11,0.726,0.382,0.72],
		"Delta_E2000": [43.3,28,12.2,6.47,2.04],
		"Delta_C2000": [2.88,1.29,0.732,0.504,0.931],
		"Delta_L": [-54.7,-29,-15.9,-9.76,-2.96],
		"Delta_Chroma": [2.57,1.11,0.726,0.382,0.72],
		"Delta_Hue_Distance": [0,0,0,0,0],
		"Delta_Hue_Degrees": [0,0,0,0,0],
		"mean_Delta_E": [22.5],
		"mean_Delta_C": [1.1],
		"mean_Delta_E94": [22.5],
		"mean_Delta_C94": [1.1],
		"mean_Delta_E2000": [18.4],
		"mean_Delta_C2000": [1.27],
		"mean_Delta_L": [-22.5],
		"mean_Delta_Chroma": [1.1],
		"mean_Delta_Hue_Distance": [0],
		"mean_Delta_Hue_Degrees": [0],
		"mean_Delta_C_sat_corr": ["_NaN_"],
		"mean_Delta_C94_sat_corr": ["_NaN_"],
		"mean_Delta_C2000_sat_corr": ["_NaN_"],
		"max_Delta_E": [54.8],
		"max_Delta_C": [2.57],
		"max_Delta_E94": [54.8],
		"max_Delta_C94": [2.57],
		"max_Delta_E2000": [43.3],
		"max_Delta_C2000": [2.88],
		"max_Delta_L": [-2.96],
		"max_Delta_Chroma": [2.57],
		"max_Delta_Hue_Distance": [0],
		"max_Delta_Hue_Degrees": [0],
		"max_Delta_C_sat_corr": ["_NaN_"],
		"max_Delta_C94_sat_corr": ["_NaN_"],
		"max_Delta_C2000_sat_corr": ["_NaN_"],
		"mean_RegionSize": [45292.8],
		"Sequence_dark_to_light": [5,4,3,2,1],
		"Patch_number": [5,4,3,2,1],
		"R_noise": [0.04227,0.04445,0.03441,0.0287,0.02822],
		"G_noise": [0.03127,0.02645,0.02013,0.01843,0.01928],
		"B_noise": [0.03672,0.03493,0.02637,0.02327,0.02363],
		"R_SNR_ratio": [1.848,2.473,5.703,10.28,13.55],
		"G_SNR_ratio": [2.394,4.262,9.791,15.86,19.49],
		"B_SNR_ratio": [2.14,3.245,7.633,12.85,16.57],
		"R_SNR_dB": [5.333,7.863,15.12,20.24,22.64],
		"G_SNR_dB": [7.583,12.59,19.82,24,25.8],
		"B_SNR_dB": [6.61,10.23,17.65,22.18,24.39],
		"Gb_noise": [0.02714,0.02264,0.01694,0.01563,0.01685],
		"Gb_SNR_ratio": [2.793,4.956,11.64,18.76,22.45],
		"Gb_SNR_dB": [8.921,13.9,21.32,25.47,27.03],
		"Y_f_stop_SNR_ratio": [3.113,3.575,3.302,1.656,0.8271],
		"Y_f_stop_SNR_dB": [9.864,11.07,10.37,4.381,-1.648],
		"quality_levels_for_DR": [
				"Low,",
				"Medium,",
				"M-H,",
				"High,"
		],
		"SigNoise_levels_for_DR": [1,0.5,0.25,0.1],
		"Dynamic_Range_f_stops": [5.919,4.3,0,0],
		"Dynamic_Range_dB": [35.63,25.88,0,0],
		"noise_ISO15739_pct": [0.3539,0.3826,0.5839,1.22,1.826],
		"snr_ISO15739": [1.886,3.141,5.524,5.735,6.473],
		"noise_pct_ISO15739_at_13pct_Lref": [1.66],
		"snr_ISO15739_at_13pct_Lref": [6.271],
		"snr_dB_ISO15739_at_13pct_Lref": [15.95],
		"DynamicRange_at_density_2": [1620],
		"DynamicRange_total": [0],
		"DynamicRange_from_slope_OD": [1.95],
		"DynamicRange_from_slope_EV": [6.474],
		"DynamicRange_from_slope_dB": [39],
		"SNR_BW_dB_RGBY": [19.34,23.19,21.17,24.62],
		"L_noise": [2.811,2.674,1.956,1.709,1.77],
		"a_noise": [5.602,6.76,5.246,4.22,3.85],
		"b_noise": [5.345,6.353,4.932,3.979,3.681],
		"Total_Lab_noise_unwtd": [8.237,9.655,7.461,6.046,5.612],
		"Total_ab_noise_unwtd": [7.743,9.277,7.2,5.8,5.326],
		"R_minus_Y_KK_noise": [0.03445,0.0373,0.02933,0.02429,0.02292],
		"B_minus_Y_KK_noise": [0.03643,0.03698,0.02863,0.0245,0.02366],
		"Y_Kelly_Keelan_noise": [0.02714,0.02264,0.01694,0.01563,0.01685],
		"Total_KK_noise": [0.03442,0.03195,0.02447,0.02149,0.0219],
		"Chroma_KK_noise": [0.02117,0.02255,0.01767,0.01474,0.01399],
		"Total_old_iso_noise": [0.04134,0.04027,0.03112,0.02679,0.02664],
		"Y_noise_from_YUV": [0.02714,0.02264,0.01694,0.01563,0.01685],
		"U_noise_from_YUV": [0.01712,0.01738,0.01345,0.01151,0.01112],