{
	"jsonResults": {
		"dateRun": "13-May-2025 11:53:35",
		"ini_time_size": "13-May-2025 11:49:51 19023B  MD5 = f1ea47fb316e71e682b9f03904642b64",
		"version": "Imatest 24.2.6 Master Color/Tone Auto",
		"build": "2025-03-20",
		"image_file": "potted plant_55.0 mm_6400ISO_0EV_Dist1_ON_Defocus2.tiff",
		"ColorSpace": "sRGB",
		"Reference": "Default values",
		"Ref_folder": "/usr/local/Imatest/v24.2/Master/",
		"Gamma": [0.325],
		"patches_for_gamma_start_end": [1,5],
		"exposure_error_normalized_y_channel": [-0.0819],
		"mean_camera_Saturation_Pct": ["_NaN_"],
		"mean_chroma_level_CPIQ_Pct": ["_NaN_"],
		"CPIQ_chroma_quality_loss_JND": ["_NaN_"],
		"CPIQ_exposure_quality_loss_JND": ["_NaN_"],
		"pixel_offset": [0],
		"mean_patch_size_pxls": [201,223],
		"roi_settings": "Recent ROI settings are in roi, nwid_save, nht_save, fillf, and distort (same names as ini file)",
		"roi": [3103,1411,4362,1685,3103,1687,4362,1403],
		"nwid_save": [6024],
		"nht_save": [4020],
		"fillf": [0.8],
		"distort": [0],
		"grayscale_zone": [1,2,3,4,5],
		"grayscale_minus_log_exposure": [2,1.513,1.025,0.5375,0.05],
		"grayscale_Y_reflectivity": [0.01,0.03073,0.09441,0.2901,0.8913],
		"grayscale_Y_Printer_pixel_gamma22": [33.13,55.18,91.91,153.1,255],
		"grayscale_Y_density": [0.203,0.3066,0.465,0.6786,0.8299],
		"grayscale_R_density": [0.2028,0.3097,0.4727,0.6908,0.8266],
		"grayscale_G_density": [0.2047,0.3065,0.4637,0.6754,0.8317],
		"grayscale_B_density": [0.1868,0.2986,0.4564,0.6755,0.8212],
		"grayscale_Y_mean": [159.8,125.9,87.4,53.44,37.73],
		"grayscale_R_mean": [159.9,125,85.88,51.97,38.01],
		"grayscale_G_mean": [159.2,125.9,87.68,53.84,37.57],
		"grayscale_B_mean": [165.9,128.2,89.15,53.83,38.49],
		"White_Bal_error_Degrees": [399.4,243.9,325.7,253.1,115.2],
		"White_Bal_error_Mired": [-8.905,-5.563,-7.341,-5.765,-2.679],
		"White_Bal_error_S_HSV": [0.04032,0.0253,0.03672,0.03473,0.024],
		"White_Bal_error_Delta_C_ab": [3.728,1.388,1.177,0.8546,0.6916],
		"White_Bal_error_Delta_C_94": [3.728,1.388,1.177,0.8546,0.6916],
		"White_Bal_error_Delta_C_00": [3.76,1.351,1.223,1.21,0.825],
		"n_Patch": [1,2,3,4,5],
		"n_Row": [1,1,1,1,1],
		"n_Column": [1,2,3,4,5],
		"width_pixels": [202,203,202,202,202],
		"height_pixels": [225,225,225,225,225],
		"Pixels_total": [45450,45675,45450,45450,45450],
		"R_reference": [242.4,146.6,86.6,49.01,25.46],
		"G_reference": [242.4,146.6,86.6,49.01,25.46],
		"B_reference": [242.4,146.6,86.6,49.01,25.46],
		"R_input": [159.9,125,85.88,51.97,38.01],
		"G_input": [159.2,125.9,87.68,53.84,37.57],
		"B_input": [165.9,128.2,89.15,53.83,38.49],
		"L_reference": [95.63,60.79,36.82,20.33,8.991],
		"a_reference": [0,0,0,0,0],
		"b_reference": [0,0,0,0,0],
		"L_input": [65.8,52.75,37.16,22.36,15.03],
		"a_input": [1.545,0.1178,-0.396,-0.808,0.4274],
		"b_input": [-3.393,-1.383,-1.109,-0.2785,-0.5437],
		"x_reference": [0.3127,0.3127,0.3127,0.3127,0.3127],
		"y_reference": [0.329,0.329,0.329,0.329,0.329],
		"Y_reference": [0.8913,0.2901,0.09441,0.03073,0.01],
		"x_input": [0.3074,0.3091,0.3076,0.3082,0.3114],
		"y_input": [0.3193,0.3248,0.3253,0.329,0.3245],
		"Y_input": [0.3506,0.2082,0.09623,0.03618,0.01914],
		"LUV_comment": "L2 is used to differentiate between the L in LAB and L in LUV.",
		"L2_reference": [805.1,262,85.28,27.75,9.033],
		"U_reference": [0.1978,0.1978,0.1978,0.1978,0.1978],
		"V_reference": [0.4683,0.4683,0.4683,0.4683,0.4683],
		"L2_input": [316.7,188.1,86.92,32.68,17.29],
		"U_input": [0.1978,0.1969,0.1956,0.1947,0.1986],
		"V_input": [0.4622,0.4655,0.4656,0.4677,0.4657],
		"patch_numbers_for_all_Delta_E_C": [1,2,3,4,5],
		"Delta_E_all": [30.1,8.16,1.22,2.2,6.08],
		"Delta_C_all": [3.73,1.39,1.18,0.855,0.692],
		"Delta_E94_all": [30.1,8.16,1.22,2.2,6.08],
		"Delta_C94_all": [3.73,1.39,1.18,0.855,0.692],
		"Delta_E2000_all": [20.8,7.53,1.26,1.87,3.94],
		"Delta_C2000_all": [3.76,1.35,1.22,1.21,0.825],
		"Delta_L_all": [-29.8,-8.04,0.338,2.03,6.04],
		"Delta_Chroma_all": [3.73,1.39,1.18,0.855,0.692],
		"Delta_Hue_Distance_all": [0,0,0,0,0],
		"Delta_Hue_Degrees_all": [0,0,0,0,0],
		"sat_corr_comment": "sat_corr explained on https://www.imatest.com/docs/colorcheck/#satcorr - not recommended.",
		"Delta_C_all_sat_corr": ["_NaN_","_NaN_","_NaN_","_NaN_","_NaN_"],
		"Delta_C94_all_sat_corr": ["_NaN_","_NaN_","_NaN_","_NaN_","_NaN_"],
		"Delta_C2000_all_sat_corr": ["_NaN_","_NaN_","_NaN_","_NaN_","_NaN_"],
		"grayscale_patch_numbers": [1,2,3,4,5],
		"Delta_E": [30.1,8.16,1.22,2.2,6.08],
		"Delta_C": [3.73,1.39,1.18,0.855,0.692],
		"Delta_E94": [30.1,8.16,1.22,2.2,6.08],
		"Delta_C94": [3.73,1.39,1.18,0.855,0.692],
		"Delta_E2000": [20.8,7.53,1.26,1.87,3.94],
		"Delta_C2000": [3.76,1.35,1.22,1.21,0.825],
		"Delta_L": [-29.8,-8.04,0.338,2.03,6.04],
		"Delta_Chroma": [3.73,1.39,1.18,0.855,0.692],
		"Delta_Hue_Distance": [0,0,0,0,0],
		"Delta_Hue_Degrees": [0,0,0,0,0],
		"mean_Delta_E": [9.55],
		"mean_Delta_C": [1.57],
		"mean_Delta_E94": [9.55],
		"mean_Delta_C94": [1.57],
		"mean_Delta_E2000": [7.09],
		"mean_Delta_C2000": [1.67],
		"mean_Delta_L": [-5.89],
		"mean_Delta_Chroma": [1.57],
		"mean_Delta_Hue_Distance": [0],
		"mean_Delta_Hue_Degrees": [0],
		"mean_Delta_C_sat_corr": ["_NaN_"],
		"mean_Delta_C94_sat_corr": ["_NaN_"],
		"mean_Delta_C2000_sat_corr": ["_NaN_"],
		"max_Delta_E": [30.1],
		"max_Delta_C": [3.73],
		"max_Delta_E94": [30.1],
		"max_Delta_C94": [3.73],
		"max_Delta_E2000": [20.8],
		"max_Delta_C2000": [3.76],
		"max_Delta_L": [6.04],
		"max_Delta_Chroma": [3.73],
		"max_Delta_Hue_Distance": [0],
		"max_Delta_Hue_Degrees": [0],
		"max_Delta_C_sat_corr": ["_NaN_"],
		"max_Delta_C94_sat_corr": ["_NaN_"],
		"max_Delta_C2000_sat_corr": ["_NaN_"],
		"mean_RegionSize": [45292.8],
		"Sequence_dark_to_light": [5,4,3,2,1],
		"Patch_number": [5,4,3,2,1],
		"R_noise": [0.07194,0.06886,0.05124,0.04394,0.04133],
		"G_noise": [0.0517,0.0394,0.03054,0.02803,0.02942],
		"B_noise": [0.06102,0.05116,0.03867,0.03409,0.03351],
		"R_SNR_ratio": [2.072,2.96,6.572,11.15,15.17],
		"G_SNR_ratio": [2.85,5.359,11.26,17.61,21.22],
		"B_SNR_ratio": [2.474,4.126,9.041,14.75,19.41],
		"R_SNR_dB": [6.328,9.426,16.35,20.95,23.62],
		"G_SNR_dB": [9.097,14.58,21.03,24.92,26.53],
		"B_SNR_dB": [7.868,12.31,19.12,23.38,25.76],
		"Gb_noise": [0.04518,0.03425,0.02587,0.02401,0.02591],
		"Gb_SNR_ratio": [3.275,6.119,13.25,20.56,24.19],
		"Gb_SNR_dB": [10.3,15.73,22.45,26.26,27.67],
		"Y_f_stop_SNR_ratio": [3.171,3.651,3.39,1.756,0.8421],
		"Y_f_stop_SNR_dB": [10.02,11.25,10.6,4.889,-1.493],
		"quality_levels_for_DR": [
				"Low,",
				"Medium,",
				"M-H,",
				"High,"
		],
		"SigNoise_levels_for_DR": [1,0.5,0.25,0.1],
		"Dynamic_Range_f_stops": [5.986,4.448,0,0],
		"Dynamic_Range_dB": [36.04,26.78,0,0],
		"noise_ISO15739_pct": [0.4199,0.4168,0.6559,1.39,2.083],
		"snr_ISO15739": [4.558,8.679,14.67,14.98,16.84],
		"noise_pct_ISO15739_at_13pct_Lref": [1.8],
		"snr_ISO15739_at_13pct_Lref": [16.08],
		"snr_dB_ISO15739_at_13pct_Lref": [24.12],
		"DynamicRange_at_density_2": [1204],
		"DynamicRange_total": [0],
		"DynamicRange_from_slope_OD": [1.95],
		"DynamicRange_from_slope_EV": [6.474],
		"DynamicRange_from_slope_dB": [39],
		"SNR_BW_dB_RGBY": [19.55,23.45,21.75,24.8],
		"L_noise": [5.043,3.803,2.73,2.399,2.488],
		"a_noise": [10.18,9.39,7.052,5.78,5.001],
		"b_noise": [9.6,8.854,6.617,5.293,4.601],
		"Total_Lab_noise_unwtd": [14.88,13.45,10.05,8.196,7.237],
		"Total_ab_noise_unwtd": [13.99,12.91,9.671,7.837,6.795],
		"R_minus_Y_KK_noise": [0.05853,0.05731,0.04339,0.03681,0.03327],
		"B_minus_Y_KK_noise": [0.05933,0.05302,0.04195,0.03565,0.03236],
		"Y_Kelly_Keelan_noise": [0.04518,0.03425,0.02587,0.02401,0.02591],
		"Total_KK_noise": [0.05751,0.04834,0.03673,0.03266,0.03274],
		"Chroma_KK_noise": [0.03558,0.03411,0.02608,0.02213,0.02002],
		"Total_old_iso_noise": [0.06926,0.06103,0.04643,0.04058,0.03933],
		"Y_noise_from_YUV": [0.04518,0.03425,0.02586,0.02401,0.0259],
		"U_noise_from_YUV": [0.02788,0.02491,0.01971,0.01675,0.01521],