{
	"jsonResults": {
		"dateRun": "13-May-2025 11:53:35",
		"ini_time_size": "13-May-2025 11:49:51 19023B  MD5 = f1ea47fb316e71e682b9f03904642b64",
		"version": "Imatest 24.2.6 Master Color/Tone Auto",
		"build": "2025-03-20",
		"image_file": "potted plant_55.0 mm_25600ISO_0EV_Dist1_ON_Defocus1.tiff",
		"ColorSpace": "sRGB",
		"Reference": "Default values",
		"Ref_folder": "/usr/local/Imatest/v24.2/Master/",
		"Gamma": [0.353],
		"patches_for_gamma_start_end": [1,5],
		"exposure_error_normalized_y_channel": [-0.0873],
		"mean_camera_Saturation_Pct": ["_NaN_"],
		"mean_chroma_level_CPIQ_Pct": ["_NaN_"],
		"CPIQ_chroma_quality_loss_JND": ["_NaN_"],
		"CPIQ_exposure_quality_loss_JND": ["_NaN_"],
		"pixel_offset": [0],
		"mean_patch_size_pxls": [201,223],
		"roi_settings": "Recent ROI settings are in roi, nwid_save, nht_save, fillf, and distort (same names as ini file)",
		"roi": [3103,1411,4362,1685,3103,1687,4362,1403],
		"nwid_save": [6024],
		"nht_save": [4020],
		"fillf": [0.8],
		"distort": [0],
		"grayscale_zone": [1,2,3,4,5],
		"grayscale_minus_log_exposure": [2,1.513,1.025,0.5375,0.05],
		"grayscale_Y_reflectivity": [0.01,0.03073,0.09441,0.2901,0.8913],
		"grayscale_Y_Printer_pixel_gamma22": [33.13,55.18,91.91,153.1,255],
		"grayscale_Y_density": [0.201,0.312,0.4841,0.7345,0.9316],
		"grayscale_R_density": [0.2039,0.3173,0.506,0.7336,0.8421],
		"grayscale_G_density": [0.2027,0.3126,0.4797,0.7363,0.967],
		"grayscale_B_density": [0.1763,0.2903,0.4649,0.7193,0.8891],
		"grayscale_Y_mean": [160.5,124.3,83.65,46.99,29.85],
		"grayscale_R_mean": [159.4,122.8,79.54,47.09,36.68],
		"grayscale_G_mean": [159.9,124.1,84.5,46.8,27.51],
		"grayscale_B_mean": [169.9,130.7,87.43,48.67,32.92],
		"White_Bal_error_Degrees": [711.2,649.7,836.4,296.8,-807.7],
		"White_Bal_error_Mired": [-15.17,-13.98,-17.54,-6.719,21.83],
		"White_Bal_error_S_HSV": [0.0616,0.06033,0.09028,0.03842,0.2499],
		"White_Bal_error_Delta_C_ab": [5.554,3.826,2.729,1.29,6.038],
		"White_Bal_error_Delta_C_94": [5.554,3.826,2.729,1.29,6.038],
		"White_Bal_error_Delta_C_00": [5.217,3.62,2.894,1.397,7.328],
		"n_Patch": [1,2,3,4,5],
		"n_Row": [1,1,1,1,1],
		"n_Column": [1,2,3,4,5],
		"width_pixels": [202,203,202,202,202],
		"height_pixels": [225,225,225,225,225],
		"Pixels_total": [45450,45675,45450,45450,45450],
		"R_reference": [242.4,146.6,86.6,49.01,25.46],
		"G_reference": [242.4,146.6,86.6,49.01,25.46],
		"B_reference": [242.4,146.6,86.6,49.01,25.46],
		"R_input": [159.4,122.8,79.54,47.09,36.68],
		"G_input": [159.9,124.1,84.5,46.8,27.51],
		"B_input": [169.9,130.7,87.43,48.67,32.92],
		"L_reference": [95.63,60.79,36.82,20.33,8.991],
		"a_reference": [0,0,0,0,0],
		"b_reference": [0,0,0,0,0],
		"L_input": [66.07,52.15,35.59,19.4,11.31],
		"a_input": [1.809,0.8443,-1.306,0.5753,5.697],
		"b_input": [-5.251,-3.732,-2.397,-1.155,-2.001],
		"x_reference": [0.3127,0.3127,0.3127,0.3127,0.3127],
		"y_reference": [0.329,0.329,0.329,0.329,0.329],
		"Y_reference": [0.8913,0.2901,0.09441,0.03073,0.01],
		"x_input": [0.3035,0.3039,0.3,0.3088,0.329],
		"y_input": [0.3145,0.317,0.3212,0.3212,0.3004],
		"Y_input": [0.3542,0.2028,0.08798,0.02842,0.01304],
		"LUV_comment": "L2 is used to differentiate between the L in LAB and L in LUV.",
		"L2_reference": [805.1,262,85.28,27.75,9.033],
		"U_reference": [0.1978,0.1978,0.1978,0.1978,0.1978],
		"V_reference": [0.4683,0.4683,0.4683,0.4683,0.4683],
		"L2_input": [319.9,183.2,79.48,25.67,11.78],
		"U_input": [0.1969,0.1962,0.1918,0.198,0.2213],
		"V_input": [0.459,0.4604,0.4622,0.4635,0.4546],
		"patch_numbers_for_all_Delta_E_C": [1,2,3,4,5],
		"Delta_E_all": [30.1,9.45,2.99,1.59,6.47],
		"Delta_C_all": [5.55,3.83,2.73,1.29,6.04],
		"Delta_E94_all": [30.1,9.45,2.99,1.59,6.47],
		"Delta_C94_all": [5.55,3.83,2.73,1.29,6.04],
		"Delta_E2000_all": [20.9,8.78,3.07,1.54,7.47],
		"Delta_C2000_all": [5.22,3.62,2.89,1.4,7.33],
		"Delta_L_all": [-29.6,-8.64,-1.23,-0.932,2.31],
		"Delta_Chroma_all": [5.55,3.83,2.73,1.29,6.04],
		"Delta_Hue_Distance_all": [0,0,0,0,0],
		"Delta_Hue_Degrees_all": [0,0,0,0,0],
		"sat_corr_comment": "sat_corr explained on https://www.imatest.com/docs/colorcheck/#satcorr - not recommended.",
		"Delta_C_all_sat_corr": ["_NaN_","_NaN_","_NaN_","_NaN_","_NaN_"],
		"Delta_C94_all_sat_corr": ["_NaN_","_NaN_","_NaN_","_NaN_","_NaN_"],
		"Delta_C2000_all_sat_corr": ["_NaN_","_NaN_","_NaN_","_NaN_","_NaN_"],
		"grayscale_patch_numbers": [1,2,3,4,5],
		"Delta_E": [30.1,9.45,2.99,1.59,6.47],
		"Delta_C": [5.55,3.83,2.73,1.29,6.04],
		"Delta_E94": [30.1,9.45,2.99,1.59,6.47],
		"Delta_C94": [5.55,3.83,2.73,1.29,6.04],
		"Delta_E2000": [20.9,8.78,3.07,1.54,7.47],
		"Delta_C2000": [5.22,3.62,2.89,1.4,7.33],
		"Delta_L": [-29.6,-8.64,-1.23,-0.932,2.31],
		"Delta_Chroma": [5.55,3.83,2.73,1.29,6.04],
		"Delta_Hue_Distance": [0,0,0,0,0],
		"Delta_Hue_Degrees": [0,0,0,0,0],
		"mean_Delta_E": [10.1],
		"mean_Delta_C": [3.89],
		"mean_Delta_E94": [10.1],
		"mean_Delta_C94": [3.89],
		"mean_Delta_E2000": [8.36],
		"mean_Delta_C2000": [4.09],
		"mean_Delta_L": [-7.61],
		"mean_Delta_Chroma": [3.89],
		"mean_Delta_Hue_Distance": [0],
		"mean_Delta_Hue_Degrees": [0],
		"mean_Delta_C_sat_corr": ["_NaN_"],
		"mean_Delta_C94_sat_corr": ["_NaN_"],
		"mean_Delta_C2000_sat_corr": ["_NaN_"],
		"max_Delta_E": [30.1],
		"max_Delta_C": [6.04],
		"max_Delta_E94": [30.1],
		"max_Delta_C94": [6.04],
		"max_Delta_E2000": [20.9],
		"max_Delta_C2000": [7.33],
		"max_Delta_L": [2.31],
		"max_Delta_Chroma": [6.04],
		"max_Delta_Hue_Distance": [0],
		"max_Delta_Hue_Degrees": [0],
		"max_Delta_C_sat_corr": ["_NaN_"],
		"max_Delta_C94_sat_corr": ["_NaN_"],
		"max_Delta_C2000_sat_corr": ["_NaN_"],
		"mean_RegionSize": [45292.8],
		"Sequence_dark_to_light": [5,4,3,2,1],
		"Patch_number": [5,4,3,2,1],
		"R_noise": [0.1126,0.1248,0.119,0.0846,0.07141],
		"G_noise": [0.08915,0.09408,0.0705,0.05567,0.05153],
		"B_noise": [0.09913,0.1068,0.08084,0.06023,0.05406],
		"R_SNR_ratio": [1.278,1.48,2.621,5.692,8.755],
		"G_SNR_ratio": [1.21,1.951,4.7,8.745,12.17],
		"B_SNR_ratio": [1.302,1.787,4.241,8.509,12.32],
		"R_SNR_dB": [2.131,3.406,8.368,15.11,18.85],
		"G_SNR_dB": [1.657,5.804,13.44,18.83,21.71],
		"B_SNR_dB": [2.293,5.041,12.55,18.6,21.82],
		"Gb_noise": [0.07326,0.07581,0.05945,0.04671,0.04317],
		"Gb_SNR_ratio": [1.598,2.431,5.518,10.44,14.58],
		"Gb_SNR_dB": [4.07,7.715,14.84,20.37,23.28],
		"Y_f_stop_SNR_ratio": [2.03,1.992,1.575,0.8592,0.5666],
		"Y_f_stop_SNR_dB": [6.149,5.987,3.945,-1.318,-4.935],
		"quality_levels_for_DR": [
				"Low,",
				"Medium,",
				"M-H,",
				"High,"
		],
		"SigNoise_levels_for_DR": [1,0.5,0.25,0.1],
		"Dynamic_Range_f_stops": [4.357,0,0,0],
		"Dynamic_Range_dB": [26.23,0,0,0],
		"noise_ISO15739_pct": [0.7515,1.022,1.687,3.042,3.909],
		"snr_ISO15739": [1.736,2.78,5.217,6.667,9.06],
		"noise_pct_ISO15739_at_13pct_Lref": [3.416],
		"snr_ISO15739_at_13pct_Lref": [7.7],
		"snr_dB_ISO15739_at_13pct_Lref": [17.73],
		"DynamicRange_at_density_2": [556.1],
		"DynamicRange_total": [0],
		"DynamicRange_from_slope_OD": [1.95],
		"DynamicRange_from_slope_EV": [6.474],
		"DynamicRange_from_slope_dB": [39],
		"SNR_BW_dB_RGBY": [14.42,18.06,17.37,19.58],
		"L_noise": [8.059,8.05,5.964,4.592,4.1],
		"a_noise": [16.91,18.51,14.75,10.87,9.153],
		"b_noise": [16.8,18.61,13.57,9.789,8.398],
		"Total_Lab_noise_unwtd": [25.17,27.46,20.91,15.33,13.08],
		"Total_ab_noise_unwtd": [23.84,26.25,20.04,14.63,12.42],
		"R_minus_Y_KK_noise": [0.1006,0.1129,0.1019,0.07268,0.06134],
		"B_minus_Y_KK_noise": [0.1052,0.1188,0.08881,0.06625,0.05925],
		"Y_Kelly_Keelan_noise": [0.07326,0.07581,0.05945,0.04671,0.04317],
		"Total_KK_noise": [0.09573,0.1027,0.0844,0.06357,0.05676],
		"Chroma_KK_noise": [0.06162,0.06928,0.05991,0.04313,0.03686],
		"Total_old_iso_noise": [0.1167,0.1271,0.1069,0.07915,0.06952],
		"Y_noise_from_YUV": [0.07325,0.0758,0.05945,0.0467,0.04316],
		"U_noise_from_YUV": [0.04945,0.0558,0.04173,0.03113,0.02784],
		"V_noise_from_YUV": [0.07854,0.08819,0.07954,0.05676,0.0479],