{
	"jsonResults": {
		"dateRun": "13-May-2025 11:53:35",
		"ini_time_size": "13-May-2025 11:49:51 19023B  MD5 = f1ea47fb316e71e682b9f03904642b64",
		"version": "Imatest 24.2.6 Master Color/Tone Auto",
		"build": "2025-03-20",
		"image_file": "potted plant_55.0 mm_1600ISO_-3EV_Dist1_ON_Defocus2.tiff",
		"ColorSpace": "sRGB",
		"Reference": "Default values",
		"Ref_folder": "/usr/local/Imatest/v24.2/Master/",
		"Gamma": [0.3872],
		"patches_for_gamma_start_end": [1,5],
		"exposure_error_normalized_y_channel": [-0.253],
		"mean_camera_Saturation_Pct": ["_NaN_"],
		"mean_chroma_level_CPIQ_Pct": ["_NaN_"],
		"CPIQ_chroma_quality_loss_JND": ["_NaN_"],
		"CPIQ_exposure_quality_loss_JND": ["_NaN_"],
		"pixel_offset": [0],
		"mean_patch_size_pxls": [201,223],
		"roi_settings": "Recent ROI settings are in roi, nwid_save, nht_save, fillf, and distort (same names as ini file)",
		"roi": [3103,1411,4362,1685,3103,1687,4362,1403],
		"nwid_save": [6024],
		"nht_save": [4020],
		"fillf": [0.8],
		"distort": [0],
		"grayscale_zone": [1,2,3,4,5],
		"grayscale_minus_log_exposure": [2,1.513,1.025,0.5375,0.05],
		"grayscale_Y_reflectivity": [0.01,0.03073,0.09441,0.2901,0.8913],
		"grayscale_Y_Printer_pixel_gamma22": [33.13,55.18,91.91,153.1,255],
		"grayscale_Y_density": [0.5564,0.6736,0.8624,1.142,1.303],
		"grayscale_R_density": [0.5529,0.6731,0.8697,1.139,1.247],
		"grayscale_G_density": [0.5587,0.6741,0.8604,1.143,1.323],
		"grayscale_B_density": [0.5445,0.6701,0.8606,1.143,1.284],
		"grayscale_Y_mean": [70.82,54.07,35.01,18.37,12.7],
		"grayscale_R_mean": [71.39,54.13,34.42,18.52,14.45],
		"grayscale_G_mean": [70.45,54,35.17,18.33,12.12],
		"grayscale_B_mean": [72.78,54.51,35.15,18.35,13.27],
		"White_Bal_error_Degrees": [198.3,64.66,137.7,-42.83,-378.2],
		"White_Bal_error_Mired": [-4.555,-1.515,-3.191,1.021,9.505],
		"White_Bal_error_S_HSV": [0.03206,0.00927,0.02109,0.01026,0.1615],
		"White_Bal_error_Delta_C_ab": [1.559,0.347,0.363,0.08159,0.9475],
		"White_Bal_error_Delta_C_94": [1.559,0.347,0.363,0.08159,0.9475],
		"White_Bal_error_Delta_C_00": [1.787,0.3923,0.523,0.1214,1.352],
		"n_Patch": [1,2,3,4,5],
		"n_Row": [1,1,1,1,1],
		"n_Column": [1,2,3,4,5],
		"width_pixels": [202,203,202,202,202],
		"height_pixels": [225,225,225,225,225],
		"Pixels_total": [45450,45675,45450,45450,45450],
		"R_reference": [242.4,146.6,86.6,49.01,25.46],
		"G_reference": [242.4,146.6,86.6,49.01,25.46],
		"B_reference": [242.4,146.6,86.6,49.01,25.46],
		"R_input": [71.39,54.13,34.42,18.52,14.45],
		"G_input": [70.45,54,35.17,18.33,12.12],
		"B_input": [72.78,54.51,35.15,18.35,13.27],
		"L_reference": [95.63,60.79,36.82,20.33,8.991],
		"a_reference": [0,0,0,0,0],
		"b_reference": [0,0,0,0,0],
		"L_input": [30.08,22.65,13.72,5.618,3.546],
		"a_input": [0.9113,0.1702,-0.3445,0.08079,0.9146],
		"b_input": [-1.265,-0.3024,-0.1144,0.01141,-0.2475],
		"x_reference": [0.3127,0.3127,0.3127,0.3127,0.3127],
		"y_reference": [0.329,0.329,0.329,0.329,0.329],
		"Y_reference": [0.8913,0.2901,0.09441,0.03073,0.01],
		"x_input": [0.3103,0.3119,0.3102,0.3136,0.3208],
		"y_input": [0.322,0.3271,0.3291,0.3288,0.3185],
		"Y_input": [0.06269,0.03698,0.01681,0.006219,0.003926],
		"LUV_comment": "L2 is used to differentiate between the L in LAB and L in LUV.",
		"L2_reference": [805.1,262,85.28,27.75,9.033],
		"U_reference": [0.1978,0.1978,0.1978,0.1978,0.1978],
		"V_reference": [0.4683,0.4683,0.4683,0.4683,0.4683],
		"L2_input": [56.63,33.4,15.19,5.618,3.546],
		"U_input": [0.1988,0.198,0.1961,0.1985,0.2076],
		"V_input": [0.4642,0.4672,0.468,0.4684,0.4638],
		"patch_numbers_for_all_Delta_E_C": [1,2,3,4,5],
		"Delta_E_all": [65.6,38.1,23.1,14.7,5.53],
		"Delta_C_all": [1.56,0.347,0.363,0.0816,0.948],
		"Delta_E94_all": [65.6,38.1,23.1,14.7,5.53],
		"Delta_C94_all": [1.56,0.347,0.363,0.0816,0.948],
		"Delta_E2000_all": [55.5,34.4,16.9,9.49,3.56],
		"Delta_C2000_all": [1.79,0.392,0.523,0.121,1.35],
		"Delta_L_all": [-65.6,-38.1,-23.1,-14.7,-5.45],
		"Delta_Chroma_all": [1.56,0.347,0.363,0.0816,0.948],
		"Delta_Hue_Distance_all": [0,0,0,0,0],
		"Delta_Hue_Degrees_all": [0,0,0,0,0],
		"sat_corr_comment": "sat_corr explained on https://www.imatest.com/docs/colorcheck/#satcorr - not recommended.",
		"Delta_C_all_sat_corr": ["_NaN_","_NaN_","_NaN_","_NaN_","_NaN_"],
		"Delta_C94_all_sat_corr": ["_NaN_","_NaN_","_NaN_","_NaN_","_NaN_"],
		"Delta_C2000_all_sat_corr": ["_NaN_","_NaN_","_NaN_","_NaN_","_NaN_"],
		"grayscale_patch_numbers": [1,2,3,4,5],
		"Delta_E": [65.6,38.1,23.1,14.7,5.53],
		"Delta_C": [1.56,0.347,0.363,0.0816,0.948],
		"Delta_E94": [65.6,38.1,23.1,14.7,5.53],
		"Delta_C94": [1.56,0.347,0.363,0.0816,0.948],
		"Delta_E2000": [55.5,34.4,16.9,9.49,3.56],
		"Delta_C2000": [1.79,0.392,0.523,0.121,1.35],
		"Delta_L": [-65.6,-38.1,-23.1,-14.7,-5.45],
		"Delta_Chroma": [1.56,0.347,0.363,0.0816,0.948],
		"Delta_Hue_Distance": [0,0,0,0,0],
		"Delta_Hue_Degrees": [0,0,0,0,0],
		"mean_Delta_E": [29.4],
		"mean_Delta_C": [0.66],
		"mean_Delta_E94": [29.4],
		"mean_Delta_C94": [0.66],
		"mean_Delta_E2000": [24],
		"mean_Delta_C2000": [0.835],
		"mean_Delta_L": [-29.4],
		"mean_Delta_Chroma": [0.66],
		"mean_Delta_Hue_Distance": [0],
		"mean_Delta_Hue_Degrees": [0],
		"mean_Delta_C_sat_corr": ["_NaN_"],
		"mean_Delta_C94_sat_corr": ["_NaN_"],
		"mean_Delta_C2000_sat_corr": ["_NaN_"],
		"max_Delta_E": [65.6],
		"max_Delta_C": [1.56],
		"max_Delta_E94": [65.6],
		"max_Delta_C94": [1.56],
		"max_Delta_E2000": [55.5],
		"max_Delta_C2000": [1.79],
		"max_Delta_L": [-5.45],
		"max_Delta_Chroma": [1.56],
		"max_Delta_Hue_Distance": [0],
		"max_Delta_Hue_Degrees": [0],
		"max_Delta_C_sat_corr": ["_NaN_"],
		"max_Delta_C94_sat_corr": ["_NaN_"],
		"max_Delta_C2000_sat_corr": ["_NaN_"],
		"mean_RegionSize": [45292.8],
		"Sequence_dark_to_light": [5,4,3,2,1],
		"Patch_number": [5,4,3,2,1],
		"R_noise": [0.03969,0.04438,0.04032,0.03275,0.0301],
		"G_noise": [0.02757,0.02914,0.02281,0.0196,0.01916],
		"B_noise": [0.03317,0.0365,0.03089,0.02556,0.02382],
		"R_SNR_ratio": [1.428,1.637,3.348,6.482,9.302],
		"G_SNR_ratio": [1.724,2.467,6.047,10.8,14.42],
		"B_SNR_ratio": [1.569,1.972,4.462,8.362,11.98],
		"R_SNR_dB": [3.094,4.279,10.5,16.23,19.37],
		"G_SNR_dB": [4.729,7.844,15.63,20.67,23.18],
		"B_SNR_dB": [3.91,5.899,12.99,18.45,21.57],
		"Gb_noise": [0.02344,0.02401,0.01929,0.01648,0.01647],
		"Gb_SNR_ratio": [2.124,3.001,7.119,12.86,16.87],
		"Gb_SNR_dB": [6.545,9.547,17.05,22.19,24.54],
		"Y_f_stop_SNR_ratio": [2.463,2.63,2.241,1.125,0.5863],
		"Y_f_stop_SNR_dB": [7.828,8.399,7.008,1.024,-4.638],
		"quality_levels_for_DR": [
				"Low,",
				"Medium,",
				"M-H,",
				"High,"
		],
		"SigNoise_levels_for_DR": [1,0.5,0.25,0.1],
		"Dynamic_Range_f_stops": [5.079,3.436,0,0],
		"Dynamic_Range_dB": [30.58,20.68,0,0],
		"noise_ISO15739_pct": [0.4969,0.6399,0.9845,1.861,2.578],
		"snr_ISO15739": [0.7902,0.9719,1.708,1.987,2.432],
		"noise_pct_ISO15739_at_13pct_Lref": [2.31],
		"snr_ISO15739_at_13pct_Lref": [2.266],
		"snr_dB_ISO15739_at_13pct_Lref": [7.105],
		"DynamicRange_at_density_2": [1018],
		"DynamicRange_total": [157.7],
		"DynamicRange_from_slope_OD": [1.95],
		"DynamicRange_from_slope_EV": [6.474],
		"DynamicRange_from_slope_dB": [39],
		"SNR_BW_dB_RGBY": [15.96,20.42,18.11,21.92],
		"L_noise": [2.229,2.469,2.309,1.89,1.817],
		"a_noise": [5.164,6.454,6.238,4.987,4.358],
		"b_noise": [4.798,5.962,5.951,4.731,4.048],
		"Total_Lab_noise_unwtd": [7.394,9.127,8.925,7.13,6.219],
		"Total_ab_noise_unwtd": [7.05,8.786,8.621,6.875,5.948],
		"R_minus_Y_KK_noise": [0.03359,0.0387,0.03421,0.02792,0.02514],
		"B_minus_Y_KK_noise": [0.03425,0.03978,0.0335,0.02769,0.02471],
		"Y_Kelly_Keelan_noise": [0.02344,0.02401,0.01929,0.01648,0.01647],
		"Total_KK_noise": [0.0311,0.03366,0.02823,0.02359,0.02239],
		"Chroma_KK_noise": [0.02045,0.0236,0.02062,0.01688,0.01517],
		"Total_old_iso_noise": [0.0382,0.04228,0.03606,0.02989,0.02781],
		"Y_noise_from_YUV": [0.02344,0.024,0.01928,0.01648,0.01647],