{
	"jsonResults": {
		"dateRun": "13-May-2025 11:53:35",
		"ini_time_size": "13-May-2025 11:49:51 19023B  MD5 = f1ea47fb316e71e682b9f03904642b64",
		"version": "Imatest 24.2.6 Master Color/Tone Auto",
		"build": "2025-03-20",
		"image_file": "potted plant_55.0 mm_6400ISO_-3EV_Dist1_ON_Defocus2.tiff",
		"ColorSpace": "sRGB",
		"Reference": "Default values",
		"Ref_folder": "/usr/local/Imatest/v24.2/Master/",
		"Gamma": [0.4295],
		"patches_for_gamma_start_end": [1,5],
		"exposure_error_normalized_y_channel": [-0.264],
		"mean_camera_Saturation_Pct": ["_NaN_"],
		"mean_chroma_level_CPIQ_Pct": ["_NaN_"],
		"CPIQ_chroma_quality_loss_JND": ["_NaN_"],
		"CPIQ_exposure_quality_loss_JND": ["_NaN_"],
		"pixel_offset": [0],
		"mean_patch_size_pxls": [201,223],
		"roi_settings": "Recent ROI settings are in roi, nwid_save, nht_save, fillf, and distort (same names as ini file)",
		"roi": [3103,1411,4362,1685,3103,1687,4362,1403],
		"nwid_save": [6024],
		"nht_save": [4020],
		"fillf": [0.8],
		"distort": [0],
		"grayscale_zone": [1,2,3,4,5],
		"grayscale_minus_log_exposure": [2,1.513,1.025,0.5375,0.05],
		"grayscale_Y_reflectivity": [0.01,0.03073,0.09441,0.2901,0.8913],
		"grayscale_Y_Printer_pixel_gamma22": [33.13,55.18,91.91,153.1,255],
		"grayscale_Y_density": [0.6282,0.7581,0.9675,1.233,1.33],
		"grayscale_R_density": [0.6301,0.769,0.956,1.124,1.181],
		"grayscale_G_density": [0.6289,0.7553,0.9711,1.278,1.397],
		"grayscale_B_density": [0.6164,0.7547,0.9665,1.175,1.25],
		"grayscale_Y_mean": [60.02,44.5,27.48,14.91,11.92],
		"grayscale_R_mean": [59.76,43.4,28.22,19.18,16.82],
		"grayscale_G_mean": [59.94,44.8,27.25,13.43,10.23],
		"grayscale_B_mean": [61.68,44.85,27.55,17.03,14.34],
		"White_Bal_error_Degrees": [283.5,230.3,-137.5,-678.6,-940.1],
		"White_Bal_error_Mired": [-6.43,-5.265,3.324,17.93,26.01],
		"White_Bal_error_S_HSV": [0.03113,0.03236,0.03428,0.2997,0.392],
		"White_Bal_error_Delta_C_ab": [1.152,0.6561,0.5399,2.939,2.923],
		"White_Bal_error_Delta_C_94": [1.152,0.6561,0.5399,2.939,2.923],
		"White_Bal_error_Delta_C_00": [1.177,0.9214,0.7941,3.876,3.863],
		"n_Patch": [1,2,3,4,5],
		"n_Row": [1,1,1,1,1],
		"n_Column": [1,2,3,4,5],
		"width_pixels": [202,203,202,202,202],
		"height_pixels": [225,225,225,225,225],
		"Pixels_total": [45450,45675,45450,45450,45450],
		"R_reference": [242.4,146.6,86.6,49.01,25.46],
		"G_reference": [242.4,146.6,86.6,49.01,25.46],
		"B_reference": [242.4,146.6,86.6,49.01,25.46],
		"R_input": [59.76,43.4,28.22,19.18,16.82],
		"G_input": [59.94,44.8,27.25,13.43,10.23],
		"B_input": [61.68,44.85,27.55,17.03,14.34],
		"L_reference": [95.63,60.79,36.82,20.33,8.991],
		"a_reference": [0,0,0,0,0],
		"b_reference": [0,0,0,0,0],
		"L_input": [25.33,18.24,10.01,4.334,3.361],
		"a_input": [0.3263,-0.6032,0.5384,2.741,2.736],
		"b_input": [-1.105,-0.2581,-0.04013,-1.06,-1.03],
		"x_reference": [0.3127,0.3127,0.3127,0.3127,0.3127],
		"y_reference": [0.329,0.329,0.329,0.329,0.329],
		"Y_reference": [0.8913,0.2901,0.09441,0.03073,0.01],
		"x_input": [0.3087,0.3086,0.3155,0.327,0.3311],
		"y_input": [0.323,0.3287,0.3272,0.3,0.2931],
		"Y_input": [0.04523,0.02572,0.01127,0.004798,0.003721],
		"LUV_comment": "L2 is used to differentiate between the L in LAB and L in LUV.",
		"L2_reference": [805.1,262,85.28,27.75,9.033],
		"U_reference": [0.1978,0.1978,0.1978,0.1978,0.1978],
		"V_reference": [0.4683,0.4683,0.4683,0.4683,0.4683],
		"L2_input": [40.85,23.23,10.18,4.334,3.361],
		"U_input": [0.1973,0.1951,0.2005,0.22,0.2262],
		"V_input": [0.4645,0.4676,0.4678,0.4541,0.4505],
		"patch_numbers_for_all_Delta_E_C": [1,2,3,4,5],
		"Delta_E_all": [70.3,42.6,26.8,16.3,6.34],
		"Delta_C_all": [1.15,0.656,0.54,2.94,2.92],
		"Delta_E94_all": [70.3,42.6,26.8,16.3,6.34],
		"Delta_C94_all": [1.15,0.656,0.54,2.94,2.92],
		"Delta_E2000_all": [61.4,37.2,19.3,11,5.15],
		"Delta_C2000_all": [1.18,0.921,0.794,3.88,3.86],
		"Delta_L_all": [-70.3,-42.5,-26.8,-16,-5.63],
		"Delta_Chroma_all": [1.15,0.656,0.54,2.94,2.92],
		"Delta_Hue_Distance_all": [0,0,0,0,0],
		"Delta_Hue_Degrees_all": [0,0,0,0,0],
		"sat_corr_comment": "sat_corr explained on https://www.imatest.com/docs/colorcheck/#satcorr - not recommended.",
		"Delta_C_all_sat_corr": ["_NaN_","_NaN_","_NaN_","_NaN_","_NaN_"],
		"Delta_C94_all_sat_corr": ["_NaN_","_NaN_","_NaN_","_NaN_","_NaN_"],
		"Delta_C2000_all_sat_corr": ["_NaN_","_NaN_","_NaN_","_NaN_","_NaN_"],
		"grayscale_patch_numbers": [1,2,3,4,5],
		"Delta_E": [70.3,42.6,26.8,16.3,6.34],
		"Delta_C": [1.15,0.656,0.54,2.94,2.92],
		"Delta_E94": [70.3,42.6,26.8,16.3,6.34],
		"Delta_C94": [1.15,0.656,0.54,2.94,2.92],
		"Delta_E2000": [61.4,37.2,19.3,11,5.15],
		"Delta_C2000": [1.18,0.921,0.794,3.88,3.86],
		"Delta_L": [-70.3,-42.5,-26.8,-16,-5.63],
		"Delta_Chroma": [1.15,0.656,0.54,2.94,2.92],
		"Delta_Hue_Distance": [0,0,0,0,0],
		"Delta_Hue_Degrees": [0,0,0,0,0],
		"mean_Delta_E": [32.5],
		"mean_Delta_C": [1.64],
		"mean_Delta_E94": [32.5],
		"mean_Delta_C94": [1.64],
		"mean_Delta_E2000": [26.8],
		"mean_Delta_C2000": [2.13],
		"mean_Delta_L": [-32.3],
		"mean_Delta_Chroma": [1.64],
		"mean_Delta_Hue_Distance": [0],
		"mean_Delta_Hue_Degrees": [0],
		"mean_Delta_C_sat_corr": ["_NaN_"],
		"mean_Delta_C94_sat_corr": ["_NaN_"],
		"mean_Delta_C2000_sat_corr": ["_NaN_"],
		"max_Delta_E": [70.3],
		"max_Delta_C": [2.94],
		"max_Delta_E94": [70.3],
		"max_Delta_C94": [2.94],
		"max_Delta_E2000": [61.4],
		"max_Delta_C2000": [3.88],
		"max_Delta_L": [-5.63],
		"max_Delta_Chroma": [2.94],
		"max_Delta_Hue_Distance": [0],
		"max_Delta_Hue_Degrees": [0],
		"max_Delta_C_sat_corr": ["_NaN_"],
		"max_Delta_C94_sat_corr": ["_NaN_"],
		"max_Delta_C2000_sat_corr": ["_NaN_"],
		"mean_RegionSize": [45292.8],
		"Sequence_dark_to_light": [5,4,3,2,1],
		"Patch_number": [5,4,3,2,1],
		"R_noise": [0.05739,0.06052,0.07015,0.07056,0.0637],
		"G_noise": [0.03903,0.04381,0.04836,0.04012,0.03501],
		"B_noise": [0.04751,0.05174,0.05876,0.05398,0.04473],
		"R_SNR_ratio": [1.149,1.243,1.578,2.412,3.679],
		"G_SNR_ratio": [1.027,1.202,2.21,4.378,6.714],
		"B_SNR_ratio": [1.183,1.291,1.838,3.259,5.408],
		"R_SNR_dB": [1.207,1.888,3.96,7.648,11.31],
		"G_SNR_dB": [0.2353,1.6,6.888,12.83,16.54],
		"B_SNR_dB": [1.461,2.216,5.289,10.26,14.66],
		"Gb_noise": [0.0324,0.03567,0.03901,0.03363,0.0299],
		"Gb_SNR_ratio": [1.443,1.64,2.763,5.19,7.871],
		"Gb_SNR_dB": [3.187,4.295,8.826,14.3,17.92],
		"Y_f_stop_SNR_ratio": [1.257,1.172,0.9184,0.5281,0.2235],
		"Y_f_stop_SNR_dB": [1.984,1.376,-0.7393,-5.546,-13.02],
		"quality_levels_for_DR": [
				"Low,",
				"Medium,",
				"M-H,",
				"High,"
		],
		"SigNoise_levels_for_DR": [1,0.5,0.25,0.1],
		"Dynamic_Range_f_stops": [2.628,0,0,0],
		"Dynamic_Range_dB": [15.82,0,0,0],
		"noise_ISO15739_pct": [1.232,1.588,2.888,5.029,5.98],
		"snr_ISO15739": [0.302,0.3022,0.3902,0.5114,0.7562],
		"noise_pct_ISO15739_at_13pct_Lref": [5.492],
		"snr_ISO15739_at_13pct_Lref": [0.6306],
		"snr_dB_ISO15739_at_13pct_Lref": [-4.005],
		"DynamicRange_at_density_2": [346.9],
		"DynamicRange_total": [0],
		"DynamicRange_from_slope_OD": [1.95],
		"DynamicRange_from_slope_EV": [6.474],
		"DynamicRange_from_slope_dB": [39],
		"SNR_BW_dB_RGBY": [7.984,12.89,10.31,14.42],
		"L_noise": [3.198,3.6,4.346,3.777,3.28],
		"a_noise": [8.275,9.233,11.22,10.24,8.721],
		"b_noise": [7.422,8.423,10.7,9.845,8.027],
		"Total_Lab_noise_unwtd": [11.57,13.01,16.1,14.7,12.3],
		"Total_ab_noise_unwtd": [11.12,12.5,15.51,14.2,11.85],
		"R_minus_Y_KK_noise": [0.05008,0.05411,0.06274,0.06039,0.05383],
		"B_minus_Y_KK_noise": [0.05043,0.05602,0.06564,0.05873,0.04853],
		"Y_Kelly_Keelan_noise": [0.0324,0.03567,0.03901,0.03363,0.0299],
		"Total_KK_noise": [0.04442,0.04863,0.05476,0.04952,0.0437],
		"Chroma_KK_noise": [0.03039,0.03306,0.03844,0.03635,0.03187],
		"Total_old_iso_noise": [0.05533,0.0604,0.06878,0.06338,0.05591],
		"Y_noise_from_YUV": [0.03239,0.03566,0.039,0.03363,0.0299],
		"U_noise_from_YUV": [0.02369,0.02632,0.03084,0.0276,0.0228],