{
	"jsonResults": {
		"dateRun": "13-May-2025 11:53:35",
		"ini_time_size": "13-May-2025 11:49:51 19023B  MD5 = f1ea47fb316e71e682b9f03904642b64",
		"version": "Imatest 24.2.6 Master Color/Tone Auto",
		"build": "2025-03-20",
		"image_file": "potted plant_55.0 mm_6400ISO_-2EV_Dist1_OFF_Defocus1.tiff",
		"ColorSpace": "sRGB",
		"Reference": "Default values",
		"Ref_folder": "/usr/local/Imatest/v24.2/Master/",
		"Gamma": [0.3913],
		"patches_for_gamma_start_end": [1,5],
		"exposure_error_normalized_y_channel": [-0.237],
		"mean_camera_Saturation_Pct": ["_NaN_"],
		"mean_chroma_level_CPIQ_Pct": ["_NaN_"],
		"CPIQ_chroma_quality_loss_JND": ["_NaN_"],
		"CPIQ_exposure_quality_loss_JND": ["_NaN_"],
		"pixel_offset": [0],
		"mean_patch_size_pxls": [201,223],
		"roi_settings": "Recent ROI settings are in roi, nwid_save, nht_save, fillf, and distort (same names as ini file)",
		"roi": [3103,1411,4362,1685,3103,1687,4362,1403],
		"nwid_save": [6024],
		"nht_save": [4020],
		"fillf": [0.8],
		"distort": [0],
		"grayscale_zone": [1,2,3,4,5],
		"grayscale_minus_log_exposure": [2,1.513,1.025,0.5375,0.05],
		"grayscale_Y_reflectivity": [0.01,0.03073,0.09441,0.2901,0.8913],
		"grayscale_Y_Printer_pixel_gamma22": [33.13,55.18,91.91,153.1,255],
		"grayscale_Y_density": [0.4727,0.5931,0.7838,1.068,1.289],
		"grayscale_R_density": [0.4687,0.5925,0.7903,1.022,1.147],
		"grayscale_G_density": [0.4755,0.5941,0.7825,1.085,1.349],
		"grayscale_B_density": [0.458,0.5842,0.7781,1.045,1.226],
		"grayscale_Y_mean": [85.86,65.09,41.95,21.79,13.12],
		"grayscale_R_mean": [86.66,65.16,41.32,24.23,18.19],
		"grayscale_G_mean": [85.33,64.93,42.08,20.95,11.41],
		"grayscale_B_mean": [88.84,66.42,42.5,23.01,15.15],
		"White_Bal_error_Degrees": [265.3,178.8,208,-266.5,-1115],
		"White_Bal_error_Mired": [-6.034,-4.12,-4.77,6.577,31.87],
		"White_Bal_error_S_HSV": [0.03952,0.02245,0.02776,0.1357,0.3729],
		"White_Bal_error_Delta_C_ab": [2.258,0.9784,0.4633,2.219,3.044],
		"White_Bal_error_Delta_C_94": [2.258,0.9784,0.4633,2.219,3.044],
		"White_Bal_error_Delta_C_00": [2.529,1.067,0.5273,2.98,4.05],
		"n_Patch": [1,2,3,4,5],
		"n_Row": [1,1,1,1,1],
		"n_Column": [1,2,3,4,5],
		"width_pixels": [202,203,202,202,202],
		"height_pixels": [225,225,225,225,225],
		"Pixels_total": [45450,45675,45450,45450,45450],
		"R_reference": [242.4,146.6,86.6,49.01,25.46],
		"G_reference": [242.4,146.6,86.6,49.01,25.46],
		"B_reference": [242.4,146.6,86.6,49.01,25.46],
		"R_input": [86.66,65.16,41.32,24.23,18.19],
		"G_input": [85.33,64.93,42.08,20.95,11.41],
		"B_input": [88.84,66.42,42.5,23.01,15.15],
		"L_reference": [95.63,60.79,36.82,20.33,8.991],
		"a_reference": [0,0,0,0,0],
		"b_reference": [0,0,0,0,0],
		"L_input": [36.51,27.57,17.04,7.167,3.742],
		"a_input": [1.293,0.4353,-0.2368,2.056,2.912],
		"b_input": [-1.851,-0.8762,-0.3983,-0.8339,-0.8863],
		"x_reference": [0.3127,0.3127,0.3127,0.3127,0.3127],
		"y_reference": [0.329,0.329,0.329,0.329,0.329],
		"Y_reference": [0.8913,0.2901,0.09441,0.03073,0.01],
		"x_input": [0.3095,0.3103,0.3093,0.3192,0.3339],
		"y_input": [0.3201,0.3242,0.3271,0.3149,0.2976],
		"Y_input": [0.09277,0.053,0.02311,0.007934,0.004143],
		"LUV_comment": "L2 is used to differentiate between the L in LAB and L in LUV.",
		"L2_reference": [805.1,262,85.28,27.75,9.033],
		"U_reference": [0.1978,0.1978,0.1978,0.1978,0.1978],
		"V_reference": [0.4683,0.4683,0.4683,0.4683,0.4683],
		"L2_input": [83.8,47.88,20.87,7.167,3.742],
		"U_input": [0.199,0.198,0.1962,0.2079,0.2263],
		"V_input": [0.463,0.4654,0.4668,0.4615,0.4537],
		"patch_numbers_for_all_Delta_E_C": [1,2,3,4,5],
		"Delta_E_all": [59.2,33.2,19.8,13.4,6.07],
		"Delta_C_all": [2.26,0.978,0.463,2.22,3.04],
		"Delta_E94_all": [59.2,33.2,19.8,13.4,6.07],
		"Delta_C94_all": [2.26,0.978,0.463,2.22,3.04],
		"Delta_E2000_all": [48,31.1,14.8,9.06,5.15],
		"Delta_C2000_all": [2.53,1.07,0.527,2.98,4.05],
		"Delta_L_all": [-59.1,-33.2,-19.8,-13.2,-5.25],
		"Delta_Chroma_all": [2.26,0.978,0.463,2.22,3.04],
		"Delta_Hue_Distance_all": [0,0,0,0,0],
		"Delta_Hue_Degrees_all": [0,0,0,0,0],
		"sat_corr_comment": "sat_corr explained on https://www.imatest.com/docs/colorcheck/#satcorr - not recommended.",
		"Delta_C_all_sat_corr": ["_NaN_","_NaN_","_NaN_","_NaN_","_NaN_"],
		"Delta_C94_all_sat_corr": ["_NaN_","_NaN_","_NaN_","_NaN_","_NaN_"],
		"Delta_C2000_all_sat_corr": ["_NaN_","_NaN_","_NaN_","_NaN_","_NaN_"],
		"grayscale_patch_numbers": [1,2,3,4,5],
		"Delta_E": [59.2,33.2,19.8,13.4,6.07],
		"Delta_C": [2.26,0.978,0.463,2.22,3.04],
		"Delta_E94": [59.2,33.2,19.8,13.4,6.07],
		"Delta_C94": [2.26,0.978,0.463,2.22,3.04],
		"Delta_E2000": [48,31.1,14.8,9.06,5.15],
		"Delta_C2000": [2.53,1.07,0.527,2.98,4.05],
		"Delta_L": [-59.1,-33.2,-19.8,-13.2,-5.25],
		"Delta_Chroma": [2.26,0.978,0.463,2.22,3.04],
		"Delta_Hue_Distance": [0,0,0,0,0],
		"Delta_Hue_Degrees": [0,0,0,0,0],
		"mean_Delta_E": [26.3],
		"mean_Delta_C": [1.79],
		"mean_Delta_E94": [26.3],
		"mean_Delta_C94": [1.79],
		"mean_Delta_E2000": [21.6],
		"mean_Delta_C2000": [2.23],
		"mean_Delta_L": [-26.1],
		"mean_Delta_Chroma": [1.79],
		"mean_Delta_Hue_Distance": [0],
		"mean_Delta_Hue_Degrees": [0],
		"mean_Delta_C_sat_corr": ["_NaN_"],
		"mean_Delta_C94_sat_corr": ["_NaN_"],
		"mean_Delta_C2000_sat_corr": ["_NaN_"],
		"max_Delta_E": [59.2],
		"max_Delta_C": [3.04],
		"max_Delta_E94": [59.2],
		"max_Delta_C94": [3.04],
		"max_Delta_E2000": [48],
		"max_Delta_C2000": [4.05],
		"max_Delta_L": [-5.25],
		"max_Delta_Chroma": [3.04],
		"max_Delta_Hue_Distance": [0],
		"max_Delta_Hue_Degrees": [0],
		"max_Delta_C_sat_corr": ["_NaN_"],
		"max_Delta_C94_sat_corr": ["_NaN_"],
		"max_Delta_C2000_sat_corr": ["_NaN_"],
		"mean_RegionSize": [45292.8],
		"Sequence_dark_to_light": [5,4,3,2,1],
		"Patch_number": [5,4,3,2,1],
		"R_noise": [0.05946,0.06651,0.07193,0.06063,0.05091],
		"G_noise": [0.04217,0.04904,0.04125,0.03386,0.03089],
		"B_noise": [0.04987,0.05725,0.05423,0.04335,0.03848],
		"R_SNR_ratio": [1.2,1.429,2.253,4.215,6.676],
		"G_SNR_ratio": [1.061,1.675,4,7.52,10.83],
		"B_SNR_ratio": [1.191,1.576,3.073,6.008,9.054],
		"R_SNR_dB": [1.583,3.1,7.055,12.5,16.49],
		"G_SNR_dB": [0.5134,4.481,12.04,17.52,20.69],
		"B_SNR_dB": [1.52,3.954,9.752,15.58,19.14],
		"Gb_noise": [0.03518,0.03961,0.03428,0.02843,0.02604],
		"Gb_SNR_ratio": [1.462,2.158,4.799,8.979,12.93],
		"Gb_SNR_dB": [3.301,6.681,13.62,19.06,22.23],
		"Y_f_stop_SNR_ratio": [1.932,1.87,1.529,0.8812,0.5969],
		"Y_f_stop_SNR_dB": [5.72,5.438,3.688,-1.098,-4.482],
		"quality_levels_for_DR": [
				"Low,",
				"Medium,",
				"M-H,",
				"High,"
		],
		"SigNoise_levels_for_DR": [1,0.5,0.25,0.1],
		"Dynamic_Range_f_stops": [4.404,0,0,0],
		"Dynamic_Range_dB": [26.51,0,0,0],
		"noise_ISO15739_pct": [0.5798,0.8451,1.484,2.759,3.485],
		"snr_ISO15739": [0.7145,0.9388,1.556,1.921,2.662],
		"noise_pct_ISO15739_at_13pct_Lref": [3.18],
		"snr_ISO15739_at_13pct_Lref": [2.351],
		"snr_dB_ISO15739_at_13pct_Lref": [7.427],
		"DynamicRange_at_density_2": [828.4],
		"DynamicRange_total": [139.9],
		"DynamicRange_from_slope_OD": [1.95],
		"DynamicRange_from_slope_EV": [6.474],
		"DynamicRange_from_slope_dB": [39],
		"SNR_BW_dB_RGBY": [12.35,17.41,15.26,18.93],
		"L_noise": [3.534,4.268,3.859,3.092,2.752],
		"a_noise": [8.595,10.73,10.59,8.515,7.103],
		"b_noise": [7.727,10.21,9.892,7.868,6.601],
		"Total_Lab_noise_unwtd": [12.09,15.42,14.99,12,10.08],
		"Total_ab_noise_unwtd": [11.56,14.81,14.49,11.59,9.697],
		"R_minus_Y_KK_noise": [0.0519,0.05949,0.06222,0.05179,0.04337],
		"B_minus_Y_KK_noise": [0.05189,0.06432,0.05891,0.04801,0.04176],
		"Y_Kelly_Keelan_noise": [0.03518,0.03961,0.03428,0.02843,0.02604],
		"Total_KK_noise": [0.04718,0.05404,0.0506,0.04194,0.03683],
		"Chroma_KK_noise": [0.03144,0.03676,0.03722,0.03084,0.02604],
		"Total_old_iso_noise": [0.05825,0.06705,0.06487,0.05379,0.04649],
		"Y_noise_from_YUV": [0.03518,0.0396,0.03428,0.02842,0.02604],
		"U_noise_from_YUV": [0.02438,0.03022,0.02768,0.02256,0.01962],