{
	"jsonResults": {
		"dateRun": "13-May-2025 11:53:35",
		"ini_time_size": "13-May-2025 11:49:51 19023B  MD5 = f1ea47fb316e71e682b9f03904642b64",
		"version": "Imatest 24.2.6 Master Color/Tone Auto",
		"build": "2025-03-20",
		"image_file": "potted plant_55.0 mm_6400ISO_-2EV_Dist1_ON_Defocus1.tiff",
		"ColorSpace": "sRGB",
		"Reference": "Default values",
		"Ref_folder": "/usr/local/Imatest/v24.2/Master/",
		"Gamma": [0.3938],
		"patches_for_gamma_start_end": [1,5],
		"exposure_error_normalized_y_channel": [-0.236],
		"mean_camera_Saturation_Pct": ["_NaN_"],
		"mean_chroma_level_CPIQ_Pct": ["_NaN_"],
		"CPIQ_chroma_quality_loss_JND": ["_NaN_"],
		"CPIQ_exposure_quality_loss_JND": ["_NaN_"],
		"pixel_offset": [0],
		"mean_patch_size_pxls": [201,223],
		"roi_settings": "Recent ROI settings are in roi, nwid_save, nht_save, fillf, and distort (same names as ini file)",
		"roi": [3103,1411,4362,1685,3103,1687,4362,1403],
		"nwid_save": [6024],
		"nht_save": [4020],
		"fillf": [0.8],
		"distort": [0],
		"grayscale_zone": [1,2,3,4,5],
		"grayscale_minus_log_exposure": [2,1.513,1.025,0.5375,0.05],
		"grayscale_Y_reflectivity": [0.01,0.03073,0.09441,0.2901,0.8913],
		"grayscale_Y_Printer_pixel_gamma22": [33.13,55.18,91.91,153.1,255],
		"grayscale_Y_density": [0.4711,0.5897,0.7817,1.064,1.286],
		"grayscale_R_density": [0.4689,0.593,0.7915,1.021,1.153],
		"grayscale_G_density": [0.4735,0.5895,0.7795,1.079,1.343],
		"grayscale_B_density": [0.4548,0.5821,0.7754,1.047,1.224],
		"grayscale_Y_mean": [86.18,65.59,42.15,22.02,13.2],
		"grayscale_R_mean": [86.63,65.1,41.21,24.31,17.93],
		"grayscale_G_mean": [85.71,65.61,42.37,21.26,11.58],
		"grayscale_B_mean": [89.49,66.74,42.77,22.89,15.24],
		"White_Bal_error_Degrees": [338.3,215.9,268.8,-329.5,-963.4],
		"White_Bal_error_Mired": [-7.612,-4.946,-6.109,8.216,26.77],
		"White_Bal_error_S_HSV": [0.04223,0.02465,0.03646,0.1258,0.3541],
		"White_Bal_error_Delta_C_ab": [2.38,0.768,0.6133,1.943,2.898],
		"White_Bal_error_Delta_C_94": [2.38,0.768,0.6133,1.943,2.898],
		"White_Bal_error_Delta_C_00": [2.566,0.7563,0.7606,2.67,3.859],
		"n_Patch": [1,2,3,4,5],
		"n_Row": [1,1,1,1,1],
		"n_Column": [1,2,3,4,5],
		"width_pixels": [202,203,202,202,202],
		"height_pixels": [225,225,225,225,225],
		"Pixels_total": [45450,45675,45450,45450,45450],
		"R_reference": [242.4,146.6,86.6,49.01,25.46],
		"G_reference": [242.4,146.6,86.6,49.01,25.46],
		"B_reference": [242.4,146.6,86.6,49.01,25.46],
		"R_input": [86.63,65.1,41.21,24.31,17.93],
		"G_input": [85.71,65.61,42.37,21.26,11.58],
		"B_input": [89.49,66.74,42.77,22.89,15.24],
		"L_reference": [95.63,60.79,36.82,20.33,8.991],
		"a_reference": [0,0,0,0,0],
		"b_reference": [0,0,0,0,0],
		"L_input": [36.64,27.79,17.14,7.274,3.759],
		"a_input": [1.183,0.04066,-0.4221,1.853,2.75],
		"b_input": [-2.066,-0.767,-0.445,-0.5822,-0.9128],
		"x_reference": [0.3127,0.3127,0.3127,0.3127,0.3127],
		"y_reference": [0.329,0.329,0.329,0.329,0.329],
		"Y_reference": [0.8913,0.2901,0.09441,0.03073,0.01],
		"x_input": [0.3084,0.3095,0.3082,0.32,0.3315],
		"y_input": [0.3195,0.3254,0.3272,0.3179,0.2982],
		"Y_input": [0.09347,0.05381,0.02331,0.008053,0.004161],
		"LUV_comment": "L2 is used to differentiate between the L in LAB and L in LUV.",
		"L2_reference": [805.1,262,85.28,27.75,9.033],
		"U_reference": [0.1978,0.1978,0.1978,0.1978,0.1978],
		"V_reference": [0.4683,0.4683,0.4683,0.4683,0.4683],
		"L2_input": [84.43,48.61,21.06,7.274,3.759],
		"U_input": [0.1984,0.1969,0.1954,0.2073,0.2242],
		"V_input": [0.4625,0.4659,0.4667,0.4633,0.4537],
		"patch_numbers_for_all_Delta_E_C": [1,2,3,4,5],
		"Delta_E_all": [59,33,19.7,13.2,5.98],
		"Delta_C_all": [2.38,0.768,0.613,1.94,2.9],
		"Delta_E94_all": [59,33,19.7,13.2,5.98],
		"Delta_C94_all": [2.38,0.768,0.613,1.94,2.9],
		"Delta_E2000_all": [47.9,30.9,14.7,8.9,4.99],
		"Delta_C2000_all": [2.57,0.756,0.761,2.67,3.86],
		"Delta_L_all": [-59,-33,-19.7,-13.1,-5.23],
		"Delta_Chroma_all": [2.38,0.768,0.613,1.94,2.9],
		"Delta_Hue_Distance_all": [0,0,0,0,0],
		"Delta_Hue_Degrees_all": [0,0,0,0,0],
		"sat_corr_comment": "sat_corr explained on https://www.imatest.com/docs/colorcheck/#satcorr - not recommended.",
		"Delta_C_all_sat_corr": ["_NaN_","_NaN_","_NaN_","_NaN_","_NaN_"],
		"Delta_C94_all_sat_corr": ["_NaN_","_NaN_","_NaN_","_NaN_","_NaN_"],
		"Delta_C2000_all_sat_corr": ["_NaN_","_NaN_","_NaN_","_NaN_","_NaN_"],
		"grayscale_patch_numbers": [1,2,3,4,5],
		"Delta_E": [59,33,19.7,13.2,5.98],
		"Delta_C": [2.38,0.768,0.613,1.94,2.9],
		"Delta_E94": [59,33,19.7,13.2,5.98],
		"Delta_C94": [2.38,0.768,0.613,1.94,2.9],
		"Delta_E2000": [47.9,30.9,14.7,8.9,4.99],
		"Delta_C2000": [2.57,0.756,0.761,2.67,3.86],
		"Delta_L": [-59,-33,-19.7,-13.1,-5.23],
		"Delta_Chroma": [2.38,0.768,0.613,1.94,2.9],
		"Delta_Hue_Distance": [0,0,0,0,0],
		"Delta_Hue_Degrees": [0,0,0,0,0],
		"mean_Delta_E": [26.2],
		"mean_Delta_C": [1.72],
		"mean_Delta_E94": [26.2],
		"mean_Delta_C94": [1.72],
		"mean_Delta_E2000": [21.5],
		"mean_Delta_C2000": [2.12],
		"mean_Delta_L": [-26],
		"mean_Delta_Chroma": [1.72],
		"mean_Delta_Hue_Distance": [0],
		"mean_Delta_Hue_Degrees": [0],
		"mean_Delta_C_sat_corr": ["_NaN_"],
		"mean_Delta_C94_sat_corr": ["_NaN_"],
		"mean_Delta_C2000_sat_corr": ["_NaN_"],
		"max_Delta_E": [59],
		"max_Delta_C": [2.9],
		"max_Delta_E94": [59],
		"max_Delta_C94": [2.9],
		"max_Delta_E2000": [47.9],
		"max_Delta_C2000": [3.86],
		"max_Delta_L": [-5.23],
		"max_Delta_Chroma": [2.9],
		"max_Delta_Hue_Distance": [0],
		"max_Delta_Hue_Degrees": [0],
		"max_Delta_C_sat_corr": ["_NaN_"],
		"max_Delta_C94_sat_corr": ["_NaN_"],
		"max_Delta_C2000_sat_corr": ["_NaN_"],
		"mean_RegionSize": [45292.8],
		"Sequence_dark_to_light": [5,4,3,2,1],
		"Patch_number": [5,4,3,2,1],
		"R_noise": [0.0594,0.0671,0.07102,0.06019,0.05204],
		"G_noise": [0.04193,0.04902,0.04154,0.03332,0.03113],
		"B_noise": [0.04957,0.05752,0.05468,0.04389,0.03792],
		"R_SNR_ratio": [1.184,1.421,2.276,4.241,6.528],
		"G_SNR_ratio": [1.083,1.701,4,7.723,10.8],
		"B_SNR_ratio": [1.206,1.56,3.067,5.964,9.255],
		"R_SNR_dB": [1.468,3.052,7.142,12.55,16.3],
		"G_SNR_dB": [0.6963,4.612,12.04,17.76,20.67],
		"B_SNR_dB": [1.625,3.865,9.735,15.51,19.33],
		"Gb_noise": [0.03504,0.03972,0.0344,0.02824,0.02626],
		"Gb_SNR_ratio": [1.477,2.174,4.806,9.107,12.87],
		"Gb_SNR_dB": [3.388,6.747,13.63,19.19,22.19],
		"Y_f_stop_SNR_ratio": [1.899,1.887,1.533,0.8827,0.61],
		"Y_f_stop_SNR_dB": [5.569,5.516,3.712,-1.084,-4.293],
		"quality_levels_for_DR": [
				"Low,",
				"Medium,",
				"M-H,",
				"High,"
		],
		"SigNoise_levels_for_DR": [1,0.5,0.25,0.1],
		"Dynamic_Range_f_stops": [4.411,0,0,0],
		"Dynamic_Range_dB": [26.55,0,0,0],
		"noise_ISO15739_pct": [0.5796,0.8512,1.499,2.772,3.565],
		"snr_ISO15739": [0.7179,0.946,1.555,1.941,2.622],
		"noise_pct_ISO15739_at_13pct_Lref": [3.224],
		"snr_ISO15739_at_13pct_Lref": [2.329],
		"snr_dB_ISO15739_at_13pct_Lref": [7.344],
		"DynamicRange_at_density_2": [818.2],
		"DynamicRange_total": [139.7],
		"DynamicRange_from_slope_OD": [1.95],
		"DynamicRange_from_slope_EV": [6.474],
		"DynamicRange_from_slope_dB": [39],
		"SNR_BW_dB_RGBY": [12.42,17.56,15.17,19],
		"L_noise": [3.518,4.285,3.864,3.072,2.774],
		"a_noise": [8.546,10.77,10.49,8.331,7.168],
		"b_noise": [7.728,10.17,10.02,7.816,6.484],
		"Total_Lab_noise_unwtd": [12.05,15.42,15.01,11.83,10.06],
		"Total_ab_noise_unwtd": [11.52,14.81,14.5,11.42,9.666],
		"R_minus_Y_KK_noise": [0.05158,0.05977,0.06155,0.0511,0.04444],
		"B_minus_Y_KK_noise": [0.05196,0.06423,0.0598,0.04776,0.04107],
		"Y_Kelly_Keelan_noise": [0.03504,0.03972,0.0344,0.02824,0.02626],
		"Total_KK_noise": [0.04698,0.0542,0.05055,0.04156,0.03727],
		"Chroma_KK_noise": [0.0313,0.03688,0.03704,0.03048,0.02645],
		"Total_old_iso_noise": [0.05798,0.06726,0.06466,0.05323,0.04715],
		"Y_noise_from_YUV": [0.03503,0.03971,0.0344,0.02824,0.02626],
		"U_noise_from_YUV": [0.02441,0.03018,0.0281,0.02244,0.0193],