{
	"jsonResults": {
		"dateRun": "13-May-2025 11:53:35",
		"ini_time_size": "13-May-2025 11:49:51 19023B  MD5 = f1ea47fb316e71e682b9f03904642b64",
		"version": "Imatest 24.2.6 Master Color/Tone Auto",
		"build": "2025-03-20",
		"image_file": "potted plant_55.0 mm_25600ISO_-3EV_Dist1_ON_Defocus2.tiff",
		"ColorSpace": "sRGB",
		"Reference": "Default values",
		"Ref_folder": "/usr/local/Imatest/v24.2/Master/",
		"Gamma": [0.3387],
		"patches_for_gamma_start_end": [1,5],
		"exposure_error_normalized_y_channel": [-0.268],
		"mean_camera_Saturation_Pct": ["_NaN_"],
		"mean_chroma_level_CPIQ_Pct": ["_NaN_"],
		"CPIQ_chroma_quality_loss_JND": ["_NaN_"],
		"CPIQ_exposure_quality_loss_JND": ["_NaN_"],
		"pixel_offset": [0],
		"mean_patch_size_pxls": [201,223],
		"roi_settings": "Recent ROI settings are in roi, nwid_save, nht_save, fillf, and distort (same names as ini file)",
		"roi": [3103,1411,4362,1685,3103,1687,4362,1403],
		"nwid_save": [6024],
		"nht_save": [4020],
		"fillf": [0.8],
		"distort": [0],
		"grayscale_zone": [1,2,3,4,5],
		"grayscale_minus_log_exposure": [2,1.513,1.025,0.5375,0.05],
		"grayscale_Y_reflectivity": [0.01,0.03073,0.09441,0.2901,0.8913],
		"grayscale_Y_Printer_pixel_gamma22": [33.13,55.18,91.91,153.1,255],
		"grayscale_Y_density": [0.668,0.7975,0.9626,1.084,1.119],
		"grayscale_R_density": [0.6745,0.7639,0.8577,0.8962,0.9247],
		"grayscale_G_density": [0.6682,0.8093,1.005,1.172,1.212],
		"grayscale_B_density": [0.6484,0.7851,0.9131,0.9901,1.018],
		"grayscale_Y_mean": [54.77,40.65,27.79,21.03,19.41],
		"grayscale_R_mean": [53.96,43.92,35.39,32.38,30.33],
		"grayscale_G_mean": [54.75,39.56,25.2,17.15,15.65],
		"grayscale_B_mean": [57.3,41.83,31.15,26.09,24.48],
		"White_Bal_error_Degrees": [535.3,-319.4,-996.2,-2119,-2089],
		"White_Bal_error_Mired": [-11.71,7.95,27.85,74.42,72.88],
		"White_Bal_error_S_HSV": [0.05821,0.09941,0.288,0.4704,0.4839],
		"White_Bal_error_Delta_C_ab": [1.734,2.643,6.735,10.09,9.482],
		"White_Bal_error_Delta_C_94": [1.734,2.643,6.735,10.09,9.482],
		"White_Bal_error_Delta_C_00": [1.692,3.561,8.031,11.06,10.54],
		"n_Patch": [1,2,3,4,5],
		"n_Row": [1,1,1,1,1],
		"n_Column": [1,2,3,4,5],
		"width_pixels": [202,203,202,202,202],
		"height_pixels": [225,225,225,225,225],
		"Pixels_total": [45450,45675,45450,45450,45450],
		"R_reference": [242.4,146.6,86.6,49.01,25.46],
		"G_reference": [242.4,146.6,86.6,49.01,25.46],
		"B_reference": [242.4,146.6,86.6,49.01,25.46],
		"R_input": [53.96,43.92,35.39,32.38,30.33],
		"G_input": [54.75,39.56,25.2,17.15,15.65],
		"B_input": [57.3,41.83,31.15,26.09,24.48],
		"L_reference": [95.63,60.79,36.82,20.33,8.991],
		"a_reference": [0,0,0,0,0],
		"b_reference": [0,0,0,0,0],
		"L_input": [22.97,16.44,10.32,7.17,6.407],
		"a_input": [0.2634,2.53,6.373,9.61,9.004],
		"b_input": [-1.714,-0.766,-2.177,-3.066,-2.972],
		"x_reference": [0.3127,0.3127,0.3127,0.3127,0.3127],
		"y_reference": [0.329,0.329,0.329,0.329,0.329],
		"Y_reference": [0.8913,0.2901,0.09441,0.03073,0.01],
		"x_input": [0.3052,0.3197,0.332,0.3471,0.3463],
		"y_input": [0.3196,0.3188,0.2965,0.2761,0.2745],
		"Y_input": [0.0379,0.02188,0.01168,0.007937,0.007093],
		"LUV_comment": "L2 is used to differentiate between the L in LAB and L in LUV.",
		"L2_reference": [805.1,262,85.28,27.75,9.033],
		"U_reference": [0.1978,0.1978,0.1978,0.1978,0.1978],
		"V_reference": [0.4683,0.4683,0.4683,0.4683,0.4683],
		"L2_input": [34.24,19.76,10.55,7.17,6.407],
		"U_input": [0.1961,0.2067,0.2253,0.2471,0.2473],
		"V_input": [0.4621,0.4638,0.4527,0.4422,0.441],
		"patch_numbers_for_all_Delta_E_C": [1,2,3,4,5],
		"Delta_E_all": [72.7,44.4,27.3,16.6,9.83],
		"Delta_C_all": [1.73,2.64,6.73,10.1,9.48],
		"Delta_E94_all": [72.7,44.4,27.3,16.6,9.83],
		"Delta_C94_all": [1.73,2.64,6.73,10.1,9.48],
		"Delta_E2000_all": [64.6,38.4,20.7,14,10.7],
		"Delta_C2000_all": [1.69,3.56,8.03,11.1,10.5],
		"Delta_L_all": [-72.7,-44.3,-26.5,-13.2,-2.58],
		"Delta_Chroma_all": [1.73,2.64,6.73,10.1,9.48],
		"Delta_Hue_Distance_all": [0,0,0,0,0],
		"Delta_Hue_Degrees_all": [0,0,0,0,0],
		"sat_corr_comment": "sat_corr explained on https://www.imatest.com/docs/colorcheck/#satcorr - not recommended.",
		"Delta_C_all_sat_corr": ["_NaN_","_NaN_","_NaN_","_NaN_","_NaN_"],
		"Delta_C94_all_sat_corr": ["_NaN_","_NaN_","_NaN_","_NaN_","_NaN_"],
		"Delta_C2000_all_sat_corr": ["_NaN_","_NaN_","_NaN_","_NaN_","_NaN_"],
		"grayscale_patch_numbers": [1,2,3,4,5],
		"Delta_E": [72.7,44.4,27.3,16.6,9.83],
		"Delta_C": [1.73,2.64,6.73,10.1,9.48],
		"Delta_E94": [72.7,44.4,27.3,16.6,9.83],
		"Delta_C94": [1.73,2.64,6.73,10.1,9.48],
		"Delta_E2000": [64.6,38.4,20.7,14,10.7],
		"Delta_C2000": [1.69,3.56,8.03,11.1,10.5],
		"Delta_L": [-72.7,-44.3,-26.5,-13.2,-2.58],
		"Delta_Chroma": [1.73,2.64,6.73,10.1,9.48],
		"Delta_Hue_Distance": [0,0,0,0,0],
		"Delta_Hue_Degrees": [0,0,0,0,0],
		"mean_Delta_E": [34.2],
		"mean_Delta_C": [6.14],
		"mean_Delta_E94": [34.2],
		"mean_Delta_C94": [6.14],
		"mean_Delta_E2000": [29.7],
		"mean_Delta_C2000": [6.98],
		"mean_Delta_L": [-31.9],
		"mean_Delta_Chroma": [6.14],
		"mean_Delta_Hue_Distance": [0],
		"mean_Delta_Hue_Degrees": [0],
		"mean_Delta_C_sat_corr": ["_NaN_"],
		"mean_Delta_C94_sat_corr": ["_NaN_"],
		"mean_Delta_C2000_sat_corr": ["_NaN_"],
		"max_Delta_E": [72.7],
		"max_Delta_C": [10.1],
		"max_Delta_E94": [72.7],
		"max_Delta_C94": [10.1],
		"max_Delta_E2000": [64.6],
		"max_Delta_C2000": [11.1],
		"max_Delta_L": [-2.58],
		"max_Delta_Chroma": [10.1],
		"max_Delta_Hue_Distance": [0],
		"max_Delta_Hue_Degrees": [0],
		"max_Delta_C_sat_corr": ["_NaN_"],
		"max_Delta_C94_sat_corr": ["_NaN_"],
		"max_Delta_C2000_sat_corr": ["_NaN_"],
		"mean_RegionSize": [45292.8],
		"Sequence_dark_to_light": [5,4,3,2,1],
		"Patch_number": [5,4,3,2,1],
		"R_noise": [0.101,0.105,0.1104,0.1207,0.1274],
		"G_noise": [0.07282,0.07613,0.08706,0.0953,0.09052],
		"B_noise": [0.08634,0.08859,0.09649,0.1053,0.1039],
		"R_SNR_ratio": [1.178,1.209,1.257,1.427,1.661],
		"G_SNR_ratio": [0.843,0.8833,1.135,1.628,2.372],
		"B_SNR_ratio": [1.112,1.155,1.266,1.558,2.163],
		"R_SNR_dB": [1.419,1.652,1.986,3.088,4.406],
		"G_SNR_dB": [-1.484,-1.078,1.1,4.231,7.502],
		"B_SNR_dB": [0.9204,1.251,2.049,3.854,6.702],
		"Gb_noise": [0.05973,0.06246,0.06986,0.07611,0.07311],
		"Gb_SNR_ratio": [1.274,1.32,1.56,2.094,2.938],
		"Gb_SNR_dB": [2.104,2.414,3.863,6.422,9.36],
		"Y_f_stop_SNR_ratio": [0.4676,0.4291,0.34,0.1625,0.06576],
		"Y_f_stop_SNR_dB": [-6.603,-7.349,-9.371,-15.78,-23.64],
		"quality_levels_for_DR": [
				"Low,",
				"Medium,",
				"M-H,",
				"High,"
		],
		"SigNoise_levels_for_DR": [1,0.5,0.25,0.1],
		"Dynamic_Range_f_stops": [0,0,0,0],
		"Dynamic_Range_dB": [0,0,0,0],
		"noise_ISO15739_pct": [2.738,3.12,5.015,9.363,11.04],
		"snr_ISO15739": [0.2591,0.2544,0.2328,0.2336,0.3432],
		"noise_pct_ISO15739_at_13pct_Lref": [10.82],
		"snr_ISO15739_at_13pct_Lref": [0.3289],
		"snr_dB_ISO15739_at_13pct_Lref": [-9.658],
		"DynamicRange_at_density_2": [246.2],
		"DynamicRange_total": [0],
		"DynamicRange_from_slope_OD": [1.95],
		"DynamicRange_from_slope_EV": [6.474],
		"DynamicRange_from_slope_dB": [39],
		"SNR_BW_dB_RGBY": [0.7956,2.849,1.986,4.803],
		"L_noise": [6.663,6.972,7.692,8.154,7.595],
		"a_noise": [15.21,15.64,17.24,18.71,18.13],
		"b_noise": [14.75,15.47,17.05,18.83,17.94],
		"Total_Lab_noise_unwtd": [22.21,23.08,25.44,27.77,26.62],
		"Total_ab_noise_unwtd": [21.18,22,24.25,26.54,25.51],
		"R_minus_Y_KK_noise": [0.09042,0.09347,0.1015,0.1104,0.1145],
		"B_minus_Y_KK_noise": [0.09088,0.09538,0.1066,0.1199,0.1157],
		"Y_Kelly_Keelan_noise": [0.05973,0.06246,0.06986,0.07611,0.07311],
		"Total_KK_noise": [0.08109,0.08449,0.09358,0.1023,0.1009],
		"Chroma_KK_noise": [0.05485,0.0569,0.06226,0.06833,0.06953],
		"Total_old_iso_noise": [0.1006,0.1046,0.1153,0.1261,0.126],
		"Y_noise_from_YUV": [0.05973,0.06245,0.06985,0.07609,0.0731],
		"U_noise_from_YUV": [0.0427,0.04482,0.05008,0.05634,0.05436],