{
	"jsonResults": {
		"dateRun": "13-May-2025 11:53:35",
		"ini_time_size": "13-May-2025 11:49:51 19023B  MD5 = f1ea47fb316e71e682b9f03904642b64",
		"version": "Imatest 24.2.6 Master Color/Tone Auto",
		"build": "2025-03-20",
		"image_file": "potted plant_55.0 mm_6400ISO_-2EV_Dist1_ON_Focused.tiff",
		"ColorSpace": "sRGB",
		"Reference": "Default values",
		"Ref_folder": "/usr/local/Imatest/v24.2/Master/",
		"Gamma": [0.3979],
		"patches_for_gamma_start_end": [1,5],
		"exposure_error_normalized_y_channel": [-0.237],
		"mean_camera_Saturation_Pct": ["_NaN_"],
		"mean_chroma_level_CPIQ_Pct": ["_NaN_"],
		"CPIQ_chroma_quality_loss_JND": ["_NaN_"],
		"CPIQ_exposure_quality_loss_JND": ["_NaN_"],
		"pixel_offset": [0],
		"mean_patch_size_pxls": [201,223],
		"roi_settings": "Recent ROI settings are in roi, nwid_save, nht_save, fillf, and distort (same names as ini file)",
		"roi": [3103,1411,4362,1685,3103,1687,4362,1403],
		"nwid_save": [6024],
		"nht_save": [4020],
		"fillf": [0.8],
		"distort": [0],
		"grayscale_zone": [1,2,3,4,5],
		"grayscale_minus_log_exposure": [2,1.513,1.025,0.5375,0.05],
		"grayscale_Y_reflectivity": [0.01,0.03073,0.09441,0.2901,0.8913],
		"grayscale_Y_Printer_pixel_gamma22": [33.13,55.18,91.91,153.1,255],
		"grayscale_Y_density": [0.472,0.5937,0.7877,1.085,1.393],
		"grayscale_R_density": [0.4684,0.5973,0.803,1.033,1.207],
		"grayscale_G_density": [0.4749,0.5934,0.7837,1.105,1.482],
		"grayscale_B_density": [0.4551,0.5861,0.7833,1.056,1.29],
		"grayscale_Y_mean": [86,64.99,41.58,20.96,10.32],
		"grayscale_R_mean": [86.73,64.46,40.13,23.61,15.83],
		"grayscale_G_mean": [85.44,65.03,41.96,20.03,8.407],
		"grayscale_B_mean": [89.43,66.13,42,22.4,13.07],
		"White_Bal_error_Degrees": [326.9,220.6,310,-264,-1192],
		"White_Bal_error_Mired": [-7.367,-5.05,-7.002,6.512,34.56],
		"White_Bal_error_S_HSV": [0.04456,0.02534,0.04449,0.1514,0.469],
		"White_Bal_error_Delta_C_ab": [2.538,0.7598,0.8677,2.396,3.092],
		"White_Bal_error_Delta_C_94": [2.538,0.7598,0.8677,2.396,3.092],
		"White_Bal_error_Delta_C_00": [2.782,0.7471,1.219,3.186,4.065],
		"n_Patch": [1,2,3,4,5],
		"n_Row": [1,1,1,1,1],
		"n_Column": [1,2,3,4,5],
		"width_pixels": [202,203,202,202,202],
		"height_pixels": [225,225,225,225,225],
		"Pixels_total": [45450,45675,45450,45450,45450],
		"R_reference": [242.4,146.6,86.6,49.01,25.46],
		"G_reference": [242.4,146.6,86.6,49.01,25.46],
		"B_reference": [242.4,146.6,86.6,49.01,25.46],
		"R_input": [86.73,64.46,40.13,23.61,15.83],
		"G_input": [85.44,65.03,41.96,20.03,8.407],
		"B_input": [89.43,66.13,42,22.4,13.07],
		"L_reference": [95.63,60.79,36.82,20.33,8.991],
		"a_reference": [0,0,0,0,0],
		"b_reference": [0,0,0,0,0],
		"L_input": [36.57,27.53,16.87,6.778,2.895],
		"a_input": [1.375,0.009968,-0.8086,2.197,2.893],
		"b_input": [-2.133,-0.7598,-0.3146,-0.956,-1.093],
		"x_reference": [0.3127,0.3127,0.3127,0.3127,0.3127],
		"y_reference": [0.329,0.329,0.329,0.329,0.329],
		"Y_reference": [0.8913,0.2901,0.09441,0.03073,0.01],
		"x_input": [0.3087,0.3094,0.3072,0.3194,0.3347],
		"y_input": [0.3189,0.3254,0.3288,0.3125,0.2859],
		"Y_input": [0.09309,0.05284,0.02274,0.007504,0.003204],
		"LUV_comment": "L2 is used to differentiate between the L in LAB and L in LUV.",
		"L2_reference": [805.1,262,85.28,27.75,9.033],
		"U_reference": [0.1978,0.1978,0.1978,0.1978,0.1978],
		"V_reference": [0.4683,0.4683,0.4683,0.4683,0.4683],
		"L2_input": [84.09,47.73,20.54,6.778,2.895],
		"U_input": [0.1988,0.1968,0.1941,0.209,0.2324],
		"V_input": [0.4622,0.4659,0.4674,0.4602,0.4466],
		"patch_numbers_for_all_Delta_E_C": [1,2,3,4,5],
		"Delta_E_all": [59.1,33.3,20,13.8,6.84],
		"Delta_C_all": [2.54,0.76,0.868,2.4,3.09],
		"Delta_E94_all": [59.1,33.3,20,13.8,6.84],
		"Delta_C94_all": [2.54,0.76,0.868,2.4,3.09],
		"Delta_E2000_all": [48,31.1,14.9,9.35,5.48],
		"Delta_C2000_all": [2.78,0.747,1.22,3.19,4.07],
		"Delta_L_all": [-59.1,-33.3,-20,-13.6,-6.1],
		"Delta_Chroma_all": [2.54,0.76,0.868,2.4,3.09],
		"Delta_Hue_Distance_all": [0,0,0,0,0],
		"Delta_Hue_Degrees_all": [0,0,0,0,0],
		"sat_corr_comment": "sat_corr explained on https://www.imatest.com/docs/colorcheck/#satcorr - not recommended.",
		"Delta_C_all_sat_corr": ["_NaN_","_NaN_","_NaN_","_NaN_","_NaN_"],
		"Delta_C94_all_sat_corr": ["_NaN_","_NaN_","_NaN_","_NaN_","_NaN_"],
		"Delta_C2000_all_sat_corr": ["_NaN_","_NaN_","_NaN_","_NaN_","_NaN_"],
		"grayscale_patch_numbers": [1,2,3,4,5],
		"Delta_E": [59.1,33.3,20,13.8,6.84],
		"Delta_C": [2.54,0.76,0.868,2.4,3.09],
		"Delta_E94": [59.1,33.3,20,13.8,6.84],
		"Delta_C94": [2.54,0.76,0.868,2.4,3.09],
		"Delta_E2000": [48,31.1,14.9,9.35,5.48],
		"Delta_C2000": [2.78,0.747,1.22,3.19,4.07],
		"Delta_L": [-59.1,-33.3,-20,-13.6,-6.1],
		"Delta_Chroma": [2.54,0.76,0.868,2.4,3.09],
		"Delta_Hue_Distance": [0,0,0,0,0],
		"Delta_Hue_Degrees": [0,0,0,0,0],
		"mean_Delta_E": [26.6],
		"mean_Delta_C": [1.93],
		"mean_Delta_E94": [26.6],
		"mean_Delta_C94": [1.93],
		"mean_Delta_E2000": [21.8],
		"mean_Delta_C2000": [2.4],
		"mean_Delta_L": [-26.4],
		"mean_Delta_Chroma": [1.93],
		"mean_Delta_Hue_Distance": [0],
		"mean_Delta_Hue_Degrees": [0],
		"mean_Delta_C_sat_corr": ["_NaN_"],
		"mean_Delta_C94_sat_corr": ["_NaN_"],
		"mean_Delta_C2000_sat_corr": ["_NaN_"],
		"max_Delta_E": [59.1],
		"max_Delta_C": [3.09],
		"max_Delta_E94": [59.1],
		"max_Delta_C94": [3.09],
		"max_Delta_E2000": [48],
		"max_Delta_C2000": [4.07],
		"max_Delta_L": [-6.1],
		"max_Delta_Chroma": [3.09],
		"max_Delta_Hue_Distance": [0],
		"max_Delta_Hue_Degrees": [0],
		"max_Delta_C_sat_corr": ["_NaN_"],
		"max_Delta_C94_sat_corr": ["_NaN_"],
		"max_Delta_C2000_sat_corr": ["_NaN_"],
		"mean_RegionSize": [45292.8],
		"Sequence_dark_to_light": [5,4,3,2,1],
		"Patch_number": [5,4,3,2,1],
		"R_noise": [0.05576,0.06641,0.07178,0.06058,0.05133],
		"G_noise": [0.03675,0.04837,0.04115,0.03326,0.03042],
		"B_noise": [0.04596,0.0568,0.05497,0.04355,0.03748],
		"R_SNR_ratio": [1.113,1.394,2.193,4.172,6.626],
		"G_SNR_ratio": [0.8972,1.624,3.999,7.668,11.02],
		"B_SNR_ratio": [1.115,1.546,2.996,5.955,9.357],
		"R_SNR_dB": [0.933,2.886,6.82,12.41,16.43],
		"G_SNR_dB": [-0.9419,4.213,12.04,17.69,20.84],
		"B_SNR_dB": [0.9488,3.787,9.532,15.5,19.42],
		"Gb_noise": [0.03059,0.0387,0.03431,0.02808,0.0253],
		"Gb_SNR_ratio": [1.323,2.124,4.752,9.076,13.33],
		"Gb_SNR_dB": [2.433,6.544,13.54,19.16,22.5],
		"Y_f_stop_SNR_ratio": [2.011,1.916,1.553,0.9777,0.8424],
		"Y_f_stop_SNR_dB": [6.069,5.646,3.826,-0.1956,-1.489],
		"quality_levels_for_DR": [
				"Low,",
				"Medium,",
				"M-H,",
				"High,"
		],
		"SigNoise_levels_for_DR": [1,0.5,0.25,0.1],
		"Dynamic_Range_f_stops": [4.761,0,0,0],
		"Dynamic_Range_dB": [28.66,0,0,0],
		"noise_ISO15739_pct": [0.4612,0.7747,1.475,2.772,3.451],
		"snr_ISO15739": [0.6948,0.9687,1.542,1.907,2.698],
		"noise_pct_ISO15739_at_13pct_Lref": [3.147],
		"snr_ISO15739_at_13pct_Lref": [2.344],
		"snr_dB_ISO15739_at_13pct_Lref": [7.401],
		"DynamicRange_at_density_2": [1009],
		"DynamicRange_total": [142.4],
		"DynamicRange_from_slope_OD": [1.95],
		"DynamicRange_from_slope_EV": [6.474],
		"DynamicRange_from_slope_dB": [39],
		"SNR_BW_dB_RGBY": [12.49,17.69,15.35,19.17],
		"L_noise": [2.892,4.144,3.868,3.056,2.67],
		"a_noise": [7.829,10.77,10.5,8.402,7.213],
		"b_noise": [6.95,10.15,10.17,7.806,6.554],
		"Total_Lab_noise_unwtd": [10.86,15.37,15.12,11.87,10.11],
		"Total_ab_noise_unwtd": [10.47,14.8,14.62,11.47,9.746],
		"R_minus_Y_KK_noise": [0.04863,0.06004,0.06161,0.05165,0.04427],
		"B_minus_Y_KK_noise": [0.04827,0.06427,0.06057,0.04759,0.04148],
		"Y_Kelly_Keelan_noise": [0.03059,0.0387,0.03431,0.02808,0.0253],
		"Total_KK_noise": [0.04243,0.05354,0.05059,0.04162,0.03659],
		"Chroma_KK_noise": [0.02941,0.037,0.03717,0.03072,0.02643],
		"Total_old_iso_noise": [0.05312,0.06683,0.06476,0.05346,0.04658],
		"Y_noise_from_YUV": [0.03058,0.0387,0.03431,0.02808,0.0253],
		"U_noise_from_YUV": [0.02268,0.0302,0.02846,0.02236,0.01949],