{
	"jsonResults": {
		"dateRun": "13-May-2025 11:53:35",
		"ini_time_size": "13-May-2025 11:49:51 19023B  MD5 = f1ea47fb316e71e682b9f03904642b64",
		"version": "Imatest 24.2.6 Master Color/Tone Auto",
		"build": "2025-03-20",
		"image_file": "potted plant_55.0 mm_1600ISO_-1EV_Dist1_OFF_Defocus2.tiff",
		"ColorSpace": "sRGB",
		"Reference": "Default values",
		"Ref_folder": "/usr/local/Imatest/v24.2/Master/",
		"Gamma": [0.3308],
		"patches_for_gamma_start_end": [1,5],
		"exposure_error_normalized_y_channel": [-0.153],
		"mean_camera_Saturation_Pct": ["_NaN_"],
		"mean_chroma_level_CPIQ_Pct": ["_NaN_"],
		"CPIQ_chroma_quality_loss_JND": ["_NaN_"],
		"CPIQ_exposure_quality_loss_JND": ["_NaN_"],
		"pixel_offset": [0],
		"mean_patch_size_pxls": [201,223],
		"roi_settings": "Recent ROI settings are in roi, nwid_save, nht_save, fillf, and distort (same names as ini file)",
		"roi": [3103,1411,4362,1685,3103,1687,4362,1403],
		"nwid_save": [6024],
		"nht_save": [4020],
		"fillf": [0.8],
		"distort": [0],
		"grayscale_zone": [1,2,3,4,5],
		"grayscale_minus_log_exposure": [2,1.513,1.025,0.5375,0.05],
		"grayscale_Y_reflectivity": [0.01,0.03073,0.09441,0.2901,0.8913],
		"grayscale_Y_Printer_pixel_gamma22": [33.13,55.18,91.91,153.1,255],
		"grayscale_Y_density": [0.2856,0.3914,0.5527,0.7704,0.9271],
		"grayscale_R_density": [0.2843,0.392,0.5555,0.7752,0.9293],
		"grayscale_G_density": [0.2874,0.392,0.5527,0.7698,0.9268],
		"grayscale_B_density": [0.2722,0.3846,0.5443,0.7628,0.9239],
		"grayscale_Y_mean": [132.1,103.5,71.43,43.26,30.16],
		"grayscale_R_mean": [132.5,103.4,70.97,42.79,30.01],
		"grayscale_G_mean": [131.6,103.4,71.42,43.33,30.18],
		"grayscale_B_mean": [136.2,105.2,72.81,44.02,30.38],
		"White_Bal_error_Degrees": [296.4,165.6,227.6,220.3,86.2],
		"White_Bal_error_Mired": [-6.71,-3.822,-5.206,-5.043,-2.014],
		"White_Bal_error_S_HSV": [0.03438,0.01693,0.02525,0.028,0.01222],
		"White_Bal_error_Delta_C_ab": [2.726,1.067,0.9098,0.5449,0.1724],
		"White_Bal_error_Delta_C_94": [2.726,1.067,0.9098,0.5449,0.1724],
		"White_Bal_error_Delta_C_00": [2.885,1.114,0.9016,0.5437,0.1743],
		"n_Patch": [1,2,3,4,5],
		"n_Row": [1,1,1,1,1],
		"n_Column": [1,2,3,4,5],
		"width_pixels": [202,203,202,202,202],
		"height_pixels": [225,225,225,225,225],
		"Pixels_total": [45450,45675,45450,45450,45450],
		"R_reference": [242.4,146.6,86.6,49.01,25.46],
		"G_reference": [242.4,146.6,86.6,49.01,25.46],
		"B_reference": [242.4,146.6,86.6,49.01,25.46],
		"R_input": [132.5,103.4,70.97,42.79,30.01],
		"G_input": [131.6,103.4,71.42,43.33,30.18],
		"B_input": [136.2,105.2,72.81,44.02,30.38],
		"L_reference": [95.63,60.79,36.82,20.33,8.991],
		"a_reference": [0,0,0,0,0],
		"b_reference": [0,0,0,0,0],
		"L_input": [55.19,43.82,30.35,17.66,11.34],
		"a_input": [1.292,0.3658,0.1238,-0.06951,-0.02695],
		"b_input": [-2.4,-1.003,-0.9014,-0.5405,-0.1703],
		"x_reference": [0.3127,0.3127,0.3127,0.3127,0.3127],
		"y_reference": [0.329,0.329,0.329,0.329,0.329],
		"Y_reference": [0.8913,0.2901,0.09441,0.03073,0.01],
		"x_input": [0.3089,0.3104,0.3093,0.3093,0.3114],
		"y_input": [0.3209,0.3252,0.3249,0.3259,0.3278],
		"Y_input": [0.2312,0.1371,0.06378,0.02443,0.01309],
		"LUV_comment": "L2 is used to differentiate between the L in LAB and L in LUV.",
		"L2_reference": [805.1,262,85.28,27.75,9.033],
		"U_reference": [0.1978,0.1978,0.1978,0.1978,0.1978],
		"V_reference": [0.4683,0.4683,0.4683,0.4683,0.4683],
		"L2_input": [208.8,123.9,57.61,22.07,11.83],
		"U_input": [0.1982,0.1977,0.197,0.1966,0.1973],
		"V_input": [0.4633,0.4659,0.4656,0.4661,0.4675],
		"patch_numbers_for_all_Delta_E_C": [1,2,3,4,5],
		"Delta_E_all": [40.5,17,6.54,2.73,2.36],
		"Delta_C_all": [2.73,1.07,0.91,0.545,0.172],
		"Delta_E94_all": [40.5,17,6.54,2.73,2.36],
		"Delta_C94_all": [2.73,1.07,0.91,0.545,0.172],
		"Delta_E2000_all": [29.5,16.7,5.31,1.91,1.48],
		"Delta_C2000_all": [2.88,1.11,0.902,0.544,0.174],
		"Delta_L_all": [-40.4,-17,-6.47,-2.67,2.35],
		"Delta_Chroma_all": [2.73,1.07,0.91,0.545,0.172],
		"Delta_Hue_Distance_all": [0,0,0,0,0],
		"Delta_Hue_Degrees_all": [0,0,0,0,0],
		"sat_corr_comment": "sat_corr explained on https://www.imatest.com/docs/colorcheck/#satcorr - not recommended.",
		"Delta_C_all_sat_corr": ["_NaN_","_NaN_","_NaN_","_NaN_","_NaN_"],
		"Delta_C94_all_sat_corr": ["_NaN_","_NaN_","_NaN_","_NaN_","_NaN_"],
		"Delta_C2000_all_sat_corr": ["_NaN_","_NaN_","_NaN_","_NaN_","_NaN_"],
		"grayscale_patch_numbers": [1,2,3,4,5],
		"Delta_E": [40.5,17,6.54,2.73,2.36],
		"Delta_C": [2.73,1.07,0.91,0.545,0.172],
		"Delta_E94": [40.5,17,6.54,2.73,2.36],
		"Delta_C94": [2.73,1.07,0.91,0.545,0.172],
		"Delta_E2000": [29.5,16.7,5.31,1.91,1.48],
		"Delta_C2000": [2.88,1.11,0.902,0.544,0.174],
		"Delta_L": [-40.4,-17,-6.47,-2.67,2.35],
		"Delta_Chroma": [2.73,1.07,0.91,0.545,0.172],
		"Delta_Hue_Distance": [0,0,0,0,0],
		"Delta_Hue_Degrees": [0,0,0,0,0],
		"mean_Delta_E": [13.8],
		"mean_Delta_C": [1.08],
		"mean_Delta_E94": [13.8],
		"mean_Delta_C94": [1.08],
		"mean_Delta_E2000": [11],
		"mean_Delta_C2000": [1.12],
		"mean_Delta_L": [-12.8],
		"mean_Delta_Chroma": [1.08],
		"mean_Delta_Hue_Distance": [0],
		"mean_Delta_Hue_Degrees": [0],
		"mean_Delta_C_sat_corr": ["_NaN_"],
		"mean_Delta_C94_sat_corr": ["_NaN_"],
		"mean_Delta_C2000_sat_corr": ["_NaN_"],
		"max_Delta_E": [40.5],
		"max_Delta_C": [2.73],
		"max_Delta_E94": [40.5],
		"max_Delta_C94": [2.73],
		"max_Delta_E2000": [29.5],
		"max_Delta_C2000": [2.88],
		"max_Delta_L": [2.35],
		"max_Delta_Chroma": [2.73],
		"max_Delta_Hue_Distance": [0],
		"max_Delta_Hue_Degrees": [0],
		"max_Delta_C_sat_corr": ["_NaN_"],
		"max_Delta_C94_sat_corr": ["_NaN_"],
		"max_Delta_C2000_sat_corr": ["_NaN_"],
		"mean_RegionSize": [45292.8],
		"Sequence_dark_to_light": [5,4,3,2,1],
		"Patch_number": [5,4,3,2,1],
		"R_noise": [0.04591,0.03876,0.02953,0.02692,0.02763],
		"G_noise": [0.03428,0.02355,0.01846,0.01794,0.02005],
		"B_noise": [0.03949,0.03001,0.0234,0.02235,0.02397],
		"R_SNR_ratio": [2.564,4.329,9.425,15.06,18.81],
		"G_SNR_ratio": [3.452,7.216,15.17,22.61,25.73],
		"B_SNR_ratio": [3.017,5.753,12.2,18.45,22.29],
		"R_SNR_dB": [8.177,12.73,19.49,23.56,25.49],
		"G_SNR_dB": [10.76,17.17,23.62,27.08,28.21],
		"B_SNR_dB": [9.593,15.2,21.73,25.32,26.96],
		"Gb_noise": [0.03079,0.02099,0.01574,0.01552,0.0181],
		"Gb_SNR_ratio": [3.841,8.084,17.8,26.16,28.63],
		"Gb_SNR_dB": [11.69,18.15,25.01,28.35,29.14],
		"Y_f_stop_SNR_ratio": [3.822,4.733,4.636,2.381,1.031],
		"Y_f_stop_SNR_dB": [11.64,13.5,13.32,7.534,0.2614],
		"quality_levels_for_DR": [
				"Low,",
				"Medium,",
				"M-H,",
				"High,"
		],
		"SigNoise_levels_for_DR": [1,0.5,0.25,0.1],
		"Dynamic_Range_f_stops": [0,5.094,3.511,0],
		"Dynamic_Range_dB": [0,30.66,21.14,0],
		"noise_ISO15739_pct": [0.2965,0.2646,0.413,0.9255,1.494],
		"snr_ISO15739": [4.416,9.232,15.44,14.82,15.48],
		"noise_pct_ISO15739_at_13pct_Lref": [1.337],
		"snr_ISO15739_at_13pct_Lref": [15.3],
		"snr_dB_ISO15739_at_13pct_Lref": [23.69],
		"DynamicRange_at_density_2": [1956],
		"DynamicRange_total": [0],
		"DynamicRange_from_slope_OD": [1.95],
		"DynamicRange_from_slope_EV": [6.474],
		"DynamicRange_from_slope_dB": [39],
		"SNR_BW_dB_RGBY": [22.24,25.77,23.85,27.02],
		"L_noise": [3.493,2.461,1.734,1.609,1.805],
		"a_noise": [6.081,5.55,4.3,3.666,3.378],
		"b_noise": [5.684,5.251,4.074,3.488,3.192],
		"Total_Lab_noise_unwtd": [9.027,8.027,6.172,5.31,4.986],
		"Total_ab_noise_unwtd": [8.324,7.64,5.924,5.06,4.647],
		"R_minus_Y_KK_noise": [0.03529,0.03119,0.02479,0.02227,0.02123],
		"B_minus_Y_KK_noise": [0.03611,0.02983,0.02489,0.02268,0.02169],
		"Y_Kelly_Keelan_noise": [0.03079,0.02099,0.01574,0.01552,0.0181],
		"Total_KK_noise": [0.03756,0.02811,0.02176,0.0206,0.02224],
		"Chroma_KK_noise": [0.0215,0.0187,0.01503,0.01355,0.01293],
		"Total_old_iso_noise": [0.0442,0.03472,0.0272,0.02531,0.02629],
		"Y_noise_from_YUV": [0.03079,0.02099,0.01574,0.01552,0.0181],
		"U_noise_from_YUV": [0.01697,0.01402,0.0117,0.01066,0.01019],