{
	"jsonResults": {
		"dateRun": "13-May-2025 11:53:35",
		"ini_time_size": "13-May-2025 11:49:51 19023B  MD5 = f1ea47fb316e71e682b9f03904642b64",
		"version": "Imatest 24.2.6 Master Color/Tone Auto",
		"build": "2025-03-20",
		"image_file": "potted plant_55.0 mm_6400ISO_-1EV_Dist1_OFF_Focused.tiff",
		"ColorSpace": "sRGB",
		"Reference": "Default values",
		"Ref_folder": "/usr/local/Imatest/v24.2/Master/",
		"Gamma": [0.3595],
		"patches_for_gamma_start_end": [1,5],
		"exposure_error_normalized_y_channel": [-0.183],
		"mean_camera_Saturation_Pct": ["_NaN_"],
		"mean_chroma_level_CPIQ_Pct": ["_NaN_"],
		"CPIQ_chroma_quality_loss_JND": ["_NaN_"],
		"CPIQ_exposure_quality_loss_JND": ["_NaN_"],
		"pixel_offset": [0],
		"mean_patch_size_pxls": [201,223],
		"roi_settings": "Recent ROI settings are in roi, nwid_save, nht_save, fillf, and distort (same names as ini file)",
		"roi": [3103,1411,4362,1685,3103,1687,4362,1403],
		"nwid_save": [6024],
		"nht_save": [4020],
		"fillf": [0.8],
		"distort": [0],
		"grayscale_zone": [1,2,3,4,5],
		"grayscale_minus_log_exposure": [2,1.513,1.025,0.5375,0.05],
		"grayscale_Y_reflectivity": [0.01,0.03073,0.09441,0.2901,0.8913],
		"grayscale_Y_Printer_pixel_gamma22": [33.13,55.18,91.91,153.1,255],
		"grayscale_Y_density": [0.3299,0.4434,0.6186,0.884,1.257],
		"grayscale_R_density": [0.3315,0.4492,0.6339,0.8976,1.155],
		"grayscale_G_density": [0.3315,0.4429,0.6157,0.8806,1.302],
		"grayscale_B_density": [0.3097,0.4309,0.604,0.8784,1.177],
		"grayscale_Y_mean": [119.3,91.87,61.36,33.31,14.12],
		"grayscale_R_mean": [118.9,90.65,59.25,32.28,17.86],
		"grayscale_G_mean": [118.9,91.96,61.78,33.57,12.72],
		"grayscale_B_mean": [125,94.54,63.46,33.74,16.97],
		"White_Bal_error_Degrees": [533,388.9,569.4,289.5,-154.3],
		"White_Bal_error_Mired": [-11.66,-8.684,-12.39,-6.56,3.742],
		"White_Bal_error_S_HSV": [0.04904,0.04111,0.06642,0.04314,0.2876],
		"White_Bal_error_Delta_C_ab": [3.583,1.664,1.559,0.6404,2.924],
		"White_Bal_error_Delta_C_94": [3.583,1.664,1.559,0.6404,2.924],
		"White_Bal_error_Delta_C_00": [3.543,1.605,1.665,0.8717,3.732],
		"n_Patch": [1,2,3,4,5],
		"n_Row": [1,1,1,1,1],
		"n_Column": [1,2,3,4,5],
		"width_pixels": [202,203,202,202,202],
		"height_pixels": [225,225,225,225,225],
		"Pixels_total": [45450,45675,45450,45450,45450],
		"R_reference": [242.4,146.6,86.6,49.01,25.46],
		"G_reference": [242.4,146.6,86.6,49.01,25.46],
		"B_reference": [242.4,146.6,86.6,49.01,25.46],
		"R_input": [118.9,90.65,59.25,32.28,17.86],
		"G_input": [118.9,91.96,61.78,33.57,12.72],
		"B_input": [125,94.54,63.46,33.74,16.97],
		"L_reference": [95.63,60.79,36.82,20.33,8.991],
		"a_reference": [0,0,0,0,0],
		"b_reference": [0,0,0,0,0],
		"L_input": [50.16,39.02,25.93,12.89,4.05],
		"a_input": [1.258,0.03867,-0.6718,-0.5517,2.537],
		"b_input": [-3.355,-1.664,-1.407,-0.3251,-1.455],
		"x_reference": [0.3127,0.3127,0.3127,0.3127,0.3127],
		"y_reference": [0.329,0.329,0.329,0.329,0.329],
		"Y_reference": [0.8913,0.2901,0.09441,0.03073,0.01],
		"x_input": [0.3057,0.3069,0.3038,0.3077,0.3198],
		"y_input": [0.3174,0.3228,0.3233,0.3281,0.2938],
		"Y_input": [0.1855,0.1067,0.04723,0.01545,0.004484],
		"LUV_comment": "L2 is used to differentiate between the L in LAB and L in LUV.",
		"L2_reference": [805.1,262,85.28,27.75,9.033],
		"U_reference": [0.1978,0.1978,0.1978,0.1978,0.1978],
		"V_reference": [0.4683,0.4683,0.4683,0.4683,0.4683],
		"L2_input": [167.6,96.4,42.66,13.96,4.05],
		"U_input": [0.1973,0.1961,0.1938,0.1947,0.2173],
		"V_input": [0.4609,0.4641,0.4639,0.4671,0.4492],
		"patch_numbers_for_all_Delta_E_C": [1,2,3,4,5],
		"Delta_E_all": [45.6,21.8,11,7.47,5.74],
		"Delta_C_all": [3.58,1.66,1.56,0.64,2.92],
		"Delta_E94_all": [45.6,21.8,11,7.47,5.74],
		"Delta_C94_all": [3.58,1.66,1.56,0.64,2.92],
		"Delta_E2000_all": [34.2,21.8,8.72,5.05,4.79],
		"Delta_C2000_all": [3.54,1.6,1.67,0.872,3.73],
		"Delta_L_all": [-45.5,-21.8,-10.9,-7.44,-4.94],
		"Delta_Chroma_all": [3.58,1.66,1.56,0.64,2.92],
		"Delta_Hue_Distance_all": [0,0,0,0,0],
		"Delta_Hue_Degrees_all": [0,0,0,0,0],
		"sat_corr_comment": "sat_corr explained on https://www.imatest.com/docs/colorcheck/#satcorr - not recommended.",
		"Delta_C_all_sat_corr": ["_NaN_","_NaN_","_NaN_","_NaN_","_NaN_"],
		"Delta_C94_all_sat_corr": ["_NaN_","_NaN_","_NaN_","_NaN_","_NaN_"],
		"Delta_C2000_all_sat_corr": ["_NaN_","_NaN_","_NaN_","_NaN_","_NaN_"],
		"grayscale_patch_numbers": [1,2,3,4,5],
		"Delta_E": [45.6,21.8,11,7.47,5.74],
		"Delta_C": [3.58,1.66,1.56,0.64,2.92],
		"Delta_E94": [45.6,21.8,11,7.47,5.74],
		"Delta_C94": [3.58,1.66,1.56,0.64,2.92],
		"Delta_E2000": [34.2,21.8,8.72,5.05,4.79],
		"Delta_C2000": [3.54,1.6,1.67,0.872,3.73],
		"Delta_L": [-45.5,-21.8,-10.9,-7.44,-4.94],
		"Delta_Chroma": [3.58,1.66,1.56,0.64,2.92],
		"Delta_Hue_Distance": [0,0,0,0,0],
		"Delta_Hue_Degrees": [0,0,0,0,0],
		"mean_Delta_E": [18.3],
		"mean_Delta_C": [2.07],
		"mean_Delta_E94": [18.3],
		"mean_Delta_C94": [2.07],
		"mean_Delta_E2000": [14.9],
		"mean_Delta_C2000": [2.28],
		"mean_Delta_L": [-18.1],
		"mean_Delta_Chroma": [2.07],
		"mean_Delta_Hue_Distance": [0],
		"mean_Delta_Hue_Degrees": [0],
		"mean_Delta_C_sat_corr": ["_NaN_"],
		"mean_Delta_C94_sat_corr": ["_NaN_"],
		"mean_Delta_C2000_sat_corr": ["_NaN_"],
		"max_Delta_E": [45.6],
		"max_Delta_C": [3.58],
		"max_Delta_E94": [45.6],
		"max_Delta_C94": [3.58],
		"max_Delta_E2000": [34.2],
		"max_Delta_C2000": [3.73],
		"max_Delta_L": [-4.94],
		"max_Delta_Chroma": [3.58],
		"max_Delta_Hue_Distance": [0],
		"max_Delta_Hue_Degrees": [0],
		"max_Delta_C_sat_corr": ["_NaN_"],
		"max_Delta_C94_sat_corr": ["_NaN_"],
		"max_Delta_C2000_sat_corr": ["_NaN_"],
		"mean_RegionSize": [45292.8],
		"Sequence_dark_to_light": [5,4,3,2,1],
		"Patch_number": [5,4,3,2,1],
		"R_noise": [0.05922,0.07153,0.06343,0.04944,0.04327],
		"G_noise": [0.04357,0.04587,0.0341,0.02947,0.0272],
		"B_noise": [0.05165,0.05913,0.04448,0.0373,0.0322],
		"R_SNR_ratio": [1.182,1.77,3.663,7.191,10.77],
		"G_SNR_ratio": [1.145,2.87,7.105,12.24,17.14],
		"B_SNR_ratio": [1.288,2.238,5.596,9.941,15.22],
		"R_SNR_dB": [1.455,4.959,11.28,17.14,20.65],
		"G_SNR_dB": [1.177,9.158,17.03,21.75,24.68],
		"B_SNR_dB": [2.201,6.996,14.96,19.95,23.65],
		"Gb_noise": [0.03549,0.03751,0.02909,0.02477,0.02262],
		"Gb_SNR_ratio": [1.56,3.482,8.272,14.54,20.69],
		"Gb_SNR_dB": [3.862,10.84,18.35,23.25,26.31],
		"Y_f_stop_SNR_ratio": [2.937,2.832,2.437,1.525,1.309],
		"Y_f_stop_SNR_dB": [9.359,9.042,7.738,3.664,2.339],
		"quality_levels_for_DR": [
				"Low,",
				"Medium,",
				"M-H,",
				"High,"
		],
		"SigNoise_levels_for_DR": [1,0.5,0.25,0.1],
		"Dynamic_Range_f_stops": [0,3.831,0,0],
		"Dynamic_Range_dB": [0,23.06,0,0],
		"noise_ISO15739_pct": [0.3078,0.45,0.8326,1.719,2.184],
		"snr_ISO15739": [1.457,3.434,5.672,6.209,8.494],
		"noise_pct_ISO15739_at_13pct_Lref": [2.009],
		"snr_ISO15739_at_13pct_Lref": [7.635],
		"snr_dB_ISO15739_at_13pct_Lref": [17.66],
		"DynamicRange_at_density_2": [1662],
		"DynamicRange_total": [0],
		"DynamicRange_from_slope_OD": [1.95],
		"DynamicRange_from_slope_EV": [6.474],
		"DynamicRange_from_slope_dB": [39],
		"SNR_BW_dB_RGBY": [16.68,21.17,19.13,22.68],
		"L_noise": [3.53,4.247,3.171,2.594,2.271],
		"a_noise": [8.974,11.21,8.625,6.809,5.848],
		"b_noise": [8.43,10.87,8.107,6.441,5.369],
		"Total_Lab_noise_unwtd": [12.81,16.18,12.25,9.725,8.257],
		"Total_ab_noise_unwtd": [12.31,15.61,11.84,9.373,7.939],
		"R_minus_Y_KK_noise": [0.05282,0.06252,0.05347,0.04212,0.03732],
		"B_minus_Y_KK_noise": [0.05623,0.06534,0.04913,0.04115,0.03587],
		"Y_Kelly_Keelan_noise": [0.03549,0.03751,0.02909,0.02477,0.02262],
		"Total_KK_noise": [0.04813,0.0536,0.04309,0.03546,0.03183],
		"Chroma_KK_noise": [0.03251,0.03829,0.03178,0.02538,0.0224],
		"Total_old_iso_noise": [0.05959,0.06776,0.05534,0.04494,0.04011],
		"Y_noise_from_YUV": [0.03549,0.03751,0.02909,0.02477,0.02262],
		"U_noise_from_YUV": [0.02642,0.0307,0.02309,0.01934,0.01685],