{
	"jsonResults": {
		"dateRun": "13-May-2025 10:27:43",
		"ini_time_size": "13-May-2025 10:25:44 18833B  MD5 = 58599a5cd33629ce506217f1a8f3d8bf",
		"version": "Imatest 24.2.6 Master Color/Tone Auto",
		"build": "2025-03-20",
		"image_file": "sports ball_55.0 mm_100ISO_-2EV_Dist1_OFF_Defocus2.tiff",
		"ColorSpace": "sRGB",
		"Reference": "Default values",
		"Ref_folder": "/usr/local/Imatest/v24.2/Master/",
		"Gamma": [0.3655],
		"patches_for_gamma_start_end": [1,5],
		"exposure_error_normalized_y_channel": [-0.242],
		"mean_camera_Saturation_Pct": ["_NaN_"],
		"mean_chroma_level_CPIQ_Pct": ["_NaN_"],
		"CPIQ_chroma_quality_loss_JND": ["_NaN_"],
		"CPIQ_exposure_quality_loss_JND": ["_NaN_"],
		"pixel_offset": [0],
		"mean_patch_size_pxls": [201,223],
		"roi_settings": "Recent ROI settings are in roi, nwid_save, nht_save, fillf, and distort (same names as ini file)",
		"roi": [3103,1406,4362,1680,3103,1682,4362,1398],
		"nwid_save": [6024],
		"nht_save": [4020],
		"fillf": [0.8],
		"distort": [0],
		"grayscale_zone": [1,2,3,4,5],
		"grayscale_minus_log_exposure": [2,1.513,1.025,0.5375,0.05],
		"grayscale_Y_reflectivity": [0.01,0.03073,0.09441,0.2901,0.8913],
		"grayscale_Y_Printer_pixel_gamma22": [33.13,55.18,91.91,153.1,255],
		"grayscale_Y_density": [0.4977,0.6133,0.7915,1.047,1.291],
		"grayscale_R_density": [0.4961,0.6129,0.7902,1.039,1.283],
		"grayscale_G_density": [0.4996,0.6142,0.7929,1.05,1.294],
		"grayscale_B_density": [0.484,0.606,0.7818,1.037,1.282],
		"grayscale_Y_mean": [81.06,62.12,41.21,22.9,13.06],
		"grayscale_R_mean": [81.36,62.18,41.34,23.29,13.29],
		"grayscale_G_mean": [80.71,61.99,41.08,22.73,12.96],
		"grayscale_B_mean": [83.66,63.17,42.15,23.4,13.31],
		"White_Bal_error_Degrees": [281.2,146.1,167.6,56.05,27.37],
		"White_Bal_error_Mired": [-6.38,-3.383,-3.867,-1.315,-0.6452],
		"White_Bal_error_S_HSV": [0.03521,0.01862,0.02525,0.0285,0.02631],
		"White_Bal_error_Delta_C_ab": [1.871,0.7783,0.7568,0.5729,0.2014],
		"White_Bal_error_Delta_C_94": [1.871,0.7783,0.7568,0.5729,0.2014],
		"White_Bal_error_Delta_C_00": [2.029,0.8522,0.8482,0.7393,0.2677],
		"n_Patch": [1,2,3,4,5],
		"n_Row": [1,1,1,1,1],
		"n_Column": [1,2,3,4,5],
		"width_pixels": [202,203,202,202,202],
		"height_pixels": [225,225,225,225,225],
		"Pixels_total": [45450,45675,45450,45450,45450],
		"R_reference": [242.4,146.6,86.6,49.01,25.46],
		"G_reference": [242.4,146.6,86.6,49.01,25.46],
		"B_reference": [242.4,146.6,86.6,49.01,25.46],
		"R_input": [81.36,62.18,41.34,23.29,13.29],
		"G_input": [80.71,61.99,41.08,22.73,12.96],
		"B_input": [83.66,63.17,42.15,23.4,13.31],
		"L_reference": [95.63,60.79,36.82,20.33,8.991],
		"a_reference": [0,0,0,0,0],
		"b_reference": [0,0,0,0,0],
		"L_input": [34.48,26.26,16.69,7.69,3.654],
		"a_input": [0.9032,0.3453,0.3741,0.4354,0.1599],
		"b_input": [-1.638,-0.6976,-0.6578,-0.3724,-0.1226],
		"x_reference": [0.3127,0.3127,0.3127,0.3127,0.3127],
		"y_reference": [0.329,0.329,0.329,0.329,0.329],
		"Y_reference": [0.8913,0.2901,0.09441,0.03073,0.01],
		"x_input": [0.3091,0.3107,0.3105,0.3124,0.3127],
		"y_input": [0.3212,0.3251,0.3241,0.3244,0.3257],
		"Y_input": [0.08242,0.04835,0.02238,0.008514,0.004045],
		"LUV_comment": "L2 is used to differentiate between the L in LAB and L in LUV.",
		"L2_reference": [805.1,262,85.28,27.75,9.033],
		"U_reference": [0.1978,0.1978,0.1978,0.1978,0.1978],
		"V_reference": [0.4683,0.4683,0.4683,0.4683,0.4683],
		"L2_input": [74.45,43.68,20.22,7.69,3.654],
		"U_input": [0.1983,0.1979,0.1981,0.1994,0.1991],
		"V_input": [0.4635,0.4659,0.4654,0.4658,0.4666],
		"patch_numbers_for_all_Delta_E_C": [1,2,3,4,5],
		"Delta_E_all": [61.2,34.5,20.1,12.7,5.34],
		"Delta_C_all": [1.87,0.778,0.757,0.573,0.201],
		"Delta_E94_all": [61.2,34.5,20.1,12.7,5.34],
		"Delta_C94_all": [1.87,0.778,0.757,0.573,0.201],
		"Delta_E2000_all": [50.3,32,15,8.27,3.24],
		"Delta_C2000_all": [2.03,0.852,0.848,0.739,0.268],
		"Delta_L_all": [-61.2,-34.5,-20.1,-12.6,-5.34],
		"Delta_Chroma_all": [1.87,0.778,0.757,0.573,0.201],
		"Delta_Hue_Distance_all": [0,0,0,0,0],
		"Delta_Hue_Degrees_all": [0,0,0,0,0],
		"sat_corr_comment": "sat_corr explained on https://www.imatest.com/docs/colorcheck/#satcorr - not recommended.",
		"Delta_C_all_sat_corr": ["_NaN_","_NaN_","_NaN_","_NaN_","_NaN_"],
		"Delta_C94_all_sat_corr": ["_NaN_","_NaN_","_NaN_","_NaN_","_NaN_"],
		"Delta_C2000_all_sat_corr": ["_NaN_","_NaN_","_NaN_","_NaN_","_NaN_"],
		"grayscale_patch_numbers": [1,2,3,4,5],
		"Delta_E": [61.2,34.5,20.1,12.7,5.34],
		"Delta_C": [1.87,0.778,0.757,0.573,0.201],
		"Delta_E94": [61.2,34.5,20.1,12.7,5.34],
		"Delta_C94": [1.87,0.778,0.757,0.573,0.201],
		"Delta_E2000": [50.3,32,15,8.27,3.24],
		"Delta_C2000": [2.03,0.852,0.848,0.739,0.268],
		"Delta_L": [-61.2,-34.5,-20.1,-12.6,-5.34],
		"Delta_Chroma": [1.87,0.778,0.757,0.573,0.201],
		"Delta_Hue_Distance": [0,0,0,0,0],
		"Delta_Hue_Degrees": [0,0,0,0,0],
		"mean_Delta_E": [26.8],
		"mean_Delta_C": [0.836],
		"mean_Delta_E94": [26.8],
		"mean_Delta_C94": [0.836],
		"mean_Delta_E2000": [21.8],
		"mean_Delta_C2000": [0.947],
		"mean_Delta_L": [-26.8],
		"mean_Delta_Chroma": [0.836],
		"mean_Delta_Hue_Distance": [0],
		"mean_Delta_Hue_Degrees": [0],
		"mean_Delta_C_sat_corr": ["_NaN_"],
		"mean_Delta_C94_sat_corr": ["_NaN_"],
		"mean_Delta_C2000_sat_corr": ["_NaN_"],
		"max_Delta_E": [61.2],
		"max_Delta_C": [1.87],
		"max_Delta_E94": [61.2],
		"max_Delta_C94": [1.87],
		"max_Delta_E2000": [50.3],
		"max_Delta_C2000": [2.03],
		"max_Delta_L": [-5.34],
		"max_Delta_Chroma": [1.87],
		"max_Delta_Hue_Distance": [0],
		"max_Delta_Hue_Degrees": [0],
		"max_Delta_C_sat_corr": ["_NaN_"],
		"max_Delta_C94_sat_corr": ["_NaN_"],
		"max_Delta_C2000_sat_corr": ["_NaN_"],
		"mean_RegionSize": [45292.8],
		"Sequence_dark_to_light": [5,4,3,2,1],
		"Patch_number": [5,4,3,2,1],
		"R_noise": [0.01726,0.01052,0.007076,0.007594,0.01011],
		"G_noise": [0.01618,0.009116,0.005215,0.00621,0.009178],
		"B_noise": [0.01708,0.00986,0.006071,0.006874,0.01007],
		"R_SNR_ratio": [3.02,8.685,22.91,32.11,31.55],
		"G_SNR_ratio": [3.141,9.781,30.89,39.15,34.49],
		"B_SNR_ratio": [3.056,9.308,27.22,36.04,32.57],
		"R_SNR_dB": [9.599,18.78,27.2,30.13,29.98],
		"G_SNR_dB": [9.942,19.81,29.8,31.85,30.75],
		"B_SNR_dB": [9.704,19.38,28.7,31.14,30.26],
		"Gb_noise": [0.01597,0.008722,0.004668,0.005799,0.008957],
		"Gb_SNR_ratio": [3.206,10.3,34.62,42.01,35.49],
		"Gb_SNR_dB": [10.12,20.25,30.79,32.47,31],
		"Y_f_stop_SNR_ratio": [5.121,8.319,10.17,3.908,1.492],
		"Y_f_stop_SNR_dB": [14.19,18.4,20.15,11.84,3.478],
		"quality_levels_for_DR": [
				"Low,",
				"Medium,",
				"M-H,",
				"High,"
		],
		"SigNoise_levels_for_DR": [1,0.5,0.25,0.1],
		"Dynamic_Range_f_stops": [0,5.813,4.798,3.256],
		"Dynamic_Range_dB": [0,34.99,28.88,19.6],
		"noise_ISO15739_pct": [0.2239,0.1631,0.1893,0.5399,1.148],
		"snr_ISO15739": [1.807,5.221,11.82,8.955,7.178],
		"noise_pct_ISO15739_at_13pct_Lref": [0.968],
		"snr_ISO15739_at_13pct_Lref": [7.705],
		"snr_dB_ISO15739_at_13pct_Lref": [17.74],
		"DynamicRange_at_density_2": [2480],
		"DynamicRange_total": [0],
		"DynamicRange_from_slope_OD": [1.95],
		"DynamicRange_from_slope_EV": [6.474],
		"DynamicRange_from_slope_dB": [39],
		"SNR_BW_dB_RGBY": [29.55,31.3,30.42,31.89],
		"L_noise": [1.677,1.086,0.5643,0.6587,0.979],
		"a_noise": [0.9197,1.208,1.055,0.9244,0.8608],
		"b_noise": [0.8925,1.192,1.035,0.9207,0.8778],
		"Total_Lab_noise_unwtd": [2.111,2.015,1.582,1.462,1.572],
		"Total_ab_noise_unwtd": [1.282,1.697,1.478,1.305,1.229],
		"R_minus_Y_KK_noise": [0.006725,0.006115,0.00545,0.00509,0.004891],
		"B_minus_Y_KK_noise": [0.006997,0.006551,0.005783,0.005484,0.005472],
		"Y_Kelly_Keelan_noise": [0.01597,0.008722,0.004668,0.005799,0.008957],
		"Total_KK_noise": [0.01649,0.009502,0.005746,0.006596,0.009463],
		"Chroma_KK_noise": [0.004114,0.00377,0.003351,0.003142,0.003051],
		"Total_old_iso_noise": [0.01708,0.01034,0.006794,0.007418,0.01002],