{
	"jsonResults": {
		"dateRun": "13-May-2025 10:27:43",
		"ini_time_size": "13-May-2025 10:25:44 18833B  MD5 = 58599a5cd33629ce506217f1a8f3d8bf",
		"version": "Imatest 24.2.6 Master Color/Tone Auto",
		"build": "2025-03-20",
		"image_file": "sports ball_55.0 mm_6400ISO_0EV_Dist1_OFF_Defocus2.tiff",
		"ColorSpace": "sRGB",
		"Reference": "Default values",
		"Ref_folder": "/usr/local/Imatest/v24.2/Master/",
		"Gamma": [0.326],
		"patches_for_gamma_start_end": [1,5],
		"exposure_error_normalized_y_channel": [-0.0818],
		"mean_camera_Saturation_Pct": ["_NaN_"],
		"mean_chroma_level_CPIQ_Pct": ["_NaN_"],
		"CPIQ_chroma_quality_loss_JND": ["_NaN_"],
		"CPIQ_exposure_quality_loss_JND": ["_NaN_"],
		"pixel_offset": [0],
		"mean_patch_size_pxls": [201,223],
		"roi_settings": "Recent ROI settings are in roi, nwid_save, nht_save, fillf, and distort (same names as ini file)",
		"roi": [3103,1406,4362,1680,3103,1682,4362,1398],
		"nwid_save": [6024],
		"nht_save": [4020],
		"fillf": [0.8],
		"distort": [0],
		"grayscale_zone": [1,2,3,4,5],
		"grayscale_minus_log_exposure": [2,1.513,1.025,0.5375,0.05],
		"grayscale_Y_reflectivity": [0.01,0.03073,0.09441,0.2901,0.8913],
		"grayscale_Y_Printer_pixel_gamma22": [33.13,55.18,91.91,153.1,255],
		"grayscale_Y_density": [0.2011,0.3065,0.4655,0.6847,0.8775],
		"grayscale_R_density": [0.2025,0.3089,0.4719,0.6923,0.8695],
		"grayscale_G_density": [0.2022,0.3067,0.4645,0.6834,0.8806],
		"grayscale_B_density": [0.186,0.2976,0.4562,0.6757,0.8708],
		"grayscale_Y_mean": [160.5,125.9,87.31,52.71,33.81],
		"grayscale_R_mean": [160,125.2,86.02,51.79,34.44],
		"grayscale_G_mean": [160.1,125.8,87.51,52.87,33.57],
		"grayscale_B_mean": [166.2,128.5,89.19,53.8,34.34],
		"White_Bal_error_Degrees": [400.1,251.7,320.2,305.3,5.096],
		"White_Bal_error_Mired": [-8.922,-5.734,-7.223,-6.902,-0.1205],
		"White_Bal_error_S_HSV": [0.03721,0.0256,0.0355,0.03748,0.02524],
		"White_Bal_error_Delta_C_ab": [3.381,1.563,1.207,0.7957,0.7056],
		"White_Bal_error_Delta_C_94": [3.381,1.563,1.207,0.7957,0.7056],
		"White_Bal_error_Delta_C_00": [3.346,1.544,1.2,0.8265,0.9493],
		"n_Patch": [1,2,3,4,5],
		"n_Row": [1,1,1,1,1],
		"n_Column": [1,2,3,4,5],
		"width_pixels": [202,203,202,202,202],
		"height_pixels": [225,225,225,225,225],
		"Pixels_total": [45450,45675,45450,45450,45450],
		"R_reference": [242.4,146.6,86.6,49.01,25.46],
		"G_reference": [242.4,146.6,86.6,49.01,25.46],
		"B_reference": [242.4,146.6,86.6,49.01,25.46],
		"R_input": [160,125.2,86.02,51.79,34.44],
		"G_input": [160.1,125.8,87.51,52.87,33.57],
		"B_input": [166.2,128.5,89.19,53.8,34.34],
		"L_reference": [95.63,60.79,36.82,20.33,8.991],
		"a_reference": [0,0,0,0,0],
		"b_reference": [0,0,0,0,0],
		"L_input": [66.06,52.76,37.12,22.03,13.14],
		"a_input": [1.152,0.3038,-0.2264,-0.2469,0.5954],
		"b_input": [-3.179,-1.534,-1.185,-0.7564,-0.3787],
		"x_reference": [0.3127,0.3127,0.3127,0.3127,0.3127],
		"y_reference": [0.329,0.329,0.329,0.329,0.329],
		"Y_reference": [0.8913,0.2901,0.09441,0.03073,0.01],
		"x_input": [0.3073,0.309,0.3078,0.3079,0.3132],
		"y_input": [0.3201,0.3242,0.3248,0.3254,0.3249],
		"Y_input": [0.354,0.2083,0.09603,0.03523,0.01584],
		"LUV_comment": "L2 is used to differentiate between the L in LAB and L in LUV.",
		"L2_reference": [805.1,262,85.28,27.75,9.033],
		"U_reference": [0.1978,0.1978,0.1978,0.1978,0.1978],
		"V_reference": [0.4683,0.4683,0.4683,0.4683,0.4683],
		"L2_input": [319.8,188.1,86.74,31.82,14.31],
		"U_input": [0.1974,0.1971,0.196,0.1958,0.1998],
		"V_input": [0.4627,0.4652,0.4653,0.4657,0.4662],
		"patch_numbers_for_all_Delta_E_C": [1,2,3,4,5],
		"Delta_E_all": [29.8,8.18,1.24,1.87,4.2],
		"Delta_C_all": [3.38,1.56,1.21,0.796,0.706],
		"Delta_E94_all": [29.8,8.18,1.24,1.87,4.2],
		"Delta_C94_all": [3.38,1.56,1.21,0.796,0.706],
		"Delta_E2000_all": [20.6,7.56,1.23,1.45,2.79],
		"Delta_C2000_all": [3.35,1.54,1.2,0.827,0.949],
		"Delta_L_all": [-29.6,-8.03,0.3,1.7,4.14],
		"Delta_Chroma_all": [3.38,1.56,1.21,0.796,0.706],
		"Delta_Hue_Distance_all": [0,0,0,0,0],
		"Delta_Hue_Degrees_all": [0,0,0,0,0],
		"sat_corr_comment": "sat_corr explained on https://www.imatest.com/docs/colorcheck/#satcorr - not recommended.",
		"Delta_C_all_sat_corr": ["_NaN_","_NaN_","_NaN_","_NaN_","_NaN_"],
		"Delta_C94_all_sat_corr": ["_NaN_","_NaN_","_NaN_","_NaN_","_NaN_"],
		"Delta_C2000_all_sat_corr": ["_NaN_","_NaN_","_NaN_","_NaN_","_NaN_"],
		"grayscale_patch_numbers": [1,2,3,4,5],
		"Delta_E": [29.8,8.18,1.24,1.87,4.2],
		"Delta_C": [3.38,1.56,1.21,0.796,0.706],
		"Delta_E94": [29.8,8.18,1.24,1.87,4.2],
		"Delta_C94": [3.38,1.56,1.21,0.796,0.706],
		"Delta_E2000": [20.6,7.56,1.23,1.45,2.79],
		"Delta_C2000": [3.35,1.54,1.2,0.827,0.949],
		"Delta_L": [-29.6,-8.03,0.3,1.7,4.14],
		"Delta_Chroma": [3.38,1.56,1.21,0.796,0.706],
		"Delta_Hue_Distance": [0,0,0,0,0],
		"Delta_Hue_Degrees": [0,0,0,0,0],
		"mean_Delta_E": [9.05],
		"mean_Delta_C": [1.53],
		"mean_Delta_E94": [9.05],
		"mean_Delta_C94": [1.53],
		"mean_Delta_E2000": [6.72],
		"mean_Delta_C2000": [1.57],
		"mean_Delta_L": [-6.29],
		"mean_Delta_Chroma": [1.53],
		"mean_Delta_Hue_Distance": [0],
		"mean_Delta_Hue_Degrees": [0],
		"mean_Delta_C_sat_corr": ["_NaN_"],
		"mean_Delta_C94_sat_corr": ["_NaN_"],
		"mean_Delta_C2000_sat_corr": ["_NaN_"],
		"max_Delta_E": [29.8],
		"max_Delta_C": [3.38],
		"max_Delta_E94": [29.8],
		"max_Delta_C94": [3.38],
		"max_Delta_E2000": [20.6],
		"max_Delta_C2000": [3.35],
		"max_Delta_L": [4.14],
		"max_Delta_Chroma": [3.38],
		"max_Delta_Hue_Distance": [0],
		"max_Delta_Hue_Degrees": [0],
		"max_Delta_C_sat_corr": ["_NaN_"],
		"max_Delta_C94_sat_corr": ["_NaN_"],
		"max_Delta_C2000_sat_corr": ["_NaN_"],
		"mean_RegionSize": [45292.8],
		"Sequence_dark_to_light": [5,4,3,2,1],
		"Patch_number": [5,4,3,2,1],
		"R_noise": [0.07248,0.06829,0.05142,0.04304,0.04169],
		"G_noise": [0.05375,0.04011,0.03052,0.02766,0.02943],
		"B_noise": [0.06439,0.05141,0.03852,0.03324,0.03305],
		"R_SNR_ratio": [1.863,2.974,6.56,11.41,15.05],
		"G_SNR_ratio": [2.449,5.169,11.25,17.84,21.33],
		"B_SNR_ratio": [2.091,4.104,9.081,15.16,19.72],
		"R_SNR_dB": [5.405,9.467,16.34,21.14,23.55],
		"G_SNR_dB": [7.78,14.27,21.02,25.03,26.58],
		"B_SNR_dB": [6.408,12.26,19.16,23.61,25.9],
		"Gb_noise": [0.04699,0.03464,0.02591,0.02358,0.02596],
		"Gb_SNR_ratio": [2.821,5.967,13.22,20.94,24.25],
		"Gb_SNR_dB": [9.009,15.51,22.42,26.42,27.69],
		"Y_f_stop_SNR_ratio": [3.227,3.757,3.42,1.87,0.9737],
		"Y_f_stop_SNR_dB": [10.18,11.5,10.68,5.437,-0.2311],
		"quality_levels_for_DR": [
				"Low,",
				"Medium,",
				"M-H,",
				"High,"
		],
		"SigNoise_levels_for_DR": [1,0.5,0.25,0.1],
		"Dynamic_Range_f_stops": [6.389,4.626,0,0],
		"Dynamic_Range_dB": [38.46,27.85,0,0],
		"noise_ISO15739_pct": [0.3965,0.3917,0.6443,1.366,2.084],
		"snr_ISO15739": [3.996,8.993,14.9,15.25,16.98],
		"noise_pct_ISO15739_at_13pct_Lref": [1.783],
		"snr_ISO15739_at_13pct_Lref": [16.26],
		"snr_dB_ISO15739_at_13pct_Lref": [24.22],
		"DynamicRange_at_density_2": [1258],
		"DynamicRange_total": [0],
		"DynamicRange_from_slope_OD": [1.95],
		"DynamicRange_from_slope_EV": [6.474],
		"DynamicRange_from_slope_dB": [39],
		"SNR_BW_dB_RGBY": [19.84,23.68,22.09,25.07],
		"L_noise": [5.234,3.844,2.735,2.356,2.492],
		"a_noise": [10.35,9.452,7.046,5.653,5.006],
		"b_noise": [10.05,8.979,6.632,5.227,4.596],
		"Total_Lab_noise_unwtd": [15.35,13.59,10.06,8.051,7.238],
		"Total_ab_noise_unwtd": [14.43,13.04,9.676,7.699,6.796],
		"R_minus_Y_KK_noise": [0.0587,0.057,0.04339,0.03626,0.03338],
		"B_minus_Y_KK_noise": [0.06228,0.05383,0.04203,0.03519,0.03234],
		"Y_Kelly_Keelan_noise": [0.04699,0.03464,0.02591,0.02358,0.02596],
		"Total_KK_noise": [0.05925,0.04859,0.03677,0.03212,0.03282],
		"Chroma_KK_noise": [0.03609,0.03408,0.02609,0.02181,0.02007],
		"Total_old_iso_noise": [0.07095,0.06118,0.04646,0.03995,0.03943],
		"Y_noise_from_YUV": [0.04699,0.03464,0.02591,0.02358,0.02596],
		"U_noise_from_YUV": [0.02926,0.02529,0.01975,0.01654,0.0152],