{
	"jsonResults": {
		"dateRun": "13-May-2025 10:27:43",
		"ini_time_size": "13-May-2025 10:25:44 18833B  MD5 = 58599a5cd33629ce506217f1a8f3d8bf",
		"version": "Imatest 24.2.6 Master Color/Tone Auto",
		"build": "2025-03-20",
		"image_file": "sports ball_55.0 mm_6400ISO_-3EV_Dist1_ON_Defocus2.tiff",
		"ColorSpace": "sRGB",
		"Reference": "Default values",
		"Ref_folder": "/usr/local/Imatest/v24.2/Master/",
		"Gamma": [0.436],
		"patches_for_gamma_start_end": [1,5],
		"exposure_error_normalized_y_channel": [-0.264],
		"mean_camera_Saturation_Pct": ["_NaN_"],
		"mean_chroma_level_CPIQ_Pct": ["_NaN_"],
		"CPIQ_chroma_quality_loss_JND": ["_NaN_"],
		"CPIQ_exposure_quality_loss_JND": ["_NaN_"],
		"pixel_offset": [0],
		"mean_patch_size_pxls": [201,223],
		"roi_settings": "Recent ROI settings are in roi, nwid_save, nht_save, fillf, and distort (same names as ini file)",
		"roi": [3103,1406,4362,1680,3103,1682,4362,1398],
		"nwid_save": [6024],
		"nht_save": [4020],
		"fillf": [0.8],
		"distort": [0],
		"grayscale_zone": [1,2,3,4,5],
		"grayscale_minus_log_exposure": [2,1.513,1.025,0.5375,0.05],
		"grayscale_Y_reflectivity": [0.01,0.03073,0.09441,0.2901,0.8913],
		"grayscale_Y_Printer_pixel_gamma22": [33.13,55.18,91.91,153.1,255],
		"grayscale_Y_density": [0.6268,0.7585,0.9711,1.242,1.365],
		"grayscale_R_density": [0.6313,0.7662,0.9588,1.123,1.194],
		"grayscale_G_density": [0.6268,0.7569,0.9755,1.293,1.443],
		"grayscale_B_density": [0.614,0.7519,0.9637,1.178,1.278],
		"grayscale_Y_mean": [60.22,44.47,27.26,14.59,11.01],
		"grayscale_R_mean": [59.6,43.68,28.04,19.19,16.33],
		"grayscale_G_mean": [60.22,44.63,26.98,12.99,9.191],
		"grayscale_B_mean": [62.02,45.15,27.72,16.93,13.43],
		"White_Bal_error_Degrees": [348.3,246.3,-45.13,-736.7,-1190],
		"White_Bal_error_Mired": [-7.825,-5.616,1.076,19.67,34.46],
		"White_Bal_error_S_HSV": [0.03893,0.03236,0.03786,0.3232,0.4371],
		"White_Bal_error_Delta_C_ab": [1.213,0.5669,0.7769,3.156,2.978],
		"White_Bal_error_Delta_C_94": [1.213,0.5669,0.7769,3.156,2.978],
		"White_Bal_error_Delta_C_00": [1.193,0.6467,1.075,4.131,3.948],
		"n_Patch": [1,2,3,4,5],
		"n_Row": [1,1,1,1,1],
		"n_Column": [1,2,3,4,5],
		"width_pixels": [202,203,202,202,202],
		"height_pixels": [225,225,225,225,225],
		"Pixels_total": [45450,45675,45450,45450,45450],
		"R_reference": [242.4,146.6,86.6,49.01,25.46],
		"G_reference": [242.4,146.6,86.6,49.01,25.46],
		"B_reference": [242.4,146.6,86.6,49.01,25.46],
		"R_input": [59.6,43.68,28.04,19.19,16.33],
		"G_input": [60.22,44.63,26.98,12.99,9.191],
		"B_input": [62.02,45.15,27.72,16.93,13.43],
		"L_reference": [95.63,60.79,36.82,20.33,8.991],
		"a_reference": [0,0,0,0,0],
		"b_reference": [0,0,0,0,0],
		"L_input": [25.41,18.22,9.898,4.23,3.096],
		"a_input": [0.1547,-0.2957,0.6991,2.937,2.816],
		"b_input": [-1.204,-0.4837,-0.3389,-1.154,-0.9688],
		"x_reference": [0.3127,0.3127,0.3127,0.3127,0.3127],
		"y_reference": [0.329,0.329,0.329,0.329,0.329],
		"Y_reference": [0.8913,0.2901,0.09441,0.03073,0.01],
		"x_input": [0.3076,0.3087,0.3142,0.328,0.3349],
		"y_input": [0.3228,0.3267,0.3244,0.2972,0.2909],
		"Y_input": [0.04551,0.02568,0.01113,0.004683,0.003428],
		"LUV_comment": "L2 is used to differentiate between the L in LAB and L in LUV.",
		"L2_reference": [805.1,262,85.28,27.75,9.033],
		"U_reference": [0.1978,0.1978,0.1978,0.1978,0.1978],
		"V_reference": [0.4683,0.4683,0.4683,0.4683,0.4683],
		"L2_input": [41.11,23.2,10.05,4.23,3.096],
		"U_input": [0.1966,0.1959,0.2006,0.222,0.2301],
		"V_input": [0.4642,0.4665,0.4661,0.4526,0.4498],
		"patch_numbers_for_all_Delta_E_C": [1,2,3,4,5],
		"Delta_E_all": [70.2,42.6,26.9,16.4,6.6],
		"Delta_C_all": [1.21,0.567,0.777,3.16,2.98],
		"Delta_E94_all": [70.2,42.6,26.9,16.4,6.6],
		"Delta_C94_all": [1.21,0.567,0.777,3.16,2.98],
		"Delta_E2000_all": [61.3,37.2,19.3,11.1,5.32],
		"Delta_C2000_all": [1.19,0.647,1.08,4.13,3.95],
		"Delta_L_all": [-70.2,-42.6,-26.9,-16.1,-5.9],
		"Delta_Chroma_all": [1.21,0.567,0.777,3.16,2.98],
		"Delta_Hue_Distance_all": [0,0,0,0,0],
		"Delta_Hue_Degrees_all": [0,0,0,0,0],
		"sat_corr_comment": "sat_corr explained on https://www.imatest.com/docs/colorcheck/#satcorr - not recommended.",
		"Delta_C_all_sat_corr": ["_NaN_","_NaN_","_NaN_","_NaN_","_NaN_"],
		"Delta_C94_all_sat_corr": ["_NaN_","_NaN_","_NaN_","_NaN_","_NaN_"],
		"Delta_C2000_all_sat_corr": ["_NaN_","_NaN_","_NaN_","_NaN_","_NaN_"],
		"grayscale_patch_numbers": [1,2,3,4,5],
		"Delta_E": [70.2,42.6,26.9,16.4,6.6],
		"Delta_C": [1.21,0.567,0.777,3.16,2.98],
		"Delta_E94": [70.2,42.6,26.9,16.4,6.6],
		"Delta_C94": [1.21,0.567,0.777,3.16,2.98],
		"Delta_E2000": [61.3,37.2,19.3,11.1,5.32],
		"Delta_C2000": [1.19,0.647,1.08,4.13,3.95],
		"Delta_L": [-70.2,-42.6,-26.9,-16.1,-5.9],
		"Delta_Chroma": [1.21,0.567,0.777,3.16,2.98],
		"Delta_Hue_Distance": [0,0,0,0,0],
		"Delta_Hue_Degrees": [0,0,0,0,0],
		"mean_Delta_E": [32.5],
		"mean_Delta_C": [1.74],
		"mean_Delta_E94": [32.5],
		"mean_Delta_C94": [1.74],
		"mean_Delta_E2000": [26.9],
		"mean_Delta_C2000": [2.2],
		"mean_Delta_L": [-32.3],
		"mean_Delta_Chroma": [1.74],
		"mean_Delta_Hue_Distance": [0],
		"mean_Delta_Hue_Degrees": [0],
		"mean_Delta_C_sat_corr": ["_NaN_"],
		"mean_Delta_C94_sat_corr": ["_NaN_"],
		"mean_Delta_C2000_sat_corr": ["_NaN_"],
		"max_Delta_E": [70.2],
		"max_Delta_C": [3.16],
		"max_Delta_E94": [70.2],
		"max_Delta_C94": [3.16],
		"max_Delta_E2000": [61.3],
		"max_Delta_C2000": [4.13],
		"max_Delta_L": [-5.9],
		"max_Delta_Chroma": [3.16],
		"max_Delta_Hue_Distance": [0],
		"max_Delta_Hue_Degrees": [0],
		"max_Delta_C_sat_corr": ["_NaN_"],
		"max_Delta_C94_sat_corr": ["_NaN_"],
		"max_Delta_C2000_sat_corr": ["_NaN_"],
		"mean_RegionSize": [45292.8],
		"Sequence_dark_to_light": [5,4,3,2,1],
		"Patch_number": [5,4,3,2,1],
		"R_noise": [0.05658,0.06111,0.07024,0.07069,0.06393],
		"G_noise": [0.03801,0.04402,0.04857,0.03991,0.03479],
		"B_noise": [0.0462,0.05152,0.05892,0.05366,0.04493],
		"R_SNR_ratio": [1.132,1.232,1.565,2.423,3.656],
		"G_SNR_ratio": [0.9483,1.157,2.178,4.385,6.788],
		"B_SNR_ratio": [1.14,1.289,1.845,3.299,5.413],
		"R_SNR_dB": [1.075,1.811,3.892,7.688,11.26],
		"G_SNR_dB": [-0.4609,1.268,6.762,12.84,16.63],
		"B_SNR_dB": [1.14,2.202,5.322,10.37,14.67],
		"Gb_noise": [0.03177,0.03604,0.03922,0.03344,0.02989],
		"Gb_SNR_ratio": [1.359,1.588,2.725,5.214,7.9],
		"Gb_SNR_dB": [2.666,4.016,8.708,14.34,17.95],
		"Y_f_stop_SNR_ratio": [1.276,1.193,0.9221,0.5457,0.2728],
		"Y_f_stop_SNR_dB": [2.115,1.534,-0.7046,-5.262,-11.28],
		"quality_levels_for_DR": [
				"Low,",
				"Medium,",
				"M-H,",
				"High,"
		],
		"SigNoise_levels_for_DR": [1,0.5,0.25,0.1],
		"Dynamic_Range_f_stops": [2.684,0,0,0],
		"Dynamic_Range_dB": [16.16,0,0,0],
		"noise_ISO15739_pct": [1.15,1.558,2.917,5.063,6.043],
		"snr_ISO15739": [0.2982,0.3005,0.3815,0.5072,0.7531],
		"noise_pct_ISO15739_at_13pct_Lref": [5.519],
		"snr_ISO15739_at_13pct_Lref": [0.6215],
		"snr_dB_ISO15739_at_13pct_Lref": [-4.131],
		"DynamicRange_at_density_2": [362.2],
		"DynamicRange_total": [0],
		"DynamicRange_from_slope_OD": [1.95],
		"DynamicRange_from_slope_EV": [6.474],
		"DynamicRange_from_slope_dB": [39],
		"SNR_BW_dB_RGBY": [8.066,13.03,10.46,14.57],
		"L_noise": [3.095,3.623,4.362,3.758,3.28],
		"a_noise": [7.941,9.195,11.31,10.21,8.676],
		"b_noise": [7.078,8.458,10.78,9.785,8.037],
		"Total_Lab_noise_unwtd": [11.08,13.01,16.22,14.63,12.27],
		"Total_ab_noise_unwtd": [10.64,12.49,15.62,14.14,11.83],
		"R_minus_Y_KK_noise": [0.0491,0.05411,0.06254,0.06063,0.05376],
		"B_minus_Y_KK_noise": [0.04868,0.05624,0.06609,0.0583,0.04852],
		"Y_Kelly_Keelan_noise": [0.03177,0.03604,0.03922,0.03344,0.02989],
		"Total_KK_noise": [0.04348,0.04893,0.0549,0.04943,0.04367],
		"Chroma_KK_noise": [0.02968,0.03309,0.03841,0.0364,0.03184],
		"Total_old_iso_noise": [0.05414,0.06065,0.06885,0.06336,0.05586],
		"Y_noise_from_YUV": [0.03177,0.03604,0.03922,0.03344,0.02989],
		"U_noise_from_YUV": [0.02287,0.02642,0.03106,0.02739,0.0228],