{
	"jsonResults": {
		"dateRun": "13-May-2025 10:27:43",
		"ini_time_size": "13-May-2025 10:25:44 18833B  MD5 = 58599a5cd33629ce506217f1a8f3d8bf",
		"version": "Imatest 24.2.6 Master Color/Tone Auto",
		"build": "2025-03-20",
		"image_file": "sports ball_55.0 mm_1600ISO_0EV_Dist1_OFF_Focused.tiff",
		"ColorSpace": "sRGB",
		"Reference": "Default values",
		"Ref_folder": "/usr/local/Imatest/v24.2/Master/",
		"Gamma": [0.3927],
		"patches_for_gamma_start_end": [1,5],
		"exposure_error_normalized_y_channel": [-0.0204],
		"mean_camera_Saturation_Pct": ["_NaN_"],
		"mean_chroma_level_CPIQ_Pct": ["_NaN_"],
		"CPIQ_chroma_quality_loss_JND": ["_NaN_"],
		"CPIQ_exposure_quality_loss_JND": ["_NaN_"],
		"pixel_offset": [0],
		"mean_patch_size_pxls": [201,223],
		"roi_settings": "Recent ROI settings are in roi, nwid_save, nht_save, fillf, and distort (same names as ini file)",
		"roi": [3103,1406,4362,1680,3103,1682,4362,1398],
		"nwid_save": [6024],
		"nht_save": [4020],
		"fillf": [0.8],
		"distort": [0],
		"grayscale_zone": [1,2,3,4,5],
		"grayscale_minus_log_exposure": [2,1.513,1.025,0.5375,0.05],
		"grayscale_Y_reflectivity": [0.01,0.03073,0.09441,0.2901,0.8913],
		"grayscale_Y_Printer_pixel_gamma22": [33.13,55.18,91.91,153.1,255],
		"grayscale_Y_density": [0.1471,0.2549,0.4149,0.6378,0.9723],
		"grayscale_R_density": [0.1478,0.257,0.418,0.6387,0.9845],
		"grayscale_G_density": [0.1482,0.2549,0.4148,0.6382,0.9696],
		"grayscale_B_density": [0.1355,0.2493,0.4074,0.6311,0.9636],
		"grayscale_Y_mean": [181.7,141.8,98.09,58.71,27.18],
		"grayscale_R_mean": [181.5,141.1,97.4,58.59,26.43],
		"grayscale_G_mean": [181.3,141.8,98.12,58.66,27.35],
		"grayscale_B_mean": [186.7,143.6,99.8,59.63,27.73],
		"White_Bal_error_Degrees": [296.9,169.3,224.1,154.9,308.9],
		"White_Bal_error_Mired": [-6.72,-3.906,-5.127,-3.582,-6.98],
		"White_Bal_error_S_HSV": [0.02872,0.01752,0.02402,0.01744,0.04699],
		"White_Bal_error_Delta_C_ab": [2.912,1.07,1.059,0.6489,0.5402],
		"White_Bal_error_Delta_C_94": [2.912,1.07,1.059,0.6489,0.5402],
		"White_Bal_error_Delta_C_00": [2.941,1.051,1.037,0.675,0.6498],
		"n_Patch": [1,2,3,4,5],
		"n_Row": [1,1,1,1,1],
		"n_Column": [1,2,3,4,5],
		"width_pixels": [202,203,202,202,202],
		"height_pixels": [225,225,225,225,225],
		"Pixels_total": [45450,45675,45450,45450,45450],
		"R_reference": [242.4,146.6,86.6,49.01,25.46],
		"G_reference": [242.4,146.6,86.6,49.01,25.46],
		"B_reference": [242.4,146.6,86.6,49.01,25.46],
		"R_input": [181.5,141.1,97.4,58.59,26.43],
		"G_input": [181.3,141.8,98.12,58.66,27.35],
		"B_input": [186.7,143.6,99.8,59.63,27.73],
		"L_reference": [95.63,60.79,36.82,20.33,8.991],
		"a_reference": [0,0,0,0,0],
		"b_reference": [0,0,0,0,0],
		"L_input": [73.95,58.94,41.59,24.74,9.859],
		"a_input": [1.073,0.105,0.07356,0.1975,-0.3384],
		"b_input": [-2.707,-1.065,-1.057,-0.6182,-0.421],
		"x_reference": [0.3127,0.3127,0.3127,0.3127,0.3127],
		"y_reference": [0.329,0.329,0.329,0.329,0.329],
		"Y_reference": [0.8913,0.2901,0.09441,0.03073,0.01],
		"x_input": [0.3086,0.3102,0.3093,0.3105,0.3076],
		"y_input": [0.322,0.326,0.3252,0.3256,0.3266],
		"Y_input": [0.4662,0.2696,0.1224,0.04332,0.01108],
		"LUV_comment": "L2 is used to differentiate between the L in LAB and L in LUV.",
		"L2_reference": [805.1,262,85.28,27.75,9.033],
		"U_reference": [0.1978,0.1978,0.1978,0.1978,0.1978],
		"V_reference": [0.4683,0.4683,0.4683,0.4683,0.4683],
		"L2_input": [421.1,243.5,110.5,39.13,10.01],
		"U_input": [0.1976,0.1972,0.1969,0.1976,0.1952],
		"V_input": [0.4639,0.4663,0.4658,0.4662,0.4663],
		"patch_numbers_for_all_Delta_E_C": [1,2,3,4,5],
		"Delta_E_all": [21.9,2.14,4.89,4.46,1.02],
		"Delta_C_all": [2.91,1.07,1.06,0.649,0.54],
		"Delta_E94_all": [21.9,2.14,4.89,4.46,1.02],
		"Delta_C94_all": [2.91,1.07,1.06,0.649,0.54],
		"Delta_E2000_all": [14.6,1.94,4.28,3.21,0.845],
		"Delta_C2000_all": [2.94,1.05,1.04,0.675,0.65],
		"Delta_L_all": [-21.7,-1.85,4.77,4.41,0.867],
		"Delta_Chroma_all": [2.91,1.07,1.06,0.649,0.54],
		"Delta_Hue_Distance_all": [0,0,0,0,0],
		"Delta_Hue_Degrees_all": [0,0,0,0,0],
		"sat_corr_comment": "sat_corr explained on https://www.imatest.com/docs/colorcheck/#satcorr - not recommended.",
		"Delta_C_all_sat_corr": ["_NaN_","_NaN_","_NaN_","_NaN_","_NaN_"],
		"Delta_C94_all_sat_corr": ["_NaN_","_NaN_","_NaN_","_NaN_","_NaN_"],
		"Delta_C2000_all_sat_corr": ["_NaN_","_NaN_","_NaN_","_NaN_","_NaN_"],
		"grayscale_patch_numbers": [1,2,3,4,5],
		"Delta_E": [21.9,2.14,4.89,4.46,1.02],
		"Delta_C": [2.91,1.07,1.06,0.649,0.54],
		"Delta_E94": [21.9,2.14,4.89,4.46,1.02],
		"Delta_C94": [2.91,1.07,1.06,0.649,0.54],
		"Delta_E2000": [14.6,1.94,4.28,3.21,0.845],
		"Delta_C2000": [2.94,1.05,1.04,0.675,0.65],
		"Delta_L": [-21.7,-1.85,4.77,4.41,0.867],
		"Delta_Chroma": [2.91,1.07,1.06,0.649,0.54],
		"Delta_Hue_Distance": [0,0,0,0,0],
		"Delta_Hue_Degrees": [0,0,0,0,0],
		"mean_Delta_E": [6.88],
		"mean_Delta_C": [1.25],
		"mean_Delta_E94": [6.88],
		"mean_Delta_C94": [1.25],
		"mean_Delta_E2000": [4.97],
		"mean_Delta_C2000": [1.27],
		"mean_Delta_L": [-2.7],
		"mean_Delta_Chroma": [1.25],
		"mean_Delta_Hue_Distance": [0],
		"mean_Delta_Hue_Degrees": [0],
		"mean_Delta_C_sat_corr": ["_NaN_"],
		"mean_Delta_C94_sat_corr": ["_NaN_"],
		"mean_Delta_C2000_sat_corr": ["_NaN_"],
		"max_Delta_E": [21.9],
		"max_Delta_C": [2.91],
		"max_Delta_E94": [21.9],
		"max_Delta_C94": [2.91],
		"max_Delta_E2000": [14.6],
		"max_Delta_C2000": [2.94],
		"max_Delta_L": [4.77],
		"max_Delta_Chroma": [2.91],
		"max_Delta_Hue_Distance": [0],
		"max_Delta_Hue_Degrees": [0],
		"max_Delta_C_sat_corr": ["_NaN_"],
		"max_Delta_C94_sat_corr": ["_NaN_"],
		"max_Delta_C2000_sat_corr": ["_NaN_"],
		"mean_RegionSize": [45292.8],
		"Sequence_dark_to_light": [5,4,3,2,1],
		"Patch_number": [5,4,3,2,1],
		"R_noise": [0.04283,0.03011,0.02543,0.02324,0.02234],
		"G_noise": [0.02468,0.01823,0.01594,0.01484,0.01446],
		"B_noise": [0.03287,0.02368,0.02048,0.01912,0.01804],
		"R_SNR_ratio": [2.42,7.632,15.02,23.81,31.86],
		"G_SNR_ratio": [4.346,12.62,24.14,37.47,49.17],
		"B_SNR_ratio": [3.308,9.878,19.11,29.45,40.57],
		"R_SNR_dB": [7.676,17.65,23.53,27.54,30.06],
		"G_SNR_dB": [12.76,22.02,27.65,31.47,33.83],
		"B_SNR_dB": [10.39,19.89,25.62,29.38,32.16],
		"Gb_noise": [0.02048,0.01519,0.01318,0.01243,0.01205],
		"Gb_SNR_ratio": [5.203,15.16,29.19,44.73,59.12],
		"Gb_SNR_dB": [14.33,23.61,29.3,33.01,35.44],
		"Y_f_stop_SNR_ratio": [8.022,8.145,7.632,5.652,3.727],
		"Y_f_stop_SNR_dB": [18.09,18.22,17.65,15.04,11.43],
		"quality_levels_for_DR": [
				"Low,",
				"Medium,",
				"M-H,",
				"High,"
		],
		"SigNoise_levels_for_DR": [1,0.5,0.25,0.1],
		"Dynamic_Range_f_stops": [0,0,6.154,0],
		"Dynamic_Range_dB": [0,0,37.04,0],
		"noise_ISO15739_pct": [0.2098,0.2189,0.475,1.101,1.474],
		"snr_ISO15739": [5.281,19.79,25.76,24.5,31.64],
		"noise_pct_ISO15739_at_13pct_Lref": [1.132],
		"snr_ISO15739_at_13pct_Lref": [25.1],
		"snr_dB_ISO15739_at_13pct_Lref": [27.99],
		"DynamicRange_at_density_2": [1346],
		"DynamicRange_total": [0],
		"DynamicRange_from_slope_OD": [1.95],
		"DynamicRange_from_slope_EV": [6.474],
		"DynamicRange_from_slope_dB": [39],
		"SNR_BW_dB_RGBY": [26.34,30.24,28.04,31.78],
		"L_noise": [2.43,1.72,1.376,1.217,1.127],
		"a_noise": [6.757,4.607,3.682,3.103,2.867],
		"b_noise": [6.192,4.377,3.476,3.027,2.76],
		"Total_Lab_noise_unwtd": [9.482,6.583,5.247,4.503,4.136],
		"Total_ab_noise_unwtd": [9.165,6.354,5.064,4.335,3.98],
		"R_minus_Y_KK_noise": [0.03701,0.02587,0.02203,0.01982,0.01914],
		"B_minus_Y_KK_noise": [0.03577,0.02593,0.0224,0.02081,0.01987],
		"Y_Kelly_Keelan_noise": [0.02048,0.01519,0.01318,0.01243,0.01205],
		"Total_KK_noise": [0.03024,0.02183,0.01879,0.01738,0.0168],
		"Chroma_KK_noise": [0.02224,0.01568,0.0134,0.01215,0.0117],
		"Total_old_iso_noise": [0.03874,0.02769,0.02376,0.0218,0.02105],
		"Y_noise_from_YUV": [0.02048,0.01519,0.01318,0.01243,0.01205],
		"U_noise_from_YUV": [0.0168,0.01218,0.01052,0.009777,0.009335],