{
	"jsonResults": {
		"dateRun": "07-May-2025 14:30:22",
		"ini_time_size": "07-May-2025 14:16:52 9643B  MD5 = c202af7b219604622ce06a9ab2d4f8e8",
		"version": "Imatest 24.2.6 Master Color/Tone Auto",
		"build": "2025-03-20",
		"image_file": "sports ball_55.0 mm_25600ISO_+1EV_Dist1_ON_Focused.tiff",
		"ColorSpace": "sRGB",
		"Reference": "Default values",
		"Ref_folder": "/usr/local/Imatest/v24.2/Master/",
		"Gamma": [0.329],
		"patches_for_gamma_start_end": [1,5],
		"exposure_error_normalized_y_channel": [0.129],
		"mean_camera_Saturation_Pct": ["_NaN_"],
		"mean_chroma_level_CPIQ_Pct": ["_NaN_"],
		"CPIQ_chroma_quality_loss_JND": ["_NaN_"],
		"CPIQ_exposure_quality_loss_JND": ["_NaN_"],
		"pixel_offset": [0],
		"mean_patch_size_pxls": [178,227],
		"roi_settings": "Recent ROI settings are in roi, nwid_save, nht_save, fillf, and distort (same names as ini file)",
		"roi": [3074,1389,4483,1711,3134,1711,4268,1384],
		"nwid_save": [6024],
		"nht_save": [4020],
		"fillf": [0.7],
		"distort": [0],
		"grayscale_zone": [1,2,3,4,5],
		"grayscale_minus_log_exposure": [2,1.513,1.025,0.5375,0.05],
		"grayscale_Y_reflectivity": [0.01,0.03073,0.09441,0.2901,0.8913],
		"grayscale_Y_Printer_pixel_gamma22": [33.13,55.18,91.91,153.1,255],
		"grayscale_Y_density": [0.06094,0.1681,0.3285,0.5663,0.8915],
		"grayscale_R_density": [0.0618,0.1722,0.3365,0.5863,0.8173],
		"grayscale_G_density": [0.0625,0.1681,0.3273,0.561,0.9186],
		"grayscale_B_density": [0.04327,0.1565,0.3168,0.5621,0.8693],
		"grayscale_Y_mean": [221.6,173.2,119.7,69.22,32.74],
		"grayscale_R_mean": [221.2,171.5,117.5,66.11,38.84],
		"grayscale_G_mean": [220.8,173.2,120,70.07,30.75],
		"grayscale_B_mean": [230.8,177.8,123,69.89,34.45],
		"White_Bal_error_Degrees": [472.9,360.1,423.2,411,-872.6],
		"White_Bal_error_Mired": [-10.43,-8.075,-9.404,-9.149,23.86],
		"White_Bal_error_S_HSV": [0.04332,0.03535,0.04436,0.05648,0.2081],
		"White_Bal_error_Delta_C_ab": [5.229,2.617,1.98,1.731,4.83],
		"White_Bal_error_Delta_C_94": [5.229,2.617,1.98,1.731,4.83],
		"White_Bal_error_Delta_C_00": [5.026,2.494,1.927,2.407,6.158],
		"n_Patch": [1,2,3,4,5],
		"n_Row": [1,1,1,1,1],
		"n_Column": [1,2,3,4,5],
		"width_pixels": [179,179,179,179,179],
		"height_pixels": [229,229,230,229,229],
		"Pixels_total": [40991,40991,41170,40991,40991],
		"R_reference": [242.4,146.6,86.6,49.01,25.46],
		"G_reference": [242.4,146.6,86.6,49.01,25.46],
		"B_reference": [242.4,146.6,86.6,49.01,25.46],
		"R_input": [221.2,171.5,117.5,66.11,38.84],
		"G_input": [220.8,173.2,120,70.07,30.75],
		"B_input": [230.8,177.8,123,69.89,34.45],
		"L_reference": [95.63,60.79,36.82,20.33,8.991],
		"a_reference": [0,0,0,0,0],
		"b_reference": [0,0,0,0,0],
		"L_input": [88.34,70.78,50.31,29.39,12.69],
		"a_input": [1.954,0.3258,-0.3318,-1.668,4.715],
		"b_input": [-4.85,-2.597,-1.952,-0.4627,-1.051],
		"x_reference": [0.3127,0.3127,0.3127,0.3127,0.3127],
		"y_reference": [0.329,0.329,0.329,0.329,0.329],
		"Y_reference": [0.8913,0.2901,0.09441,0.03073,0.01],
		"x_input": [0.3065,0.3075,0.3063,0.3053,0.3299],
		"y_input": [0.3183,0.3226,0.3234,0.3295,0.3103],
		"Y_input": [0.7278,0.4187,0.1868,0.05992,0.01514],
		"LUV_comment": "L2 is used to differentiate between the L in LAB and L in LUV.",
		"L2_reference": [805.1,262,85.28,27.75,9.033],
		"U_reference": [0.1978,0.1978,0.1978,0.1978,0.1978],
		"V_reference": [0.4683,0.4683,0.4683,0.4683,0.4683],
		"L2_input": [657.4,378.3,168.8,54.13,13.67],
		"U_input": [0.1975,0.1966,0.1955,0.1925,0.2177],
		"V_input": [0.4615,0.4641,0.4643,0.4675,0.4605],
		"patch_numbers_for_all_Delta_E_C": [1,2,3,4,5],
		"Delta_E_all": [8.97,10.3,13.6,9.22,6.09],
		"Delta_C_all": [5.23,2.62,1.98,1.73,4.83],
		"Delta_E94_all": [8.97,10.3,13.6,9.22,6.09],
		"Delta_C94_all": [5.23,2.62,1.98,1.73,4.83],
		"Delta_E2000_all": [6.74,8.52,12.7,7.03,6.59],
		"Delta_C2000_all": [5.03,2.49,1.93,2.41,6.16],
		"Delta_L_all": [-7.29,10,13.5,9.06,3.7],
		"Delta_Chroma_all": [5.23,2.62,1.98,1.73,4.83],
		"Delta_Hue_Distance_all": [0,0,0,0,0],
		"Delta_Hue_Degrees_all": [0,0,0,0,0],
		"sat_corr_comment": "sat_corr explained on https://www.imatest.com/docs/colorcheck/#satcorr - not recommended.",
		"Delta_C_all_sat_corr": ["_NaN_","_NaN_","_NaN_","_NaN_","_NaN_"],
		"Delta_C94_all_sat_corr": ["_NaN_","_NaN_","_NaN_","_NaN_","_NaN_"],
		"Delta_C2000_all_sat_corr": ["_NaN_","_NaN_","_NaN_","_NaN_","_NaN_"],
		"grayscale_patch_numbers": [1,2,3,4,5],
		"Delta_E": [8.97,10.3,13.6,9.22,6.09],
		"Delta_C": [5.23,2.62,1.98,1.73,4.83],
		"Delta_E94": [8.97,10.3,13.6,9.22,6.09],
		"Delta_C94": [5.23,2.62,1.98,1.73,4.83],
		"Delta_E2000": [6.74,8.52,12.7,7.03,6.59],
		"Delta_C2000": [5.03,2.49,1.93,2.41,6.16],
		"Delta_L": [-7.29,10,13.5,9.06,3.7],
		"Delta_Chroma": [5.23,2.62,1.98,1.73,4.83],
		"Delta_Hue_Distance": [0,0,0,0,0],
		"Delta_Hue_Degrees": [0,0,0,0,0],
		"mean_Delta_E": [9.65],
		"mean_Delta_C": [3.28],
		"mean_Delta_E94": [9.65],
		"mean_Delta_C94": [3.28],
		"mean_Delta_E2000": [8.3],
		"mean_Delta_C2000": [3.6],
		"mean_Delta_L": [5.79],
		"mean_Delta_Chroma": [3.28],
		"mean_Delta_Hue_Distance": [0],
		"mean_Delta_Hue_Degrees": [0],
		"mean_Delta_C_sat_corr": ["_NaN_"],
		"mean_Delta_C94_sat_corr": ["_NaN_"],
		"mean_Delta_C2000_sat_corr": ["_NaN_"],
		"max_Delta_E": [13.6],
		"max_Delta_C": [5.23],
		"max_Delta_E94": [13.6],
		"max_Delta_C94": [5.23],
		"max_Delta_E2000": [12.7],
		"max_Delta_C2000": [6.16],
		"max_Delta_L": [13.5],
		"max_Delta_Chroma": [5.23],
		"max_Delta_Hue_Distance": [0],
		"max_Delta_Hue_Degrees": [0],
		"max_Delta_C_sat_corr": ["_NaN_"],
		"max_Delta_C94_sat_corr": ["_NaN_"],
		"max_Delta_C2000_sat_corr": ["_NaN_"],
		"mean_RegionSize": [40847.8],
		"Sequence_dark_to_light": [5,4,3,2,1],
		"Patch_number": [5,4,3,2,1],
		"R_noise": [0.1148,0.1268,0.08708,0.06659,0.05814],
		"G_noise": [0.09218,0.08102,0.05552,0.04824,0.04503],
		"B_noise": [0.101,0.09611,0.06301,0.05222,0.04675],
		"R_SNR_ratio": [1.327,2.044,5.292,10.1,14.92],
		"G_SNR_ratio": [1.308,3.391,8.477,14.08,19.23],
		"B_SNR_ratio": [1.338,2.852,7.653,13.35,19.36],
		"R_SNR_dB": [2.458,6.211,14.47,20.09,23.47],
		"G_SNR_dB": [2.335,10.61,18.57,22.97,25.68],
		"B_SNR_dB": [2.53,9.103,17.68,22.51,25.74],
		"Gb_noise": [0.07381,0.06696,0.04699,0.04025,0.03709],
		"Gb_SNR_ratio": [1.739,4.054,9.988,16.87,23.43],
		"Gb_SNR_dB": [4.808,12.16,19.99,24.54,27.4],
		"Y_f_stop_SNR_ratio": [3.164,3.066,2.678,1.572,1.197],
		"Y_f_stop_SNR_dB": [10,9.732,8.555,3.93,1.559],
		"quality_levels_for_DR": [
				"Low,",
				"Medium,",
				"M-H,",
				"High,"
		],
		"SigNoise_levels_for_DR": [1,0.5,0.25,0.1],
		"Dynamic_Range_f_stops": [0,4.019,0,0],
		"Dynamic_Range_dB": [0,24.2,0,0],
		"noise_ISO15739_pct": [0.8643,1.095,1.884,3.975,5.113],
		"snr_ISO15739": [1.751,5.472,9.917,10.53,14.23],
		"noise_pct_ISO15739_at_13pct_Lref": [3.562],
		"snr_ISO15739_at_13pct_Lref": [10.41],
		"snr_dB_ISO15739_at_13pct_Lref": [20.35],
		"DynamicRange_at_density_2": [252.3],
		"DynamicRange_total": [0],
		"DynamicRange_from_slope_OD": [1.95],
		"DynamicRange_from_slope_EV": [6.474],
		"DynamicRange_from_slope_dB": [39],
		"SNR_BW_dB_RGBY": [19.06,21.86,21.17,23.43],
		"L_noise": [8.051,6.818,4.653,3.784,3.333],
		"a_noise": [17.94,16.75,11.05,8.563,7.437],
		"b_noise": [17.86,15.99,10.2,8.062,7.014],
		"Total_Lab_noise_unwtd": [26.57,24.14,15.75,12.36,10.75],
		"Total_ab_noise_unwtd": [25.32,23.16,15.04,11.76,10.22],
		"R_minus_Y_KK_noise": [0.1058,0.1109,0.07403,0.05733,0.051],
		"B_minus_Y_KK_noise": [0.1126,0.1044,0.06865,0.05761,0.05246],
		"Y_Kelly_Keelan_noise": [0.07381,0.06696,0.04699,0.04025,0.03709],
		"Total_KK_noise": [0.09841,0.0942,0.06444,0.05319,0.04841],
		"Chroma_KK_noise": [0.06509,0.06625,0.04409,0.03477,0.03111],
		"Total_old_iso_noise": [0.121,0.1187,0.08044,0.06523,0.059],
		"Y_noise_from_YUV": [0.0738,0.06696,0.04699,0.04024,0.03709],
		"U_noise_from_YUV": [0.0529,0.04905,0.03226,0.02707,0.02465],
		"V_noise_from_YUV": [0.0826,0.08658,0.05781,0.04477,0.03983],