{
	"jsonResults": {
		"dateRun": "07-May-2025 14:30:22",
		"ini_time_size": "07-May-2025 14:16:52 9643B  MD5 = c202af7b219604622ce06a9ab2d4f8e8",
		"version": "Imatest 24.2.6 Master Color/Tone Auto",
		"build": "2025-03-20",
		"image_file": "sports ball_55.0 mm_25600ISO_+1EV_Dist1_ON_Defocus1.tiff",
		"ColorSpace": "sRGB",
		"Reference": "Default values",
		"Ref_folder": "/usr/local/Imatest/v24.2/Master/",
		"Gamma": [0.3258],
		"patches_for_gamma_start_end": [1,5],
		"exposure_error_normalized_y_channel": [0.123],
		"mean_camera_Saturation_Pct": ["_NaN_"],
		"mean_chroma_level_CPIQ_Pct": ["_NaN_"],
		"CPIQ_chroma_quality_loss_JND": ["_NaN_"],
		"CPIQ_exposure_quality_loss_JND": ["_NaN_"],
		"pixel_offset": [0],
		"mean_patch_size_pxls": [178,227],
		"roi_settings": "Recent ROI settings are in roi, nwid_save, nht_save, fillf, and distort (same names as ini file)",
		"roi": [3074,1389,4483,1711,3134,1711,4268,1384],
		"nwid_save": [6024],
		"nht_save": [4020],
		"fillf": [0.7],
		"distort": [0],
		"grayscale_zone": [1,2,3,4,5],
		"grayscale_minus_log_exposure": [2,1.513,1.025,0.5375,0.05],
		"grayscale_Y_reflectivity": [0.01,0.03073,0.09441,0.2901,0.8913],
		"grayscale_Y_Printer_pixel_gamma22": [33.13,55.18,91.91,153.1,255],
		"grayscale_Y_density": [0.06422,0.1706,0.3294,0.5634,0.8563],
		"grayscale_R_density": [0.06562,0.174,0.3395,0.5829,0.8097],
		"grayscale_G_density": [0.06561,0.1707,0.3276,0.5587,0.8729],
		"grayscale_B_density": [0.04675,0.1595,0.3182,0.5547,0.84],
		"grayscale_Y_mean": [219.9,172.2,119.4,69.68,35.5],
		"grayscale_R_mean": [219.2,170.8,116.7,66.63,39.52],
		"grayscale_G_mean": [219.2,172.1,119.9,70.45,34.17],
		"grayscale_B_mean": [229,176.6,122.5,71.09,36.86],
		"White_Bal_error_Degrees": [477.8,335.6,447.2,507.3,-466.2],
		"White_Bal_error_Mired": [-10.53,-7.554,-9.903,-11.14,11.89],
		"White_Bal_error_S_HSV": [0.04252,0.03288,0.04782,0.06282,0.1354],
		"White_Bal_error_Delta_C_ab": [5.094,2.517,1.983,1.703,3.263],
		"White_Bal_error_Delta_C_94": [5.094,2.517,1.983,1.703,3.263],
		"White_Bal_error_Delta_C_00": [4.873,2.42,2.027,2.215,4.328],
		"n_Patch": [1,2,3,4,5],
		"n_Row": [1,1,1,1,1],
		"n_Column": [1,2,3,4,5],
		"width_pixels": [179,179,179,179,179],
		"height_pixels": [229,229,230,229,229],
		"Pixels_total": [40991,40991,41170,40991,40991],
		"R_reference": [242.4,146.6,86.6,49.01,25.46],
		"G_reference": [242.4,146.6,86.6,49.01,25.46],
		"B_reference": [242.4,146.6,86.6,49.01,25.46],
		"R_input": [219.2,170.8,116.7,66.63,39.52],
		"G_input": [219.2,172.1,119.9,70.45,34.17],
		"B_input": [229,176.6,122.5,71.09,36.86],
		"L_reference": [95.63,60.79,36.82,20.33,8.991],
		"a_reference": [0,0,0,0,0],
		"b_reference": [0,0,0,0,0],
		"L_input": [87.75,70.42,50.21,29.6,13.99],
		"a_input": [1.789,0.4121,-0.6801,-1.423,3.142],
		"b_input": [-4.77,-2.483,-1.863,-0.9362,-0.8806],
		"x_reference": [0.3127,0.3127,0.3127,0.3127,0.3127],
		"y_reference": [0.329,0.329,0.329,0.329,0.329],
		"Y_reference": [0.8913,0.2901,0.09441,0.03073,0.01],
		"x_input": [0.3063,0.3078,0.3057,0.3041,0.3226],
		"y_input": [0.3185,0.3228,0.324,0.327,0.3158],
		"Y_input": [0.7154,0.4134,0.186,0.06073,0.01728],
		"LUV_comment": "L2 is used to differentiate between the L in LAB and L in LUV.",
		"L2_reference": [805.1,262,85.28,27.75,9.033],
		"U_reference": [0.1978,0.1978,0.1978,0.1978,0.1978],
		"V_reference": [0.4683,0.4683,0.4683,0.4683,0.4683],
		"L2_input": [646.3,373.5,168,54.86,15.61],
		"U_input": [0.1974,0.1968,0.1948,0.1926,0.21],
		"V_input": [0.4616,0.4643,0.4646,0.466,0.4625],
		"patch_numbers_for_all_Delta_E_C": [1,2,3,4,5],
		"Delta_E_all": [9.39,9.95,13.5,9.42,5.97],
		"Delta_C_all": [5.09,2.52,1.98,1.7,3.26],
		"Delta_E94_all": [9.39,9.95,13.5,9.42,5.97],
		"Delta_C94_all": [5.09,2.52,1.98,1.7,3.26],
		"Delta_E2000_all": [6.88,8.22,12.6,7.12,5.37],
		"Delta_C2000_all": [4.87,2.42,2.03,2.21,4.33],
		"Delta_L_all": [-7.88,9.63,13.4,9.26,5],
		"Delta_Chroma_all": [5.09,2.52,1.98,1.7,3.26],
		"Delta_Hue_Distance_all": [0,0,0,0,0],
		"Delta_Hue_Degrees_all": [0,0,0,0,0],
		"sat_corr_comment": "sat_corr explained on https://www.imatest.com/docs/colorcheck/#satcorr - not recommended.",
		"Delta_C_all_sat_corr": ["_NaN_","_NaN_","_NaN_","_NaN_","_NaN_"],
		"Delta_C94_all_sat_corr": ["_NaN_","_NaN_","_NaN_","_NaN_","_NaN_"],
		"Delta_C2000_all_sat_corr": ["_NaN_","_NaN_","_NaN_","_NaN_","_NaN_"],
		"grayscale_patch_numbers": [1,2,3,4,5],
		"Delta_E": [9.39,9.95,13.5,9.42,5.97],
		"Delta_C": [5.09,2.52,1.98,1.7,3.26],
		"Delta_E94": [9.39,9.95,13.5,9.42,5.97],
		"Delta_C94": [5.09,2.52,1.98,1.7,3.26],
		"Delta_E2000": [6.88,8.22,12.6,7.12,5.37],
		"Delta_C2000": [4.87,2.42,2.03,2.21,4.33],
		"Delta_L": [-7.88,9.63,13.4,9.26,5],
		"Delta_Chroma": [5.09,2.52,1.98,1.7,3.26],
		"Delta_Hue_Distance": [0,0,0,0,0],
		"Delta_Hue_Degrees": [0,0,0,0,0],
		"mean_Delta_E": [9.65],
		"mean_Delta_C": [2.91],
		"mean_Delta_E94": [9.65],
		"mean_Delta_C94": [2.91],
		"mean_Delta_E2000": [8.03],
		"mean_Delta_C2000": [3.17],
		"mean_Delta_L": [5.88],
		"mean_Delta_Chroma": [2.91],
		"mean_Delta_Hue_Distance": [0],
		"mean_Delta_Hue_Degrees": [0],
		"mean_Delta_C_sat_corr": ["_NaN_"],
		"mean_Delta_C94_sat_corr": ["_NaN_"],
		"mean_Delta_C2000_sat_corr": ["_NaN_"],
		"max_Delta_E": [13.5],
		"max_Delta_C": [5.09],
		"max_Delta_E94": [13.5],
		"max_Delta_C94": [5.09],
		"max_Delta_E2000": [12.6],
		"max_Delta_C2000": [4.87],
		"max_Delta_L": [13.4],
		"max_Delta_Chroma": [5.09],
		"max_Delta_Hue_Distance": [0],
		"max_Delta_Hue_Degrees": [0],
		"max_Delta_C_sat_corr": ["_NaN_"],
		"max_Delta_C94_sat_corr": ["_NaN_"],
		"max_Delta_C2000_sat_corr": ["_NaN_"],
		"mean_RegionSize": [40847.8],
		"Sequence_dark_to_light": [5,4,3,2,1],
		"Patch_number": [5,4,3,2,1],
		"R_noise": [0.1167,0.1259,0.09012,0.06831,0.06194],
		"G_noise": [0.09637,0.08158,0.05651,0.04851,0.04774],
		"B_noise": [0.1044,0.09624,0.06382,0.05321,0.04997],
		"R_SNR_ratio": [1.329,2.076,5.077,9.807,13.88],
		"G_SNR_ratio": [1.39,3.387,8.322,13.91,18.01],
		"B_SNR_ratio": [1.384,2.897,7.53,13.02,17.97],
		"R_SNR_dB": [2.468,6.344,14.11,19.83,22.85],
		"G_SNR_dB": [2.863,10.6,18.4,22.87,25.11],
		"B_SNR_dB": [2.825,9.239,17.54,22.29,25.09],
		"Gb_noise": [0.07823,0.06799,0.04763,0.04091,0.04047],
		"Gb_SNR_ratio": [1.78,4.019,9.834,16.5,21.32],
		"Gb_SNR_dB": [5.007,12.08,19.85,24.35,26.57],
		"Y_f_stop_SNR_ratio": [2.859,2.974,2.605,1.494,1.058],
		"Y_f_stop_SNR_dB": [9.125,9.468,8.316,3.489,0.4894],
		"quality_levels_for_DR": [
				"Low,",
				"Medium,",
				"M-H,",
				"High,"
		],
		"SigNoise_levels_for_DR": [1,0.5,0.25,0.1],
		"Dynamic_Range_f_stops": [0,3.898,0,0],
		"Dynamic_Range_dB": [0,23.47,0,0],
		"noise_ISO15739_pct": [0.9131,1.101,1.858,3.9,5.383],
		"snr_ISO15739": [1.893,5.514,10.01,10.6,13.29],
		"noise_pct_ISO15739_at_13pct_Lref": [3.586],
		"snr_ISO15739_at_13pct_Lref": [10.51],
		"snr_dB_ISO15739_at_13pct_Lref": [20.43],
		"DynamicRange_at_density_2": [250.8],
		"DynamicRange_total": [0],
		"DynamicRange_from_slope_OD": [1.95],
		"DynamicRange_from_slope_EV": [6.474],
		"DynamicRange_from_slope_dB": [39],
		"SNR_BW_dB_RGBY": [18.72,21.69,20.89,23.17],
		"L_noise": [8.52,6.916,4.715,3.851,3.651],
		"a_noise": [18.01,16.42,11.37,8.566,7.582],
		"b_noise": [18.09,16.06,10.45,8.059,6.977],
		"Total_Lab_noise_unwtd": [26.91,23.99,16.15,12.38,10.93],
		"Total_ab_noise_unwtd": [25.52,22.97,15.45,11.76,10.3],
		"R_minus_Y_KK_noise": [0.1058,0.1089,0.077,0.05817,0.05242],
		"B_minus_Y_KK_noise": [0.1143,0.1049,0.07029,0.0575,0.05211],
		"Y_Kelly_Keelan_noise": [0.07823,0.06799,0.04763,0.04091,0.04047],
		"Total_KK_noise": [0.102,0.09432,0.06601,0.05393,0.05141],
		"Chroma_KK_noise": [0.06538,0.06538,0.04571,0.03514,0.03171],
		"Total_old_iso_noise": [0.124,0.1182,0.08279,0.06609,0.06189],
		"Y_noise_from_YUV": [0.07822,0.06799,0.04762,0.04091,0.04046],
		"U_noise_from_YUV": [0.0537,0.04928,0.03303,0.02702,0.02448],
		"V_noise_from_YUV": [0.08265,0.08501,0.06013,0.04543,0.04094],