{
	"jsonResults": {
		"dateRun": "13-May-2025 10:27:43",
		"ini_time_size": "13-May-2025 10:25:44 18833B  MD5 = 58599a5cd33629ce506217f1a8f3d8bf",
		"version": "Imatest 24.2.6 Master Color/Tone Auto",
		"build": "2025-03-20",
		"image_file": "sports ball_55.0 mm_6400ISO_-3EV_Dist1_OFF_Focused.tiff",
		"ColorSpace": "sRGB",
		"Reference": "Default values",
		"Ref_folder": "/usr/local/Imatest/v24.2/Master/",
		"Gamma": [0.4365],
		"patches_for_gamma_start_end": [1,5],
		"exposure_error_normalized_y_channel": [-0.263],
		"mean_camera_Saturation_Pct": ["_NaN_"],
		"mean_chroma_level_CPIQ_Pct": ["_NaN_"],
		"CPIQ_chroma_quality_loss_JND": ["_NaN_"],
		"CPIQ_exposure_quality_loss_JND": ["_NaN_"],
		"pixel_offset": [0],
		"mean_patch_size_pxls": [201,223],
		"roi_settings": "Recent ROI settings are in roi, nwid_save, nht_save, fillf, and distort (same names as ini file)",
		"roi": [3103,1406,4362,1680,3103,1682,4362,1398],
		"nwid_save": [6024],
		"nht_save": [4020],
		"fillf": [0.8],
		"distort": [0],
		"grayscale_zone": [1,2,3,4,5],
		"grayscale_minus_log_exposure": [2,1.513,1.025,0.5375,0.05],
		"grayscale_Y_reflectivity": [0.01,0.03073,0.09441,0.2901,0.8913],
		"grayscale_Y_Printer_pixel_gamma22": [33.13,55.18,91.91,153.1,255],
		"grayscale_Y_density": [0.6137,0.7459,0.9587,1.246,1.474],
		"grayscale_R_density": [0.6144,0.7524,0.9414,1.124,1.239],
		"grayscale_G_density": [0.6154,0.7451,0.9648,1.299,1.597],
		"grayscale_B_density": [0.5955,0.735,0.95,1.182,1.349],
		"grayscale_Y_mean": [62.06,45.78,28.05,14.46,8.562],
		"grayscale_R_mean": [61.96,45.1,29.18,19.19,14.69],
		"grayscale_G_mean": [61.82,45.86,27.65,12.82,6.451],
		"grayscale_B_mean": [64.71,46.94,28.61,16.79,11.43],
		"White_Bal_error_Degrees": [414.5,319.5,-95.16,-795,-1689],
		"White_Bal_error_Mired": [-9.222,-7.207,2.286,21.44,54.02],
		"White_Bal_error_S_HSV": [0.04475,0.03931,0.05237,0.3321,0.5609],
		"White_Bal_error_Delta_C_ab": [1.9,0.8201,1.055,3.198,3.214],
		"White_Bal_error_Delta_C_94": [1.9,0.8201,1.055,3.198,3.214],
		"White_Bal_error_Delta_C_00": [1.974,0.8098,1.466,4.189,4.223],
		"n_Patch": [1,2,3,4,5],
		"n_Row": [1,1,1,1,1],
		"n_Column": [1,2,3,4,5],
		"width_pixels": [202,203,202,202,202],
		"height_pixels": [225,225,225,225,225],
		"Pixels_total": [45450,45675,45450,45450,45450],
		"R_reference": [242.4,146.6,86.6,49.01,25.46],
		"G_reference": [242.4,146.6,86.6,49.01,25.46],
		"B_reference": [242.4,146.6,86.6,49.01,25.46],
		"R_input": [61.96,45.1,29.18,19.19,14.69],
		"G_input": [61.82,45.86,27.65,12.82,6.451],
		"B_input": [64.71,46.94,28.61,16.79,11.43],
		"L_reference": [95.63,60.79,36.82,20.33,8.991],
		"a_reference": [0,0,0,0,0],
		"b_reference": [0,0,0,0,0],
		"L_input": [26.24,18.84,10.3,4.185,2.387],
		"a_input": [0.7262,-0.0788,0.9741,2.989,3.025],
		"b_input": [-1.755,-0.8163,-0.4049,-1.139,-1.087],
		"x_reference": [0.3127,0.3127,0.3127,0.3127,0.3127],
		"y_reference": [0.329,0.329,0.329,0.329,0.329],
		"Y_reference": [0.8913,0.2901,0.09441,0.03073,0.01],
		"x_input": [0.3072,0.3078,0.3152,0.3289,0.3411],
		"y_input": [0.3194,0.3244,0.3233,0.2969,0.2773],
		"Y_input": [0.04827,0.02708,0.01165,0.004633,0.002642],
		"LUV_comment": "L2 is used to differentiate between the L in LAB and L in LUV.",
		"L2_reference": [805.1,262,85.28,27.75,9.033],
		"U_reference": [0.1978,0.1978,0.1978,0.1978,0.1978],
		"V_reference": [0.4683,0.4683,0.4683,0.4683,0.4683],
		"L2_input": [43.6,24.46,10.52,4.185,2.387],
		"U_input": [0.1976,0.1962,0.2018,0.2228,0.2416],
		"V_input": [0.4622,0.4651,0.4656,0.4525,0.4421],
		"patch_numbers_for_all_Delta_E_C": [1,2,3,4,5],
		"Delta_E_all": [69.4,42,26.5,16.5,7.35],
		"Delta_C_all": [1.9,0.82,1.05,3.2,3.21],
		"Delta_E94_all": [69.4,42,26.5,16.5,7.35],
		"Delta_C94_all": [1.9,0.82,1.05,3.2,3.21],
		"Delta_E2000_all": [60.3,36.8,19.1,11.2,5.8],
		"Delta_C2000_all": [1.97,0.81,1.47,4.19,4.22],
		"Delta_L_all": [-69.4,-42,-26.5,-16.1,-6.6],
		"Delta_Chroma_all": [1.9,0.82,1.05,3.2,3.21],
		"Delta_Hue_Distance_all": [0,0,0,0,0],
		"Delta_Hue_Degrees_all": [0,0,0,0,0],
		"sat_corr_comment": "sat_corr explained on https://www.imatest.com/docs/colorcheck/#satcorr - not recommended.",
		"Delta_C_all_sat_corr": ["_NaN_","_NaN_","_NaN_","_NaN_","_NaN_"],
		"Delta_C94_all_sat_corr": ["_NaN_","_NaN_","_NaN_","_NaN_","_NaN_"],
		"Delta_C2000_all_sat_corr": ["_NaN_","_NaN_","_NaN_","_NaN_","_NaN_"],
		"grayscale_patch_numbers": [1,2,3,4,5],
		"Delta_E": [69.4,42,26.5,16.5,7.35],
		"Delta_C": [1.9,0.82,1.05,3.2,3.21],
		"Delta_E94": [69.4,42,26.5,16.5,7.35],
		"Delta_C94": [1.9,0.82,1.05,3.2,3.21],
		"Delta_E2000": [60.3,36.8,19.1,11.2,5.8],
		"Delta_C2000": [1.97,0.81,1.47,4.19,4.22],
		"Delta_L": [-69.4,-42,-26.5,-16.1,-6.6],
		"Delta_Chroma": [1.9,0.82,1.05,3.2,3.21],
		"Delta_Hue_Distance": [0,0,0,0,0],
		"Delta_Hue_Degrees": [0,0,0,0,0],
		"mean_Delta_E": [32.3],
		"mean_Delta_C": [2.04],
		"mean_Delta_E94": [32.3],
		"mean_Delta_C94": [2.04],
		"mean_Delta_E2000": [26.6],
		"mean_Delta_C2000": [2.53],
		"mean_Delta_L": [-32.1],
		"mean_Delta_Chroma": [2.04],
		"mean_Delta_Hue_Distance": [0],
		"mean_Delta_Hue_Degrees": [0],
		"mean_Delta_C_sat_corr": ["_NaN_"],
		"mean_Delta_C94_sat_corr": ["_NaN_"],
		"mean_Delta_C2000_sat_corr": ["_NaN_"],
		"max_Delta_E": [69.4],
		"max_Delta_C": [3.21],
		"max_Delta_E94": [69.4],
		"max_Delta_C94": [3.21],
		"max_Delta_E2000": [60.3],
		"max_Delta_C2000": [4.22],
		"max_Delta_L": [-6.6],
		"max_Delta_Chroma": [3.21],
		"max_Delta_Hue_Distance": [0],
		"max_Delta_Hue_Degrees": [0],
		"max_Delta_C_sat_corr": ["_NaN_"],
		"max_Delta_C94_sat_corr": ["_NaN_"],
		"max_Delta_C2000_sat_corr": ["_NaN_"],
		"mean_RegionSize": [45292.8],
		"Sequence_dark_to_light": [5,4,3,2,1],
		"Patch_number": [5,4,3,2,1],
		"R_noise": [0.05256,0.06024,0.06943,0.06889,0.06106],
		"G_noise": [0.03265,0.04359,0.04809,0.03896,0.03417],
		"B_noise": [0.04342,0.05137,0.05956,0.05248,0.04457],
		"R_SNR_ratio": [1.096,1.249,1.648,2.567,3.98],
		"G_SNR_ratio": [0.7748,1.153,2.255,4.616,7.094],
		"B_SNR_ratio": [1.032,1.282,1.884,3.508,5.694],
		"R_SNR_dB": [0.7978,1.931,4.341,8.189,12],
		"G_SNR_dB": [-2.217,1.235,7.062,13.29,17.02],
		"B_SNR_dB": [0.2768,2.156,5.502,10.9,15.11],
		"Gb_noise": [0.02756,0.0355,0.0388,0.03276,0.02863],
		"Gb_SNR_ratio": [1.218,1.597,2.835,5.48,8.502],
		"Gb_SNR_dB": [1.716,4.066,9.051,14.78,18.59],
		"Y_f_stop_SNR_ratio": [1.377,1.257,0.9774,0.6645,0.5179],
		"Y_f_stop_SNR_dB": [2.778,1.985,-0.1983,-3.55,-5.715],
		"quality_levels_for_DR": [
				"Low,",
				"Medium,",
				"M-H,",
				"High,"
		],
		"SigNoise_levels_for_DR": [1,0.5,0.25,0.1],
		"Dynamic_Range_f_stops": [3.075,0,0,0],
		"Dynamic_Range_dB": [18.51,0,0,0],
		"noise_ISO15739_pct": [0.7674,1.258,2.668,4.801,5.632],
		"snr_ISO15739": [0.3443,0.3682,0.4366,0.5641,0.8569],
		"noise_pct_ISO15739_at_13pct_Lref": [5.184],
		"snr_ISO15739_at_13pct_Lref": [0.699],
		"snr_dB_ISO15739_at_13pct_Lref": [-3.11],
		"DynamicRange_at_density_2": [540],
		"DynamicRange_total": [0],
		"DynamicRange_from_slope_OD": [1.95],
		"DynamicRange_from_slope_EV": [6.474],
		"DynamicRange_from_slope_dB": [39],
		"SNR_BW_dB_RGBY": [8.658,13.61,11.02,15.11],
		"L_noise": [2.529,3.555,4.325,3.676,3.121],
		"a_noise": [7.046,9.171,11.26,9.97,8.61],
		"b_noise": [6.341,8.342,10.82,9.571,8.122],
		"Total_Lab_noise_unwtd": [9.811,12.9,16.2,14.3,12.24],
		"Total_ab_noise_unwtd": [9.479,12.4,15.62,13.82,11.84],
		"R_minus_Y_KK_noise": [0.04526,0.05381,0.06196,0.0588,0.05217],
		"B_minus_Y_KK_noise": [0.04498,0.05568,0.06624,0.05689,0.04944],
		"Y_Kelly_Keelan_noise": [0.02756,0.0355,0.0388,0.03276,0.02863],
		"Total_KK_noise": [0.03885,0.04838,0.05443,0.0482,0.04235],
		"Chroma_KK_noise": [0.02738,0.03287,0.03817,0.03535,0.03122],
		"Total_old_iso_noise": [0.04893,0.06008,0.06829,0.06168,0.05434],
		"Y_noise_from_YUV": [0.02755,0.0355,0.03879,0.03276,0.02862],
		"U_noise_from_YUV": [0.02114,0.02616,0.03112,0.02673,0.02323],