{
	"jsonResults": {
		"dateRun": "13-May-2025 10:27:43",
		"ini_time_size": "13-May-2025 10:25:44 18833B  MD5 = 58599a5cd33629ce506217f1a8f3d8bf",
		"version": "Imatest 24.2.6 Master Color/Tone Auto",
		"build": "2025-03-20",
		"image_file": "sports ball_55.0 mm_1600ISO_-3EV_Dist1_ON_Focused.tiff",
		"ColorSpace": "sRGB",
		"Reference": "Default values",
		"Ref_folder": "/usr/local/Imatest/v24.2/Master/",
		"Gamma": [0.3999],
		"patches_for_gamma_start_end": [1,5],
		"exposure_error_normalized_y_channel": [-0.253],
		"mean_camera_Saturation_Pct": ["_NaN_"],
		"mean_chroma_level_CPIQ_Pct": ["_NaN_"],
		"CPIQ_chroma_quality_loss_JND": ["_NaN_"],
		"CPIQ_exposure_quality_loss_JND": ["_NaN_"],
		"pixel_offset": [0],
		"mean_patch_size_pxls": [201,223],
		"roi_settings": "Recent ROI settings are in roi, nwid_save, nht_save, fillf, and distort (same names as ini file)",
		"roi": [3103,1406,4362,1680,3103,1682,4362,1398],
		"nwid_save": [6024],
		"nht_save": [4020],
		"fillf": [0.8],
		"distort": [0],
		"grayscale_zone": [1,2,3,4,5],
		"grayscale_minus_log_exposure": [2,1.513,1.025,0.5375,0.05],
		"grayscale_Y_reflectivity": [0.01,0.03073,0.09441,0.2901,0.8913],
		"grayscale_Y_Printer_pixel_gamma22": [33.13,55.18,91.91,153.1,255],
		"grayscale_Y_density": [0.5484,0.6717,0.8666,1.184,1.606],
		"grayscale_R_density": [0.5442,0.6701,0.8712,1.165,1.442],
		"grayscale_G_density": [0.5516,0.6734,0.8665,1.192,1.685],
		"grayscale_B_density": [0.5297,0.659,0.854,1.166,1.499],
		"grayscale_Y_mean": [72.13,54.31,34.67,16.68,6.312],
		"grayscale_R_mean": [72.84,54.5,34.31,17.44,9.21],
		"grayscale_G_mean": [71.6,54.09,34.67,16.38,5.271],
		"grayscale_B_mean": [75.32,55.92,35.69,17.41,8.091],
		"White_Bal_error_Degrees": [352.1,238.7,302.3,41.1,-524.9],
		"White_Bal_error_Mired": [-7.906,-5.449,-6.838,-0.9667,13.51],
		"White_Bal_error_S_HSV": [0.04939,0.03267,0.03882,0.06061,0.4276],
		"White_Bal_error_Delta_C_ab": [2.445,1.241,0.7491,0.7303,1.587],
		"White_Bal_error_Delta_C_94": [2.445,1.241,0.7491,0.7303,1.587],
		"White_Bal_error_Delta_C_00": [2.693,1.37,0.7425,0.9684,2.138],
		"n_Patch": [1,2,3,4,5],
		"n_Row": [1,1,1,1,1],
		"n_Column": [1,2,3,4,5],
		"width_pixels": [202,203,202,202,202],
		"height_pixels": [225,225,225,225,225],
		"Pixels_total": [45450,45675,45450,45450,45450],
		"R_reference": [242.4,146.6,86.6,49.01,25.46],
		"G_reference": [242.4,146.6,86.6,49.01,25.46],
		"B_reference": [242.4,146.6,86.6,49.01,25.46],
		"R_input": [72.84,54.5,34.31,17.44,9.21],
		"G_input": [71.6,54.09,34.67,16.38,5.271],
		"B_input": [75.32,55.92,35.69,17.41,8.091],
		"L_reference": [95.63,60.79,36.82,20.33,8.991],
		"a_reference": [0,0,0,0,0],
		"b_reference": [0,0,0,0,0],
		"L_input": [30.65,22.76,13.55,4.941,1.731],
		"a_input": [1.339,0.6046,0.08521,0.5978,1.422],
		"b_input": [-2.045,-1.084,-0.7442,-0.4194,-0.705],
		"x_reference": [0.3127,0.3127,0.3127,0.3127,0.3127],
		"y_reference": [0.329,0.329,0.329,0.329,0.329],
		"Y_reference": [0.8913,0.2901,0.09441,0.03073,0.01],
		"x_input": [0.3084,0.3096,0.3083,0.3132,0.3254],
		"y_input": [0.3181,0.3222,0.3237,0.3206,0.2876],
		"Y_input": [0.06505,0.0373,0.01654,0.00547,0.001916],
		"LUV_comment": "L2 is used to differentiate between the L in LAB and L in LUV.",
		"L2_reference": [805.1,262,85.28,27.75,9.033],
		"U_reference": [0.1978,0.1978,0.1978,0.1978,0.1978],
		"V_reference": [0.4683,0.4683,0.4683,0.4683,0.4683],
		"L2_input": [58.76,33.69,14.94,4.941,1.731],
		"U_input": [0.199,0.1982,0.1967,0.2014,0.2244],
		"V_input": [0.4617,0.4642,0.4648,0.4638,0.4462],
		"patch_numbers_for_all_Delta_E_C": [1,2,3,4,5],
		"Delta_E_all": [65,38.1,23.3,15.4,7.43],
		"Delta_C_all": [2.44,1.24,0.749,0.73,1.59],
		"Delta_E94_all": [65,38.1,23.3,15.4,7.43],
		"Delta_C94_all": [2.44,1.24,0.749,0.73,1.59],
		"Delta_E2000_all": [54.8,34.3,17,9.94,4.85],
		"Delta_C2000_all": [2.69,1.37,0.743,0.968,2.14],
		"Delta_L_all": [-65,-38,-23.3,-15.4,-7.26],
		"Delta_Chroma_all": [2.44,1.24,0.749,0.73,1.59],
		"Delta_Hue_Distance_all": [0,0,0,0,0],
		"Delta_Hue_Degrees_all": [0,0,0,0,0],
		"sat_corr_comment": "sat_corr explained on https://www.imatest.com/docs/colorcheck/#satcorr - not recommended.",
		"Delta_C_all_sat_corr": ["_NaN_","_NaN_","_NaN_","_NaN_","_NaN_"],
		"Delta_C94_all_sat_corr": ["_NaN_","_NaN_","_NaN_","_NaN_","_NaN_"],
		"Delta_C2000_all_sat_corr": ["_NaN_","_NaN_","_NaN_","_NaN_","_NaN_"],
		"grayscale_patch_numbers": [1,2,3,4,5],
		"Delta_E": [65,38.1,23.3,15.4,7.43],
		"Delta_C": [2.44,1.24,0.749,0.73,1.59],
		"Delta_E94": [65,38.1,23.3,15.4,7.43],
		"Delta_C94": [2.44,1.24,0.749,0.73,1.59],
		"Delta_E2000": [54.8,34.3,17,9.94,4.85],
		"Delta_C2000": [2.69,1.37,0.743,0.968,2.14],
		"Delta_L": [-65,-38,-23.3,-15.4,-7.26],
		"Delta_Chroma": [2.44,1.24,0.749,0.73,1.59],
		"Delta_Hue_Distance": [0,0,0,0,0],
		"Delta_Hue_Degrees": [0,0,0,0,0],
		"mean_Delta_E": [29.8],
		"mean_Delta_C": [1.35],
		"mean_Delta_E94": [29.8],
		"mean_Delta_C94": [1.35],
		"mean_Delta_E2000": [24.2],
		"mean_Delta_C2000": [1.58],
		"mean_Delta_L": [-29.8],
		"mean_Delta_Chroma": [1.35],
		"mean_Delta_Hue_Distance": [0],
		"mean_Delta_Hue_Degrees": [0],
		"mean_Delta_C_sat_corr": ["_NaN_"],
		"mean_Delta_C94_sat_corr": ["_NaN_"],
		"mean_Delta_C2000_sat_corr": ["_NaN_"],
		"max_Delta_E": [65],
		"max_Delta_C": [2.44],
		"max_Delta_E94": [65],
		"max_Delta_C94": [2.44],
		"max_Delta_E2000": [54.8],
		"max_Delta_C2000": [2.69],
		"max_Delta_L": [-7.26],
		"max_Delta_Chroma": [2.44],
		"max_Delta_Hue_Distance": [0],
		"max_Delta_Hue_Degrees": [0],
		"max_Delta_C_sat_corr": ["_NaN_"],
		"max_Delta_C94_sat_corr": ["_NaN_"],
		"max_Delta_C2000_sat_corr": ["_NaN_"],
		"mean_RegionSize": [45292.8],
		"Sequence_dark_to_light": [5,4,3,2,1],
		"Patch_number": [5,4,3,2,1],
		"R_noise": [0.03424,0.04305,0.04111,0.03256,0.02854],
		"G_noise": [0.0219,0.02916,0.02278,0.01921,0.01788],
		"B_noise": [0.02855,0.03684,0.03033,0.02482,0.02258],
		"R_SNR_ratio": [1.055,1.589,3.272,6.564,10.01],
		"G_SNR_ratio": [0.944,2.203,5.97,11.04,15.7],
		"B_SNR_ratio": [1.112,1.854,4.615,8.834,13.08],
		"R_SNR_dB": [0.4628,4.02,10.3,16.34,20.01],
		"G_SNR_dB": [-0.5009,6.861,15.52,20.86,23.92],
		"B_SNR_dB": [0.9184,5.36,13.28,18.92,22.33],
		"Gb_noise": [0.01833,0.02359,0.01917,0.01598,0.0147],
		"Gb_SNR_ratio": [1.35,2.773,7.094,13.32,19.25],
		"Gb_SNR_dB": [2.609,8.858,17.02,22.49,25.69],
		"Y_f_stop_SNR_ratio": [2.936,2.837,2.377,1.455,1.37],
		"Y_f_stop_SNR_dB": [9.354,9.058,7.52,3.258,2.733],
		"quality_levels_for_DR": [
				"Low,",
				"Medium,",
				"M-H,",
				"High,"
		],
		"SigNoise_levels_for_DR": [1,0.5,0.25,0.1],
		"Dynamic_Range_f_stops": [0,3.721,0,0],
		"Dynamic_Range_dB": [0,22.4,0,0],
		"noise_ISO15739_pct": [0.2907,0.5063,0.9257,1.817,2.318],
		"snr_ISO15739": [0.659,1.081,1.786,2.053,2.806],
		"noise_pct_ISO15739_at_13pct_Lref": [2.105],
		"snr_ISO15739_at_13pct_Lref": [2.485],
		"snr_dB_ISO15739_at_13pct_Lref": [7.907],
		"DynamicRange_at_density_2": [1634],
		"DynamicRange_total": [191.6],
		"DynamicRange_from_slope_OD": [1.95],
		"DynamicRange_from_slope_EV": [6.474],
		"DynamicRange_from_slope_dB": [39],
		"SNR_BW_dB_RGBY": [16.49,21.08,18.85,22.67],
		"L_noise": [1.422,2.317,2.288,1.825,1.609],
		"a_noise": [3.893,6.319,6.307,5.002,4.345],
		"b_noise": [3.592,5.993,5.933,4.649,4.086],
		"Total_Lab_noise_unwtd": [5.485,9.012,8.957,7.069,6.178],
		"Total_ab_noise_unwtd": [5.297,8.709,8.659,6.829,5.965],
		"R_minus_Y_KK_noise": [0.02961,0.03813,0.03507,0.02802,0.02485],
		"B_minus_Y_KK_noise": [0.02994,0.04095,0.03335,0.02726,0.02505],
		"Y_Kelly_Keelan_noise": [0.01833,0.02359,0.01917,0.01598,0.0147],
		"Total_KK_noise": [0.02568,0.03331,0.02843,0.02324,0.02106],
		"Chroma_KK_noise": [0.01799,0.02352,0.021,0.01687,0.01508],
		"Total_old_iso_noise": [0.03226,0.0419,0.0365,0.02961,0.02667],
		"Y_noise_from_YUV": [0.01833,0.02359,0.01916,0.01598,0.01469],
		"U_noise_from_YUV": [0.01407,0.01924,0.01567,0.01281,0.01177],