{
	"jsonResults": {
		"dateRun": "13-May-2025 10:27:43",
		"ini_time_size": "13-May-2025 10:25:44 18833B  MD5 = 58599a5cd33629ce506217f1a8f3d8bf",
		"version": "Imatest 24.2.6 Master Color/Tone Auto",
		"build": "2025-03-20",
		"image_file": "sports ball_55.0 mm_25600ISO_0EV_Dist1_OFF_Defocus1.tiff",
		"ColorSpace": "sRGB",
		"Reference": "Default values",
		"Ref_folder": "/usr/local/Imatest/v24.2/Master/",
		"Gamma": [0.3565],
		"patches_for_gamma_start_end": [1,5],
		"exposure_error_normalized_y_channel": [-0.0863],
		"mean_camera_Saturation_Pct": ["_NaN_"],
		"mean_chroma_level_CPIQ_Pct": ["_NaN_"],
		"CPIQ_chroma_quality_loss_JND": ["_NaN_"],
		"CPIQ_exposure_quality_loss_JND": ["_NaN_"],
		"pixel_offset": [0],
		"mean_patch_size_pxls": [201,223],
		"roi_settings": "Recent ROI settings are in roi, nwid_save, nht_save, fillf, and distort (same names as ini file)",
		"roi": [3103,1406,4362,1680,3103,1682,4362,1398],
		"nwid_save": [6024],
		"nht_save": [4020],
		"fillf": [0.8],
		"distort": [0],
		"grayscale_zone": [1,2,3,4,5],
		"grayscale_minus_log_exposure": [2,1.513,1.025,0.5375,0.05],
		"grayscale_Y_reflectivity": [0.01,0.03073,0.09441,0.2901,0.8913],
		"grayscale_Y_Printer_pixel_gamma22": [33.13,55.18,91.91,153.1,255],
		"grayscale_Y_density": [0.1999,0.311,0.4848,0.7397,0.9857],
		"grayscale_R_density": [0.2019,0.3155,0.5057,0.7254,0.8669],
		"grayscale_G_density": [0.202,0.3115,0.4807,0.7448,1.036],
		"grayscale_B_density": [0.1744,0.2928,0.4658,0.733,0.9212],
		"grayscale_Y_mean": [160.9,124.6,83.51,46.43,26.35],
		"grayscale_R_mean": [160.2,123.3,79.58,47.98,34.64],
		"grayscale_G_mean": [160.1,124.5,84.31,45.9,23.47],
		"grayscale_B_mean": [170.7,129.9,87.25,47.16,30.57],
		"White_Bal_error_Degrees": [719,535.3,815.4,-99.36,-1016],
		"White_Bal_error_Mired": [-15.32,-11.71,-17.15,2.388,28.5],
		"White_Bal_error_S_HSV": [0.06174,0.05102,0.08793,0.04352,0.3226],
		"White_Bal_error_Delta_C_ab": [5.843,3.212,2.664,1.316,7.678],
		"White_Bal_error_Delta_C_94": [5.843,3.212,2.664,1.316,7.678],
		"White_Bal_error_Delta_C_00": [5.513,3.077,2.803,1.822,8.875],
		"n_Patch": [1,2,3,4,5],
		"n_Row": [1,1,1,1,1],
		"n_Column": [1,2,3,4,5],
		"width_pixels": [202,203,202,202,202],
		"height_pixels": [225,225,225,225,225],
		"Pixels_total": [45450,45675,45450,45450,45450],
		"R_reference": [242.4,146.6,86.6,49.01,25.46],
		"G_reference": [242.4,146.6,86.6,49.01,25.46],
		"B_reference": [242.4,146.6,86.6,49.01,25.46],
		"R_input": [160.2,123.3,79.58,47.98,34.64],
		"G_input": [160.1,124.5,84.31,45.9,23.47],
		"B_input": [170.7,129.9,87.25,47.16,30.57],
		"L_reference": [95.63,60.79,36.82,20.33,8.991],
		"a_reference": [0,0,0,0,0],
		"b_reference": [0,0,0,0,0],
		"L_input": [66.22,52.26,35.53,19.14,9.636],
		"a_input": [2.094,0.6983,-1.217,1.225,7.162],
		"b_input": [-5.455,-3.136,-2.37,-0.481,-2.768],
		"x_reference": [0.3127,0.3127,0.3127,0.3127,0.3127],
		"y_reference": [0.329,0.329,0.329,0.329,0.329],
		"Y_reference": [0.8913,0.2901,0.09441,0.03073,0.01],
		"x_input": [0.3036,0.3053,0.3003,0.3153,0.3322],
		"y_input": [0.3138,0.3189,0.3212,0.3238,0.2895],
		"Y_input": [0.3562,0.2037,0.08768,0.0278,0.01079],
		"LUV_comment": "L2 is used to differentiate between the L in LAB and L in LUV.",
		"L2_reference": [805.1,262,85.28,27.75,9.033],
		"U_reference": [0.1978,0.1978,0.1978,0.1978,0.1978],
		"V_reference": [0.4683,0.4683,0.4683,0.4683,0.4683],
		"L2_input": [321.7,184,79.2,25.12,9.75],
		"U_input": [0.1972,0.1964,0.1921,0.2016,0.2287],
		"V_input": [0.4586,0.4617,0.4623,0.4659,0.4485],
		"patch_numbers_for_all_Delta_E_C": [1,2,3,4,5],
		"Delta_E_all": [30,9.11,2.96,1.77,7.71],
		"Delta_C_all": [5.84,3.21,2.66,1.32,7.68],
		"Delta_E94_all": [30,9.11,2.96,1.77,7.71],
		"Delta_C94_all": [5.84,3.21,2.66,1.32,7.68],
		"Delta_E2000_all": [20.9,8.47,3,2,8.88],
		"Delta_C2000_all": [5.51,3.08,2.8,1.82,8.87],
		"Delta_L_all": [-29.4,-8.53,-1.29,-1.19,0.645],
		"Delta_Chroma_all": [5.84,3.21,2.66,1.32,7.68],
		"Delta_Hue_Distance_all": [0,0,0,0,0],
		"Delta_Hue_Degrees_all": [0,0,0,0,0],
		"sat_corr_comment": "sat_corr explained on https://www.imatest.com/docs/colorcheck/#satcorr - not recommended.",
		"Delta_C_all_sat_corr": ["_NaN_","_NaN_","_NaN_","_NaN_","_NaN_"],
		"Delta_C94_all_sat_corr": ["_NaN_","_NaN_","_NaN_","_NaN_","_NaN_"],
		"Delta_C2000_all_sat_corr": ["_NaN_","_NaN_","_NaN_","_NaN_","_NaN_"],
		"grayscale_patch_numbers": [1,2,3,4,5],
		"Delta_E": [30,9.11,2.96,1.77,7.71],
		"Delta_C": [5.84,3.21,2.66,1.32,7.68],
		"Delta_E94": [30,9.11,2.96,1.77,7.71],
		"Delta_C94": [5.84,3.21,2.66,1.32,7.68],
		"Delta_E2000": [20.9,8.47,3,2,8.88],
		"Delta_C2000": [5.51,3.08,2.8,1.82,8.87],
		"Delta_L": [-29.4,-8.53,-1.29,-1.19,0.645],
		"Delta_Chroma": [5.84,3.21,2.66,1.32,7.68],
		"Delta_Hue_Distance": [0,0,0,0,0],
		"Delta_Hue_Degrees": [0,0,0,0,0],
		"mean_Delta_E": [10.3],
		"mean_Delta_C": [4.14],
		"mean_Delta_E94": [10.3],
		"mean_Delta_C94": [4.14],
		"mean_Delta_E2000": [8.65],
		"mean_Delta_C2000": [4.42],
		"mean_Delta_L": [-7.95],
		"mean_Delta_Chroma": [4.14],
		"mean_Delta_Hue_Distance": [0],
		"mean_Delta_Hue_Degrees": [0],
		"mean_Delta_C_sat_corr": ["_NaN_"],
		"mean_Delta_C94_sat_corr": ["_NaN_"],
		"mean_Delta_C2000_sat_corr": ["_NaN_"],
		"max_Delta_E": [30],
		"max_Delta_C": [7.68],
		"max_Delta_E94": [30],
		"max_Delta_C94": [7.68],
		"max_Delta_E2000": [20.9],
		"max_Delta_C2000": [8.87],
		"max_Delta_L": [0.645],
		"max_Delta_Chroma": [7.68],
		"max_Delta_Hue_Distance": [0],
		"max_Delta_Hue_Degrees": [0],
		"max_Delta_C_sat_corr": ["_NaN_"],
		"max_Delta_C94_sat_corr": ["_NaN_"],
		"max_Delta_C2000_sat_corr": ["_NaN_"],
		"mean_RegionSize": [45292.8],
		"Sequence_dark_to_light": [5,4,3,2,1],
		"Patch_number": [5,4,3,2,1],
		"R_noise": [0.1091,0.1247,0.1188,0.08333,0.07019],
		"G_noise": [0.08652,0.09553,0.0701,0.05515,0.05029],
		"B_noise": [0.09559,0.1075,0.08104,0.06083,0.05329],
		"R_SNR_ratio": [1.245,1.509,2.628,5.804,8.951],
		"G_SNR_ratio": [1.064,1.884,4.717,8.85,12.49],
		"B_SNR_ratio": [1.254,1.721,4.222,8.377,12.56],
		"R_SNR_dB": [1.902,3.571,8.391,15.27,19.04],
		"G_SNR_dB": [0.5366,5.502,13.47,18.94,21.93],
		"B_SNR_dB": [1.968,4.714,12.51,18.46,21.98],
		"Gb_noise": [0.07042,0.0766,0.05902,0.04625,0.04196],
		"Gb_SNR_ratio": [1.468,2.377,5.55,10.57,15.04],
		"Gb_SNR_dB": [3.333,7.521,14.89,20.48,23.55],
		"Y_f_stop_SNR_ratio": [2.095,2.026,1.604,0.9035,0.6903],
		"Y_f_stop_SNR_dB": [6.425,6.133,4.103,-0.8819,-3.219],
		"quality_levels_for_DR": [
				"Low,",
				"Medium,",
				"M-H,",
				"High,"
		],
		"SigNoise_levels_for_DR": [1,0.5,0.25,0.1],
		"Dynamic_Range_f_stops": [4.5,1.7,0,0],
		"Dynamic_Range_dB": [27.09,10.23,0,0],
		"noise_ISO15739_pct": [0.6743,0.9826,1.666,3.059,3.866],
		"snr_ISO15739": [1.601,2.83,5.264,6.661,9.211],
		"noise_pct_ISO15739_at_13pct_Lref": [3.391],
		"snr_ISO15739_at_13pct_Lref": [7.709],
		"snr_dB_ISO15739_at_13pct_Lref": [17.74],
		"DynamicRange_at_density_2": [605.2],
		"DynamicRange_total": [0],
		"DynamicRange_from_slope_OD": [1.95],
		"DynamicRange_from_slope_EV": [6.474],
		"DynamicRange_from_slope_dB": [39],
		"SNR_BW_dB_RGBY": [14.63,18.21,17.36,19.74],
		"L_noise": [7.771,8.117,5.925,4.552,3.981],
		"a_noise": [16.76,18.7,14.84,10.82,9.088],
		"b_noise": [16.53,18.71,13.62,9.896,8.325],
		"Total_Lab_noise_unwtd": [24.79,27.67,21,15.35,12.95],
		"Total_ab_noise_unwtd": [23.54,26.45,20.14,14.66,12.32],
		"R_minus_Y_KK_noise": [0.0987,0.1138,0.1018,0.07146,0.06054],
		"B_minus_Y_KK_noise": [0.1032,0.1203,0.08901,0.067,0.05879],
		"Y_Kelly_Keelan_noise": [0.07042,0.0766,0.05902,0.04625,0.04196],
		"Total_KK_noise": [0.09281,0.1037,0.08409,0.06292,0.05556],
		"Chroma_KK_noise": [0.06046,0.06988,0.0599,0.04266,0.03643],
		"Total_old_iso_noise": [0.1136,0.1283,0.1067,0.07827,0.06826],
		"Y_noise_from_YUV": [0.07041,0.07659,0.05901,0.04625,0.04195],
		"U_noise_from_YUV": [0.04851,0.0565,0.04183,0.03148,0.02763],
		"V_noise_from_YUV": [0.07707,0.08883,0.07948,0.05581,0.04728],