{
	"jsonResults": {
		"dateRun": "13-May-2025 10:27:43",
		"ini_time_size": "13-May-2025 10:25:44 18833B  MD5 = 58599a5cd33629ce506217f1a8f3d8bf",
		"version": "Imatest 24.2.6 Master Color/Tone Auto",
		"build": "2025-03-20",
		"image_file": "sports ball_55.0 mm_6400ISO_-3EV_Dist1_OFF_Defocus2.tiff",
		"ColorSpace": "sRGB",
		"Reference": "Default values",
		"Ref_folder": "/usr/local/Imatest/v24.2/Master/",
		"Gamma": [0.4378],
		"patches_for_gamma_start_end": [1,5],
		"exposure_error_normalized_y_channel": [-0.264],
		"mean_camera_Saturation_Pct": ["_NaN_"],
		"mean_chroma_level_CPIQ_Pct": ["_NaN_"],
		"CPIQ_chroma_quality_loss_JND": ["_NaN_"],
		"CPIQ_exposure_quality_loss_JND": ["_NaN_"],
		"pixel_offset": [0],
		"mean_patch_size_pxls": [201,223],
		"roi_settings": "Recent ROI settings are in roi, nwid_save, nht_save, fillf, and distort (same names as ini file)",
		"roi": [3103,1406,4362,1680,3103,1682,4362,1398],
		"nwid_save": [6024],
		"nht_save": [4020],
		"fillf": [0.8],
		"distort": [0],
		"grayscale_zone": [1,2,3,4,5],
		"grayscale_minus_log_exposure": [2,1.513,1.025,0.5375,0.05],
		"grayscale_Y_reflectivity": [0.01,0.03073,0.09441,0.2901,0.8913],
		"grayscale_Y_Printer_pixel_gamma22": [33.13,55.18,91.91,153.1,255],
		"grayscale_Y_density": [0.6265,0.7569,0.9704,1.241,1.363],
		"grayscale_R_density": [0.628,0.7643,0.9504,1.121,1.18],
		"grayscale_G_density": [0.6272,0.755,0.9772,1.292,1.448],
		"grayscale_B_density": [0.6144,0.7546,0.9642,1.178,1.277],
		"grayscale_Y_mean": [60.27,44.63,27.3,14.63,11.06],
		"grayscale_R_mean": [60.06,43.87,28.58,19.3,16.83],
		"grayscale_G_mean": [60.16,44.83,26.88,13,9.098],
		"grayscale_B_mean": [61.96,44.87,27.69,16.93,13.47],
		"White_Bal_error_Degrees": [282.2,158.9,-174.5,-774.3,-1414],
		"White_Bal_error_Mired": [-6.402,-3.671,4.244,20.81,42.76],
		"White_Bal_error_S_HSV": [0.03075,0.02222,0.05969,0.3261,0.4594],
		"White_Bal_error_Delta_C_ab": [1.19,0.4508,1.063,3.185,3.186],
		"White_Bal_error_Delta_C_94": [1.19,0.4508,1.063,3.185,3.186],
		"White_Bal_error_Delta_C_00": [1.226,0.6363,1.511,4.172,4.218],
		"n_Patch": [1,2,3,4,5],
		"n_Row": [1,1,1,1,1],
		"n_Column": [1,2,3,4,5],
		"width_pixels": [202,203,202,202,202],
		"height_pixels": [225,225,225,225,225],
		"Pixels_total": [45450,45675,45450,45450,45450],
		"R_reference": [242.4,146.6,86.6,49.01,25.46],
		"G_reference": [242.4,146.6,86.6,49.01,25.46],
		"B_reference": [242.4,146.6,86.6,49.01,25.46],
		"R_input": [60.06,43.87,28.58,19.3,16.83],
		"G_input": [60.16,44.83,26.88,13,9.098],
		"B_input": [61.96,44.87,27.69,16.93,13.47],
		"L_reference": [95.63,60.79,36.82,20.33,8.991],
		"a_reference": [0,0,0,0,0],
		"b_reference": [0,0,0,0,0],
		"L_input": [25.44,18.3,9.921,4.243,3.12],
		"a_input": [0.3723,-0.4132,1.027,2.974,3.043],
		"b_input": [-1.13,-0.1802,-0.2745,-1.138,-0.9453],
		"x_reference": [0.3127,0.3127,0.3127,0.3127,0.3127],
		"y_reference": [0.329,0.329,0.329,0.329,0.329],
		"Y_reference": [0.8913,0.2901,0.09441,0.03073,0.01],
		"x_input": [0.3088,0.3099,0.3166,0.3286,0.3383],
		"y_input": [0.3228,0.3288,0.3241,0.2973,0.2902],
		"Y_input": [0.04558,0.02585,0.01116,0.004697,0.003454],
		"LUV_comment": "L2 is used to differentiate between the L in LAB and L in LUV.",
		"L2_reference": [805.1,262,85.28,27.75,9.033],
		"U_reference": [0.1978,0.1978,0.1978,0.1978,0.1978],
		"V_reference": [0.4683,0.4683,0.4683,0.4683,0.4683],
		"L2_input": [41.18,23.35,10.08,4.243,3.12],
		"U_input": [0.1974,0.196,0.2024,0.2224,0.233],
		"V_input": [0.4644,0.4678,0.4662,0.4527,0.4499],
		"patch_numbers_for_all_Delta_E_C": [1,2,3,4,5],
		"Delta_E_all": [70.2,42.5,26.9,16.4,6.68],
		"Delta_C_all": [1.19,0.451,1.06,3.18,3.19],
		"Delta_E94_all": [70.2,42.5,26.9,16.4,6.68],
		"Delta_C94_all": [1.19,0.451,1.06,3.18,3.19],
		"Delta_E2000_all": [61.3,37.1,19.4,11.1,5.51],
		"Delta_C2000_all": [1.23,0.636,1.51,4.17,4.22],
		"Delta_L_all": [-70.2,-42.5,-26.9,-16.1,-5.87],
		"Delta_Chroma_all": [1.19,0.451,1.06,3.18,3.19],
		"Delta_Hue_Distance_all": [0,0,0,0,0],
		"Delta_Hue_Degrees_all": [0,0,0,0,0],
		"sat_corr_comment": "sat_corr explained on https://www.imatest.com/docs/colorcheck/#satcorr - not recommended.",
		"Delta_C_all_sat_corr": ["_NaN_","_NaN_","_NaN_","_NaN_","_NaN_"],
		"Delta_C94_all_sat_corr": ["_NaN_","_NaN_","_NaN_","_NaN_","_NaN_"],
		"Delta_C2000_all_sat_corr": ["_NaN_","_NaN_","_NaN_","_NaN_","_NaN_"],
		"grayscale_patch_numbers": [1,2,3,4,5],
		"Delta_E": [70.2,42.5,26.9,16.4,6.68],
		"Delta_C": [1.19,0.451,1.06,3.18,3.19],
		"Delta_E94": [70.2,42.5,26.9,16.4,6.68],
		"Delta_C94": [1.19,0.451,1.06,3.18,3.19],
		"Delta_E2000": [61.3,37.1,19.4,11.1,5.51],
		"Delta_C2000": [1.23,0.636,1.51,4.17,4.22],
		"Delta_L": [-70.2,-42.5,-26.9,-16.1,-5.87],
		"Delta_Chroma": [1.19,0.451,1.06,3.18,3.19],
		"Delta_Hue_Distance": [0,0,0,0,0],
		"Delta_Hue_Degrees": [0,0,0,0,0],
		"mean_Delta_E": [32.5],
		"mean_Delta_C": [1.81],
		"mean_Delta_E94": [32.5],
		"mean_Delta_C94": [1.81],
		"mean_Delta_E2000": [26.9],
		"mean_Delta_C2000": [2.35],
		"mean_Delta_L": [-32.3],
		"mean_Delta_Chroma": [1.81],
		"mean_Delta_Hue_Distance": [0],
		"mean_Delta_Hue_Degrees": [0],
		"mean_Delta_C_sat_corr": ["_NaN_"],
		"mean_Delta_C94_sat_corr": ["_NaN_"],
		"mean_Delta_C2000_sat_corr": ["_NaN_"],
		"max_Delta_E": [70.2],
		"max_Delta_C": [3.19],
		"max_Delta_E94": [70.2],
		"max_Delta_C94": [3.19],
		"max_Delta_E2000": [61.3],
		"max_Delta_C2000": [4.22],
		"max_Delta_L": [-5.87],
		"max_Delta_Chroma": [3.19],
		"max_Delta_Hue_Distance": [0],
		"max_Delta_Hue_Degrees": [0],
		"max_Delta_C_sat_corr": ["_NaN_"],
		"max_Delta_C94_sat_corr": ["_NaN_"],
		"max_Delta_C2000_sat_corr": ["_NaN_"],
		"mean_RegionSize": [45292.8],
		"Sequence_dark_to_light": [5,4,3,2,1],
		"Patch_number": [5,4,3,2,1],
		"R_noise": [0.05739,0.06125,0.06969,0.07106,0.06387],
		"G_noise": [0.03777,0.04381,0.04843,0.0398,0.03542],
		"B_noise": [0.04643,0.05175,0.05875,0.05357,0.04526],
		"R_SNR_ratio": [1.15,1.236,1.608,2.421,3.688],
		"G_SNR_ratio": [0.9446,1.164,2.176,4.416,6.66],
		"B_SNR_ratio": [1.137,1.283,1.849,3.284,5.369],
		"R_SNR_dB": [1.213,1.837,4.128,7.681,11.33],
		"G_SNR_dB": [-0.4955,1.32,6.755,12.9,16.47],
		"B_SNR_dB": [1.117,2.167,5.337,10.33,14.6],
		"Gb_noise": [0.03165,0.03574,0.039,0.03335,0.03005],
		"Gb_SNR_ratio": [1.37,1.605,2.745,5.248,7.866],
		"Gb_SNR_dB": [2.735,4.108,8.772,14.4,17.92],
		"Y_f_stop_SNR_ratio": [1.26,1.197,0.9314,0.5502,0.2731],
		"Y_f_stop_SNR_dB": [2.011,1.561,-0.6172,-5.189,-11.27],
		"quality_levels_for_DR": [
				"Low,",
				"Medium,",
				"M-H,",
				"High,"
		],
		"SigNoise_levels_for_DR": [1,0.5,0.25,0.1],
		"Dynamic_Range_f_stops": [2.738,0,0,0],
		"Dynamic_Range_dB": [16.48,0,0,0],
		"noise_ISO15739_pct": [1.154,1.554,2.913,5.084,6.131],
		"snr_ISO15739": [0.2994,0.3022,0.3831,0.5084,0.7434],
		"noise_pct_ISO15739_at_13pct_Lref": [5.565],
		"snr_ISO15739_at_13pct_Lref": [0.6163],
		"snr_dB_ISO15739_at_13pct_Lref": [-4.204],
		"DynamicRange_at_density_2": [358.4],
		"DynamicRange_total": [0],
		"DynamicRange_from_slope_OD": [1.95],
		"DynamicRange_from_slope_EV": [6.474],
		"DynamicRange_from_slope_dB": [39],
		"SNR_BW_dB_RGBY": [8.024,13.06,10.48,14.6],
		"L_noise": [3.086,3.594,4.332,3.746,3.289],
		"a_noise": [8.11,9.297,11.27,10.28,8.834],
		"b_noise": [7.062,8.458,10.65,9.764,8.168],
		"Total_Lab_noise_unwtd": [11.19,13.07,16.1,14.67,12.47],
		"Total_ab_noise_unwtd": [10.75,12.57,15.51,14.18,12.03],
		"R_minus_Y_KK_noise": [0.04968,0.05455,0.06243,0.06094,0.05422],
		"B_minus_Y_KK_noise": [0.0485,0.05615,0.06549,0.05818,0.04946],
		"Y_Kelly_Keelan_noise": [0.03165,0.03574,0.039,0.03335,0.03005],
		"Total_KK_noise": [0.04355,0.04884,0.05464,0.04946,0.04403],
		"Chroma_KK_noise": [0.02993,0.03328,0.03827,0.03652,0.03218],
		"Total_old_iso_noise": [0.05438,0.06071,0.06857,0.06348,0.05635],
		"Y_noise_from_YUV": [0.03164,0.03574,0.03899,0.03335,0.03004],
		"U_noise_from_YUV": [0.02279,0.02638,0.03077,0.02733,0.02324],