{
	"jsonResults": {
		"dateRun": "13-May-2025 10:27:43",
		"ini_time_size": "13-May-2025 10:25:44 18833B  MD5 = 58599a5cd33629ce506217f1a8f3d8bf",
		"version": "Imatest 24.2.6 Master Color/Tone Auto",
		"build": "2025-03-20",
		"image_file": "sports ball_55.0 mm_25600ISO_-1EV_Dist1_OFF_Defocus1.tiff",
		"ColorSpace": "sRGB",
		"Reference": "Default values",
		"Ref_folder": "/usr/local/Imatest/v24.2/Master/",
		"Gamma": [0.3988],
		"patches_for_gamma_start_end": [1,5],
		"exposure_error_normalized_y_channel": [-0.193],
		"mean_camera_Saturation_Pct": ["_NaN_"],
		"mean_chroma_level_CPIQ_Pct": ["_NaN_"],
		"CPIQ_chroma_quality_loss_JND": ["_NaN_"],
		"CPIQ_exposure_quality_loss_JND": ["_NaN_"],
		"pixel_offset": [0],
		"mean_patch_size_pxls": [201,223],
		"roi_settings": "Recent ROI settings are in roi, nwid_save, nht_save, fillf, and distort (same names as ini file)",
		"roi": [3103,1406,4362,1680,3103,1682,4362,1398],
		"nwid_save": [6024],
		"nht_save": [4020],
		"fillf": [0.8],
		"distort": [0],
		"grayscale_zone": [1,2,3,4,5],
		"grayscale_minus_log_exposure": [2,1.513,1.025,0.5375,0.05],
		"grayscale_Y_reflectivity": [0.01,0.03073,0.09441,0.2901,0.8913],
		"grayscale_Y_Printer_pixel_gamma22": [33.13,55.18,91.91,153.1,255],
		"grayscale_Y_density": [0.3421,0.4627,0.6571,0.9033,1.079],
		"grayscale_R_density": [0.3523,0.4895,0.6763,0.8375,0.9209],
		"grayscale_G_density": [0.3429,0.458,0.6548,0.932,1.153],
		"grayscale_B_density": [0.3055,0.4336,0.6259,0.8416,0.979],
		"grayscale_Y_mean": [116,87.87,56.16,31.86,21.27],
		"grayscale_R_mean": [113.3,82.6,53.73,37.07,30.6],
		"grayscale_G_mean": [115.8,88.82,56.46,29.82,17.94],
		"grayscale_B_mean": [126.2,93.96,60.34,36.72,26.76],
		"White_Bal_error_Degrees": [1229,1229,1067,151.1,-1190],
		"White_Bal_error_Mired": [-24.47,-24.47,-21.7,-3.495,34.48],
		"White_Bal_error_S_HSV": [0.1022,0.1208,0.1095,0.1956,0.4136],
		"White_Bal_error_Delta_C_ab": [6.178,4.014,2.825,6.126,9.082],
		"White_Bal_error_Delta_C_94": [6.178,4.014,2.825,6.126,9.082],
		"White_Bal_error_Delta_C_00": [5.551,3.885,2.666,7.049,10.06],
		"n_Patch": [1,2,3,4,5],
		"n_Row": [1,1,1,1,1],
		"n_Column": [1,2,3,4,5],
		"width_pixels": [202,203,202,202,202],
		"height_pixels": [225,225,225,225,225],
		"Pixels_total": [45450,45675,45450,45450,45450],
		"R_reference": [242.4,146.6,86.6,49.01,25.46],
		"G_reference": [242.4,146.6,86.6,49.01,25.46],
		"B_reference": [242.4,146.6,86.6,49.01,25.46],
		"R_input": [113.3,82.6,53.73,37.07,30.6],
		"G_input": [115.8,88.82,56.46,29.82,17.94],
		"B_input": [126.2,93.96,60.34,36.72,26.76],
		"L_reference": [95.63,60.79,36.82,20.33,8.991],
		"a_reference": [0,0,0,0,0],
		"b_reference": [0,0,0,0,0],
		"L_input": [48.86,37.38,23.6,12.26,7.171],
		"a_input": [1.284,-1.268,-0.222,5.113,8.334],
		"b_input": [-6.044,-3.808,-2.816,-3.374,-3.61],
		"x_reference": [0.3127,0.3127,0.3127,0.3127,0.3127],
		"y_reference": [0.329,0.329,0.329,0.329,0.329],
		"Y_reference": [0.8913,0.2901,0.09441,0.03073,0.01],
		"x_input": [0.2975,0.2954,0.2981,0.3157,0.3343],
		"y_input": [0.3088,0.316,0.3149,0.2936,0.2754],
		"Y_input": [0.1748,0.09743,0.0398,0.01446,0.007939],
		"LUV_comment": "L2 is used to differentiate between the L in LAB and L in LUV.",
		"L2_reference": [805.1,262,85.28,27.75,9.033],
		"U_reference": [0.1978,0.1978,0.1978,0.1978,0.1978],
		"V_reference": [0.4683,0.4683,0.4683,0.4683,0.4683],
		"L2_input": [157.9,88.01,35.95,13.06,7.171],
		"U_input": [0.1948,0.1906,0.1929,0.2143,0.2372],
		"V_input": [0.4548,0.4586,0.4584,0.4485,0.4398],
		"patch_numbers_for_all_Delta_E_C": [1,2,3,4,5],
		"Delta_E_all": [47.2,23.8,13.5,10.1,9.26],
		"Delta_C_all": [6.18,4.01,2.82,6.13,9.08],
		"Delta_E94_all": [47.2,23.8,13.5,10.1,9.26],
		"Delta_C94_all": [6.18,4.01,2.82,6.13,9.08],
		"Delta_E2000_all": [35.7,23.7,10.6,8.87,10.1],
		"Delta_C2000_all": [5.55,3.88,2.67,7.05,10.1],
		"Delta_L_all": [-46.8,-23.4,-13.2,-8.07,-1.82],
		"Delta_Chroma_all": [6.18,4.01,2.82,6.13,9.08],
		"Delta_Hue_Distance_all": [0,0,0,0,0],
		"Delta_Hue_Degrees_all": [0,0,0,0,0],
		"sat_corr_comment": "sat_corr explained on https://www.imatest.com/docs/colorcheck/#satcorr - not recommended.",
		"Delta_C_all_sat_corr": ["_NaN_","_NaN_","_NaN_","_NaN_","_NaN_"],
		"Delta_C94_all_sat_corr": ["_NaN_","_NaN_","_NaN_","_NaN_","_NaN_"],
		"Delta_C2000_all_sat_corr": ["_NaN_","_NaN_","_NaN_","_NaN_","_NaN_"],
		"grayscale_patch_numbers": [1,2,3,4,5],
		"Delta_E": [47.2,23.8,13.5,10.1,9.26],
		"Delta_C": [6.18,4.01,2.82,6.13,9.08],
		"Delta_E94": [47.2,23.8,13.5,10.1,9.26],
		"Delta_C94": [6.18,4.01,2.82,6.13,9.08],
		"Delta_E2000": [35.7,23.7,10.6,8.87,10.1],
		"Delta_C2000": [5.55,3.88,2.67,7.05,10.1],
		"Delta_L": [-46.8,-23.4,-13.2,-8.07,-1.82],
		"Delta_Chroma": [6.18,4.01,2.82,6.13,9.08],
		"Delta_Hue_Distance": [0,0,0,0,0],
		"Delta_Hue_Degrees": [0,0,0,0,0],
		"mean_Delta_E": [20.8],
		"mean_Delta_C": [5.65],
		"mean_Delta_E94": [20.8],
		"mean_Delta_C94": [5.65],
		"mean_Delta_E2000": [17.8],
		"mean_Delta_C2000": [5.84],
		"mean_Delta_L": [-18.7],
		"mean_Delta_Chroma": [5.65],
		"mean_Delta_Hue_Distance": [0],
		"mean_Delta_Hue_Degrees": [0],
		"mean_Delta_C_sat_corr": ["_NaN_"],
		"mean_Delta_C94_sat_corr": ["_NaN_"],
		"mean_Delta_C2000_sat_corr": ["_NaN_"],
		"max_Delta_E": [47.2],
		"max_Delta_C": [9.08],
		"max_Delta_E94": [47.2],
		"max_Delta_C94": [9.08],
		"max_Delta_E2000": [35.7],
		"max_Delta_C2000": [10.1],
		"max_Delta_L": [-1.82],
		"max_Delta_Chroma": [9.08],
		"max_Delta_Hue_Distance": [0],
		"max_Delta_Hue_Degrees": [0],
		"max_Delta_C_sat_corr": ["_NaN_"],
		"max_Delta_C94_sat_corr": ["_NaN_"],
		"max_Delta_C2000_sat_corr": ["_NaN_"],
		"mean_RegionSize": [45292.8],
		"Sequence_dark_to_light": [5,4,3,2,1],
		"Patch_number": [5,4,3,2,1],
		"R_noise": [0.1022,0.1129,0.1263,0.116,0.08919],
		"G_noise": [0.07775,0.0914,0.08963,0.06736,0.05723],
		"B_noise": [0.09088,0.1021,0.1012,0.07711,0.06211],
		"R_SNR_ratio": [1.174,1.288,1.668,2.792,4.982],
		"G_SNR_ratio": [0.905,1.28,2.47,5.171,7.934],
		"B_SNR_ratio": [1.155,1.411,2.339,4.779,7.968],
		"R_SNR_dB": [1.396,2.196,4.445,8.918,13.95],
		"G_SNR_dB": [-0.8674,2.141,7.855,14.27,17.99],
		"B_SNR_dB": [1.249,2.992,7.379,13.59,18.03],
		"Gb_noise": [0.06389,0.07329,0.07342,0.05763,0.04822],
		"Gb_SNR_ratio": [1.305,1.705,3,5.979,9.435],
		"Gb_SNR_dB": [2.314,4.633,9.542,15.53,19.49],
		"Y_f_stop_SNR_ratio": [1.413,1.257,0.9235,0.5764,0.4014],
		"Y_f_stop_SNR_dB": [3.002,1.988,-0.6909,-4.786,-7.927],
		"quality_levels_for_DR": [
				"Low,",
				"Medium,",
				"M-H,",
				"High,"
		],
		"SigNoise_levels_for_DR": [1,0.5,0.25,0.1],
		"Dynamic_Range_f_stops": [2.772,0,0,0],
		"Dynamic_Range_dB": [16.69,0,0,0],
		"noise_ISO15739_pct": [0.9938,1.452,2.834,4.8,5.438],
		"snr_ISO15739": [0.7988,0.996,1.404,2.03,3.215],
		"noise_pct_ISO15739_at_13pct_Lref": [5.093],
		"snr_ISO15739_at_13pct_Lref": [2.574],
		"snr_dB_ISO15739_at_13pct_Lref": [8.213],
		"DynamicRange_at_density_2": [423],
		"DynamicRange_total": [135.3],
		"DynamicRange_from_slope_OD": [1.95],
		"DynamicRange_from_slope_EV": [6.474],
		"DynamicRange_from_slope_dB": [39],
		"SNR_BW_dB_RGBY": [9.079,13.8,12.63,15.16],
		"L_noise": [7.105,7.99,7.633,5.763,4.761],
		"a_noise": [15.55,17.85,17.64,14.03,11.35],
		"b_noise": [15.7,18.11,17.54,12.95,10.41],
		"Total_Lab_noise_unwtd": [23.21,26.65,26.02,19.94,16.12],
		"Total_ab_noise_unwtd": [22.1,25.42,24.88,19.09,15.4],
		"R_minus_Y_KK_noise": [0.09069,0.1036,0.1112,0.09776,0.07578],
		"B_minus_Y_KK_noise": [0.09745,0.1137,0.1129,0.08479,0.06994],
		"Y_Kelly_Keelan_noise": [0.06389,0.07329,0.07342,0.05763,0.04822],
		"Total_KK_noise": [0.08493,0.09748,0.09982,0.08137,0.06601],
		"Chroma_KK_noise": [0.05595,0.06427,0.06763,0.05744,0.04508],
		"Total_old_iso_noise": [0.1042,0.1196,0.1239,0.1029,0.08236],
		"Y_noise_from_YUV": [0.06389,0.07328,0.07341,0.05763,0.04821],
		"U_noise_from_YUV": [0.04579,0.05343,0.05306,0.03984,0.03286],