{
	"jsonResults": {
		"dateRun": "13-May-2025 10:27:43",
		"ini_time_size": "13-May-2025 10:25:44 18833B  MD5 = 58599a5cd33629ce506217f1a8f3d8bf",
		"version": "Imatest 24.2.6 Master Color/Tone Auto",
		"build": "2025-03-20",
		"image_file": "sports ball_55.0 mm_25600ISO_-2EV_Dist1_ON_Defocus2.tiff",
		"ColorSpace": "sRGB",
		"Reference": "Default values",
		"Ref_folder": "/usr/local/Imatest/v24.2/Master/",
		"Gamma": [0.3967],
		"patches_for_gamma_start_end": [1,5],
		"exposure_error_normalized_y_channel": [-0.246],
		"mean_camera_Saturation_Pct": ["_NaN_"],
		"mean_chroma_level_CPIQ_Pct": ["_NaN_"],
		"CPIQ_chroma_quality_loss_JND": ["_NaN_"],
		"CPIQ_exposure_quality_loss_JND": ["_NaN_"],
		"pixel_offset": [0],
		"mean_patch_size_pxls": [201,223],
		"roi_settings": "Recent ROI settings are in roi, nwid_save, nht_save, fillf, and distort (same names as ini file)",
		"roi": [3103,1406,4362,1680,3103,1682,4362,1398],
		"nwid_save": [6024],
		"nht_save": [4020],
		"fillf": [0.8],
		"distort": [0],
		"grayscale_zone": [1,2,3,4,5],
		"grayscale_minus_log_exposure": [2,1.513,1.025,0.5375,0.05],
		"grayscale_Y_reflectivity": [0.01,0.03073,0.09441,0.2901,0.8913],
		"grayscale_Y_Printer_pixel_gamma22": [33.13,55.18,91.91,153.1,255],
		"grayscale_Y_density": [0.5004,0.6316,0.825,1.007,1.084],
		"grayscale_R_density": [0.5056,0.6407,0.7759,0.8562,0.9076],
		"grayscale_G_density": [0.502,0.6305,0.8436,1.073,1.168],
		"grayscale_B_density": [0.4711,0.6165,0.799,0.9368,0.9871],
		"grayscale_Y_mean": [80.56,59.55,38.15,25.11,21],
		"grayscale_R_mean": [79.6,58.32,42.72,35.51,31.55],
		"grayscale_G_mean": [80.27,59.71,36.55,21.58,17.34],
		"grayscale_B_mean": [86.18,61.66,40.51,29.49,26.27],
		"White_Bal_error_Degrees": [829.7,478.4,-340.9,-1690,-1765],
		"White_Bal_error_Mired": [-17.42,-10.55,8.515,54.05,57.34],
		"White_Bal_error_S_HSV": [0.07628,0.05417,0.1443,0.3923,0.4504],
		"White_Bal_error_Delta_C_ab": [3.709,1.421,4.093,9.129,9.679],
		"White_Bal_error_Delta_C_94": [3.709,1.421,4.093,9.129,9.679],
		"White_Bal_error_Delta_C_00": [3.578,1.384,5.198,10.26,10.66],
		"n_Patch": [1,2,3,4,5],
		"n_Row": [1,1,1,1,1],
		"n_Column": [1,2,3,4,5],
		"width_pixels": [202,203,202,202,202],
		"height_pixels": [225,225,225,225,225],
		"Pixels_total": [45450,45675,45450,45450,45450],
		"R_reference": [242.4,146.6,86.6,49.01,25.46],
		"G_reference": [242.4,146.6,86.6,49.01,25.46],
		"B_reference": [242.4,146.6,86.6,49.01,25.46],
		"R_input": [79.6,58.32,42.72,35.51,31.55],
		"G_input": [80.27,59.71,36.55,21.58,17.34],
		"B_input": [86.18,61.66,40.51,29.49,26.27],
		"L_reference": [95.63,60.79,36.82,20.33,8.991],
		"a_reference": [0,0,0,0,0],
		"b_reference": [0,0,0,0,0],
		"L_input": [34.27,25.12,15.28,9.118,7.111],
		"a_input": [1.053,-0.1313,3.783,8.716,9.098],
		"b_input": [-3.557,-1.415,-1.562,-2.713,-3.305],
		"x_reference": [0.3127,0.3127,0.3127,0.3127,0.3127],
		"y_reference": [0.329,0.329,0.329,0.329,0.329],
		"Y_reference": [0.8913,0.2901,0.09441,0.03073,0.01],
		"x_input": [0.3021,0.3056,0.3208,0.342,0.3419],
		"y_input": [0.3132,0.3222,0.3107,0.2853,0.2755],
		"Y_input": [0.0814,0.04454,0.0196,0.01015,0.007872],
		"LUV_comment": "L2 is used to differentiate between the L in LAB and L in LUV.",
		"L2_reference": [805.1,262,85.28,27.75,9.033],
		"U_reference": [0.1978,0.1978,0.1978,0.1978,0.1978],
		"V_reference": [0.4683,0.4683,0.4683,0.4683,0.4683],
		"L2_input": [73.53,40.24,17.7,9.171,7.111],
		"U_input": [0.1963,0.1954,0.2109,0.2384,0.2432],
		"V_input": [0.458,0.4636,0.4594,0.4474,0.441],
		"patch_numbers_for_all_Delta_E_C": [1,2,3,4,5],
		"Delta_E_all": [61.5,35.7,21.9,14.5,9.86],
		"Delta_C_all": [3.71,1.42,4.09,9.13,9.68],
		"Delta_E94_all": [61.5,35.7,21.9,14.5,9.86],
		"Delta_C94_all": [3.71,1.42,4.09,9.13,9.68],
		"Delta_E2000_all": [50.6,32.8,16.7,12.6,10.7],
		"Delta_C2000_all": [3.58,1.38,5.2,10.3,10.7],
		"Delta_L_all": [-61.4,-35.7,-21.5,-11.2,-1.88],
		"Delta_Chroma_all": [3.71,1.42,4.09,9.13,9.68],
		"Delta_Hue_Distance_all": [0,0,0,0,0],
		"Delta_Hue_Degrees_all": [0,0,0,0,0],
		"sat_corr_comment": "sat_corr explained on https://www.imatest.com/docs/colorcheck/#satcorr - not recommended.",
		"Delta_C_all_sat_corr": ["_NaN_","_NaN_","_NaN_","_NaN_","_NaN_"],
		"Delta_C94_all_sat_corr": ["_NaN_","_NaN_","_NaN_","_NaN_","_NaN_"],
		"Delta_C2000_all_sat_corr": ["_NaN_","_NaN_","_NaN_","_NaN_","_NaN_"],
		"grayscale_patch_numbers": [1,2,3,4,5],
		"Delta_E": [61.5,35.7,21.9,14.5,9.86],
		"Delta_C": [3.71,1.42,4.09,9.13,9.68],
		"Delta_E94": [61.5,35.7,21.9,14.5,9.86],
		"Delta_C94": [3.71,1.42,4.09,9.13,9.68],
		"Delta_E2000": [50.6,32.8,16.7,12.6,10.7],
		"Delta_C2000": [3.58,1.38,5.2,10.3,10.7],
		"Delta_L": [-61.4,-35.7,-21.5,-11.2,-1.88],
		"Delta_Chroma": [3.71,1.42,4.09,9.13,9.68],
		"Delta_Hue_Distance": [0,0,0,0,0],
		"Delta_Hue_Degrees": [0,0,0,0,0],
		"mean_Delta_E": [28.7],
		"mean_Delta_C": [5.61],
		"mean_Delta_E94": [28.7],
		"mean_Delta_C94": [5.61],
		"mean_Delta_E2000": [24.7],
		"mean_Delta_C2000": [6.22],
		"mean_Delta_L": [-26.3],
		"mean_Delta_Chroma": [5.61],
		"mean_Delta_Hue_Distance": [0],
		"mean_Delta_Hue_Degrees": [0],
		"mean_Delta_C_sat_corr": ["_NaN_"],
		"mean_Delta_C94_sat_corr": ["_NaN_"],
		"mean_Delta_C2000_sat_corr": ["_NaN_"],
		"max_Delta_E": [61.5],
		"max_Delta_C": [9.68],
		"max_Delta_E94": [61.5],
		"max_Delta_C94": [9.68],
		"max_Delta_E2000": [50.6],
		"max_Delta_C2000": [10.7],
		"max_Delta_L": [-1.88],
		"max_Delta_Chroma": [9.68],
		"max_Delta_Hue_Distance": [0],
		"max_Delta_Hue_Degrees": [0],
		"max_Delta_C_sat_corr": ["_NaN_"],
		"max_Delta_C94_sat_corr": ["_NaN_"],
		"max_Delta_C2000_sat_corr": ["_NaN_"],
		"mean_RegionSize": [45292.8],
		"Sequence_dark_to_light": [5,4,3,2,1],
		"Patch_number": [5,4,3,2,1],
		"R_noise": [0.1033,0.1099,0.1205,0.1282,0.1182],
		"G_noise": [0.07633,0.0831,0.09453,0.08813,0.07344],
		"B_noise": [0.08953,0.09381,0.1051,0.1024,0.08218],
		"R_SNR_ratio": [1.198,1.267,1.39,1.783,2.642],
		"G_SNR_ratio": [0.8908,1.018,1.516,2.657,4.286],
		"B_SNR_ratio": [1.151,1.233,1.511,2.361,4.112],
		"R_SNR_dB": [1.57,2.058,2.862,5.025,8.439],
		"G_SNR_dB": [-1.004,0.1571,3.617,8.487,12.64],
		"B_SNR_dB": [1.218,1.819,3.588,7.462,12.28],
		"Gb_noise": [0.06244,0.0675,0.07603,0.07173,0.06123],
		"Gb_SNR_ratio": [1.319,1.459,1.968,3.256,5.159],
		"Gb_SNR_dB": [2.405,3.28,5.88,10.25,14.25],
		"Y_f_stop_SNR_ratio": [0.8304,0.7157,0.5485,0.3076,0.1592],
		"Y_f_stop_SNR_dB": [-1.614,-2.905,-5.217,-10.24,-15.96],
		"quality_levels_for_DR": [
				"Low,",
				"Medium,",
				"M-H,",
				"High,"
		],
		"SigNoise_levels_for_DR": [1,0.5,0.25,0.1],
		"Dynamic_Range_f_stops": [0,0,0,0],
		"Dynamic_Range_dB": [0,0,0,0],
		"noise_ISO15739_pct": [1.864,2.356,4.328,7.713,8.429],
		"snr_ISO15739": [0.4223,0.4309,0.4529,0.5775,0.9657],
		"noise_pct_ISO15739_at_13pct_Lref": [8.121],
		"snr_ISO15739_at_13pct_Lref": [0.7988],
		"snr_dB_ISO15739_at_13pct_Lref": [-1.951],
		"DynamicRange_at_density_2": [254.1],
		"DynamicRange_total": [0],
		"DynamicRange_from_slope_OD": [1.95],
		"DynamicRange_from_slope_EV": [6.474],
		"DynamicRange_from_slope_dB": [39],
		"SNR_BW_dB_RGBY": [4.586,7.844,6.539,9.633],
		"L_noise": [6.956,7.471,8.2,7.387,6.149],
		"a_noise": [15.63,16.71,18.35,17.83,15.16],
		"b_noise": [15.39,16.33,18.71,17.4,13.75],
		"Total_Lab_noise_unwtd": [23.02,24.53,27.46,25.99,21.37],
		"Total_ab_noise_unwtd": [21.94,23.36,26.21,24.91,20.46],
		"R_minus_Y_KK_noise": [0.09237,0.09923,0.1095,0.1141,0.1024],
		"B_minus_Y_KK_noise": [0.09566,0.1016,0.1184,0.1129,0.08988],
		"Y_Kelly_Keelan_noise": [0.06244,0.0675,0.07603,0.07173,0.06123],
		"Total_KK_noise": [0.08417,0.09062,0.1018,0.09948,0.08595],
		"Chroma_KK_noise": [0.05644,0.06046,0.06769,0.06893,0.06032],
		"Total_old_iso_noise": [0.104,0.1118,0.1253,0.1245,0.1084],
		"Y_noise_from_YUV": [0.06243,0.06749,0.07602,0.07172,0.06123],
		"U_noise_from_YUV": [0.04495,0.04774,0.05564,0.05306,0.04223],