{
	"jsonResults": {
		"dateRun": "13-May-2025 10:27:43",
		"ini_time_size": "13-May-2025 10:25:44 18833B  MD5 = 58599a5cd33629ce506217f1a8f3d8bf",
		"version": "Imatest 24.2.6 Master Color/Tone Auto",
		"build": "2025-03-20",
		"image_file": "sports ball_55.0 mm_100ISO_-1EV_Dist1_ON_Focused.tiff",
		"ColorSpace": "sRGB",
		"Reference": "Default values",
		"Ref_folder": "/usr/local/Imatest/v24.2/Master/",
		"Gamma": [0.3542],
		"patches_for_gamma_start_end": [1,5],
		"exposure_error_normalized_y_channel": [-0.193],
		"mean_camera_Saturation_Pct": ["_NaN_"],
		"mean_chroma_level_CPIQ_Pct": ["_NaN_"],
		"CPIQ_chroma_quality_loss_JND": ["_NaN_"],
		"CPIQ_exposure_quality_loss_JND": ["_NaN_"],
		"pixel_offset": [0],
		"mean_patch_size_pxls": [201,223],
		"roi_settings": "Recent ROI settings are in roi, nwid_save, nht_save, fillf, and distort (same names as ini file)",
		"roi": [3103,1406,4362,1680,3103,1682,4362,1398],
		"nwid_save": [6024],
		"nht_save": [4020],
		"fillf": [0.8],
		"distort": [0],
		"grayscale_zone": [1,2,3,4,5],
		"grayscale_minus_log_exposure": [2,1.513,1.025,0.5375,0.05],
		"grayscale_Y_reflectivity": [0.01,0.03073,0.09441,0.2901,0.8913],
		"grayscale_Y_Printer_pixel_gamma22": [33.13,55.18,91.91,153.1,255],
		"grayscale_Y_density": [0.3473,0.4624,0.635,0.8829,1.284],
		"grayscale_R_density": [0.3483,0.464,0.6356,0.8792,1.274],
		"grayscale_G_density": [0.3482,0.4624,0.6356,0.8849,1.289],
		"grayscale_B_density": [0.336,0.4574,0.6275,0.8742,1.269],
		"grayscale_Y_mean": [114.6,87.93,59.09,33.39,13.26],
		"grayscale_R_mean": [114.4,87.6,59.01,33.68,13.58],
		"grayscale_G_mean": [114.4,87.93,59.01,33.24,13.12],
		"grayscale_B_mean": [117.6,88.94,60.12,34.07,13.73],
		"White_Bal_error_Degrees": [284.1,138.3,167,104,83.46],
		"White_Bal_error_Mired": [-6.443,-3.206,-3.854,-2.423,-1.95],
		"White_Bal_error_S_HSV": [0.02799,0.01507,0.01856,0.02443,0.04421],
		"White_Bal_error_Delta_C_ab": [1.934,0.6432,0.739,0.6417,0.335],
		"White_Bal_error_Delta_C_94": [1.934,0.6432,0.739,0.6417,0.335],
		"White_Bal_error_Delta_C_00": [1.981,0.6411,0.7785,0.7769,0.4297],
		"n_Patch": [1,2,3,4,5],
		"n_Row": [1,1,1,1,1],
		"n_Column": [1,2,3,4,5],
		"width_pixels": [202,203,202,202,202],
		"height_pixels": [225,225,225,225,225],
		"Pixels_total": [45450,45675,45450,45450,45450],
		"R_reference": [242.4,146.6,86.6,49.01,25.46],
		"G_reference": [242.4,146.6,86.6,49.01,25.46],
		"B_reference": [242.4,146.6,86.6,49.01,25.46],
		"R_input": [114.4,87.6,59.01,33.68,13.58],
		"G_input": [114.4,87.93,59.01,33.24,13.12],
		"B_input": [117.6,88.94,60.12,34.07,13.73],
		"L_reference": [95.63,60.79,36.82,20.33,8.991],
		"a_reference": [0,0,0,0,0],
		"b_reference": [0,0,0,0,0],
		"L_input": [48.28,37.38,24.91,12.93,3.722],
		"a_input": [0.6675,0.08701,0.2556,0.4133,0.2466],
		"b_input": [-1.816,-0.6373,-0.6934,-0.4909,-0.2267],
		"x_reference": [0.3127,0.3127,0.3127,0.3127,0.3127],
		"y_reference": [0.329,0.329,0.329,0.329,0.329],
		"Y_reference": [0.8913,0.2901,0.09441,0.03073,0.01],
		"x_input": [0.3088,0.3106,0.3104,0.3116,0.3121],
		"y_input": [0.3225,0.3265,0.3251,0.3246,0.3234],
		"Y_input": [0.1702,0.09744,0.04386,0.01551,0.00412],
		"LUV_comment": "L2 is used to differentiate between the L in LAB and L in LUV.",
		"L2_reference": [805.1,262,85.28,27.75,9.033],
		"U_reference": [0.1978,0.1978,0.1978,0.1978,0.1978],
		"V_reference": [0.4683,0.4683,0.4683,0.4683,0.4683],
		"L2_input": [153.7,88.01,39.62,14.01,3.722],
		"U_input": [0.1975,0.1974,0.1977,0.1987,0.1995],
		"V_input": [0.4642,0.4667,0.4659,0.4658,0.4652],
		"patch_numbers_for_all_Delta_E_C": [1,2,3,4,5],
		"Delta_E_all": [47.4,23.4,11.9,7.43,5.28],
		"Delta_C_all": [1.93,0.643,0.739,0.642,0.335],
		"Delta_E94_all": [47.4,23.4,11.9,7.43,5.28],
		"Delta_C94_all": [1.93,0.643,0.739,0.642,0.335],
		"Delta_E2000_all": [35.9,23.4,9.34,5.01,3.22],
		"Delta_C2000_all": [1.98,0.641,0.778,0.777,0.43],
		"Delta_L_all": [-47.3,-23.4,-11.9,-7.4,-5.27],
		"Delta_Chroma_all": [1.93,0.643,0.739,0.642,0.335],
		"Delta_Hue_Distance_all": [0,0,0,0,0],
		"Delta_Hue_Degrees_all": [0,0,0,0,0],
		"sat_corr_comment": "sat_corr explained on https://www.imatest.com/docs/colorcheck/#satcorr - not recommended.",
		"Delta_C_all_sat_corr": ["_NaN_","_NaN_","_NaN_","_NaN_","_NaN_"],
		"Delta_C94_all_sat_corr": ["_NaN_","_NaN_","_NaN_","_NaN_","_NaN_"],
		"Delta_C2000_all_sat_corr": ["_NaN_","_NaN_","_NaN_","_NaN_","_NaN_"],
		"grayscale_patch_numbers": [1,2,3,4,5],
		"Delta_E": [47.4,23.4,11.9,7.43,5.28],
		"Delta_C": [1.93,0.643,0.739,0.642,0.335],
		"Delta_E94": [47.4,23.4,11.9,7.43,5.28],
		"Delta_C94": [1.93,0.643,0.739,0.642,0.335],
		"Delta_E2000": [35.9,23.4,9.34,5.01,3.22],
		"Delta_C2000": [1.98,0.641,0.778,0.777,0.43],
		"Delta_L": [-47.3,-23.4,-11.9,-7.4,-5.27],
		"Delta_Chroma": [1.93,0.643,0.739,0.642,0.335],
		"Delta_Hue_Distance": [0,0,0,0,0],
		"Delta_Hue_Degrees": [0,0,0,0,0],
		"mean_Delta_E": [19.1],
		"mean_Delta_C": [0.859],
		"mean_Delta_E94": [19.1],
		"mean_Delta_C94": [0.859],
		"mean_Delta_E2000": [15.4],
		"mean_Delta_C2000": [0.921],
		"mean_Delta_L": [-19.1],
		"mean_Delta_Chroma": [0.859],
		"mean_Delta_Hue_Distance": [0],
		"mean_Delta_Hue_Degrees": [0],
		"mean_Delta_C_sat_corr": ["_NaN_"],
		"mean_Delta_C94_sat_corr": ["_NaN_"],
		"mean_Delta_C2000_sat_corr": ["_NaN_"],
		"max_Delta_E": [47.4],
		"max_Delta_C": [1.93],
		"max_Delta_E94": [47.4],
		"max_Delta_C94": [1.93],
		"max_Delta_E2000": [35.9],
		"max_Delta_C2000": [1.98],
		"max_Delta_L": [-5.27],
		"max_Delta_Chroma": [1.93],
		"max_Delta_Hue_Distance": [0],
		"max_Delta_Hue_Degrees": [0],
		"max_Delta_C_sat_corr": ["_NaN_"],
		"max_Delta_C94_sat_corr": ["_NaN_"],
		"max_Delta_C2000_sat_corr": ["_NaN_"],
		"mean_RegionSize": [45292.8],
		"Sequence_dark_to_light": [5,4,3,2,1],
		"Patch_number": [5,4,3,2,1],
		"R_noise": [0.008482,0.006785,0.00605,0.005969,0.005818],
		"G_noise": [0.005503,0.004645,0.004112,0.004098,0.003957],
		"B_noise": [0.006897,0.005721,0.005175,0.005165,0.004989],
		"R_SNR_ratio": [6.28,19.47,38.25,57.56,77.08],
		"G_SNR_ratio": [9.351,28.06,56.28,84.14,113.3],
		"B_SNR_ratio": [7.806,23.35,45.56,67.53,92.48],
		"R_SNR_dB": [15.96,25.79,31.65,35.2,37.74],
		"G_SNR_dB": [19.42,28.96,35.01,38.5,41.09],
		"B_SNR_dB": [17.85,27.37,33.17,36.59,39.32],
		"Gb_noise": [0.004716,0.003974,0.003485,0.003516,0.003373],
		"Gb_SNR_ratio": [11.03,32.95,66.49,98.08,133.2],
		"Gb_SNR_dB": [20.85,30.36,36.46,39.83,42.49],
		"Y_f_stop_SNR_ratio": [19.14,19.12,18.95,13.96,10.33],
		"Y_f_stop_SNR_dB": [25.64,25.63,25.55,22.9,20.29],
		"quality_levels_for_DR": [
				"Low,",
				"Medium,",
				"M-H,",
				"High,"
		],
		"SigNoise_levels_for_DR": [1,0.5,0.25,0.1],
		"Dynamic_Range_f_stops": [0,0,0,0],
		"Dynamic_Range_dB": [0,0,0,0],
		"noise_ISO15739_pct": [0.03895,0.04603,0.09966,0.2439,0.3215],
		"snr_ISO15739": [10.58,33.71,44.01,39.94,52.93],
		"noise_pct_ISO15739_at_13pct_Lref": [0.2958],
		"snr_ISO15739_at_13pct_Lref": [48.63],
		"snr_dB_ISO15739_at_13pct_Lref": [33.74],
		"DynamicRange_at_density_2": [13818],
		"DynamicRange_total": [0],
		"DynamicRange_from_slope_OD": [1.95],
		"DynamicRange_from_slope_EV": [6.474],
		"DynamicRange_from_slope_dB": [39],
		"SNR_BW_dB_RGBY": [34.54,37.81,35.8,39.14],
		"L_noise": [0.3937,0.4935,0.3972,0.3752,0.3433],
		"a_noise": [0.9449,1.129,0.9343,0.8446,0.7976],
		"b_noise": [0.899,1.107,0.9439,0.8608,0.8021],
		"Total_Lab_noise_unwtd": [1.362,1.656,1.386,1.263,1.182],
		"Total_ab_noise_unwtd": [1.304,1.581,1.328,1.206,1.131],
		"R_minus_Y_KK_noise": [0.007086,0.005651,0.005072,0.004944,0.00485],
		"B_minus_Y_KK_noise": [0.007186,0.005999,0.005576,0.005431,0.005307],
		"Y_Kelly_Keelan_noise": [0.004716,0.003974,0.003485,0.003516,0.003373],
		"Total_KK_noise": [0.006387,0.005279,0.004697,0.004667,0.004519],
		"Chroma_KK_noise": [0.004307,0.003475,0.003149,0.003068,0.003007],
		"Total_old_iso_noise": [0.007914,0.00648,0.005795,0.005721,0.005562],