{
	"jsonResults": {
		"dateRun": "07-May-2025 14:30:22",
		"ini_time_size": "07-May-2025 14:16:52 9643B  MD5 = c202af7b219604622ce06a9ab2d4f8e8",
		"version": "Imatest 24.2.6 Master Color/Tone Auto",
		"build": "2025-03-20",
		"image_file": "sports ball_55.0 mm_6400ISO_+1EV_Dist1_ON_Focused.tiff",
		"ColorSpace": "sRGB",
		"Reference": "Default values",
		"Ref_folder": "/usr/local/Imatest/v24.2/Master/",
		"Gamma": [0.3835],
		"patches_for_gamma_start_end": [1,5],
		"exposure_error_normalized_y_channel": [0.156],
		"mean_camera_Saturation_Pct": ["_NaN_"],
		"mean_chroma_level_CPIQ_Pct": ["_NaN_"],
		"CPIQ_chroma_quality_loss_JND": ["_NaN_"],
		"CPIQ_exposure_quality_loss_JND": ["_NaN_"],
		"pixel_offset": [0],
		"mean_patch_size_pxls": [178,227],
		"roi_settings": "Recent ROI settings are in roi, nwid_save, nht_save, fillf, and distort (same names as ini file)",
		"roi": [3074,1389,4483,1711,3134,1711,4268,1384],
		"nwid_save": [6024],
		"nht_save": [4020],
		"fillf": [0.7],
		"distort": [0],
		"grayscale_zone": [1,2,3,4,5],
		"grayscale_minus_log_exposure": [2,1.513,1.025,0.5375,0.05],
		"grayscale_Y_reflectivity": [0.01,0.03073,0.09441,0.2901,0.8913],
		"grayscale_Y_Printer_pixel_gamma22": [33.13,55.18,91.91,153.1,255],
		"grayscale_Y_density": [0.04951,0.1556,0.3126,0.5295,0.8562],
		"grayscale_R_density": [0.05034,0.1584,0.3182,0.5395,0.8617],
		"grayscale_G_density": [0.05059,0.1554,0.3117,0.527,0.8548],
		"grayscale_B_density": [0.0365,0.1496,0.3049,0.526,0.8547],
		"grayscale_Y_mean": [227.5,178.2,124.2,75.34,35.51],
		"grayscale_R_mean": [227.1,177.1,122.6,73.63,35.07],
		"grayscale_G_mean": [227,178.3,124.4,75.78,35.62],
		"grayscale_B_mean": [234.4,180.7,126.4,75.95,35.63],
		"White_Bal_error_Degrees": [342.5,195.5,279.7,242.7,106.8],
		"White_Bal_error_Mired": [-7.701,-4.491,-6.346,-5.538,-2.486],
		"White_Bal_error_S_HSV": [0.03194,0.02002,0.03002,0.03059,0.01584],
		"White_Bal_error_Delta_C_ab": [3.897,1.376,1.345,0.9377,0.2733],
		"White_Bal_error_Delta_C_94": [3.897,1.376,1.345,0.9377,0.2733],
		"White_Bal_error_Delta_C_00": [3.839,1.335,1.341,1.291,0.3918],
		"n_Patch": [1,2,3,4,5],
		"n_Row": [1,1,1,1,1],
		"n_Column": [1,2,3,4,5],
		"width_pixels": [179,179,179,179,179],
		"height_pixels": [229,229,230,229,229],
		"Pixels_total": [40991,40991,41170,40991,40991],
		"R_reference": [242.4,146.6,86.6,49.01,25.46],
		"G_reference": [242.4,146.6,86.6,49.01,25.46],
		"B_reference": [242.4,146.6,86.6,49.01,25.46],
		"R_input": [227.1,177.1,122.6,73.63,35.07],
		"G_input": [227,178.3,124.4,75.78,35.62],
		"B_input": [234.4,180.7,126.4,75.95,35.63],
		"L_reference": [95.63,60.79,36.82,20.33,8.991],
		"a_reference": [0,0,0,0,0],
		"b_reference": [0,0,0,0,0],
		"L_input": [90.43,72.66,52.07,32.04,13.96],
		"a_input": [1.406,0.01991,-0.2855,-0.8431,-0.2554],
		"b_input": [-3.635,-1.376,-1.315,-0.4106,-0.09744],
		"x_reference": [0.3127,0.3127,0.3127,0.3127,0.3127],
		"y_reference": [0.329,0.329,0.329,0.329,0.329],
		"Y_reference": [0.8913,0.2901,0.09441,0.03073,0.01],
		"x_input": [0.308,0.3097,0.3083,0.3084,0.3108],
		"y_input": [0.3211,0.3258,0.3254,0.3285,0.329],
		"Y_input": [0.7723,0.4465,0.2021,0.07101,0.01723],
		"LUV_comment": "L2 is used to differentiate between the L in LAB and L in LUV.",
		"L2_reference": [805.1,262,85.28,27.75,9.033],
		"U_reference": [0.1978,0.1978,0.1978,0.1978,0.1978],
		"V_reference": [0.4683,0.4683,0.4683,0.4683,0.4683],
		"L2_input": [697.6,403.3,182.6,64.15,15.56],
		"U_input": [0.1975,0.197,0.1962,0.1951,0.1965],
		"V_input": [0.4634,0.4662,0.4657,0.4674,0.468],
		"patch_numbers_for_all_Delta_E_C": [1,2,3,4,5],
		"Delta_E_all": [6.5,11.9,15.3,11.7,4.98],
		"Delta_C_all": [3.9,1.38,1.35,0.938,0.273],
		"Delta_E94_all": [6.5,11.9,15.3,11.7,4.98],
		"Delta_C94_all": [3.9,1.38,1.35,0.938,0.273],
		"Delta_E2000_all": [4.98,9.65,14.4,8.76,3.18],
		"Delta_C2000_all": [3.84,1.33,1.34,1.29,0.392],
		"Delta_L_all": [-5.21,11.9,15.3,11.7,4.97],
		"Delta_Chroma_all": [3.9,1.38,1.35,0.938,0.273],
		"Delta_Hue_Distance_all": [0,0,0,0,0],
		"Delta_Hue_Degrees_all": [0,0,0,0,0],
		"sat_corr_comment": "sat_corr explained on https://www.imatest.com/docs/colorcheck/#satcorr - not recommended.",
		"Delta_C_all_sat_corr": ["_NaN_","_NaN_","_NaN_","_NaN_","_NaN_"],
		"Delta_C94_all_sat_corr": ["_NaN_","_NaN_","_NaN_","_NaN_","_NaN_"],
		"Delta_C2000_all_sat_corr": ["_NaN_","_NaN_","_NaN_","_NaN_","_NaN_"],
		"grayscale_patch_numbers": [1,2,3,4,5],
		"Delta_E": [6.5,11.9,15.3,11.7,4.98],
		"Delta_C": [3.9,1.38,1.35,0.938,0.273],
		"Delta_E94": [6.5,11.9,15.3,11.7,4.98],
		"Delta_C94": [3.9,1.38,1.35,0.938,0.273],
		"Delta_E2000": [4.98,9.65,14.4,8.76,3.18],
		"Delta_C2000": [3.84,1.33,1.34,1.29,0.392],
		"Delta_L": [-5.21,11.9,15.3,11.7,4.97],
		"Delta_Chroma": [3.9,1.38,1.35,0.938,0.273],
		"Delta_Hue_Distance": [0,0,0,0,0],
		"Delta_Hue_Degrees": [0,0,0,0,0],
		"mean_Delta_E": [10.1],
		"mean_Delta_C": [1.57],
		"mean_Delta_E94": [10.1],
		"mean_Delta_C94": [1.57],
		"mean_Delta_E2000": [8.19],
		"mean_Delta_C2000": [1.64],
		"mean_Delta_L": [7.72],
		"mean_Delta_Chroma": [1.57],
		"mean_Delta_Hue_Distance": [0],
		"mean_Delta_Hue_Degrees": [0],
		"mean_Delta_C_sat_corr": ["_NaN_"],
		"mean_Delta_C94_sat_corr": ["_NaN_"],
		"mean_Delta_C2000_sat_corr": ["_NaN_"],
		"max_Delta_E": [15.3],
		"max_Delta_C": [3.9],
		"max_Delta_E94": [15.3],
		"max_Delta_C94": [3.9],
		"max_Delta_E2000": [14.4],
		"max_Delta_C2000": [3.84],
		"max_Delta_L": [15.3],
		"max_Delta_Chroma": [3.9],
		"max_Delta_Hue_Distance": [0],
		"max_Delta_Hue_Degrees": [0],
		"max_Delta_C_sat_corr": ["_NaN_"],
		"max_Delta_C94_sat_corr": ["_NaN_"],
		"max_Delta_C2000_sat_corr": ["_NaN_"],
		"mean_RegionSize": [40847.8],
		"Sequence_dark_to_light": [5,4,3,2,1],
		"Patch_number": [5,4,3,2,1],
		"R_noise": [0.08155,0.06717,0.04657,0.0382,0.0336],
		"G_noise": [0.05423,0.03462,0.02796,0.02517,0.0238],
		"B_noise": [0.06803,0.04565,0.03477,0.0295,0.02627],
		"R_SNR_ratio": [1.686,4.299,10.32,18.18,26.51],
		"G_SNR_ratio": [2.576,8.585,17.45,27.78,37.39],
		"B_SNR_ratio": [2.054,6.525,14.25,24.02,34.99],
		"R_SNR_dB": [4.538,12.67,20.27,25.19,28.47],
		"G_SNR_dB": [8.22,18.67,24.83,28.87,31.46],
		"B_SNR_dB": [6.252,16.29,23.08,27.61,30.88],
		"Gb_noise": [0.04405,0.02972,0.02348,0.02097,0.01965],
		"Gb_SNR_ratio": [3.161,9.941,20.74,33.32,45.41],
		"Gb_SNR_dB": [9.996,19.95,26.33,30.45,33.14],
		"Y_f_stop_SNR_ratio": [6.076,5.967,5.305,3.611,2.189],
		"Y_f_stop_SNR_dB": [15.67,15.51,14.49,11.15,6.806],
		"quality_levels_for_DR": [
				"Low,",
				"Medium,",
				"M-H,",
				"High,"
		],
		"SigNoise_levels_for_DR": [1,0.5,0.25,0.1],
		"Dynamic_Range_f_stops": [0,0,4.365,0],
		"Dynamic_Range_dB": [0,0,26.28,0],
		"noise_ISO15739_pct": [0.6607,0.6292,1.252,2.761,3.575],
		"snr_ISO15739": [2.607,11.29,16.14,16.17,21.6],
		"noise_pct_ISO15739_at_13pct_Lref": [2.069],
		"snr_ISO15739_at_13pct_Lref": [16.16],
		"snr_dB_ISO15739_at_13pct_Lref": [24.17],
		"DynamicRange_at_density_2": [242.4],
		"DynamicRange_total": [0],
		"DynamicRange_from_slope_OD": [1.95],
		"DynamicRange_from_slope_EV": [6.474],
		"DynamicRange_from_slope_dB": [39],
		"SNR_BW_dB_RGBY": [23.88,27.5,26.12,29.08],
		"L_noise": [4.908,3.154,2.345,1.969,1.761],
		"a_noise": [12.73,8.796,6.152,4.866,4.176],
		"b_noise": [12.39,7.954,5.681,4.5,3.88],
		"Total_Lab_noise_unwtd": [18.43,12.27,8.695,6.914,5.966],
		"Total_ab_noise_unwtd": [17.76,11.86,8.373,6.628,5.7],
		"R_minus_Y_KK_noise": [0.07197,0.05667,0.03979,0.03299,0.02939],
		"B_minus_Y_KK_noise": [0.07554,0.04959,0.03817,0.03226,0.02913],
		"Y_Kelly_Keelan_noise": [0.04405,0.02972,0.02348,0.02097,0.01965],
		"Total_KK_noise": [0.06235,0.04467,0.03349,0.0289,0.02649],
		"Chroma_KK_noise": [0.04413,0.03335,0.02388,0.01988,0.01777],
		"Total_old_iso_noise": [0.07854,0.05772,0.0424,0.03609,0.03278],
		"Y_noise_from_YUV": [0.04405,0.02972,0.02348,0.02097,0.01965],
		"U_noise_from_YUV": [0.03549,0.0233,0.01794,0.01516,0.01369],