{
	"jsonResults": {
		"dateRun": "07-May-2025 14:30:22",
		"ini_time_size": "07-May-2025 14:16:52 9643B  MD5 = c202af7b219604622ce06a9ab2d4f8e8",
		"version": "Imatest 24.2.6 Master Color/Tone Auto",
		"build": "2025-03-20",
		"image_file": "sports ball_55.0 mm_1600ISO_+1EV_Dist1_OFF_Defocus1.tiff",
		"ColorSpace": "sRGB",
		"Reference": "Default values",
		"Ref_folder": "/usr/local/Imatest/v24.2/Master/",
		"Gamma": [0.3158],
		"patches_for_gamma_start_end": [1,5],
		"exposure_error_normalized_y_channel": [0.203],
		"mean_camera_Saturation_Pct": ["_NaN_"],
		"mean_chroma_level_CPIQ_Pct": ["_NaN_"],
		"CPIQ_chroma_quality_loss_JND": ["_NaN_"],
		"CPIQ_exposure_quality_loss_JND": ["_NaN_"],
		"pixel_offset": [0],
		"mean_patch_size_pxls": [178,227],
		"roi_settings": "Recent ROI settings are in roi, nwid_save, nht_save, fillf, and distort (same names as ini file)",
		"roi": [3074,1389,4483,1711,3134,1711,4268,1384],
		"nwid_save": [6024],
		"nht_save": [4020],
		"fillf": [0.7],
		"distort": [0],
		"grayscale_zone": [1,2,3,4,5],
		"grayscale_minus_log_exposure": [2,1.513,1.025,0.5375,0.05],
		"grayscale_Y_reflectivity": [0.01,0.03073,0.09441,0.2901,0.8913],
		"grayscale_Y_Printer_pixel_gamma22": [33.13,55.18,91.91,153.1,255],
		"grayscale_Y_density": [0.03071,0.1362,0.2902,0.4981,0.769],
		"grayscale_R_density": [0.03271,0.1388,0.2932,0.4978,0.7728],
		"grayscale_G_density": [0.03117,0.1359,0.2899,0.4986,0.7677],
		"grayscale_B_density": [0.02032,0.1316,0.2841,0.4931,0.7702],
		"grayscale_Y_mean": [237.6,186.3,130.7,81,43.41],
		"grayscale_R_mean": [236.5,185.3,129.8,81.05,43.02],
		"grayscale_G_mean": [237.3,186.5,130.8,80.89,43.53],
		"grayscale_B_mean": [243.3,188.4,132.6,81.93,43.29],
		"White_Bal_error_Degrees": [296.4,159.4,197.7,103.5,38.72],
		"White_Bal_error_Mired": [-6.71,-3.683,-4.542,-2.412,-0.9111],
		"White_Bal_error_S_HSV": [0.02813,0.01648,0.02085,0.01267,0.0117],
		"White_Bal_error_Delta_C_ab": [3.112,1.116,1.091,0.6587,0.2959],
		"White_Bal_error_Delta_C_94": [3.112,1.116,1.091,0.6587,0.2959],
		"White_Bal_error_Delta_C_00": [3.019,1.091,1.065,0.7222,0.4315],
		"n_Patch": [1,2,3,4,5],
		"n_Row": [1,1,1,1,1],
		"n_Column": [1,2,3,4,5],
		"width_pixels": [179,179,179,179,179],
		"height_pixels": [229,229,230,229,229],
		"Pixels_total": [40991,40991,41170,40991,40991],
		"R_reference": [242.4,146.6,86.6,49.01,25.46],
		"G_reference": [242.4,146.6,86.6,49.01,25.46],
		"B_reference": [242.4,146.6,86.6,49.01,25.46],
		"R_input": [236.5,185.3,129.8,81.05,43.02],
		"G_input": [237.3,186.5,130.8,80.89,43.53],
		"B_input": [243.3,188.4,132.6,81.93,43.29],
		"L_reference": [95.63,60.79,36.82,20.33,8.991],
		"a_reference": [0,0,0,0,0],
		"b_reference": [0,0,0,0,0],
		"L_input": [93.96,75.64,54.65,34.45,17.73],
		"a_input": [0.8031,-0.06653,-0.01456,0.29,-0.286],
		"b_input": [-3.006,-1.114,-1.091,-0.5914,0.07572],
		"x_reference": [0.3127,0.3127,0.3127,0.3127,0.3127],
		"y_reference": [0.329,0.329,0.329,0.329,0.329],
		"Y_reference": [0.8913,0.2901,0.09441,0.03073,0.01],
		"x_input": [0.3085,0.3103,0.3097,0.3113,0.3119],
		"y_input": [0.3229,0.3266,0.3259,0.3262,0.3301],
		"Y_input": [0.8517,0.4931,0.2259,0.08228,0.02457],
		"LUV_comment": "L2 is used to differentiate between the L in LAB and L in LUV.",
		"L2_reference": [805.1,262,85.28,27.75,9.033],
		"U_reference": [0.1978,0.1978,0.1978,0.1978,0.1978],
		"V_reference": [0.4683,0.4683,0.4683,0.4683,0.4683],
		"L2_input": [769.4,445.4,204.1,74.33,22.2],
		"U_input": [0.1972,0.197,0.1969,0.1979,0.1969],
		"V_input": [0.4644,0.4667,0.4662,0.4666,0.4688],
		"patch_numbers_for_all_Delta_E_C": [1,2,3,4,5],
		"Delta_E_all": [3.53,14.9,17.9,14.1,8.74],
		"Delta_C_all": [3.11,1.12,1.09,0.659,0.296],
		"Delta_E94_all": [3.53,14.9,17.9,14.1,8.74],
		"Delta_C94_all": [3.11,1.12,1.09,0.659,0.296],
		"Delta_E2000_all": [3.18,11.8,17.1,10.6,5.67],
		"Delta_C2000_all": [3.02,1.09,1.06,0.722,0.431],
		"Delta_L_all": [-1.67,14.9,17.8,14.1,8.73],
		"Delta_Chroma_all": [3.11,1.12,1.09,0.659,0.296],
		"Delta_Hue_Distance_all": [0,0,0,0,0],
		"Delta_Hue_Degrees_all": [0,0,0,0,0],
		"sat_corr_comment": "sat_corr explained on https://www.imatest.com/docs/colorcheck/#satcorr - not recommended.",
		"Delta_C_all_sat_corr": ["_NaN_","_NaN_","_NaN_","_NaN_","_NaN_"],
		"Delta_C94_all_sat_corr": ["_NaN_","_NaN_","_NaN_","_NaN_","_NaN_"],
		"Delta_C2000_all_sat_corr": ["_NaN_","_NaN_","_NaN_","_NaN_","_NaN_"],
		"grayscale_patch_numbers": [1,2,3,4,5],
		"Delta_E": [3.53,14.9,17.9,14.1,8.74],
		"Delta_C": [3.11,1.12,1.09,0.659,0.296],
		"Delta_E94": [3.53,14.9,17.9,14.1,8.74],
		"Delta_C94": [3.11,1.12,1.09,0.659,0.296],
		"Delta_E2000": [3.18,11.8,17.1,10.6,5.67],
		"Delta_C2000": [3.02,1.09,1.06,0.722,0.431],
		"Delta_L": [-1.67,14.9,17.8,14.1,8.73],
		"Delta_Chroma": [3.11,1.12,1.09,0.659,0.296],
		"Delta_Hue_Distance": [0,0,0,0,0],
		"Delta_Hue_Degrees": [0,0,0,0,0],
		"mean_Delta_E": [11.8],
		"mean_Delta_C": [1.25],
		"mean_Delta_E94": [11.8],
		"mean_Delta_C94": [1.25],
		"mean_Delta_E2000": [9.67],
		"mean_Delta_C2000": [1.27],
		"mean_Delta_L": [10.8],
		"mean_Delta_Chroma": [1.25],
		"mean_Delta_Hue_Distance": [0],
		"mean_Delta_Hue_Degrees": [0],
		"mean_Delta_C_sat_corr": ["_NaN_"],
		"mean_Delta_C94_sat_corr": ["_NaN_"],
		"mean_Delta_C2000_sat_corr": ["_NaN_"],
		"max_Delta_E": [17.9],
		"max_Delta_C": [3.11],
		"max_Delta_E94": [17.9],
		"max_Delta_C94": [3.11],
		"max_Delta_E2000": [17.1],
		"max_Delta_C2000": [3.02],
		"max_Delta_L": [17.8],
		"max_Delta_Chroma": [3.11],
		"max_Delta_Hue_Distance": [0],
		"max_Delta_Hue_Degrees": [0],
		"max_Delta_C_sat_corr": ["_NaN_"],
		"max_Delta_C94_sat_corr": ["_NaN_"],
		"max_Delta_C2000_sat_corr": ["_NaN_"],
		"mean_RegionSize": [40847.8],
		"Sequence_dark_to_light": [5,4,3,2,1],
		"Patch_number": [5,4,3,2,1],
		"R_noise": [0.04412,0.02809,0.02304,0.02376,0.02756],
		"G_noise": [0.03412,0.01964,0.01444,0.01697,0.02306],
		"B_noise": [0.03633,0.02295,0.01853,0.01993,0.02427],
		"R_SNR_ratio": [3.824,11.31,22.09,30.57,33.66],
		"G_SNR_ratio": [5.004,16.15,35.53,43.08,40.36],
		"B_SNR_ratio": [4.672,14,28.06,37.07,39.32],
		"R_SNR_dB": [11.65,21.07,26.88,29.71,30.54],
		"G_SNR_dB": [13.99,24.16,31.01,32.69,32.12],
		"B_SNR_dB": [13.39,22.92,28.96,31.38,31.89],
		"Gb_noise": [0.03239,0.01745,0.01212,0.01534,0.02178],
		"Gb_SNR_ratio": [5.255,18.21,42.3,47.65,42.77],
		"Gb_SNR_dB": [14.41,25.2,32.53,33.56,32.62],
		"Y_f_stop_SNR_ratio": [5.697,8.437,10.52,6.058,2.81],
		"Y_f_stop_SNR_dB": [15.11,18.52,20.44,15.65,8.974],
		"quality_levels_for_DR": [
				"Low,",
				"Medium,",
				"M-H,",
				"High,"
		],
		"SigNoise_levels_for_DR": [1,0.5,0.25,0.1],
		"Dynamic_Range_f_stops": [0,0,5.579,3.354],
		"Dynamic_Range_dB": [0,0,33.59,20.19],
		"noise_ISO15739_pct": [0.5383,0.4049,0.6869,2.101,4.106],
		"snr_ISO15739": [4.566,20.32,32.89,23.47,20.74],
		"noise_pct_ISO15739_at_13pct_Lref": [1.363],
		"snr_ISO15739_at_13pct_Lref": [28.39],
		"snr_dB_ISO15739_at_13pct_Lref": [29.06],
		"DynamicRange_at_density_2": [291.5],
		"DynamicRange_total": [0],
		"DynamicRange_from_slope_OD": [1.95],
		"DynamicRange_from_slope_EV": [6.474],
		"DynamicRange_from_slope_dB": [39],
		"SNR_BW_dB_RGBY": [28.25,31.17,29.78,32.05],
		"L_noise": [3.724,1.87,1.205,1.434,1.958],
		"a_noise": [5.204,3.798,3.082,2.681,2.455],
		"b_noise": [5.082,3.642,2.984,2.621,2.378],
		"Total_Lab_noise_unwtd": [8.172,5.584,4.456,4.014,3.94],
		"Total_ab_noise_unwtd": [7.274,5.262,4.29,3.749,3.418],
		"R_minus_Y_KK_noise": [0.02851,0.02208,0.01964,0.01807,0.01736],
		"B_minus_Y_KK_noise": [0.02884,0.0227,0.02021,0.01894,0.01799],
		"Y_Kelly_Keelan_noise": [0.03239,0.01745,0.01212,0.01534,0.02178],
		"Total_KK_noise": [0.03673,0.02204,0.01704,0.01892,0.02423],
		"Chroma_KK_noise": [0.01732,0.01347,0.01198,0.01107,0.01061],
		"Total_old_iso_noise": [0.04126,0.02644,0.02143,0.02239,0.02682],
		"Y_noise_from_YUV": [0.03239,0.01745,0.01212,0.01533,0.02178],