{
	"jsonResults": {
		"dateRun": "13-May-2025 10:27:43",
		"ini_time_size": "13-May-2025 10:25:44 18833B  MD5 = 58599a5cd33629ce506217f1a8f3d8bf",
		"version": "Imatest 24.2.6 Master Color/Tone Auto",
		"build": "2025-03-20",
		"image_file": "sports ball_55.0 mm_1600ISO_0EV_Dist1_ON_Defocus2.tiff",
		"ColorSpace": "sRGB",
		"Reference": "Default values",
		"Ref_folder": "/usr/local/Imatest/v24.2/Master/",
		"Gamma": [0.3159],
		"patches_for_gamma_start_end": [1,5],
		"exposure_error_normalized_y_channel": [-0.0208],
		"mean_camera_Saturation_Pct": ["_NaN_"],
		"mean_chroma_level_CPIQ_Pct": ["_NaN_"],
		"CPIQ_chroma_quality_loss_JND": ["_NaN_"],
		"CPIQ_exposure_quality_loss_JND": ["_NaN_"],
		"pixel_offset": [0],
		"mean_patch_size_pxls": [201,223],
		"roi_settings": "Recent ROI settings are in roi, nwid_save, nht_save, fillf, and distort (same names as ini file)",
		"roi": [3103,1406,4362,1680,3103,1682,4362,1398],
		"nwid_save": [6024],
		"nht_save": [4020],
		"fillf": [0.8],
		"distort": [0],
		"grayscale_zone": [1,2,3,4,5],
		"grayscale_minus_log_exposure": [2,1.513,1.025,0.5375,0.05],
		"grayscale_Y_reflectivity": [0.01,0.03073,0.09441,0.2901,0.8913],
		"grayscale_Y_Printer_pixel_gamma22": [33.13,55.18,91.91,153.1,255],
		"grayscale_Y_density": [0.1519,0.2552,0.4092,0.6142,0.7921],
		"grayscale_R_density": [0.1525,0.258,0.4124,0.6169,0.7982],
		"grayscale_G_density": [0.153,0.255,0.4089,0.614,0.7903],
		"grayscale_B_density": [0.14,0.2493,0.4026,0.6083,0.7924],
		"grayscale_Y_mean": [179.7,141.7,99.4,61.99,41.15],
		"grayscale_R_mean": [179.5,140.8,98.65,61.61,40.58],
		"grayscale_G_mean": [179.3,141.8,99.46,62.02,41.33],
		"grayscale_B_mean": [184.7,143.6,100.9,62.84,41.12],
		"White_Bal_error_Degrees": [303.4,188.5,205.8,167.2,86.47],
		"White_Bal_error_Mired": [-6.861,-4.336,-4.721,-3.858,-2.02],
		"White_Bal_error_S_HSV": [0.02958,0.01969,0.02233,0.01945,0.01795],
		"White_Bal_error_Delta_C_ab": [2.975,1.12,0.9338,0.5676,0.3826],
		"White_Bal_error_Delta_C_94": [2.975,1.12,0.9338,0.5676,0.3826],
		"White_Bal_error_Delta_C_00": [3.007,1.093,0.9146,0.5608,0.5665],
		"n_Patch": [1,2,3,4,5],
		"n_Row": [1,1,1,1,1],
		"n_Column": [1,2,3,4,5],
		"width_pixels": [202,203,202,202,202],
		"height_pixels": [225,225,225,225,225],
		"Pixels_total": [45450,45675,45450,45450,45450],
		"R_reference": [242.4,146.6,86.6,49.01,25.46],
		"G_reference": [242.4,146.6,86.6,49.01,25.46],
		"B_reference": [242.4,146.6,86.6,49.01,25.46],
		"R_input": [179.5,140.8,98.65,61.61,40.58],
		"G_input": [179.3,141.8,99.46,62.02,41.33],
		"B_input": [184.7,143.6,100.9,62.84,41.12],
		"L_reference": [95.63,60.79,36.82,20.33,8.991],
		"a_reference": [0,0,0,0,0],
		"b_reference": [0,0,0,0,0],
		"L_input": [73.21,58.9,42.13,26.2,16.66],
		"a_input": [1.116,0.01377,-0.01146,0.0175,-0.3825],
		"b_input": [-2.758,-1.12,-0.9337,-0.5673,0.01116],
		"x_reference": [0.3127,0.3127,0.3127,0.3127,0.3127],
		"y_reference": [0.329,0.329,0.329,0.329,0.329],
		"Y_reference": [0.8913,0.2901,0.09441,0.03073,0.01],
		"x_input": [0.3086,0.3098,0.3096,0.3102,0.311],
		"y_input": [0.3218,0.326,0.3258,0.3262,0.3299],
		"Y_input": [0.4549,0.2692,0.1258,0.04816,0.02232],
		"LUV_comment": "L2 is used to differentiate between the L in LAB and L in LUV.",
		"L2_reference": [805.1,262,85.28,27.75,9.033],
		"U_reference": [0.1978,0.1978,0.1978,0.1978,0.1978],
		"V_reference": [0.4683,0.4683,0.4683,0.4683,0.4683],
		"L2_input": [410.9,243.2,113.7,43.5,20.17],
		"U_input": [0.1976,0.197,0.1969,0.1971,0.1963],
		"V_input": [0.4638,0.4663,0.4661,0.4665,0.4686],
		"patch_numbers_for_all_Delta_E_C": [1,2,3,4,5],
		"Delta_E_all": [22.6,2.19,5.39,5.9,7.68],
		"Delta_C_all": [2.97,1.12,0.934,0.568,0.383],
		"Delta_E94_all": [22.6,2.19,5.39,5.9,7.68],
		"Delta_C94_all": [2.97,1.12,0.934,0.568,0.383],
		"Delta_E2000_all": [15.1,1.99,4.72,4.24,4.97],
		"Delta_C2000_all": [3.01,1.09,0.915,0.561,0.566],
		"Delta_L_all": [-22.4,-1.89,5.31,5.87,7.67],
		"Delta_Chroma_all": [2.97,1.12,0.934,0.568,0.383],
		"Delta_Hue_Distance_all": [0,0,0,0,0],
		"Delta_Hue_Degrees_all": [0,0,0,0,0],
		"sat_corr_comment": "sat_corr explained on https://www.imatest.com/docs/colorcheck/#satcorr - not recommended.",
		"Delta_C_all_sat_corr": ["_NaN_","_NaN_","_NaN_","_NaN_","_NaN_"],
		"Delta_C94_all_sat_corr": ["_NaN_","_NaN_","_NaN_","_NaN_","_NaN_"],
		"Delta_C2000_all_sat_corr": ["_NaN_","_NaN_","_NaN_","_NaN_","_NaN_"],
		"grayscale_patch_numbers": [1,2,3,4,5],
		"Delta_E": [22.6,2.19,5.39,5.9,7.68],
		"Delta_C": [2.97,1.12,0.934,0.568,0.383],
		"Delta_E94": [22.6,2.19,5.39,5.9,7.68],
		"Delta_C94": [2.97,1.12,0.934,0.568,0.383],
		"Delta_E2000": [15.1,1.99,4.72,4.24,4.97],
		"Delta_C2000": [3.01,1.09,0.915,0.561,0.566],
		"Delta_L": [-22.4,-1.89,5.31,5.87,7.67],
		"Delta_Chroma": [2.97,1.12,0.934,0.568,0.383],
		"Delta_Hue_Distance": [0,0,0,0,0],
		"Delta_Hue_Degrees": [0,0,0,0,0],
		"mean_Delta_E": [8.76],
		"mean_Delta_C": [1.2],
		"mean_Delta_E94": [8.76],
		"mean_Delta_C94": [1.2],
		"mean_Delta_E2000": [6.21],
		"mean_Delta_C2000": [1.23],
		"mean_Delta_L": [-1.09],
		"mean_Delta_Chroma": [1.2],
		"mean_Delta_Hue_Distance": [0],
		"mean_Delta_Hue_Degrees": [0],
		"mean_Delta_C_sat_corr": ["_NaN_"],
		"mean_Delta_C94_sat_corr": ["_NaN_"],
		"mean_Delta_C2000_sat_corr": ["_NaN_"],
		"max_Delta_E": [22.6],
		"max_Delta_C": [2.97],
		"max_Delta_E94": [22.6],
		"max_Delta_C94": [2.97],
		"max_Delta_E2000": [15.1],
		"max_Delta_C2000": [3.01],
		"max_Delta_L": [7.67],
		"max_Delta_Chroma": [2.97],
		"max_Delta_Hue_Distance": [0],
		"max_Delta_Hue_Degrees": [0],
		"max_Delta_C_sat_corr": ["_NaN_"],
		"max_Delta_C94_sat_corr": ["_NaN_"],
		"max_Delta_C2000_sat_corr": ["_NaN_"],
		"mean_RegionSize": [45292.8],
		"Sequence_dark_to_light": [5,4,3,2,1],
		"Patch_number": [5,4,3,2,1],
		"R_noise": [0.04963,0.03406,0.02618,0.02538,0.02818],
		"G_noise": [0.0388,0.02371,0.01721,0.01765,0.02209],
		"B_noise": [0.04464,0.028,0.02117,0.02134,0.02546],
		"R_SNR_ratio": [3.207,7.095,14.77,21.75,24.98],
		"G_SNR_ratio": [4.177,10.26,22.67,31.51,31.83],
		"B_SNR_ratio": [3.613,8.8,18.69,26.4,28.45],
		"R_SNR_dB": [10.12,17.02,23.39,26.75,27.95],
		"G_SNR_dB": [12.42,20.22,27.11,29.97,30.06],
		"B_SNR_dB": [11.16,18.89,25.43,28.43,29.08],
		"Gb_noise": [0.03704,0.02177,0.01474,0.01575,0.02079],
		"Gb_SNR_ratio": [4.357,11.17,26.45,35.28,33.91],
		"Gb_SNR_dB": [12.78,20.96,28.45,30.95,30.61],
		"Y_f_stop_SNR_ratio": [4.43,6.175,6.547,3.239,1.362],
		"Y_f_stop_SNR_dB": [12.93,15.81,16.32,10.21,2.683],
		"quality_levels_for_DR": [
				"Low,",
				"Medium,",
				"M-H,",
				"High,"
		],
		"SigNoise_levels_for_DR": [1,0.5,0.25,0.1],
		"Dynamic_Range_f_stops": [0,5.586,4.249,0],
		"Dynamic_Range_dB": [0,33.63,25.58,0],
		"noise_ISO15739_pct": [0.3231,0.2547,0.3797,0.9415,1.717],
		"snr_ISO15739": [6.91,18.91,33.14,28.6,26.49],
		"noise_pct_ISO15739_at_13pct_Lref": [1.308],
		"snr_ISO15739_at_13pct_Lref": [27.6],
		"snr_dB_ISO15739_at_13pct_Lref": [28.82],
		"DynamicRange_at_density_2": [1385],
		"DynamicRange_total": [0],
		"DynamicRange_from_slope_OD": [1.95],
		"DynamicRange_from_slope_EV": [6.474],
		"DynamicRange_from_slope_dB": [39],
		"SNR_BW_dB_RGBY": [25.2,28.35,26.7,29.34],
		"L_noise": [4.315,2.429,1.538,1.547,1.965],
		"a_noise": [5.907,4.474,3.605,3.098,2.848],
		"b_noise": [5.595,4.234,3.472,3.032,2.816],
		"Total_Lab_noise_unwtd": [9.21,6.621,5.236,4.602,4.461],
		"Total_ab_noise_unwtd": [8.136,6.159,5.005,4.335,4.005],
		"R_minus_Y_KK_noise": [0.0322,0.02547,0.02181,0.01986,0.01891],
		"B_minus_Y_KK_noise": [0.03233,0.02525,0.02241,0.02083,0.02023],
		"Y_Kelly_Keelan_noise": [0.03704,0.02177,0.01474,0.01575,0.02079],
		"Total_KK_noise": [0.04187,0.02666,0.01985,0.01991,0.02383],
		"Chroma_KK_noise": [0.01953,0.0154,0.0133,0.01217,0.01165],
		"Total_old_iso_noise": [0.04693,0.03148,0.02453,0.02387,0.02695],
		"Y_noise_from_YUV": [0.03704,0.02177,0.01474,0.01575,0.02079],
		"U_noise_from_YUV": [0.01519,0.01186,0.01053,0.009789,0.009505],