{
	"jsonResults": {
		"dateRun": "13-May-2025 10:27:43",
		"ini_time_size": "13-May-2025 10:25:44 18833B  MD5 = 58599a5cd33629ce506217f1a8f3d8bf",
		"version": "Imatest 24.2.6 Master Color/Tone Auto",
		"build": "2025-03-20",
		"image_file": "sports ball_55.0 mm_25600ISO_0EV_Dist1_ON_Defocus2.tiff",
		"ColorSpace": "sRGB",
		"Reference": "Default values",
		"Ref_folder": "/usr/local/Imatest/v24.2/Master/",
		"Gamma": [0.3476],
		"patches_for_gamma_start_end": [1,5],
		"exposure_error_normalized_y_channel": [-0.0892],
		"mean_camera_Saturation_Pct": ["_NaN_"],
		"mean_chroma_level_CPIQ_Pct": ["_NaN_"],
		"CPIQ_chroma_quality_loss_JND": ["_NaN_"],
		"CPIQ_exposure_quality_loss_JND": ["_NaN_"],
		"pixel_offset": [0],
		"mean_patch_size_pxls": [201,223],
		"roi_settings": "Recent ROI settings are in roi, nwid_save, nht_save, fillf, and distort (same names as ini file)",
		"roi": [3103,1406,4362,1680,3103,1682,4362,1398],
		"nwid_save": [6024],
		"nht_save": [4020],
		"fillf": [0.8],
		"distort": [0],
		"grayscale_zone": [1,2,3,4,5],
		"grayscale_minus_log_exposure": [2,1.513,1.025,0.5375,0.05],
		"grayscale_Y_reflectivity": [0.01,0.03073,0.09441,0.2901,0.8913],
		"grayscale_Y_Printer_pixel_gamma22": [33.13,55.18,91.91,153.1,255],
		"grayscale_Y_density": [0.2062,0.3139,0.4833,0.725,0.8789],
		"grayscale_R_density": [0.2078,0.3193,0.5035,0.716,0.8089],
		"grayscale_G_density": [0.2085,0.3142,0.4793,0.7297,0.9065],
		"grayscale_B_density": [0.1798,0.2947,0.4662,0.7058,0.8393],
		"grayscale_Y_mean": [158.6,123.8,83.79,48.04,33.7],
		"grayscale_R_mean": [158,122.2,79.98,49.04,39.6],
		"grayscale_G_mean": [157.8,123.7,84.58,47.52,31.63],
		"grayscale_B_mean": [168.6,129.4,87.17,50.21,36.92],
		"White_Bal_error_Degrees": [738.1,579.2,752.4,251.6,-473.8],
		"White_Bal_error_Mired": [-15.69,-12.59,-15.96,-5.733,12.1],
		"White_Bal_error_S_HSV": [0.06408,0.05509,0.08244,0.0536,0.2013],
		"White_Bal_error_Delta_C_ab": [6.007,3.349,2.482,1.976,5.455],
		"White_Bal_error_Delta_C_94": [6.007,3.349,2.482,1.976,5.455],
		"White_Bal_error_Delta_C_00": [5.673,3.179,2.674,2.33,6.653],
		"n_Patch": [1,2,3,4,5],
		"n_Row": [1,1,1,1,1],
		"n_Column": [1,2,3,4,5],
		"width_pixels": [202,203,202,202,202],
		"height_pixels": [225,225,225,225,225],
		"Pixels_total": [45450,45675,45450,45450,45450],
		"R_reference": [242.4,146.6,86.6,49.01,25.46],
		"G_reference": [242.4,146.6,86.6,49.01,25.46],
		"B_reference": [242.4,146.6,86.6,49.01,25.46],
		"R_input": [158,122.2,79.98,49.04,39.6],
		"G_input": [157.8,123.7,84.58,47.52,31.63],
		"B_input": [168.6,129.4,87.17,50.21,36.92],
		"L_reference": [95.63,60.79,36.82,20.33,8.991],
		"a_reference": [0,0,0,0,0],
		"b_reference": [0,0,0,0,0],
		"L_input": [65.36,51.93,35.65,19.89,13.16],
		"a_input": [2.228,0.6355,-1.245,1.309,5.017],
		"b_input": [-5.579,-3.289,-2.147,-1.48,-2.142],
		"x_reference": [0.3127,0.3127,0.3127,0.3127,0.3127],
		"y_reference": [0.329,0.329,0.329,0.329,0.329],
		"Y_reference": [0.8913,0.2901,0.09441,0.03073,0.01],
		"x_input": [0.3034,0.3047,0.3011,0.3101,0.3236],
		"y_input": [0.3132,0.3185,0.3222,0.3181,0.3028],
		"Y_input": [0.345,0.2009,0.08827,0.02961,0.01589],
		"LUV_comment": "L2 is used to differentiate between the L in LAB and L in LUV.",
		"L2_reference": [805.1,262,85.28,27.75,9.033],
		"U_reference": [0.1978,0.1978,0.1978,0.1978,0.1978],
		"V_reference": [0.4683,0.4683,0.4683,0.4683,0.4683],
		"L2_input": [311.6,181.4,79.73,26.75,14.36],
		"U_input": [0.1973,0.1962,0.1923,0.2002,0.2163],
		"V_input": [0.4582,0.4614,0.4629,0.462,0.4552],
		"patch_numbers_for_all_Delta_E_C": [1,2,3,4,5],
		"Delta_E_all": [30.9,9.47,2.74,2.03,6.87],
		"Delta_C_all": [6.01,3.35,2.48,1.98,5.46],
		"Delta_E94_all": [30.9,9.47,2.74,2.03,6.87],
		"Delta_C94_all": [6.01,3.35,2.48,1.98,5.46],
		"Delta_E2000_all": [21.6,8.81,2.85,2.35,7.16],
		"Delta_C2000_all": [5.67,3.18,2.67,2.33,6.65],
		"Delta_L_all": [-30.3,-8.85,-1.17,-0.446,4.17],
		"Delta_Chroma_all": [6.01,3.35,2.48,1.98,5.46],
		"Delta_Hue_Distance_all": [0,0,0,0,0],
		"Delta_Hue_Degrees_all": [0,0,0,0,0],
		"sat_corr_comment": "sat_corr explained on https://www.imatest.com/docs/colorcheck/#satcorr - not recommended.",
		"Delta_C_all_sat_corr": ["_NaN_","_NaN_","_NaN_","_NaN_","_NaN_"],
		"Delta_C94_all_sat_corr": ["_NaN_","_NaN_","_NaN_","_NaN_","_NaN_"],
		"Delta_C2000_all_sat_corr": ["_NaN_","_NaN_","_NaN_","_NaN_","_NaN_"],
		"grayscale_patch_numbers": [1,2,3,4,5],
		"Delta_E": [30.9,9.47,2.74,2.03,6.87],
		"Delta_C": [6.01,3.35,2.48,1.98,5.46],
		"Delta_E94": [30.9,9.47,2.74,2.03,6.87],
		"Delta_C94": [6.01,3.35,2.48,1.98,5.46],
		"Delta_E2000": [21.6,8.81,2.85,2.35,7.16],
		"Delta_C2000": [5.67,3.18,2.67,2.33,6.65],
		"Delta_L": [-30.3,-8.85,-1.17,-0.446,4.17],
		"Delta_Chroma": [6.01,3.35,2.48,1.98,5.46],
		"Delta_Hue_Distance": [0,0,0,0,0],
		"Delta_Hue_Degrees": [0,0,0,0,0],
		"mean_Delta_E": [10.4],
		"mean_Delta_C": [3.85],
		"mean_Delta_E94": [10.4],
		"mean_Delta_C94": [3.85],
		"mean_Delta_E2000": [8.55],
		"mean_Delta_C2000": [4.1],
		"mean_Delta_L": [-7.31],
		"mean_Delta_Chroma": [3.85],
		"mean_Delta_Hue_Distance": [0],
		"mean_Delta_Hue_Degrees": [0],
		"mean_Delta_C_sat_corr": ["_NaN_"],
		"mean_Delta_C94_sat_corr": ["_NaN_"],
		"mean_Delta_C2000_sat_corr": ["_NaN_"],
		"max_Delta_E": [30.9],
		"max_Delta_C": [6.01],
		"max_Delta_E94": [30.9],
		"max_Delta_C94": [6.01],
		"max_Delta_E2000": [21.6],
		"max_Delta_C2000": [6.65],
		"max_Delta_L": [4.17],
		"max_Delta_Chroma": [6.01],
		"max_Delta_Hue_Distance": [0],
		"max_Delta_Hue_Degrees": [0],
		"max_Delta_C_sat_corr": ["_NaN_"],
		"max_Delta_C94_sat_corr": ["_NaN_"],
		"max_Delta_C2000_sat_corr": ["_NaN_"],
		"mean_RegionSize": [45292.8],
		"Sequence_dark_to_light": [5,4,3,2,1],
		"Patch_number": [5,4,3,2,1],
		"R_noise": [0.1156,0.1243,0.1187,0.08506,0.0719],
		"G_noise": [0.09048,0.09429,0.07013,0.05606,0.05238],
		"B_noise": [0.09956,0.107,0.08309,0.06243,0.05566],
		"R_SNR_ratio": [1.343,1.547,2.643,5.636,8.62],
		"G_SNR_ratio": [1.371,1.976,4.729,8.652,11.81],
		"B_SNR_ratio": [1.454,1.84,4.114,8.127,11.88],
		"R_SNR_dB": [2.563,3.791,8.442,15.02,18.71],
		"G_SNR_dB": [2.74,5.917,13.5,18.74,21.45],
		"B_SNR_dB": [3.253,5.296,12.29,18.2,21.49],
		"Gb_noise": [0.07394,0.07643,0.05982,0.04741,0.04419],
		"Gb_SNR_ratio": [1.788,2.465,5.493,10.24,14.07],
		"Gb_SNR_dB": [5.045,7.835,14.8,20.2,22.97],
		"Y_f_stop_SNR_ratio": [1.908,1.91,1.533,0.7934,0.4694],
		"Y_f_stop_SNR_dB": [5.611,5.622,3.71,-2.01,-6.569],
		"quality_levels_for_DR": [
				"Low,",
				"Medium,",
				"M-H,",
				"High,"
		],
		"SigNoise_levels_for_DR": [1,0.5,0.25,0.1],
		"Dynamic_Range_f_stops": [4.165,0,0,0],
		"Dynamic_Range_dB": [25.07,0,0,0],
		"noise_ISO15739_pct": [0.8028,1.069,1.684,3.029,3.942],
		"snr_ISO15739": [1.98,2.771,5.241,6.632,8.752],
		"noise_pct_ISO15739_at_13pct_Lref": [3.461],
		"snr_ISO15739_at_13pct_Lref": [7.635],
		"snr_dB_ISO15739_at_13pct_Lref": [17.66],
		"DynamicRange_at_density_2": [546],
		"DynamicRange_total": [0],
		"DynamicRange_from_slope_OD": [1.95],
		"DynamicRange_from_slope_EV": [6.474],
		"DynamicRange_from_slope_dB": [39],
		"SNR_BW_dB_RGBY": [14.15,17.77,16.83,19.22],
		"L_noise": [8.056,8.074,6.025,4.675,4.208],
		"a_noise": [17.22,18.31,14.63,10.9,9.18],
		"b_noise": [16.88,18.6,13.66,10.12,8.405],
		"Total_Lab_noise_unwtd": [25.42,27.32,20.91,15.59,13.14],
		"Total_ab_noise_unwtd": [24.11,26.1,20.02,14.87,12.45],
		"R_minus_Y_KK_noise": [0.1042,0.1115,0.1005,0.07208,0.0614],
		"B_minus_Y_KK_noise": [0.1062,0.119,0.08935,0.06841,0.05921],
		"Y_Kelly_Keelan_noise": [0.07394,0.07643,0.05982,0.04741,0.04419],
		"Total_KK_noise": [0.09742,0.1027,0.08425,0.0641,0.05756],
		"Chroma_KK_noise": [0.06343,0.06867,0.05932,0.04314,0.03688],
		"Total_old_iso_noise": [0.1193,0.1268,0.1064,0.07951,0.07019],
		"Y_noise_from_YUV": [0.07393,0.07642,0.05982,0.04741,0.04419],
		"U_noise_from_YUV": [0.04988,0.0559,0.04198,0.03214,0.02782],