{
	"jsonResults": {
		"dateRun": "13-May-2025 10:27:43",
		"ini_time_size": "13-May-2025 10:25:44 18833B  MD5 = 58599a5cd33629ce506217f1a8f3d8bf",
		"version": "Imatest 24.2.6 Master Color/Tone Auto",
		"build": "2025-03-20",
		"image_file": "sports ball_55.0 mm_25600ISO_-3EV_Dist1_ON_Focused.tiff",
		"ColorSpace": "sRGB",
		"Reference": "Default values",
		"Ref_folder": "/usr/local/Imatest/v24.2/Master/",
		"Gamma": [0.3429],
		"patches_for_gamma_start_end": [1,5],
		"exposure_error_normalized_y_channel": [-0.268],
		"mean_camera_Saturation_Pct": ["_NaN_"],
		"mean_chroma_level_CPIQ_Pct": ["_NaN_"],
		"CPIQ_chroma_quality_loss_JND": ["_NaN_"],
		"CPIQ_exposure_quality_loss_JND": ["_NaN_"],
		"pixel_offset": [0],
		"mean_patch_size_pxls": [201,223],
		"roi_settings": "Recent ROI settings are in roi, nwid_save, nht_save, fillf, and distort (same names as ini file)",
		"roi": [3103,1406,4362,1680,3103,1682,4362,1398],
		"nwid_save": [6024],
		"nht_save": [4020],
		"fillf": [0.8],
		"distort": [0],
		"grayscale_zone": [1,2,3,4,5],
		"grayscale_minus_log_exposure": [2,1.513,1.025,0.5375,0.05],
		"grayscale_Y_reflectivity": [0.01,0.03073,0.09441,0.2901,0.8913],
		"grayscale_Y_Printer_pixel_gamma22": [33.13,55.18,91.91,153.1,255],
		"grayscale_Y_density": [0.6587,0.7975,0.9646,1.094,1.163],
		"grayscale_R_density": [0.6705,0.763,0.8421,0.8927,0.9389],
		"grayscale_G_density": [0.6577,0.8102,1.014,1.19,1.276],
		"grayscale_B_density": [0.6347,0.7786,0.9176,1.009,1.049],
		"grayscale_Y_mean": [55.96,40.65,27.67,20.53,17.53],
		"grayscale_R_mean": [54.45,44.01,36.68,32.65,29.35],
		"grayscale_G_mean": [56.09,39.47,24.67,16.48,13.5],
		"grayscale_B_mean": [59.13,42.45,30.83,25,22.76],
		"White_Bal_error_Degrees": [740.1,-212.1,-1440,-2551,-2565],
		"White_Bal_error_Mired": [-15.73,5.189,43.78,99.41,100.3],
		"White_Bal_error_S_HSV": [0.07916,0.103,0.3274,0.4952,0.5402],
		"White_Bal_error_Delta_C_ab": [2.142,3.022,7.55,10.23,9.513],
		"White_Bal_error_Delta_C_94": [2.142,3.022,7.55,10.23,9.513],
		"White_Bal_error_Delta_C_00": [2.044,3.945,8.89,11.25,10.6],
		"n_Patch": [1,2,3,4,5],
		"n_Row": [1,1,1,1,1],
		"n_Column": [1,2,3,4,5],
		"width_pixels": [202,203,202,202,202],
		"height_pixels": [225,225,225,225,225],
		"Pixels_total": [45450,45675,45450,45450,45450],
		"R_reference": [242.4,146.6,86.6,49.01,25.46],
		"G_reference": [242.4,146.6,86.6,49.01,25.46],
		"B_reference": [242.4,146.6,86.6,49.01,25.46],
		"R_input": [54.45,44.01,36.68,32.65,29.35],
		"G_input": [56.09,39.47,24.67,16.48,13.5],
		"B_input": [59.13,42.45,30.83,25,22.76],
		"L_reference": [95.63,60.79,36.82,20.33,8.991],
		"a_reference": [0,0,0,0,0],
		"b_reference": [0,0,0,0,0],
		"L_input": [23.51,16.45,10.31,6.981,5.672],
		"a_input": [0.02639,2.773,7.3,9.92,9.108],
		"b_input": [-2.142,-1.199,-1.927,-2.5,-2.748],
		"x_reference": [0.3127,0.3127,0.3127,0.3127,0.3127],
		"y_reference": [0.329,0.329,0.329,0.329,0.329],
		"Y_reference": [0.8913,0.2901,0.09441,0.03073,0.01],
		"x_input": [0.3023,0.3182,0.3391,0.3547,0.3526],
		"y_input": [0.3179,0.3156,0.2959,0.2786,0.2703],
		"Y_input": [0.03951,0.02188,0.01167,0.007728,0.006279],
		"LUV_comment": "L2 is used to differentiate between the L in LAB and L in LUV.",
		"L2_reference": [805.1,262,85.28,27.75,9.033],
		"U_reference": [0.1978,0.1978,0.1978,0.1978,0.1978],
		"V_reference": [0.4683,0.4683,0.4683,0.4683,0.4683],
		"L2_input": [35.69,19.77,10.54,6.981,5.672],
		"U_input": [0.1947,0.2069,0.231,0.2519,0.2547],
		"V_input": [0.4607,0.4618,0.4535,0.4451,0.4393],
		"patch_numbers_for_all_Delta_E_C": [1,2,3,4,5],
		"Delta_E_all": [72.2,44.4,27.6,16.8,10.1],
		"Delta_C_all": [2.14,3.02,7.55,10.2,9.51],
		"Delta_E94_all": [72.2,44.4,27.6,16.8,10.1],
		"Delta_C94_all": [2.14,3.02,7.55,10.2,9.51],
		"Delta_E2000_all": [63.9,38.5,21,14.2,10.8],
		"Delta_C2000_all": [2.04,3.95,8.89,11.3,10.6],
		"Delta_L_all": [-72.1,-44.3,-26.5,-13.4,-3.32],
		"Delta_Chroma_all": [2.14,3.02,7.55,10.2,9.51],
		"Delta_Hue_Distance_all": [0,0,0,0,0],
		"Delta_Hue_Degrees_all": [0,0,0,0,0],
		"sat_corr_comment": "sat_corr explained on https://www.imatest.com/docs/colorcheck/#satcorr - not recommended.",
		"Delta_C_all_sat_corr": ["_NaN_","_NaN_","_NaN_","_NaN_","_NaN_"],
		"Delta_C94_all_sat_corr": ["_NaN_","_NaN_","_NaN_","_NaN_","_NaN_"],
		"Delta_C2000_all_sat_corr": ["_NaN_","_NaN_","_NaN_","_NaN_","_NaN_"],
		"grayscale_patch_numbers": [1,2,3,4,5],
		"Delta_E": [72.2,44.4,27.6,16.8,10.1],
		"Delta_C": [2.14,3.02,7.55,10.2,9.51],
		"Delta_E94": [72.2,44.4,27.6,16.8,10.1],
		"Delta_C94": [2.14,3.02,7.55,10.2,9.51],
		"Delta_E2000": [63.9,38.5,21,14.2,10.8],
		"Delta_C2000": [2.04,3.95,8.89,11.3,10.6],
		"Delta_L": [-72.1,-44.3,-26.5,-13.4,-3.32],
		"Delta_Chroma": [2.14,3.02,7.55,10.2,9.51],
		"Delta_Hue_Distance": [0,0,0,0,0],
		"Delta_Hue_Degrees": [0,0,0,0,0],
		"mean_Delta_E": [34.2],
		"mean_Delta_C": [6.49],
		"mean_Delta_E94": [34.2],
		"mean_Delta_C94": [6.49],
		"mean_Delta_E2000": [29.7],
		"mean_Delta_C2000": [7.35],
		"mean_Delta_L": [-31.9],
		"mean_Delta_Chroma": [6.49],
		"mean_Delta_Hue_Distance": [0],
		"mean_Delta_Hue_Degrees": [0],
		"mean_Delta_C_sat_corr": ["_NaN_"],
		"mean_Delta_C94_sat_corr": ["_NaN_"],
		"mean_Delta_C2000_sat_corr": ["_NaN_"],
		"max_Delta_E": [72.2],
		"max_Delta_C": [10.2],
		"max_Delta_E94": [72.2],
		"max_Delta_C94": [10.2],
		"max_Delta_E2000": [63.9],
		"max_Delta_C2000": [11.3],
		"max_Delta_L": [-3.32],
		"max_Delta_Chroma": [10.2],
		"max_Delta_Hue_Distance": [0],
		"max_Delta_Hue_Degrees": [0],
		"max_Delta_C_sat_corr": ["_NaN_"],
		"max_Delta_C94_sat_corr": ["_NaN_"],
		"max_Delta_C2000_sat_corr": ["_NaN_"],
		"mean_RegionSize": [45292.8],
		"Sequence_dark_to_light": [5,4,3,2,1],
		"Patch_number": [5,4,3,2,1],
		"R_noise": [0.09951,0.1035,0.1116,0.1212,0.1272],
		"G_noise": [0.06851,0.075,0.08689,0.09512,0.09034],
		"B_noise": [0.08339,0.08807,0.09655,0.1068,0.1026],
		"R_SNR_ratio": [1.157,1.237,1.289,1.424,1.678],
		"G_SNR_ratio": [0.7726,0.8617,1.113,1.627,2.435],
		"B_SNR_ratio": [1.07,1.113,1.252,1.558,2.26],
		"R_SNR_dB": [1.264,1.848,2.204,3.069,4.498],
		"G_SNR_dB": [-2.241,-1.293,0.9327,4.229,7.729],
		"B_SNR_dB": [0.5887,0.9322,1.953,3.854,7.081],
		"Gb_noise": [0.05682,0.06137,0.07001,0.07595,0.07308],
		"Gb_SNR_ratio": [1.21,1.312,1.55,2.099,3.003],
		"Gb_SNR_dB": [1.655,2.358,3.804,6.44,9.551],
		"Y_f_stop_SNR_ratio": [0.5072,0.451,0.3479,0.1999,0.1278],
		"Y_f_stop_SNR_dB": [-5.896,-6.916,-9.17,-13.98,-17.87],
		"quality_levels_for_DR": [
				"Low,",
				"Medium,",
				"M-H,",
				"High,"
		],
		"SigNoise_levels_for_DR": [1,0.5,0.25,0.1],
		"Dynamic_Range_f_stops": [0,0,0,0],
		"Dynamic_Range_dB": [0,0,0,0],
		"noise_ISO15739_pct": [1.984,2.562,4.813,9.102,10.64],
		"snr_ISO15739": [0.3164,0.3017,0.2424,0.2404,0.3714],
		"noise_pct_ISO15739_at_13pct_Lref": [10.4],
		"snr_ISO15739_at_13pct_Lref": [0.3514],
		"snr_dB_ISO15739_at_13pct_Lref": [-9.084],
		"DynamicRange_at_density_2": [330.8],
		"DynamicRange_total": [0],
		"DynamicRange_from_slope_OD": [1.95],
		"DynamicRange_from_slope_EV": [6.474],
		"DynamicRange_from_slope_dB": [39],
		"SNR_BW_dB_RGBY": [1.185,3.291,2.283,5.246],
		"L_noise": [6.387,6.845,7.701,8.136,7.576],
		"a_noise": [14.65,15.58,17.21,18.65,18.02],
		"b_noise": [14.22,15.32,17.18,18.99,17.78],
		"Total_Lab_noise_unwtd": [21.39,22.9,25.51,27.83,26.42],
		"Total_ab_noise_unwtd": [20.41,21.85,24.32,26.62,25.31],
		"R_minus_Y_KK_noise": [0.08755,0.09244,0.1016,0.1112,0.1141],
		"B_minus_Y_KK_noise": [0.08763,0.09473,0.1074,0.1207,0.1147],
		"Y_Kelly_Keelan_noise": [0.05682,0.06137,0.07001,0.07595,0.07308],
		"Total_KK_noise": [0.07774,0.08331,0.09379,0.1025,0.1006],
		"Chroma_KK_noise": [0.05305,0.05633,0.06241,0.06879,0.06919],
		"Total_old_iso_noise": [0.09676,0.1033,0.1156,0.1265,0.1256],
		"Y_noise_from_YUV": [0.05682,0.06137,0.07,0.07594,0.07307],
		"U_noise_from_YUV": [0.04118,0.04451,0.05045,0.05673,0.05388],
		"V_noise_from_YUV": [0.06837,0.07218,0.07935,0.08684,0.08908],