{
	"jsonResults": {
		"dateRun": "13-May-2025 10:27:43",
		"ini_time_size": "13-May-2025 10:25:44 18833B  MD5 = 58599a5cd33629ce506217f1a8f3d8bf",
		"version": "Imatest 24.2.6 Master Color/Tone Auto",
		"build": "2025-03-20",
		"image_file": "sports ball_55.0 mm_1600ISO_-1EV_Dist1_OFF_Defocus2.tiff",
		"ColorSpace": "sRGB",
		"Reference": "Default values",
		"Ref_folder": "/usr/local/Imatest/v24.2/Master/",
		"Gamma": [0.3318],
		"patches_for_gamma_start_end": [1,5],
		"exposure_error_normalized_y_channel": [-0.152],
		"mean_camera_Saturation_Pct": ["_NaN_"],
		"mean_chroma_level_CPIQ_Pct": ["_NaN_"],
		"CPIQ_chroma_quality_loss_JND": ["_NaN_"],
		"CPIQ_exposure_quality_loss_JND": ["_NaN_"],
		"pixel_offset": [0],
		"mean_patch_size_pxls": [201,223],
		"roi_settings": "Recent ROI settings are in roi, nwid_save, nht_save, fillf, and distort (same names as ini file)",
		"roi": [3103,1406,4362,1680,3103,1682,4362,1398],
		"nwid_save": [6024],
		"nht_save": [4020],
		"fillf": [0.8],
		"distort": [0],
		"grayscale_zone": [1,2,3,4,5],
		"grayscale_minus_log_exposure": [2,1.513,1.025,0.5375,0.05],
		"grayscale_Y_reflectivity": [0.01,0.03073,0.09441,0.2901,0.8913],
		"grayscale_Y_Printer_pixel_gamma22": [33.13,55.18,91.91,153.1,255],
		"grayscale_Y_density": [0.2822,0.3893,0.5511,0.7728,0.977],
		"grayscale_R_density": [0.2801,0.3904,0.5526,0.7763,0.9777],
		"grayscale_G_density": [0.2842,0.3898,0.5516,0.7726,0.9782],
		"grayscale_B_density": [0.2686,0.3819,0.5417,0.7643,0.9628],
		"grayscale_Y_mean": [133.2,104,71.69,43.03,26.89],
		"grayscale_R_mean": [133.8,103.8,71.44,42.68,26.84],
		"grayscale_G_mean": [132.5,103.9,71.61,43.04,26.81],
		"grayscale_B_mean": [137.4,105.8,73.26,43.87,27.78],
		"White_Bal_error_Degrees": [287.5,186.6,230.3,218.1,255.1],
		"White_Bal_error_Mired": [-6.516,-4.294,-5.265,-4.995,-5.81],
		"White_Bal_error_S_HSV": [0.03528,0.0192,0.02482,0.0271,0.03481],
		"White_Bal_error_Delta_C_ab": [2.834,1.137,1.06,0.5996,0.7187],
		"White_Bal_error_Delta_C_94": [2.834,1.137,1.06,0.5996,0.7187],
		"White_Bal_error_Delta_C_00": [3.033,1.167,1.085,0.5932,0.7632],
		"n_Patch": [1,2,3,4,5],
		"n_Row": [1,1,1,1,1],
		"n_Column": [1,2,3,4,5],
		"width_pixels": [202,203,202,202,202],
		"height_pixels": [225,225,225,225,225],
		"Pixels_total": [45450,45675,45450,45450,45450],
		"R_reference": [242.4,146.6,86.6,49.01,25.46],
		"G_reference": [242.4,146.6,86.6,49.01,25.46],
		"B_reference": [242.4,146.6,86.6,49.01,25.46],
		"R_input": [133.8,103.8,71.44,42.68,26.84],
		"G_input": [132.5,103.9,71.61,43.04,26.81],
		"B_input": [137.4,105.8,73.26,43.87,27.78],
		"L_reference": [95.63,60.79,36.82,20.33,8.991],
		"a_reference": [0,0,0,0,0],
		"b_reference": [0,0,0,0,0],
		"L_input": [55.61,44.03,30.46,17.55,9.712],
		"a_input": [1.432,0.338,0.299,0.03965,0.2632],
		"b_input": [-2.445,-1.086,-1.017,-0.5983,-0.6688],
		"x_reference": [0.3127,0.3127,0.3127,0.3127,0.3127],
		"y_reference": [0.329,0.329,0.329,0.329,0.329],
		"Y_reference": [0.8913,0.2901,0.09441,0.03073,0.01],
		"x_input": [0.309,0.31,0.3094,0.3094,0.3092],
		"y_input": [0.3207,0.3249,0.3241,0.3253,0.323],
		"Y_input": [0.2352,0.1386,0.06426,0.02419,0.01089],
		"LUV_comment": "L2 is used to differentiate between the L in LAB and L in LUV.",
		"L2_reference": [805.1,262,85.28,27.75,9.033],
		"U_reference": [0.1978,0.1978,0.1978,0.1978,0.1978],
		"V_reference": [0.4683,0.4683,0.4683,0.4683,0.4683],
		"L2_input": [212.5,125.2,58.04,21.85,9.837],
		"U_input": [0.1984,0.1975,0.1974,0.1969,0.1976],
		"V_input": [0.4633,0.4657,0.4652,0.4658,0.4646],
		"patch_numbers_for_all_Delta_E_C": [1,2,3,4,5],
		"Delta_E_all": [40.1,16.8,6.45,2.85,1.02],
		"Delta_C_all": [2.83,1.14,1.06,0.6,0.719],
		"Delta_E94_all": [40.1,16.8,6.45,2.85,1.02],
		"Delta_C94_all": [2.83,1.14,1.06,0.6,0.719],
		"Delta_E2000_all": [29.2,16.5,5.25,2,0.885],
		"Delta_C2000_all": [3.03,1.17,1.08,0.593,0.763],
		"Delta_L_all": [-40,-16.8,-6.36,-2.79,0.72],
		"Delta_Chroma_all": [2.83,1.14,1.06,0.6,0.719],
		"Delta_Hue_Distance_all": [0,0,0,0,0],
		"Delta_Hue_Degrees_all": [0,0,0,0,0],
		"sat_corr_comment": "sat_corr explained on https://www.imatest.com/docs/colorcheck/#satcorr - not recommended.",
		"Delta_C_all_sat_corr": ["_NaN_","_NaN_","_NaN_","_NaN_","_NaN_"],
		"Delta_C94_all_sat_corr": ["_NaN_","_NaN_","_NaN_","_NaN_","_NaN_"],
		"Delta_C2000_all_sat_corr": ["_NaN_","_NaN_","_NaN_","_NaN_","_NaN_"],
		"grayscale_patch_numbers": [1,2,3,4,5],
		"Delta_E": [40.1,16.8,6.45,2.85,1.02],
		"Delta_C": [2.83,1.14,1.06,0.6,0.719],
		"Delta_E94": [40.1,16.8,6.45,2.85,1.02],
		"Delta_C94": [2.83,1.14,1.06,0.6,0.719],
		"Delta_E2000": [29.2,16.5,5.25,2,0.885],
		"Delta_C2000": [3.03,1.17,1.08,0.593,0.763],
		"Delta_L": [-40,-16.8,-6.36,-2.79,0.72],
		"Delta_Chroma": [2.83,1.14,1.06,0.6,0.719],
		"Delta_Hue_Distance": [0,0,0,0,0],
		"Delta_Hue_Degrees": [0,0,0,0,0],
		"mean_Delta_E": [13.4],
		"mean_Delta_C": [1.27],
		"mean_Delta_E94": [13.4],
		"mean_Delta_C94": [1.27],
		"mean_Delta_E2000": [10.8],
		"mean_Delta_C2000": [1.33],
		"mean_Delta_L": [-13],
		"mean_Delta_Chroma": [1.27],
		"mean_Delta_Hue_Distance": [0],
		"mean_Delta_Hue_Degrees": [0],
		"mean_Delta_C_sat_corr": ["_NaN_"],
		"mean_Delta_C94_sat_corr": ["_NaN_"],
		"mean_Delta_C2000_sat_corr": ["_NaN_"],
		"max_Delta_E": [40.1],
		"max_Delta_C": [2.83],
		"max_Delta_E94": [40.1],
		"max_Delta_C94": [2.83],
		"max_Delta_E2000": [29.2],
		"max_Delta_C2000": [3.03],
		"max_Delta_L": [0.72],
		"max_Delta_Chroma": [2.83],
		"max_Delta_Hue_Distance": [0],
		"max_Delta_Hue_Degrees": [0],
		"max_Delta_C_sat_corr": ["_NaN_"],
		"max_Delta_C94_sat_corr": ["_NaN_"],
		"max_Delta_C2000_sat_corr": ["_NaN_"],
		"mean_RegionSize": [45292.8],
		"Sequence_dark_to_light": [5,4,3,2,1],
		"Patch_number": [5,4,3,2,1],
		"R_noise": [0.04817,0.03834,0.02913,0.02678,0.02737],
		"G_noise": [0.03611,0.02392,0.01812,0.01755,0.02019],
		"B_noise": [0.04222,0.03013,0.0231,0.02196,0.0237],
		"R_SNR_ratio": [2.185,4.366,9.618,15.2,19.17],
		"G_SNR_ratio": [2.912,7.057,15.5,23.23,25.74],
		"B_SNR_ratio": [2.58,5.71,12.44,18.9,22.74],
		"R_SNR_dB": [6.79,12.8,19.66,23.64,25.65],
		"G_SNR_dB": [9.282,16.97,23.8,27.32,28.21],
		"B_SNR_dB": [8.233,15.13,21.89,25.53,27.13],
		"Gb_noise": [0.03291,0.02107,0.01539,0.01511,0.01827],
		"Gb_SNR_ratio": [3.204,8.01,18.27,27.01,28.58],
		"Gb_SNR_dB": [10.11,18.07,25.23,28.63,29.12],
		"Y_f_stop_SNR_ratio": [3.858,4.926,4.8,2.575,1.187],
		"Y_f_stop_SNR_dB": [11.73,13.85,13.62,8.215,1.492],
		"quality_levels_for_DR": [
				"Low,",
				"Medium,",
				"M-H,",
				"High,"
		],
		"SigNoise_levels_for_DR": [1,0.5,0.25,0.1],
		"Dynamic_Range_f_stops": [0,5.257,3.614,0],
		"Dynamic_Range_dB": [0,31.65,21.75,0],
		"noise_ISO15739_pct": [0.2837,0.244,0.3941,0.8992,1.503],
		"snr_ISO15739": [3.838,9.911,16.3,15.41,15.65],
		"noise_pct_ISO15739_at_13pct_Lref": [1.331],
		"snr_ISO15739_at_13pct_Lref": [15.58],
		"snr_dB_ISO15739_at_13pct_Lref": [23.85],
		"DynamicRange_at_density_2": [2019],
		"DynamicRange_total": [0],
		"DynamicRange_from_slope_OD": [1.95],
		"DynamicRange_from_slope_EV": [6.474],
		"DynamicRange_from_slope_dB": [39],
		"SNR_BW_dB_RGBY": [22.41,26.08,24.13,27.38],
		"L_noise": [3.709,2.467,1.693,1.564,1.82],
		"a_noise": [6.104,5.598,4.259,3.666,3.295],
		"b_noise": [5.863,5.286,4.074,3.489,3.17],
		"Total_Lab_noise_unwtd": [9.241,8.085,6.132,5.298,4.921],
		"Total_ab_noise_unwtd": [8.464,7.7,5.894,5.061,4.572],
		"R_minus_Y_KK_noise": [0.03584,0.03127,0.02451,0.02222,0.02075],
		"B_minus_Y_KK_noise": [0.03751,0.03007,0.0249,0.02272,0.02156],
		"Y_Kelly_Keelan_noise": [0.03291,0.02107,0.01539,0.01511,0.01827],
		"Total_KK_noise": [0.03956,0.02822,0.02142,0.02028,0.02225],
		"Chroma_KK_noise": [0.02196,0.01877,0.0149,0.01353,0.01269],
		"Total_old_iso_noise": [0.04615,0.03485,0.02684,0.02504,0.02615],
		"Y_noise_from_YUV": [0.03291,0.02107,0.01539,0.01511,0.01827],
		"U_noise_from_YUV": [0.01763,0.01413,0.0117,0.01067,0.01013],