{
	"jsonResults": {
		"dateRun": "07-May-2025 14:30:22",
		"ini_time_size": "07-May-2025 14:16:52 9643B  MD5 = c202af7b219604622ce06a9ab2d4f8e8",
		"version": "Imatest 24.2.6 Master Color/Tone Auto",
		"build": "2025-03-20",
		"image_file": "sports ball_55.0 mm_1600ISO_+1EV_Dist1_OFF_Focused.tiff",
		"ColorSpace": "sRGB",
		"Reference": "Default values",
		"Ref_folder": "/usr/local/Imatest/v24.2/Master/",
		"Gamma": [0.3779],
		"patches_for_gamma_start_end": [1,5],
		"exposure_error_normalized_y_channel": [0.195],
		"mean_camera_Saturation_Pct": ["_NaN_"],
		"mean_chroma_level_CPIQ_Pct": ["_NaN_"],
		"CPIQ_chroma_quality_loss_JND": ["_NaN_"],
		"CPIQ_exposure_quality_loss_JND": ["_NaN_"],
		"pixel_offset": [0],
		"mean_patch_size_pxls": [178,227],
		"roi_settings": "Recent ROI settings are in roi, nwid_save, nht_save, fillf, and distort (same names as ini file)",
		"roi": [3074,1389,4483,1711,3134,1711,4268,1384],
		"nwid_save": [6024],
		"nht_save": [4020],
		"fillf": [0.7],
		"distort": [0],
		"grayscale_zone": [1,2,3,4,5],
		"grayscale_minus_log_exposure": [2,1.513,1.025,0.5375,0.05],
		"grayscale_Y_reflectivity": [0.01,0.03073,0.09441,0.2901,0.8913],
		"grayscale_Y_Printer_pixel_gamma22": [33.13,55.18,91.91,153.1,255],
		"grayscale_Y_density": [0.03277,0.1393,0.295,0.5077,0.8099],
		"grayscale_R_density": [0.03521,0.1426,0.2986,0.509,0.8169],
		"grayscale_G_density": [0.03305,0.1387,0.2945,0.5079,0.8086],
		"grayscale_B_density": [0.02296,0.1351,0.2894,0.5026,0.8029],
		"grayscale_Y_mean": [236.5,185,129.3,79.22,39.5],
		"grayscale_R_mean": [235.1,183.6,128.2,78.99,38.87],
		"grayscale_G_mean": [236.3,185.3,129.4,79.19,39.62],
		"grayscale_B_mean": [241.9,186.8,130.9,80.17,40.14],
		"White_Bal_error_Degrees": [289.8,162.4,194.8,134,236.6],
		"White_Bal_error_Mired": [-6.566,-3.751,-4.476,-3.107,-5.403],
		"White_Bal_error_S_HSV": [0.02783,0.01718,0.0209,0.01464,0.03166],
		"White_Bal_error_Delta_C_ab": [2.895,1.035,0.9936,0.6218,0.5109],
		"White_Bal_error_Delta_C_94": [2.895,1.035,0.9936,0.6218,0.5109],
		"White_Bal_error_Delta_C_00": [2.788,1.059,0.9863,0.6301,0.5556],
		"n_Patch": [1,2,3,4,5],
		"n_Row": [1,1,1,1,1],
		"n_Column": [1,2,3,4,5],
		"width_pixels": [179,179,179,179,179],
		"height_pixels": [229,229,230,229,229],
		"Pixels_total": [40991,40991,41170,40991,40991],
		"R_reference": [242.4,146.6,86.6,49.01,25.46],
		"G_reference": [242.4,146.6,86.6,49.01,25.46],
		"B_reference": [242.4,146.6,86.6,49.01,25.46],
		"R_input": [235.1,183.6,128.2,78.99,38.87],
		"G_input": [236.3,185.3,129.4,79.19,39.62],
		"B_input": [241.9,186.8,130.9,80.17,40.14],
		"L_reference": [95.63,60.79,36.82,20.33,8.991],
		"a_reference": [0,0,0,0,0],
		"b_reference": [0,0,0,0,0],
		"L_input": [93.56,75.16,54.09,33.7,15.88],
		"a_input": [0.6104,-0.2918,-0.1554,0.1323,-0.2108],
		"b_input": [-2.83,-0.9929,-0.9814,-0.6075,-0.4653],
		"x_reference": [0.3127,0.3127,0.3127,0.3127,0.3127],
		"y_reference": [0.329,0.329,0.329,0.329,0.329],
		"Y_reference": [0.8913,0.2901,0.09441,0.03073,0.01],
		"x_input": [0.3085,0.3101,0.3097,0.3107,0.3089],
		"y_input": [0.3234,0.327,0.3263,0.3263,0.3265],
		"Y_input": [0.8426,0.4854,0.2206,0.07863,0.02075],
		"LUV_comment": "L2 is used to differentiate between the L in LAB and L in LUV.",
		"L2_reference": [805.1,262,85.28,27.75,9.033],
		"U_reference": [0.1978,0.1978,0.1978,0.1978,0.1978],
		"V_reference": [0.4683,0.4683,0.4683,0.4683,0.4683],
		"L2_input": [761.1,438.4,199.3,71.03,18.75],
		"U_input": [0.197,0.1968,0.1967,0.1975,0.1961],
		"V_input": [0.4646,0.4669,0.4664,0.4666,0.4664],
		"patch_numbers_for_all_Delta_E_C": [1,2,3,4,5],
		"Delta_E_all": [3.56,14.4,17.3,13.4,6.91],
		"Delta_C_all": [2.9,1.03,0.994,0.622,0.511],
		"Delta_E94_all": [3.56,14.4,17.3,13.4,6.91],
		"Delta_C94_all": [2.9,1.03,0.994,0.622,0.511],
		"Delta_E2000_all": [3.05,11.4,16.5,10,4.45],
		"Delta_C2000_all": [2.79,1.06,0.986,0.63,0.556],
		"Delta_L_all": [-2.07,14.4,17.3,13.4,6.89],
		"Delta_Chroma_all": [2.9,1.03,0.994,0.622,0.511],
		"Delta_Hue_Distance_all": [0,0,0,0,0],
		"Delta_Hue_Degrees_all": [0,0,0,0,0],
		"sat_corr_comment": "sat_corr explained on https://www.imatest.com/docs/colorcheck/#satcorr - not recommended.",
		"Delta_C_all_sat_corr": ["_NaN_","_NaN_","_NaN_","_NaN_","_NaN_"],
		"Delta_C94_all_sat_corr": ["_NaN_","_NaN_","_NaN_","_NaN_","_NaN_"],
		"Delta_C2000_all_sat_corr": ["_NaN_","_NaN_","_NaN_","_NaN_","_NaN_"],
		"grayscale_patch_numbers": [1,2,3,4,5],
		"Delta_E": [3.56,14.4,17.3,13.4,6.91],
		"Delta_C": [2.9,1.03,0.994,0.622,0.511],
		"Delta_E94": [3.56,14.4,17.3,13.4,6.91],
		"Delta_C94": [2.9,1.03,0.994,0.622,0.511],
		"Delta_E2000": [3.05,11.4,16.5,10,4.45],
		"Delta_C2000": [2.79,1.06,0.986,0.63,0.556],
		"Delta_L": [-2.07,14.4,17.3,13.4,6.89],
		"Delta_Chroma": [2.9,1.03,0.994,0.622,0.511],
		"Delta_Hue_Distance": [0,0,0,0,0],
		"Delta_Hue_Degrees": [0,0,0,0,0],
		"mean_Delta_E": [11.1],
		"mean_Delta_C": [1.21],
		"mean_Delta_E94": [11.1],
		"mean_Delta_C94": [1.21],
		"mean_Delta_E2000": [9.09],
		"mean_Delta_C2000": [1.2],
		"mean_Delta_L": [9.97],
		"mean_Delta_Chroma": [1.21],
		"mean_Delta_Hue_Distance": [0],
		"mean_Delta_Hue_Degrees": [0],
		"mean_Delta_C_sat_corr": ["_NaN_"],
		"mean_Delta_C94_sat_corr": ["_NaN_"],
		"mean_Delta_C2000_sat_corr": ["_NaN_"],
		"max_Delta_E": [17.3],
		"max_Delta_C": [2.9],
		"max_Delta_E94": [17.3],
		"max_Delta_C94": [2.9],
		"max_Delta_E2000": [16.5],
		"max_Delta_C2000": [2.79],
		"max_Delta_L": [17.3],
		"max_Delta_Chroma": [2.9],
		"max_Delta_Hue_Distance": [0],
		"max_Delta_Hue_Degrees": [0],
		"max_Delta_C_sat_corr": ["_NaN_"],
		"max_Delta_C94_sat_corr": ["_NaN_"],
		"max_Delta_C2000_sat_corr": ["_NaN_"],
		"mean_RegionSize": [40847.8],
		"Sequence_dark_to_light": [5,4,3,2,1],
		"Patch_number": [5,4,3,2,1],
		"R_noise": [0.03507,0.02598,0.0228,0.02132,0.02011],
		"G_noise": [0.01979,0.01617,0.01441,0.01372,0.01337],
		"B_noise": [0.02612,0.02062,0.01835,0.01753,0.01647],
		"R_SNR_ratio": [4.347,11.92,22.05,33.77,45.85],
		"G_SNR_ratio": [7.852,19.21,35.22,52.97,69.32],
		"B_SNR_ratio": [6.028,15.25,27.98,41.79,57.6],
		"R_SNR_dB": [12.76,21.53,26.87,30.57,33.23],
		"G_SNR_dB": [17.9,25.67,30.94,34.48,36.82],
		"B_SNR_dB": [15.6,23.66,28.94,32.42,35.21],
		"Gb_noise": [0.01686,0.0136,0.01211,0.01166,0.01125],
		"Gb_SNR_ratio": [9.188,22.85,41.88,62.22,82.45],
		"Gb_SNR_dB": [19.26,27.18,32.44,35.88,38.32],
		"Y_f_stop_SNR_ratio": [11.07,11.13,10.58,7.996,5.704],
		"Y_f_stop_SNR_dB": [20.88,20.93,20.49,18.06,15.12],
		"quality_levels_for_DR": [
				"Low,",
				"Medium,",
				"M-H,",
				"High,"
		],
		"SigNoise_levels_for_DR": [1,0.5,0.25,0.1],
		"Dynamic_Range_f_stops": [0,0,0,3.53],
		"Dynamic_Range_dB": [0,0,0,21.25],
		"noise_ISO15739_pct": [0.2985,0.3383,0.7494,1.762,2.339],
		"snr_ISO15739": [6.953,23.24,29.44,27.54,36.02],
		"noise_pct_ISO15739_at_13pct_Lref": [1.142],
		"snr_ISO15739_at_13pct_Lref": [28.7],
		"snr_dB_ISO15739_at_13pct_Lref": [29.16],
		"DynamicRange_at_density_2": [458.6],
		"DynamicRange_total": [0],
		"DynamicRange_from_slope_OD": [1.95],
		"DynamicRange_from_slope_EV": [6.474],
		"DynamicRange_from_slope_dB": [39],
		"SNR_BW_dB_RGBY": [29.22,33.05,30.92,34.46],
		"L_noise": [2.002,1.472,1.206,1.089,1.002],
		"a_noise": [5.338,3.783,3.058,2.64,2.436],
		"b_noise": [5.037,3.564,2.942,2.608,2.356],
		"Total_Lab_noise_unwtd": [7.608,5.402,4.411,3.867,3.534],
		"Total_ab_noise_unwtd": [7.34,5.197,4.243,3.711,3.389],
		"R_minus_Y_KK_noise": [0.02956,0.02219,0.01945,0.01792,0.01709],
		"B_minus_Y_KK_noise": [0.02833,0.02214,0.01989,0.01881,0.01781],
		"Y_Kelly_Keelan_noise": [0.01686,0.0136,0.01211,0.01166,0.01125],
		"Total_KK_noise": [0.02447,0.01911,0.01694,0.01602,0.01536],
		"Chroma_KK_noise": [0.01773,0.01344,0.01185,0.01099,0.01046],
		"Total_old_iso_noise": [0.03117,0.02405,0.02126,0.01996,0.01909],
		"Y_noise_from_YUV": [0.01686,0.01359,0.01211,0.01166,0.01125],
		"U_noise_from_YUV": [0.01331,0.0104,0.009344,0.008838,0.008369],