{
	"jsonResults": {
		"dateRun": "07-May-2025 14:30:22",
		"ini_time_size": "07-May-2025 14:16:52 9643B  MD5 = c202af7b219604622ce06a9ab2d4f8e8",
		"version": "Imatest 24.2.6 Master Color/Tone Auto",
		"build": "2025-03-20",
		"image_file": "sports ball_55.0 mm_25600ISO_+1EV_Dist1_OFF_Defocus2.tiff",
		"ColorSpace": "sRGB",
		"Reference": "Default values",
		"Ref_folder": "/usr/local/Imatest/v24.2/Master/",
		"Gamma": [0.3167],
		"patches_for_gamma_start_end": [1,5],
		"exposure_error_normalized_y_channel": [0.127],
		"mean_camera_Saturation_Pct": ["_NaN_"],
		"mean_chroma_level_CPIQ_Pct": ["_NaN_"],
		"CPIQ_chroma_quality_loss_JND": ["_NaN_"],
		"CPIQ_exposure_quality_loss_JND": ["_NaN_"],
		"pixel_offset": [0],
		"mean_patch_size_pxls": [178,227],
		"roi_settings": "Recent ROI settings are in roi, nwid_save, nht_save, fillf, and distort (same names as ini file)",
		"roi": [3074,1389,4483,1711,3134,1711,4268,1384],
		"nwid_save": [6024],
		"nht_save": [4020],
		"fillf": [0.7],
		"distort": [0],
		"grayscale_zone": [1,2,3,4,5],
		"grayscale_minus_log_exposure": [2,1.513,1.025,0.5375,0.05],
		"grayscale_Y_reflectivity": [0.01,0.03073,0.09441,0.2901,0.8913],
		"grayscale_Y_Printer_pixel_gamma22": [33.13,55.18,91.91,153.1,255],
		"grayscale_Y_density": [0.06508,0.169,0.3234,0.5373,0.717],
		"grayscale_R_density": [0.0664,0.1733,0.3328,0.555,0.6945],
		"grayscale_G_density": [0.06646,0.1688,0.322,0.5322,0.7252],
		"grayscale_B_density": [0.04785,0.1584,0.3106,0.5363,0.704],
		"grayscale_Y_mean": [219.5,172.8,121.1,74.01,48.93],
		"grayscale_R_mean": [218.8,171.1,118.5,71.04,51.53],
		"grayscale_G_mean": [218.8,172.9,121.5,74.87,48.01],
		"grayscale_B_mean": [228.4,177.1,124.7,74.18,50.41],
		"White_Bal_error_Degrees": [469,340,477.1,310.7,-120.8],
		"White_Bal_error_Mired": [-10.35,-7.647,-10.52,-7.018,2.913],
		"White_Bal_error_S_HSV": [0.04194,0.03381,0.04979,0.05118,0.06834],
		"White_Bal_error_Delta_C_ab": [5.015,2.385,2.203,1.722,2.326],
		"White_Bal_error_Delta_C_94": [5.015,2.385,2.203,1.722,2.326],
		"White_Bal_error_Delta_C_00": [4.808,2.27,2.152,2.437,3.086],
		"n_Patch": [1,2,3,4,5],
		"n_Row": [1,1,1,1,1],
		"n_Column": [1,2,3,4,5],
		"width_pixels": [179,179,179,179,179],
		"height_pixels": [229,229,230,229,229],
		"Pixels_total": [40991,40991,41170,40991,40991],
		"R_reference": [242.4,146.6,86.6,49.01,25.46],
		"G_reference": [242.4,146.6,86.6,49.01,25.46],
		"B_reference": [242.4,146.6,86.6,49.01,25.46],
		"R_input": [218.8,171.1,118.5,71.04,51.53],
		"G_input": [218.8,172.9,121.5,74.87,48.01],
		"B_input": [228.4,177.1,124.7,74.18,50.41],
		"L_reference": [95.63,60.79,36.82,20.33,8.991],
		"a_reference": [0,0,0,0,0],
		"b_reference": [0,0,0,0,0],
		"L_input": [87.6,70.65,50.87,31.47,20.31],
		"a_input": [1.771,0.1747,-0.458,-1.717,2.114],
		"b_input": [-4.692,-2.378,-2.155,-0.133,-0.9709],
		"x_reference": [0.3127,0.3127,0.3127,0.3127,0.3127],
		"y_reference": [0.329,0.329,0.329,0.329,0.329],
		"Y_reference": [0.8913,0.2901,0.09441,0.03073,0.01],
		"x_input": [0.3064,0.3077,0.3054,0.3068,0.3162],
		"y_input": [0.3186,0.3233,0.3229,0.331,0.3195],
		"Y_input": [0.7123,0.4168,0.1916,0.06853,0.03066],
		"LUV_comment": "L2 is used to differentiate between the L in LAB and L in LUV.",
		"L2_reference": [805.1,262,85.28,27.75,9.033],
		"U_reference": [0.1978,0.1978,0.1978,0.1978,0.1978],
		"V_reference": [0.4683,0.4683,0.4683,0.4683,0.4683],
		"L2_input": [643.4,376.5,173,61.9,27.69],
		"U_input": [0.1974,0.1965,0.195,0.193,0.2039],
		"V_input": [0.4617,0.4645,0.4639,0.4685,0.4637],
		"patch_numbers_for_all_Delta_E_C": [1,2,3,4,5],
		"Delta_E_all": [9.47,10.1,14.2,11.3,11.6],
		"Delta_C_all": [5.01,2.38,2.2,1.72,2.33],
		"Delta_E94_all": [9.47,10.1,14.2,11.3,11.6],
		"Delta_C94_all": [5.01,2.38,2.2,1.72,2.33],
		"Delta_E2000_all": [6.91,8.35,13.2,8.57,8.03],
		"Delta_C2000_all": [4.81,2.27,2.15,2.44,3.09],
		"Delta_L_all": [-8.04,9.86,14,11.1,11.3],
		"Delta_Chroma_all": [5.01,2.38,2.2,1.72,2.33],
		"Delta_Hue_Distance_all": [0,0,0,0,0],
		"Delta_Hue_Degrees_all": [0,0,0,0,0],
		"sat_corr_comment": "sat_corr explained on https://www.imatest.com/docs/colorcheck/#satcorr - not recommended.",
		"Delta_C_all_sat_corr": ["_NaN_","_NaN_","_NaN_","_NaN_","_NaN_"],
		"Delta_C94_all_sat_corr": ["_NaN_","_NaN_","_NaN_","_NaN_","_NaN_"],
		"Delta_C2000_all_sat_corr": ["_NaN_","_NaN_","_NaN_","_NaN_","_NaN_"],
		"grayscale_patch_numbers": [1,2,3,4,5],
		"Delta_E": [9.47,10.1,14.2,11.3,11.6],
		"Delta_C": [5.01,2.38,2.2,1.72,2.33],
		"Delta_E94": [9.47,10.1,14.2,11.3,11.6],
		"Delta_C94": [5.01,2.38,2.2,1.72,2.33],
		"Delta_E2000": [6.91,8.35,13.2,8.57,8.03],
		"Delta_C2000": [4.81,2.27,2.15,2.44,3.09],
		"Delta_L": [-8.04,9.86,14,11.1,11.3],
		"Delta_Chroma": [5.01,2.38,2.2,1.72,2.33],
		"Delta_Hue_Distance": [0,0,0,0,0],
		"Delta_Hue_Degrees": [0,0,0,0,0],
		"mean_Delta_E": [11.3],
		"mean_Delta_C": [2.73],
		"mean_Delta_E94": [11.3],
		"mean_Delta_C94": [2.73],
		"mean_Delta_E2000": [9.02],
		"mean_Delta_C2000": [2.95],
		"mean_Delta_L": [7.67],
		"mean_Delta_Chroma": [2.73],
		"mean_Delta_Hue_Distance": [0],
		"mean_Delta_Hue_Degrees": [0],
		"mean_Delta_C_sat_corr": ["_NaN_"],
		"mean_Delta_C94_sat_corr": ["_NaN_"],
		"mean_Delta_C2000_sat_corr": ["_NaN_"],
		"max_Delta_E": [14.2],
		"max_Delta_C": [5.01],
		"max_Delta_E94": [14.2],
		"max_Delta_C94": [5.01],
		"max_Delta_E2000": [13.2],
		"max_Delta_C2000": [4.81],
		"max_Delta_L": [14],
		"max_Delta_Chroma": [5.01],
		"max_Delta_Hue_Distance": [0],
		"max_Delta_Hue_Degrees": [0],
		"max_Delta_C_sat_corr": ["_NaN_"],
		"max_Delta_C94_sat_corr": ["_NaN_"],
		"max_Delta_C2000_sat_corr": ["_NaN_"],
		"mean_RegionSize": [40847.8],
		"Sequence_dark_to_light": [5,4,3,2,1],
		"Patch_number": [5,4,3,2,1],
		"R_noise": [0.1243,0.1263,0.09034,0.06936,0.06474],
		"G_noise": [0.09706,0.08119,0.05689,0.05009,0.05031],
		"B_noise": [0.1065,0.09672,0.06336,0.05581,0.05304],
		"R_SNR_ratio": [1.626,2.205,5.144,9.672,13.26],
		"G_SNR_ratio": [1.94,3.616,8.375,13.53,17.06],
		"B_SNR_ratio": [1.857,3.008,7.718,12.44,16.89],
		"R_SNR_dB": [4.223,6.869,14.23,19.71,22.45],
		"G_SNR_dB": [5.754,11.17,18.46,22.63,24.64],
		"B_SNR_dB": [5.376,9.565,17.75,21.9,24.55],
		"Gb_noise": [0.08124,0.06859,0.04809,0.04222,0.04323],
		"Gb_SNR_ratio": [2.362,4.231,9.875,16.05,19.91],
		"Gb_SNR_dB": [7.465,12.53,19.89,24.11,25.98],
		"Y_f_stop_SNR_ratio": [2.617,2.822,2.487,1.274,0.7475],
		"Y_f_stop_SNR_dB": [8.357,9.013,7.913,2.101,-2.527],
		"quality_levels_for_DR": [
				"Low,",
				"Medium,",
				"M-H,",
				"High,"
		],
		"SigNoise_levels_for_DR": [1,0.5,0.25,0.1],
		"Dynamic_Range_f_stops": [5.488,3.653,0,0],
		"Dynamic_Range_dB": [33.04,21.99,0,0],
		"noise_ISO15739_pct": [1.107,1.251,1.924,3.931,5.584],
		"snr_ISO15739": [2.768,5.476,9.959,10.6,12.76],
		"noise_pct_ISO15739_at_13pct_Lref": [3.714],
		"snr_ISO15739_at_13pct_Lref": [10.53],
		"snr_dB_ISO15739_at_13pct_Lref": [20.45],
		"DynamicRange_at_density_2": [218.4],
		"DynamicRange_total": [0],
		"DynamicRange_from_slope_OD": [1.95],
		"DynamicRange_from_slope_EV": [6.474],
		"DynamicRange_from_slope_dB": [39],
		"SNR_BW_dB_RGBY": [18.3,21.13,20.19,22.62],
		"L_noise": [8.672,6.984,4.74,3.972,3.906],
		"a_noise": [17.51,16.25,11.36,8.735,7.728],
		"b_noise": [17.15,15.62,10.3,8.318,7.15],
		"Total_Lab_noise_unwtd": [26,23.59,16.05,12.7,11.23],
		"Total_ab_noise_unwtd": [24.51,22.53,15.33,12.06,10.53],
		"R_minus_Y_KK_noise": [0.1083,0.108,0.077,0.05929,0.05371],
		"B_minus_Y_KK_noise": [0.1092,0.1022,0.06948,0.05937,0.05337],
		"Y_Kelly_Keelan_noise": [0.08124,0.06859,0.04809,0.04222,0.04323],
		"Total_KK_noise": [0.1045,0.09423,0.06627,0.05544,0.05408],
		"Chroma_KK_noise": [0.06572,0.06461,0.04559,0.03593,0.03249],
		"Total_old_iso_noise": [0.1265,0.1176,0.08294,0.0678,0.06458],
		"Y_noise_from_YUV": [0.08124,0.06859,0.04808,0.04221,0.04322],
		"U_noise_from_YUV": [0.05132,0.04804,0.03264,0.0279,0.02508],
		"V_noise_from_YUV": [0.08454,0.08433,0.06013,0.0463,0.04194],