{
	"jsonResults": {
		"dateRun": "13-May-2025 10:27:43",
		"ini_time_size": "13-May-2025 10:25:44 18833B  MD5 = 58599a5cd33629ce506217f1a8f3d8bf",
		"version": "Imatest 24.2.6 Master Color/Tone Auto",
		"build": "2025-03-20",
		"image_file": "sports ball_55.0 mm_6400ISO_-3EV_Dist1_ON_Focused.tiff",
		"ColorSpace": "sRGB",
		"Reference": "Default values",
		"Ref_folder": "/usr/local/Imatest/v24.2/Master/",
		"Gamma": [0.4547],
		"patches_for_gamma_start_end": [1,5],
		"exposure_error_normalized_y_channel": [-0.264],
		"mean_camera_Saturation_Pct": ["_NaN_"],
		"mean_chroma_level_CPIQ_Pct": ["_NaN_"],
		"CPIQ_chroma_quality_loss_JND": ["_NaN_"],
		"CPIQ_exposure_quality_loss_JND": ["_NaN_"],
		"pixel_offset": [0],
		"mean_patch_size_pxls": [201,223],
		"roi_settings": "Recent ROI settings are in roi, nwid_save, nht_save, fillf, and distort (same names as ini file)",
		"roi": [3103,1406,4362,1680,3103,1682,4362,1398],
		"nwid_save": [6024],
		"nht_save": [4020],
		"fillf": [0.8],
		"distort": [0],
		"grayscale_zone": [1,2,3,4,5],
		"grayscale_minus_log_exposure": [2,1.513,1.025,0.5375,0.05],
		"grayscale_Y_reflectivity": [0.01,0.03073,0.09441,0.2901,0.8913],
		"grayscale_Y_Printer_pixel_gamma22": [33.13,55.18,91.91,153.1,255],
		"grayscale_Y_density": [0.6186,0.7534,0.9751,1.265,1.485],
		"grayscale_R_density": [0.6221,0.7627,0.9694,1.137,1.256],
		"grayscale_G_density": [0.6196,0.7518,0.9789,1.322,1.608],
		"grayscale_B_density": [0.5993,0.7431,0.9547,1.18,1.346],
		"grayscale_Y_mean": [61.36,44.99,27.01,13.86,8.339],
		"grayscale_R_mean": [60.87,44.04,27.36,18.6,14.16],
		"grayscale_G_mean": [61.23,45.16,26.77,12.15,6.294],
		"grayscale_B_mean": [64.16,46.07,28.31,16.85,11.49],
		"White_Bal_error_Degrees": [492,348.4,282.6,-538.4,-1375],
		"White_Bal_error_Mired": [-10.83,-7.826,-6.41,13.89,41.29],
		"White_Bal_error_S_HSV": [0.05133,0.04417,0.0542,0.3469,0.5554],
		"White_Bal_error_Delta_C_ab": [1.929,0.8139,1.179,3.404,3.164],
		"White_Bal_error_Delta_C_94": [1.929,0.8139,1.179,3.404,3.164],
		"White_Bal_error_Delta_C_00": [1.929,0.854,1.358,4.358,4.124],
		"n_Patch": [1,2,3,4,5],
		"n_Row": [1,1,1,1,1],
		"n_Column": [1,2,3,4,5],
		"width_pixels": [202,203,202,202,202],
		"height_pixels": [225,225,225,225,225],
		"Pixels_total": [45450,45675,45450,45450,45450],
		"R_reference": [242.4,146.6,86.6,49.01,25.46],
		"G_reference": [242.4,146.6,86.6,49.01,25.46],
		"B_reference": [242.4,146.6,86.6,49.01,25.46],
		"R_input": [60.87,44.04,27.36,18.6,14.16],
		"G_input": [61.23,45.16,26.77,12.15,6.294],
		"B_input": [64.16,46.07,28.31,16.85,11.49],
		"L_reference": [95.63,60.79,36.82,20.33,8.991],
		"a_reference": [0,0,0,0,0],
		"b_reference": [0,0,0,0,0],
		"L_input": [25.93,18.47,9.772,3.983,2.318],
		"a_input": [0.5255,-0.2769,0.677,3.068,2.919],
		"b_input": [-1.856,-0.7653,-0.9657,-1.474,-1.22],
		"x_reference": [0.3127,0.3127,0.3127,0.3127,0.3127],
		"y_reference": [0.329,0.329,0.329,0.329,0.329],
		"Y_reference": [0.8913,0.2901,0.09441,0.03073,0.01],
		"x_input": [0.306,0.3072,0.3093,0.3254,0.3366],
		"y_input": [0.3191,0.325,0.3196,0.2905,0.274],
		"Y_input": [0.04722,0.02623,0.01097,0.004409,0.002566],
		"LUV_comment": "L2 is used to differentiate between the L in LAB and L in LUV.",
		"L2_reference": [805.1,262,85.28,27.75,9.033],
		"U_reference": [0.1978,0.1978,0.1978,0.1978,0.1978],
		"V_reference": [0.4683,0.4683,0.4683,0.4683,0.4683],
		"L2_input": [42.65,23.7,9.906,3.983,2.318],
		"U_input": [0.1968,0.1955,0.199,0.2231,0.2397],
		"V_input": [0.4619,0.4654,0.4627,0.448,0.4392],
		"patch_numbers_for_all_Delta_E_C": [1,2,3,4,5],
		"Delta_E_all": [69.7,42.3,27.1,16.7,7.39],
		"Delta_C_all": [1.93,0.814,1.18,3.4,3.16],
		"Delta_E94_all": [69.7,42.3,27.1,16.7,7.39],
		"Delta_C94_all": [1.93,0.814,1.18,3.4,3.16],
		"Delta_E2000_all": [60.7,37,19.4,11.3,5.76],
		"Delta_C2000_all": [1.93,0.854,1.36,4.36,4.12],
		"Delta_L_all": [-69.7,-42.3,-27,-16.3,-6.67],
		"Delta_Chroma_all": [1.93,0.814,1.18,3.4,3.16],
		"Delta_Hue_Distance_all": [0,0,0,0,0],
		"Delta_Hue_Degrees_all": [0,0,0,0,0],
		"sat_corr_comment": "sat_corr explained on https://www.imatest.com/docs/colorcheck/#satcorr - not recommended.",
		"Delta_C_all_sat_corr": ["_NaN_","_NaN_","_NaN_","_NaN_","_NaN_"],
		"Delta_C94_all_sat_corr": ["_NaN_","_NaN_","_NaN_","_NaN_","_NaN_"],
		"Delta_C2000_all_sat_corr": ["_NaN_","_NaN_","_NaN_","_NaN_","_NaN_"],
		"grayscale_patch_numbers": [1,2,3,4,5],
		"Delta_E": [69.7,42.3,27.1,16.7,7.39],
		"Delta_C": [1.93,0.814,1.18,3.4,3.16],
		"Delta_E94": [69.7,42.3,27.1,16.7,7.39],
		"Delta_C94": [1.93,0.814,1.18,3.4,3.16],
		"Delta_E2000": [60.7,37,19.4,11.3,5.76],
		"Delta_C2000": [1.93,0.854,1.36,4.36,4.12],
		"Delta_L": [-69.7,-42.3,-27,-16.3,-6.67],
		"Delta_Chroma": [1.93,0.814,1.18,3.4,3.16],
		"Delta_Hue_Distance": [0,0,0,0,0],
		"Delta_Hue_Degrees": [0,0,0,0,0],
		"mean_Delta_E": [32.6],
		"mean_Delta_C": [2.1],
		"mean_Delta_E94": [32.6],
		"mean_Delta_C94": [2.1],
		"mean_Delta_E2000": [26.8],
		"mean_Delta_C2000": [2.52],
		"mean_Delta_L": [-32.4],
		"mean_Delta_Chroma": [2.1],
		"mean_Delta_Hue_Distance": [0],
		"mean_Delta_Hue_Degrees": [0],
		"mean_Delta_C_sat_corr": ["_NaN_"],
		"mean_Delta_C94_sat_corr": ["_NaN_"],
		"mean_Delta_C2000_sat_corr": ["_NaN_"],
		"max_Delta_E": [69.7],
		"max_Delta_C": [3.4],
		"max_Delta_E94": [69.7],
		"max_Delta_C94": [3.4],
		"max_Delta_E2000": [60.7],
		"max_Delta_C2000": [4.36],
		"max_Delta_L": [-6.67],
		"max_Delta_Chroma": [3.4],
		"max_Delta_Hue_Distance": [0],
		"max_Delta_Hue_Degrees": [0],
		"max_Delta_C_sat_corr": ["_NaN_"],
		"max_Delta_C94_sat_corr": ["_NaN_"],
		"max_Delta_C2000_sat_corr": ["_NaN_"],
		"mean_RegionSize": [45292.8],
		"Sequence_dark_to_light": [5,4,3,2,1],
		"Patch_number": [5,4,3,2,1],
		"R_noise": [0.05258,0.05947,0.06969,0.07112,0.0624],
		"G_noise": [0.03229,0.04284,0.0484,0.03977,0.03416],
		"B_noise": [0.04261,0.05137,0.05872,0.05203,0.04421],
		"R_SNR_ratio": [1.056,1.226,1.54,2.429,3.825],
		"G_SNR_ratio": [0.7644,1.112,2.169,4.453,7.03],
		"B_SNR_ratio": [1.057,1.286,1.89,3.473,5.691],
		"R_SNR_dB": [0.4721,1.773,3.748,7.707,11.65],
		"G_SNR_dB": [-2.333,0.922,6.725,12.97,16.94],
		"B_SNR_dB": [0.4856,2.186,5.531,10.81,15.1],
		"Gb_noise": [0.02747,0.03501,0.03935,0.03355,0.02893],
		"Gb_SNR_ratio": [1.19,1.552,2.691,5.259,8.318],
		"Gb_SNR_dB": [1.513,3.818,8.6,14.42,18.4],
		"Y_f_stop_SNR_ratio": [1.37,1.24,0.9579,0.6455,0.4862],
		"Y_f_stop_SNR_dB": [2.738,1.868,-0.3736,-3.802,-6.263],
		"quality_levels_for_DR": [
				"Low,",
				"Medium,",
				"M-H,",
				"High,"
		],
		"SigNoise_levels_for_DR": [1,0.5,0.25,0.1],
		"Dynamic_Range_f_stops": [2.939,0,0,0],
		"Dynamic_Range_dB": [17.69,0,0,0],
		"noise_ISO15739_pct": [0.856,1.372,2.916,5.216,6.008],
		"snr_ISO15739": [0.2997,0.3214,0.3761,0.503,0.7859],
		"noise_pct_ISO15739_at_13pct_Lref": [5.537],
		"snr_ISO15739_at_13pct_Lref": [0.6176],
		"snr_dB_ISO15739_at_13pct_Lref": [-4.186],
		"DynamicRange_at_density_2": [453],
		"DynamicRange_total": [0],
		"DynamicRange_from_slope_OD": [1.95],
		"DynamicRange_from_slope_EV": [6.474],
		"DynamicRange_from_slope_dB": [39],
		"SNR_BW_dB_RGBY": [8.365,13.41,11.08,14.89],
		"L_noise": [2.52,3.475,4.367,3.755,3.163],
		"a_noise": [6.965,8.96,11.12,10.1,8.599],
		"b_noise": [6.144,8.342,10.77,9.597,8.015],
		"Total_Lab_noise_unwtd": [9.624,12.73,16.08,14.43,12.17],
		"Total_ab_noise_unwtd": [9.288,12.24,15.48,13.93,11.76],
		"R_minus_Y_KK_noise": [0.0449,0.05281,0.0615,0.06056,0.05302],
		"B_minus_Y_KK_noise": [0.0438,0.05567,0.06588,0.05705,0.04858],
		"Y_Kelly_Keelan_noise": [0.02747,0.03501,0.03935,0.03355,0.02893],
		"Total_KK_noise": [0.03855,0.04771,0.05464,0.04935,0.04276],
		"Chroma_KK_noise": [0.02704,0.03242,0.03791,0.03619,0.03149],
		"Total_old_iso_noise": [0.0485,0.05921,0.06829,0.0632,0.05489],
		"Y_noise_from_YUV": [0.02747,0.03501,0.03934,0.03354,0.02893],
		"U_noise_from_YUV": [0.02058,0.02616,0.03095,0.02681,0.02283],