{
	"jsonResults": {
		"dateRun": "13-May-2025 10:27:43",
		"ini_time_size": "13-May-2025 10:25:44 18833B  MD5 = 58599a5cd33629ce506217f1a8f3d8bf",
		"version": "Imatest 24.2.6 Master Color/Tone Auto",
		"build": "2025-03-20",
		"image_file": "sports ball_55.0 mm_100ISO_-2EV_Dist1_OFF_Focused.tiff",
		"ColorSpace": "sRGB",
		"Reference": "Default values",
		"Ref_folder": "/usr/local/Imatest/v24.2/Master/",
		"Gamma": [0.3757],
		"patches_for_gamma_start_end": [1,5],
		"exposure_error_normalized_y_channel": [-0.241],
		"mean_camera_Saturation_Pct": ["_NaN_"],
		"mean_chroma_level_CPIQ_Pct": ["_NaN_"],
		"CPIQ_chroma_quality_loss_JND": ["_NaN_"],
		"CPIQ_exposure_quality_loss_JND": ["_NaN_"],
		"pixel_offset": [0],
		"mean_patch_size_pxls": [201,223],
		"roi_settings": "Recent ROI settings are in roi, nwid_save, nht_save, fillf, and distort (same names as ini file)",
		"roi": [3103,1406,4362,1680,3103,1682,4362,1398],
		"nwid_save": [6024],
		"nht_save": [4020],
		"fillf": [0.8],
		"distort": [0],
		"grayscale_zone": [1,2,3,4,5],
		"grayscale_minus_log_exposure": [2,1.513,1.025,0.5375,0.05],
		"grayscale_Y_reflectivity": [0.01,0.03073,0.09441,0.2901,0.8913],
		"grayscale_Y_Printer_pixel_gamma22": [33.13,55.18,91.91,153.1,255],
		"grayscale_Y_density": [0.4893,0.6088,0.792,1.067,1.561],
		"grayscale_R_density": [0.4881,0.6086,0.7903,1.056,1.526],
		"grayscale_G_density": [0.4911,0.6096,0.7934,1.072,1.572],
		"grayscale_B_density": [0.4759,0.602,0.7824,1.06,1.559],
		"grayscale_Y_mean": [82.65,62.77,41.17,21.83,7.011],
		"grayscale_R_mean": [82.88,62.8,41.32,22.44,7.604],
		"grayscale_G_mean": [82.32,62.66,41.03,21.61,6.832],
		"grayscale_B_mean": [85.24,63.76,42.08,22.19,7.035],
		"White_Bal_error_Degrees": [281.9,139.5,158.9,-38.96,-286.9],
		"White_Bal_error_Mired": [-6.394,-3.232,-3.672,0.9276,7.105],
		"White_Bal_error_S_HSV": [0.03433,0.01732,0.025,0.0366,0.1014],
		"White_Bal_error_Delta_C_ab": [1.848,0.7285,0.7516,0.5791,0.23],
		"White_Bal_error_Delta_C_94": [1.848,0.7285,0.7516,0.5791,0.23],
		"White_Bal_error_Delta_C_00": [1.992,0.793,0.8509,0.806,0.3423],
		"n_Patch": [1,2,3,4,5],
		"n_Row": [1,1,1,1,1],
		"n_Column": [1,2,3,4,5],
		"width_pixels": [202,203,202,202,202],
		"height_pixels": [225,225,225,225,225],
		"Pixels_total": [45450,45675,45450,45450,45450],
		"R_reference": [242.4,146.6,86.6,49.01,25.46],
		"G_reference": [242.4,146.6,86.6,49.01,25.46],
		"B_reference": [242.4,146.6,86.6,49.01,25.46],
		"R_input": [82.88,62.8,41.32,22.44,7.604],
		"G_input": [82.32,62.66,41.03,21.61,6.832],
		"B_input": [85.24,63.76,42.08,22.19,7.035],
		"L_reference": [95.63,60.79,36.82,20.33,8.991],
		"a_reference": [0,0,0,0,0],
		"b_reference": [0,0,0,0,0],
		"L_input": [35.15,26.55,16.67,7.167,1.922],
		"a_input": [0.8649,0.3114,0.3875,0.5203,0.23],
		"b_input": [-1.633,-0.6586,-0.644,-0.2542,-0.006223],
		"x_reference": [0.3127,0.3127,0.3127,0.3127,0.3127],
		"y_reference": [0.329,0.329,0.329,0.329,0.329],
		"Y_reference": [0.8913,0.2901,0.09441,0.03073,0.01],
		"x_input": [0.309,0.3108,0.3107,0.314,0.3184],
		"y_input": [0.3213,0.3253,0.3242,0.3249,0.326],
		"Y_input": [0.08576,0.04935,0.02234,0.007934,0.002128],
		"LUV_comment": "L2 is used to differentiate between the L in LAB and L in LUV.",
		"L2_reference": [805.1,262,85.28,27.75,9.033],
		"U_reference": [0.1978,0.1978,0.1978,0.1978,0.1978],
		"V_reference": [0.4683,0.4683,0.4683,0.4683,0.4683],
		"L2_input": [77.46,44.57,20.18,7.167,1.922],
		"U_input": [0.1982,0.1979,0.1982,0.2003,0.203],
		"V_input": [0.4636,0.4661,0.4654,0.4663,0.4676],
		"patch_numbers_for_all_Delta_E_C": [1,2,3,4,5],
		"Delta_E_all": [60.5,34.2,20.2,13.2,7.07],
		"Delta_C_all": [1.85,0.728,0.752,0.579,0.23],
		"Delta_E94_all": [60.5,34.2,20.2,13.2,7.07],
		"Delta_C94_all": [1.85,0.728,0.752,0.579,0.23],
		"Delta_E2000_all": [49.5,31.8,15,8.59,4.26],
		"Delta_C2000_all": [1.99,0.793,0.851,0.806,0.342],
		"Delta_L_all": [-60.5,-34.2,-20.1,-13.2,-7.07],
		"Delta_Chroma_all": [1.85,0.728,0.752,0.579,0.23],
		"Delta_Hue_Distance_all": [0,0,0,0,0],
		"Delta_Hue_Degrees_all": [0,0,0,0,0],
		"sat_corr_comment": "sat_corr explained on https://www.imatest.com/docs/colorcheck/#satcorr - not recommended.",
		"Delta_C_all_sat_corr": ["_NaN_","_NaN_","_NaN_","_NaN_","_NaN_"],
		"Delta_C94_all_sat_corr": ["_NaN_","_NaN_","_NaN_","_NaN_","_NaN_"],
		"Delta_C2000_all_sat_corr": ["_NaN_","_NaN_","_NaN_","_NaN_","_NaN_"],
		"grayscale_patch_numbers": [1,2,3,4,5],
		"Delta_E": [60.5,34.2,20.2,13.2,7.07],
		"Delta_C": [1.85,0.728,0.752,0.579,0.23],
		"Delta_E94": [60.5,34.2,20.2,13.2,7.07],
		"Delta_C94": [1.85,0.728,0.752,0.579,0.23],
		"Delta_E2000": [49.5,31.8,15,8.59,4.26],
		"Delta_C2000": [1.99,0.793,0.851,0.806,0.342],
		"Delta_L": [-60.5,-34.2,-20.1,-13.2,-7.07],
		"Delta_Chroma": [1.85,0.728,0.752,0.579,0.23],
		"Delta_Hue_Distance": [0,0,0,0,0],
		"Delta_Hue_Degrees": [0,0,0,0,0],
		"mean_Delta_E": [27],
		"mean_Delta_C": [0.827],
		"mean_Delta_E94": [27],
		"mean_Delta_C94": [0.827],
		"mean_Delta_E2000": [21.8],
		"mean_Delta_C2000": [0.957],
		"mean_Delta_L": [-27],
		"mean_Delta_Chroma": [0.827],
		"mean_Delta_Hue_Distance": [0],
		"mean_Delta_Hue_Degrees": [0],
		"mean_Delta_C_sat_corr": ["_NaN_"],
		"mean_Delta_C94_sat_corr": ["_NaN_"],
		"mean_Delta_C2000_sat_corr": ["_NaN_"],
		"max_Delta_E": [60.5],
		"max_Delta_C": [1.85],
		"max_Delta_E94": [60.5],
		"max_Delta_C94": [1.85],
		"max_Delta_E2000": [49.5],
		"max_Delta_C2000": [1.99],
		"max_Delta_L": [-7.07],
		"max_Delta_Chroma": [1.85],
		"max_Delta_Hue_Distance": [0],
		"max_Delta_Hue_Degrees": [0],
		"max_Delta_C_sat_corr": ["_NaN_"],
		"max_Delta_C94_sat_corr": ["_NaN_"],
		"max_Delta_C2000_sat_corr": ["_NaN_"],
		"mean_RegionSize": [45292.8],
		"Sequence_dark_to_light": [5,4,3,2,1],
		"Patch_number": [5,4,3,2,1],
		"R_noise": [0.0084,0.00717,0.006261,0.006077,0.005746],
		"G_noise": [0.005004,0.004765,0.004183,0.004103,0.003986],
		"B_noise": [0.006737,0.006056,0.005346,0.005202,0.005047],
		"R_SNR_ratio": [3.55,12.27,25.88,40.53,56.56],
		"G_SNR_ratio": [5.355,17.79,38.46,59.88,80.98],
		"B_SNR_ratio": [4.095,14.37,30.87,48.07,66.24],
		"R_SNR_dB": [11,21.78,28.26,32.15,35.05],
		"G_SNR_dB": [14.57,25,31.7,35.55,38.17],
		"B_SNR_dB": [12.25,23.15,29.79,33.64,36.42],
		"Gb_noise": [0.004215,0.003999,0.00349,0.003453,0.003342],
		"Gb_SNR_ratio": [6.523,21.41,46.25,71.28,96.97],
		"Gb_SNR_dB": [16.29,26.61,33.3,37.06,39.73],
		"Y_f_stop_SNR_ratio": [14.4,14.54,14.2,10.34,8.513],
		"Y_f_stop_SNR_dB": [23.17,23.25,23.04,20.29,18.6],
		"quality_levels_for_DR": [
				"Low,",
				"Medium,",
				"M-H,",
				"High,"
		],
		"SigNoise_levels_for_DR": [1,0.5,0.25,0.1],
		"Dynamic_Range_f_stops": [0,0,0,5.116],
		"Dynamic_Range_dB": [0,0,0,30.8],
		"noise_ISO15739_pct": [0.0477,0.06332,0.1357,0.3256,0.4338],
		"snr_ISO15739": [4.462,12.53,16.46,15.16,19.77],
		"noise_pct_ISO15739_at_13pct_Lref": [0.3964],
		"snr_ISO15739_at_13pct_Lref": [18.17],
		"snr_dB_ISO15739_at_13pct_Lref": [25.19],
		"DynamicRange_at_density_2": [10979],
		"DynamicRange_total": [0],
		"DynamicRange_from_slope_OD": [1.95],
		"DynamicRange_from_slope_EV": [6.474],
		"DynamicRange_from_slope_dB": [39],
		"SNR_BW_dB_RGBY": [31.88,35.29,33.23,36.79],
		"L_noise": [0.2953,0.4874,0.4205,0.3898,0.3599],
		"a_noise": [0.7934,1.211,1.046,0.9397,0.8655],
		"b_noise": [0.7493,1.174,1.039,0.9296,0.8736],
		"Total_Lab_noise_unwtd": [1.131,1.756,1.533,1.378,1.281],
		"Total_ab_noise_unwtd": [1.091,1.687,1.475,1.322,1.23],
		"R_minus_Y_KK_noise": [0.007163,0.006126,0.005362,0.005171,0.004872],
		"B_minus_Y_KK_noise": [0.007203,0.006459,0.005807,0.005547,0.005465],
		"Y_Kelly_Keelan_noise": [0.004215,0.003999,0.00349,0.003453,0.003342],
		"Total_KK_noise": [0.006054,0.005489,0.004814,0.0047,0.004519],
		"Chroma_KK_noise": [0.004345,0.00376,0.003315,0.003189,0.003041],
		"Total_old_iso_noise": [0.007675,0.006833,0.005998,0.005827,0.00558],
		"Y_noise_from_YUV": [0.004215,0.003999,0.00349,0.003453,0.003342],