{
	"jsonResults": {
		"dateRun": "13-May-2025 10:27:43",
		"ini_time_size": "13-May-2025 10:25:44 18833B  MD5 = 58599a5cd33629ce506217f1a8f3d8bf",
		"version": "Imatest 24.2.6 Master Color/Tone Auto",
		"build": "2025-03-20",
		"image_file": "sports ball_55.0 mm_100ISO_0EV_Dist1_OFF_Defocus2.tiff",
		"ColorSpace": "sRGB",
		"Reference": "Default values",
		"Ref_folder": "/usr/local/Imatest/v24.2/Master/",
		"Gamma": [0.3301],
		"patches_for_gamma_start_end": [1,5],
		"exposure_error_normalized_y_channel": [-0.0994],
		"mean_camera_Saturation_Pct": ["_NaN_"],
		"mean_chroma_level_CPIQ_Pct": ["_NaN_"],
		"CPIQ_chroma_quality_loss_JND": ["_NaN_"],
		"CPIQ_exposure_quality_loss_JND": ["_NaN_"],
		"pixel_offset": [0],
		"mean_patch_size_pxls": [201,223],
		"roi_settings": "Recent ROI settings are in roi, nwid_save, nht_save, fillf, and distort (same names as ini file)",
		"roi": [3103,1406,4362,1680,3103,1682,4362,1398],
		"nwid_save": [6024],
		"nht_save": [4020],
		"fillf": [0.8],
		"distort": [0],
		"grayscale_zone": [1,2,3,4,5],
		"grayscale_minus_log_exposure": [2,1.513,1.025,0.5375,0.05],
		"grayscale_Y_reflectivity": [0.01,0.03073,0.09441,0.2901,0.8913],
		"grayscale_Y_Printer_pixel_gamma22": [33.13,55.18,91.91,153.1,255],
		"grayscale_Y_density": [0.2162,0.3243,0.4852,0.6976,0.8802],
		"grayscale_R_density": [0.2201,0.3289,0.4882,0.6952,0.8789],
		"grayscale_G_density": [0.2163,0.3234,0.485,0.6989,0.881],
		"grayscale_B_density": [0.205,0.3195,0.4785,0.6913,0.8755],
		"grayscale_Y_mean": [155,120.9,83.43,51.17,33.6],
		"grayscale_R_mean": [153.6,119.6,82.86,51.45,33.7],
		"grayscale_G_mean": [155,121.1,83.47,51.01,33.54],
		"grayscale_B_mean": [159.1,122.2,84.73,51.91,33.97],
		"White_Bal_error_Degrees": [345,194.2,200,87.79,67.2],
		"White_Bal_error_Mired": [-7.755,-4.463,-4.592,-2.05,-1.574],
		"White_Bal_error_S_HSV": [0.03422,0.02148,0.02209,0.01742,0.01266],
		"White_Bal_error_Delta_C_ab": [2.331,0.8841,0.8261,0.6489,0.3227],
		"White_Bal_error_Delta_C_94": [2.331,0.8841,0.8261,0.6489,0.3227],
		"White_Bal_error_Delta_C_00": [2.238,0.9428,0.8115,0.777,0.3783],
		"n_Patch": [1,2,3,4,5],
		"n_Row": [1,1,1,1,1],
		"n_Column": [1,2,3,4,5],
		"width_pixels": [202,203,202,202,202],
		"height_pixels": [225,225,225,225,225],
		"Pixels_total": [45450,45675,45450,45450,45450],
		"R_reference": [242.4,146.6,86.6,49.01,25.46],
		"G_reference": [242.4,146.6,86.6,49.01,25.46],
		"B_reference": [242.4,146.6,86.6,49.01,25.46],
		"R_input": [153.6,119.6,82.86,51.45,33.7],
		"G_input": [155,121.1,83.47,51.01,33.54],
		"B_input": [159.1,122.2,84.73,51.91,33.97],
		"L_reference": [95.63,60.79,36.82,20.33,8.991],
		"a_reference": [0,0,0,0,0],
		"b_reference": [0,0,0,0,0],
		"L_input": [63.98,50.77,35.48,21.32,13.03],
		"a_input": [0.308,-0.3421,0.02611,0.4043,0.1821],
		"b_input": [-2.31,-0.8152,-0.8257,-0.5075,-0.2664],
		"x_reference": [0.3127,0.3127,0.3127,0.3127,0.3127],
		"y_reference": [0.329,0.329,0.329,0.329,0.329],
		"Y_reference": [0.8913,0.2901,0.09441,0.03073,0.01],
		"x_input": [0.3077,0.3096,0.3097,0.3117,0.3119],
		"y_input": [0.3229,0.3269,0.3257,0.3255,0.3267],
		"Y_input": [0.3278,0.1907,0.08743,0.03331,0.01568],
		"LUV_comment": "L2 is used to differentiate between the L in LAB and L in LUV.",
		"L2_reference": [805.1,262,85.28,27.75,9.033],
		"U_reference": [0.1978,0.1978,0.1978,0.1978,0.1978],
		"V_reference": [0.4683,0.4683,0.4683,0.4683,0.4683],
		"L2_input": [296.1,172.3,78.98,30.09,14.16],
		"U_input": [0.1966,0.1965,0.197,0.1985,0.1981],
		"V_input": [0.4642,0.4667,0.4661,0.4663,0.467],
		"patch_numbers_for_all_Delta_E_C": [1,2,3,4,5],
		"Delta_E_all": [31.7,10.1,1.57,1.18,4.06],
		"Delta_C_all": [2.33,0.884,0.826,0.649,0.323],
		"Delta_E94_all": [31.7,10.1,1.57,1.18,4.06],
		"Delta_C94_all": [2.33,0.884,0.826,0.649,0.323],
		"Delta_E2000_all": [22.1,9.42,1.38,1.04,2.59],
		"Delta_C2000_all": [2.24,0.943,0.812,0.777,0.378],
		"Delta_L_all": [-31.7,-10,-1.33,0.991,4.04],
		"Delta_Chroma_all": [2.33,0.884,0.826,0.649,0.323],
		"Delta_Hue_Distance_all": [0,0,0,0,0],
		"Delta_Hue_Degrees_all": [0,0,0,0,0],
		"sat_corr_comment": "sat_corr explained on https://www.imatest.com/docs/colorcheck/#satcorr - not recommended.",
		"Delta_C_all_sat_corr": ["_NaN_","_NaN_","_NaN_","_NaN_","_NaN_"],
		"Delta_C94_all_sat_corr": ["_NaN_","_NaN_","_NaN_","_NaN_","_NaN_"],
		"Delta_C2000_all_sat_corr": ["_NaN_","_NaN_","_NaN_","_NaN_","_NaN_"],
		"grayscale_patch_numbers": [1,2,3,4,5],
		"Delta_E": [31.7,10.1,1.57,1.18,4.06],
		"Delta_C": [2.33,0.884,0.826,0.649,0.323],
		"Delta_E94": [31.7,10.1,1.57,1.18,4.06],
		"Delta_C94": [2.33,0.884,0.826,0.649,0.323],
		"Delta_E2000": [22.1,9.42,1.38,1.04,2.59],
		"Delta_C2000": [2.24,0.943,0.812,0.777,0.378],
		"Delta_L": [-31.7,-10,-1.33,0.991,4.04],
		"Delta_Chroma": [2.33,0.884,0.826,0.649,0.323],
		"Delta_Hue_Distance": [0,0,0,0,0],
		"Delta_Hue_Degrees": [0,0,0,0,0],
		"mean_Delta_E": [9.72],
		"mean_Delta_C": [1],
		"mean_Delta_E94": [9.72],
		"mean_Delta_C94": [1],
		"mean_Delta_E2000": [7.3],
		"mean_Delta_C2000": [1.03],
		"mean_Delta_L": [-7.59],
		"mean_Delta_Chroma": [1],
		"mean_Delta_Hue_Distance": [0],
		"mean_Delta_Hue_Degrees": [0],
		"mean_Delta_C_sat_corr": ["_NaN_"],
		"mean_Delta_C94_sat_corr": ["_NaN_"],
		"mean_Delta_C2000_sat_corr": ["_NaN_"],
		"max_Delta_E": [31.7],
		"max_Delta_C": [2.33],
		"max_Delta_E94": [31.7],
		"max_Delta_C94": [2.33],
		"max_Delta_E2000": [22.1],
		"max_Delta_C2000": [2.24],
		"max_Delta_L": [4.04],
		"max_Delta_Chroma": [2.33],
		"max_Delta_Hue_Distance": [0],
		"max_Delta_Hue_Degrees": [0],
		"max_Delta_C_sat_corr": ["_NaN_"],
		"max_Delta_C94_sat_corr": ["_NaN_"],
		"max_Delta_C2000_sat_corr": ["_NaN_"],
		"mean_RegionSize": [45292.8],
		"Sequence_dark_to_light": [5,4,3,2,1],
		"Patch_number": [5,4,3,2,1],
		"R_noise": [0.02793,0.0149,0.008129,0.01004,0.0159],
		"G_noise": [0.02773,0.0144,0.006869,0.009302,0.01552],
		"B_noise": [0.02839,0.01471,0.007396,0.01002,0.01656],
		"R_SNR_ratio": [4.732,13.54,39.97,46.71,37.89],
		"G_SNR_ratio": [4.743,13.89,47.66,51.05,39.17],
		"B_SNR_ratio": [4.692,13.83,44.92,47.81,37.66],
		"R_SNR_dB": [13.5,22.63,32.04,33.39,31.57],
		"G_SNR_dB": [13.52,22.86,33.56,34.16,31.86],
		"B_SNR_dB": [13.43,22.82,33.05,33.59,31.52],
		"Gb_noise": [0.02759,0.01419,0.006534,0.009031,0.01539],
		"Gb_SNR_ratio": [4.776,14.14,50.07,52.48,39.49],
		"Gb_SNR_dB": [13.58,23.01,33.99,34.4,31.93],
		"Y_f_stop_SNR_ratio": [5.37,9.593,12.91,4.252,1.541],
		"Y_f_stop_SNR_dB": [14.6,19.64,22.22,12.57,3.757],
		"quality_levels_for_DR": [
				"Low,",
				"Medium,",
				"M-H,",
				"High,"
		],
		"SigNoise_levels_for_DR": [1,0.5,0.25,0.1],
		"Dynamic_Range_f_stops": [0,5.895,4.916,3.47],
		"Dynamic_Range_dB": [0,35.49,29.6,20.89],
		"noise_ISO15739_pct": [0.2458,0.1685,0.168,0.5297,1.237],
		"snr_ISO15739": [6.379,19.76,52.04,36.01,26.49],
		"noise_pct_ISO15739_at_13pct_Lref": [0.9519],
		"snr_ISO15739_at_13pct_Lref": [30.33],
		"snr_dB_ISO15739_at_13pct_Lref": [29.64],
		"DynamicRange_at_density_2": [2058],
		"DynamicRange_total": [0],
		"DynamicRange_from_slope_OD": [1.95],
		"DynamicRange_from_slope_EV": [6.474],
		"DynamicRange_from_slope_dB": [39],
		"SNR_BW_dB_RGBY": [32.16,32.82,32.17,33.08],
		"L_noise": [3.322,1.625,0.7068,0.9164,1.501],
		"a_noise": [1.161,0.9692,0.8526,0.7929,0.7504],
		"b_noise": [1.159,0.9694,0.864,0.8173,0.7886],
		"Total_Lab_noise_unwtd": [3.705,2.126,1.405,1.462,1.854],
		"Total_ab_noise_unwtd": [1.641,1.371,1.214,1.139,1.089],
		"R_minus_Y_KK_noise": [0.005764,0.005103,0.004904,0.004885,0.004803],
		"B_minus_Y_KK_noise": [0.006306,0.005593,0.005404,0.005453,0.005516],
		"Y_Kelly_Keelan_noise": [0.02759,0.01419,0.006534,0.009031,0.01539],
		"Total_KK_noise": [0.02782,0.01454,0.00721,0.009531,0.01568],
		"Chroma_KK_noise": [0.003573,0.003165,0.003046,0.003046,0.003019],
		"Total_old_iso_noise": [0.02809,0.01493,0.007922,0.01008,0.01602],
		"Y_noise_from_YUV": [0.02759,0.01419,0.006534,0.009031,0.01539],