{
	"jsonResults": {
		"dateRun": "13-May-2025 09:48:08",
		"ini_time_size": "13-May-2025 09:40:23 14935B  MD5 = 7c769dcefba105f2e4e3944493917bea",
		"version": "Imatest 24.2.6 Master Color/Tone Auto",
		"build": "2025-03-20",
		"image_file": "car_18.0 mm_1600ISO_-1EV_Dist2_OFF_Defocus2.tiff",
		"ColorSpace": "sRGB",
		"Reference": "Default values",
		"Ref_folder": "/usr/local/Imatest/v24.2/Master/",
		"Gamma": [0.3333],
		"patches_for_gamma_start_end": [1,5],
		"exposure_error_normalized_y_channel": [-0.164],
		"mean_camera_Saturation_Pct": ["_NaN_"],
		"mean_chroma_level_CPIQ_Pct": ["_NaN_"],
		"CPIQ_chroma_quality_loss_JND": ["_NaN_"],
		"CPIQ_exposure_quality_loss_JND": ["_NaN_"],
		"pixel_offset": [0],
		"mean_patch_size_pxls": [97,103],
		"roi_settings": "Recent ROI settings are in roi, nwid_save, nht_save, fillf, and distort (same names as ini file)",
		"roi": [3038,1783,3647,1907,3038,1909,3647,1775],
		"nwid_save": [6024],
		"nht_save": [4020],
		"fillf": [0.8],
		"distort": [0],
		"grayscale_zone": [1,2,3,4,5],
		"grayscale_minus_log_exposure": [2,1.513,1.025,0.5375,0.05],
		"grayscale_Y_reflectivity": [0.01,0.03073,0.09441,0.2901,0.8913],
		"grayscale_Y_Printer_pixel_gamma22": [33.13,55.18,91.91,153.1,255],
		"grayscale_Y_density": [0.3019,0.4087,0.5711,0.7868,0.8957],
		"grayscale_R_density": [0.2993,0.4086,0.5724,0.7926,0.8983],
		"grayscale_G_density": [0.3037,0.4091,0.5713,0.7854,0.8952],
		"grayscale_B_density": [0.2924,0.4046,0.5656,0.784,0.8927],
		"grayscale_Y_mean": [127.2,99.51,68.46,41.66,32.42],
		"grayscale_R_mean": [128,99.53,68.26,41.11,32.23],
		"grayscale_G_mean": [126.7,99.41,68.43,41.79,32.46],
		"grayscale_B_mean": [130.1,100.4,69.33,41.93,32.65],
		"White_Bal_error_Degrees": [174.5,89.73,139.1,141.7,91.12],
		"White_Bal_error_Mired": [-4.021,-2.095,-3.223,-3.283,-2.127],
		"White_Bal_error_S_HSV": [0.0256,0.01034,0.01552,0.01966,0.01283],
		"White_Bal_error_Delta_C_ab": [2,0.6355,0.5912,0.3404,0.18],
		"White_Bal_error_Delta_C_94": [2,0.6355,0.5912,0.3404,0.18],
		"White_Bal_error_Delta_C_00": [2.254,0.6909,0.6012,0.4527,0.19],
		"n_Patch": [1,2,3,4,5],
		"n_Row": [1,1,1,1,1],
		"n_Column": [1,2,3,4,5],
		"width_pixels": [98,99,98,98,98],
		"height_pixels": [105,105,105,105,105],
		"Pixels_total": [10290,10395,10290,10290,10290],
		"R_reference": [242.4,146.6,86.6,49.01,25.46],
		"G_reference": [242.4,146.6,86.6,49.01,25.46],
		"B_reference": [242.4,146.6,86.6,49.01,25.46],
		"R_input": [128,99.53,68.26,41.11,32.23],
		"G_input": [126.7,99.41,68.43,41.79,32.46],
		"B_input": [130.1,100.4,69.33,41.93,32.65],
		"L_reference": [95.63,60.79,36.82,20.33,8.991],
		"a_reference": [0,0,0,0,0],
		"b_reference": [0,0,0,0,0],
		"L_input": [53.29,42.17,29.05,16.9,12.46],
		"a_input": [1.143,0.2662,0.1323,-0.2732,-0.05665],
		"b_input": [-1.641,-0.5771,-0.5762,-0.2031,-0.1709],
		"x_reference": [0.3127,0.3127,0.3127,0.3127,0.3127],
		"y_reference": [0.329,0.329,0.329,0.329,0.329],
		"Y_reference": [0.8913,0.2901,0.09441,0.03073,0.01],
		"x_input": [0.3106,0.3115,0.3107,0.3103,0.3113],
		"y_input": [0.323,0.3267,0.3262,0.3284,0.3279],
		"Y_input": [0.2131,0.1261,0.05858,0.02282,0.01476],
		"LUV_comment": "L2 is used to differentiate between the L in LAB and L in LUV.",
		"L2_reference": [805.1,262,85.28,27.75,9.033],
		"U_reference": [0.1978,0.1978,0.1978,0.1978,0.1978],
		"V_reference": [0.4683,0.4683,0.4683,0.4683,0.4683],
		"L2_input": [192.5,113.9,52.92,20.61,13.34],
		"U_input": [0.1986,0.1979,0.1975,0.1964,0.1972],
		"V_input": [0.4648,0.4669,0.4665,0.4676,0.4675],
		"patch_numbers_for_all_Delta_E_C": [1,2,3,4,5],
		"Delta_E_all": [42.4,18.6,7.79,3.45,3.47],
		"Delta_C_all": [2,0.636,0.591,0.34,0.18],
		"Delta_E94_all": [42.4,18.6,7.79,3.45,3.47],
		"Delta_C94_all": [2,0.636,0.591,0.34,0.18],
		"Delta_E2000_all": [31.2,18.5,6.26,2.38,2.19],
		"Delta_C2000_all": [2.25,0.691,0.601,0.453,0.19],
		"Delta_L_all": [-42.3,-18.6,-7.77,-3.43,3.47],
		"Delta_Chroma_all": [2,0.636,0.591,0.34,0.18],
		"Delta_Hue_Distance_all": [0,0,0,0,0],
		"Delta_Hue_Degrees_all": [0,0,0,0,0],
		"sat_corr_comment": "sat_corr explained on https://www.imatest.com/docs/colorcheck/#satcorr - not recommended.",
		"Delta_C_all_sat_corr": ["_NaN_","_NaN_","_NaN_","_NaN_","_NaN_"],
		"Delta_C94_all_sat_corr": ["_NaN_","_NaN_","_NaN_","_NaN_","_NaN_"],
		"Delta_C2000_all_sat_corr": ["_NaN_","_NaN_","_NaN_","_NaN_","_NaN_"],
		"grayscale_patch_numbers": [1,2,3,4,5],
		"Delta_E": [42.4,18.6,7.79,3.45,3.47],
		"Delta_C": [2,0.636,0.591,0.34,0.18],
		"Delta_E94": [42.4,18.6,7.79,3.45,3.47],
		"Delta_C94": [2,0.636,0.591,0.34,0.18],
		"Delta_E2000": [31.2,18.5,6.26,2.38,2.19],
		"Delta_C2000": [2.25,0.691,0.601,0.453,0.19],
		"Delta_L": [-42.3,-18.6,-7.77,-3.43,3.47],
		"Delta_Chroma": [2,0.636,0.591,0.34,0.18],
		"Delta_Hue_Distance": [0,0,0,0,0],
		"Delta_Hue_Degrees": [0,0,0,0,0],
		"mean_Delta_E": [15.1],
		"mean_Delta_C": [0.749],
		"mean_Delta_E94": [15.1],
		"mean_Delta_C94": [0.749],
		"mean_Delta_E2000": [12.1],
		"mean_Delta_C2000": [0.838],
		"mean_Delta_L": [-13.7],
		"mean_Delta_Chroma": [0.749],
		"mean_Delta_Hue_Distance": [0],
		"mean_Delta_Hue_Degrees": [0],
		"mean_Delta_C_sat_corr": ["_NaN_"],
		"mean_Delta_C94_sat_corr": ["_NaN_"],
		"mean_Delta_C2000_sat_corr": ["_NaN_"],
		"max_Delta_E": [42.4],
		"max_Delta_C": [2],
		"max_Delta_E94": [42.4],
		"max_Delta_C94": [2],
		"max_Delta_E2000": [31.2],
		"max_Delta_C2000": [2.25],
		"max_Delta_L": [3.47],
		"max_Delta_Chroma": [2],
		"max_Delta_Hue_Distance": [0],
		"max_Delta_Hue_Degrees": [0],
		"max_Delta_C_sat_corr": ["_NaN_"],
		"max_Delta_C94_sat_corr": ["_NaN_"],
		"max_Delta_C2000_sat_corr": ["_NaN_"],
		"mean_RegionSize": [10212.8],
		"Sequence_dark_to_light": [5,4,3,2,1],
		"Patch_number": [5,4,3,2,1],
		"R_noise": [0.04555,0.04121,0.03053,0.02657,0.02665],
		"G_noise": [0.0345,0.02627,0.0189,0.01808,0.01884],
		"B_noise": [0.03922,0.03221,0.02441,0.02196,0.02297],
		"R_SNR_ratio": [2.775,3.911,8.767,14.69,18.84],
		"G_SNR_ratio": [3.689,6.239,14.2,21.56,26.38],
		"B_SNR_ratio": [3.265,5.106,11.14,17.94,22.2],
		"R_SNR_dB": [8.864,11.85,18.86,23.34,25.5],
		"G_SNR_dB": [11.34,15.9,23.04,26.67,28.43],
		"B_SNR_dB": [10.28,14.16,20.94,25.08,26.93],
		"Gb_noise": [0.03117,0.02388,0.01664,0.01534,0.01661],
		"Gb_SNR_ratio": [4.08,6.842,16.13,25.43,30.05],
		"Gb_SNR_dB": [12.21,16.7,24.16,28.11,29.56],
		"Y_f_stop_SNR_ratio": [4.043,4.639,4.21,1.827,0.7175],
		"Y_f_stop_SNR_dB": [12.13,13.33,12.48,5.235,-2.884],
		"quality_levels_for_DR": [
				"Low,",
				"Medium,",
				"M-H,",
				"High,"
		],
		"SigNoise_levels_for_DR": [1,0.5,0.25,0.1],
		"Dynamic_Range_f_stops": [5.725,4.611,3.304,0],
		"Dynamic_Range_dB": [34.46,27.76,19.89,0],
		"noise_ISO15739_pct": [0.3625,0.3492,0.4646,0.9394,1.402],
		"snr_ISO15739": [4.073,6.535,12.61,13.43,15.2],
		"noise_pct_ISO15739_at_13pct_Lref": [1.278],
		"snr_ISO15739_at_13pct_Lref": [14.73],
		"snr_dB_ISO15739_at_13pct_Lref": [23.36],
		"DynamicRange_at_density_2": [1610],
		"DynamicRange_total": [0],
		"DynamicRange_from_slope_OD": [1.95],
		"DynamicRange_from_slope_EV": [6.474],
		"DynamicRange_from_slope_dB": [39],
		"SNR_BW_dB_RGBY": [22.03,25.37,23.69,26.8],
		"L_noise": [3.553,2.762,1.846,1.599,1.663],
		"a_noise": [5.911,5.663,4.248,3.782,3.418],
		"b_noise": [5.456,5.493,4.2,3.624,3.287],
		"Total_Lab_noise_unwtd": [8.794,8.359,6.252,5.476,5.026],
		"Total_ab_noise_unwtd": [8.044,7.889,5.974,5.238,4.742],
		"R_minus_Y_KK_noise": [0.03468,0.03188,0.02465,0.02227,0.02138],
		"B_minus_Y_KK_noise": [0.03472,0.03137,0.02544,0.02344,0.02218],
		"Y_Kelly_Keelan_noise": [0.03117,0.02388,0.01664,0.01534,0.01661],
		"Total_KK_noise": [0.03759,0.03066,0.02244,0.02055,0.02113],
		"Chroma_KK_noise": [0.02101,0.01924,0.01505,0.01367,0.01307],
		"Total_old_iso_noise": [0.04397,0.03712,0.02774,0.02531,0.02544],
		"Y_noise_from_YUV": [0.03116,0.02388,0.01664,0.01534,0.01661],
		"U_noise_from_YUV": [0.01631,0.01474,0.01195,0.01101,0.01042],