{
	"jsonResults": {
		"dateRun": "07-May-2025 13:55:13",
		"ini_time_size": "07-May-2025 13:53:44 9257B  MD5 = 4312072e8f258c7e7625cfce2c209062",
		"version": "Imatest 24.2.6 Master Color/Tone Auto",
		"build": "2025-03-20",
		"image_file": "car_18.0 mm_25600ISO_+1EV_Dist2_OFF_Defocus2.tiff",
		"ColorSpace": "sRGB",
		"Reference": "Default values",
		"Ref_folder": "/usr/local/Imatest/v24.2/Master/",
		"Gamma": [0.3241],
		"patches_for_gamma_start_end": [1,5],
		"exposure_error_normalized_y_channel": [0.128],
		"mean_camera_Saturation_Pct": ["_NaN_"],
		"mean_chroma_level_CPIQ_Pct": ["_NaN_"],
		"CPIQ_chroma_quality_loss_JND": ["_NaN_"],
		"CPIQ_exposure_quality_loss_JND": ["_NaN_"],
		"pixel_offset": [0],
		"mean_patch_size_pxls": [98,106],
		"roi_settings": "Recent ROI settings are in roi, nwid_save, nht_save, fillf, and distort (same names as ini file)",
		"roi": [3032,1777,3645,1909,3032,1909,3645,1777],
		"nwid_save": [6024],
		"nht_save": [4020],
		"fillf": [0.8],
		"distort": [0],
		"grayscale_zone": [1,2,3,4,5],
		"grayscale_minus_log_exposure": [2,1.513,1.025,0.5375,0.05],
		"grayscale_Y_reflectivity": [0.01,0.03073,0.09441,0.2901,0.8913],
		"grayscale_Y_Printer_pixel_gamma22": [33.13,55.18,91.91,153.1,255],
		"grayscale_Y_density": [0.07033,0.1683,0.3264,0.5312,0.6214],
		"grayscale_R_density": [0.06869,0.1693,0.336,0.5494,0.6222],
		"grayscale_G_density": [0.07265,0.1689,0.3246,0.525,0.6225],
		"grayscale_B_density": [0.05261,0.1602,0.316,0.5411,0.6079],
		"grayscale_Y_mean": [216.9,173.1,120.3,75.04,60.98],
		"grayscale_R_mean": [217.7,172.7,117.6,71.97,60.86],
		"grayscale_G_mean": [215.7,172.8,120.8,76.13,60.82],
		"grayscale_B_mean": [225.9,176.3,123.2,73.35,62.91],
		"White_Bal_error_Degrees": [422.7,213.5,417.5,96.32,304.7],
		"White_Bal_error_Mired": [-9.393,-4.892,-9.286,-2.246,-6.888],
		"White_Bal_error_S_HSV": [0.04509,0.02076,0.04493,0.05467,0.03313],
		"White_Bal_error_Delta_C_ab": [5.401,1.908,1.86,2.539,1.371],
		"White_Bal_error_Delta_C_94": [5.401,1.908,1.86,2.539,1.371],
		"White_Bal_error_Delta_C_00": [5.364,1.933,1.922,3.347,1.43],
		"n_Patch": [1,2,3,4,5],
		"n_Row": [1,1,1,1,1],
		"n_Column": [1,2,3,4,5],
		"width_pixels": [99,99,100,99,99],
		"height_pixels": [108,108,108,108,108],
		"Pixels_total": [10692,10692,10800,10692,10692],
		"R_reference": [242.4,146.6,86.6,49.01,25.46],
		"G_reference": [242.4,146.6,86.6,49.01,25.46],
		"B_reference": [242.4,146.6,86.6,49.01,25.46],
		"R_input": [217.7,172.7,117.6,71.97,60.86],
		"G_input": [215.7,172.8,120.8,76.13,60.82],
		"B_input": [225.9,176.3,123.2,73.35,62.91],
		"L_reference": [95.63,60.79,36.82,20.33,8.991],
		"a_reference": [0,0,0,0,0],
		"b_reference": [0,0,0,0,0],
		"L_input": [86.66,70.75,50.54,31.92,25.76],
		"a_input": [2.537,0.5972,-0.6781,-2.308,0.4947],
		"b_input": [-4.767,-1.812,-1.732,1.056,-1.278],
		"x_reference": [0.3127,0.3127,0.3127,0.3127,0.3127],
		"y_reference": [0.329,0.329,0.329,0.329,0.329],
		"Y_reference": [0.8913,0.2901,0.09441,0.03073,0.01],
		"x_input": [0.3073,0.3097,0.3062,0.3098,0.3085],
		"y_input": [0.3179,0.3243,0.3244,0.3371,0.3219],
		"Y_input": [0.6931,0.4182,0.1888,0.07049,0.04664],
		"LUV_comment": "L2 is used to differentiate between the L in LAB and L in LUV.",
		"L2_reference": [805.1,262,85.28,27.75,9.033],
		"U_reference": [0.1978,0.1978,0.1978,0.1978,0.1978],
		"V_reference": [0.4683,0.4683,0.4683,0.4683,0.4683],
		"L2_input": [626.1,377.8,170.5,63.67,42.13],
		"U_input": [0.1983,0.1975,0.195,0.1928,0.1976],
		"V_input": [0.4614,0.4653,0.4649,0.4722,0.4639],
		"patch_numbers_for_all_Delta_E_C": [1,2,3,4,5],
		"Delta_E_all": [10.5,10.1,13.9,11.9,16.8],
		"Delta_C_all": [5.4,1.91,1.86,2.54,1.37],
		"Delta_E94_all": [10.5,10.1,13.9,11.9,16.8],
		"Delta_C94_all": [5.4,1.91,1.86,2.54,1.37],
		"Delta_E2000_all": [7.73,8.34,12.9,9.2,11.4],
		"Delta_C2000_all": [5.36,1.93,1.92,3.35,1.43],
		"Delta_L_all": [-8.97,9.96,13.7,11.6,16.8],
		"Delta_Chroma_all": [5.4,1.91,1.86,2.54,1.37],
		"Delta_Hue_Distance_all": [0,0,0,0,0],
		"Delta_Hue_Degrees_all": [0,0,0,0,0],
		"sat_corr_comment": "sat_corr explained on https://www.imatest.com/docs/colorcheck/#satcorr - not recommended.",
		"Delta_C_all_sat_corr": ["_NaN_","_NaN_","_NaN_","_NaN_","_NaN_"],
		"Delta_C94_all_sat_corr": ["_NaN_","_NaN_","_NaN_","_NaN_","_NaN_"],
		"Delta_C2000_all_sat_corr": ["_NaN_","_NaN_","_NaN_","_NaN_","_NaN_"],
		"grayscale_patch_numbers": [1,2,3,4,5],
		"Delta_E": [10.5,10.1,13.9,11.9,16.8],
		"Delta_C": [5.4,1.91,1.86,2.54,1.37],
		"Delta_E94": [10.5,10.1,13.9,11.9,16.8],
		"Delta_C94": [5.4,1.91,1.86,2.54,1.37],
		"Delta_E2000": [7.73,8.34,12.9,9.2,11.4],
		"Delta_C2000": [5.36,1.93,1.92,3.35,1.43],
		"Delta_L": [-8.97,9.96,13.7,11.6,16.8],
		"Delta_Chroma": [5.4,1.91,1.86,2.54,1.37],
		"Delta_Hue_Distance": [0,0,0,0,0],
		"Delta_Hue_Degrees": [0,0,0,0,0],
		"mean_Delta_E": [12.6],
		"mean_Delta_C": [2.62],
		"mean_Delta_E94": [12.6],
		"mean_Delta_C94": [2.62],
		"mean_Delta_E2000": [9.91],
		"mean_Delta_C2000": [2.8],
		"mean_Delta_L": [8.61],
		"mean_Delta_Chroma": [2.62],
		"mean_Delta_Hue_Distance": [0],
		"mean_Delta_Hue_Degrees": [0],
		"mean_Delta_C_sat_corr": ["_NaN_"],
		"mean_Delta_C94_sat_corr": ["_NaN_"],
		"mean_Delta_C2000_sat_corr": ["_NaN_"],
		"max_Delta_E": [16.8],
		"max_Delta_C": [5.4],
		"max_Delta_E94": [16.8],
		"max_Delta_C94": [5.4],
		"max_Delta_E2000": [12.9],
		"max_Delta_C2000": [5.36],
		"max_Delta_L": [16.8],
		"max_Delta_Chroma": [5.4],
		"max_Delta_Hue_Distance": [0],
		"max_Delta_Hue_Degrees": [0],
		"max_Delta_C_sat_corr": ["_NaN_"],
		"max_Delta_C94_sat_corr": ["_NaN_"],
		"max_Delta_C2000_sat_corr": ["_NaN_"],
		"mean_RegionSize": [10614.4],
		"Sequence_dark_to_light": [5,4,3,2,1],
		"Patch_number": [5,4,3,2,1],
		"R_noise": [0.1284,0.1353,0.0973,0.07255,0.06818],
		"G_noise": [0.09815,0.08689,0.06271,0.0538,0.05327],
		"B_noise": [0.1063,0.1057,0.07182,0.05869,0.05606],
		"R_SNR_ratio": [1.858,2.086,4.741,9.334,12.52],
		"G_SNR_ratio": [2.43,3.436,7.552,12.6,15.88],
		"B_SNR_ratio": [2.32,2.721,6.726,11.78,15.8],
		"R_SNR_dB": [5.383,6.388,13.52,19.4,21.95],
		"G_SNR_dB": [7.713,10.72,17.56,22.01,24.02],
		"B_SNR_dB": [7.311,8.694,16.55,21.42,23.98],
		"Gb_noise": [0.08301,0.07526,0.05336,0.04499,0.04513],
		"Gb_SNR_ratio": [2.881,3.91,8.839,15.09,18.85],
		"Gb_SNR_dB": [9.19,11.84,18.93,23.57,25.5],
		"Y_f_stop_SNR_ratio": [2.351,2.6,2.224,0.9539,0.4102],
		"Y_f_stop_SNR_dB": [7.425,8.298,6.942,-0.4103,-7.739],
		"quality_levels_for_DR": [
				"Low,",
				"Medium,",
				"M-H,",
				"High,"
		],
		"SigNoise_levels_for_DR": [1,0.5,0.25,0.1],
		"Dynamic_Range_f_stops": [4.728,3.375,0,0],
		"Dynamic_Range_dB": [28.46,20.32,0,0],
		"noise_ISO15739_pct": [1.507,1.694,2.245,4.21,5.924],
		"snr_ISO15739": [3.095,4.162,8.408,9.934,11.7],
		"noise_pct_ISO15739_at_13pct_Lref": [4.034],
		"snr_ISO15739_at_13pct_Lref": [9.797],
		"snr_dB_ISO15739_at_13pct_Lref": [19.82],
		"DynamicRange_at_density_2": [162.7],
		"DynamicRange_total": [0],
		"DynamicRange_from_slope_OD": [1.95],
		"DynamicRange_from_slope_EV": [6.474],
		"DynamicRange_from_slope_dB": [39],
		"SNR_BW_dB_RGBY": [17.69,20.29,19.53,21.84],
		"L_noise": [8.826,7.704,5.241,4.23,4.079],
		"a_noise": [17.4,16.82,12.29,9.444,8.285],
		"b_noise": [17.43,16.54,11.67,8.926,7.781],
		"Total_Lab_noise_unwtd": [26.16,24.82,17.74,13.67,12.08],
		"Total_ab_noise_unwtd": [24.63,23.59,16.95,12.99,11.37],
		"R_minus_Y_KK_noise": [0.1092,0.1118,0.08159,0.06219,0.05807],
		"B_minus_Y_KK_noise": [0.1113,0.1093,0.07905,0.06386,0.05792],
		"Y_Kelly_Keelan_noise": [0.08301,0.07526,0.05336,0.04499,0.04513],
		"Total_KK_noise": [0.1063,0.101,0.07249,0.05884,0.05721],
		"Chroma_KK_noise": [0.06644,0.06738,0.04906,0.03792,0.03516],
		"Total_old_iso_noise": [0.1284,0.1248,0.09004,0.07178,0.06879],
		"Y_noise_from_YUV": [0.083,0.07525,0.05336,0.04498,0.04512],
		"U_noise_from_YUV": [0.05229,0.05136,0.03714,0.03,0.02722],
		"V_noise_from_YUV": [0.08524,0.08732,0.06372,0.04857,0.04535],