{
	"jsonResults": {
		"dateRun": "13-May-2025 09:48:08",
		"ini_time_size": "13-May-2025 09:40:23 14935B  MD5 = 7c769dcefba105f2e4e3944493917bea",
		"version": "Imatest 24.2.6 Master Color/Tone Auto",
		"build": "2025-03-20",
		"image_file": "car_18.0 mm_6400ISO_-3EV_Dist2_OFF_Defocus1.tiff",
		"ColorSpace": "sRGB",
		"Reference": "Default values",
		"Ref_folder": "/usr/local/Imatest/v24.2/Master/",
		"Gamma": [0.4509],
		"patches_for_gamma_start_end": [1,5],
		"exposure_error_normalized_y_channel": [-0.267],
		"mean_camera_Saturation_Pct": ["_NaN_"],
		"mean_chroma_level_CPIQ_Pct": ["_NaN_"],
		"CPIQ_chroma_quality_loss_JND": ["_NaN_"],
		"CPIQ_exposure_quality_loss_JND": ["_NaN_"],
		"pixel_offset": [0],
		"mean_patch_size_pxls": [97,103],
		"roi_settings": "Recent ROI settings are in roi, nwid_save, nht_save, fillf, and distort (same names as ini file)",
		"roi": [3038,1783,3647,1907,3038,1909,3647,1775],
		"nwid_save": [6024],
		"nht_save": [4020],
		"fillf": [0.8],
		"distort": [0],
		"grayscale_zone": [1,2,3,4,5],
		"grayscale_minus_log_exposure": [2,1.513,1.025,0.5375,0.05],
		"grayscale_Y_reflectivity": [0.01,0.03073,0.09441,0.2901,0.8913],
		"grayscale_Y_Printer_pixel_gamma22": [33.13,55.18,91.91,153.1,255],
		"grayscale_Y_density": [0.6458,0.7822,1.002,1.271,1.353],
		"grayscale_R_density": [0.6452,0.7915,0.9675,1.126,1.173],
		"grayscale_G_density": [0.6474,0.7806,1.014,1.334,1.437],
		"grayscale_B_density": [0.6321,0.7713,0.9869,1.197,1.262],
		"grayscale_Y_mean": [57.64,42.1,25.38,13.67,11.32],
		"grayscale_R_mean": [57.72,41.21,27.48,19.1,17.14],
		"grayscale_G_mean": [57.43,42.26,24.67,11.81,9.333],
		"grayscale_B_mean": [59.49,43.17,26.28,16.2,13.95],
		"White_Bal_error_Degrees": [281.2,353.9,-242.6,-1048,-1326],
		"White_Bal_error_Mired": [-6.379,-7.944,5.964,29.56,39.41],
		"White_Bal_error_S_HSV": [0.03457,0.04535,0.1025,0.3819,0.4554],
		"White_Bal_error_Delta_C_ab": [1.373,0.7996,1.891,3.5,3.319],
		"White_Bal_error_Delta_C_94": [1.373,0.7996,1.891,3.5,3.319],
		"White_Bal_error_Delta_C_00": [1.477,0.8292,2.586,4.562,4.361],
		"n_Patch": [1,2,3,4,5],
		"n_Row": [1,1,1,1,1],
		"n_Column": [1,2,3,4,5],
		"width_pixels": [98,99,98,98,98],
		"height_pixels": [105,105,105,105,105],
		"Pixels_total": [10290,10395,10290,10290,10290],
		"R_reference": [242.4,146.6,86.6,49.01,25.46],
		"G_reference": [242.4,146.6,86.6,49.01,25.46],
		"B_reference": [242.4,146.6,86.6,49.01,25.46],
		"R_input": [57.72,41.21,27.48,19.1,17.14],
		"G_input": [57.43,42.26,24.67,11.81,9.333],
		"B_input": [59.49,43.17,26.28,16.2,13.95],
		"L_reference": [95.63,60.79,36.82,20.33,8.991],
		"a_reference": [0,0,0,0,0],
		"b_reference": [0,0,0,0,0],
		"L_input": [24.26,17.11,8.962,3.936,3.203],
		"a_input": [0.5993,-0.2445,1.78,3.299,3.145],
		"b_input": [-1.235,-0.7613,-0.636,-1.17,-1.061],
		"x_reference": [0.3127,0.3127,0.3127,0.3127,0.3127],
		"y_reference": [0.329,0.329,0.329,0.329,0.329],
		"Y_reference": [0.8913,0.2901,0.09441,0.03073,0.01],
		"x_input": [0.309,0.3072,0.3184,0.3328,0.3368],
		"y_input": [0.3217,0.3248,0.3189,0.2931,0.2886],
		"Y_input": [0.04181,0.02326,0.009965,0.004357,0.003546],
		"LUV_comment": "L2 is used to differentiate between the L in LAB and L in LUV.",
		"L2_reference": [805.1,262,85.28,27.75,9.033],
		"U_reference": [0.1978,0.1978,0.1978,0.1978,0.1978],
		"V_reference": [0.4683,0.4683,0.4683,0.4683,0.4683],
		"L2_input": [37.77,21.01,9.002,3.936,3.203],
		"U_input": [0.198,0.1955,0.2057,0.2275,0.2327],
		"V_input": [0.4638,0.4653,0.4636,0.4508,0.4486],
		"patch_numbers_for_all_Delta_E_C": [1,2,3,4,5],
		"Delta_E_all": [71.4,43.7,27.9,16.8,6.67],
		"Delta_C_all": [1.37,0.8,1.89,3.5,3.32],
		"Delta_E94_all": [71.4,43.7,27.9,16.8,6.67],
		"Delta_C94_all": [1.37,0.8,1.89,3.5,3.32],
		"Delta_E2000_all": [62.8,37.9,20,11.4,5.59],
		"Delta_C2000_all": [1.48,0.829,2.59,4.56,4.36],
		"Delta_L_all": [-71.4,-43.7,-27.9,-16.4,-5.79],
		"Delta_Chroma_all": [1.37,0.8,1.89,3.5,3.32],
		"Delta_Hue_Distance_all": [0,0,0,0,0],
		"Delta_Hue_Degrees_all": [0,0,0,0,0],
		"sat_corr_comment": "sat_corr explained on https://www.imatest.com/docs/colorcheck/#satcorr - not recommended.",
		"Delta_C_all_sat_corr": ["_NaN_","_NaN_","_NaN_","_NaN_","_NaN_"],
		"Delta_C94_all_sat_corr": ["_NaN_","_NaN_","_NaN_","_NaN_","_NaN_"],
		"Delta_C2000_all_sat_corr": ["_NaN_","_NaN_","_NaN_","_NaN_","_NaN_"],
		"grayscale_patch_numbers": [1,2,3,4,5],
		"Delta_E": [71.4,43.7,27.9,16.8,6.67],
		"Delta_C": [1.37,0.8,1.89,3.5,3.32],
		"Delta_E94": [71.4,43.7,27.9,16.8,6.67],
		"Delta_C94": [1.37,0.8,1.89,3.5,3.32],
		"Delta_E2000": [62.8,37.9,20,11.4,5.59],
		"Delta_C2000": [1.48,0.829,2.59,4.56,4.36],
		"Delta_L": [-71.4,-43.7,-27.9,-16.4,-5.79],
		"Delta_Chroma": [1.37,0.8,1.89,3.5,3.32],
		"Delta_Hue_Distance": [0,0,0,0,0],
		"Delta_Hue_Degrees": [0,0,0,0,0],
		"mean_Delta_E": [33.3],
		"mean_Delta_C": [2.18],
		"mean_Delta_E94": [33.3],
		"mean_Delta_C94": [2.18],
		"mean_Delta_E2000": [27.6],
		"mean_Delta_C2000": [2.76],
		"mean_Delta_L": [-33],
		"mean_Delta_Chroma": [2.18],
		"mean_Delta_Hue_Distance": [0],
		"mean_Delta_Hue_Degrees": [0],
		"mean_Delta_C_sat_corr": ["_NaN_"],
		"mean_Delta_C94_sat_corr": ["_NaN_"],
		"mean_Delta_C2000_sat_corr": ["_NaN_"],
		"max_Delta_E": [71.4],
		"max_Delta_C": [3.5],
		"max_Delta_E94": [71.4],
		"max_Delta_C94": [3.5],
		"max_Delta_E2000": [62.8],
		"max_Delta_C2000": [4.56],
		"max_Delta_L": [-5.79],
		"max_Delta_Chroma": [3.5],
		"max_Delta_Hue_Distance": [0],
		"max_Delta_Hue_Degrees": [0],
		"max_Delta_C_sat_corr": ["_NaN_"],
		"max_Delta_C94_sat_corr": ["_NaN_"],
		"max_Delta_C2000_sat_corr": ["_NaN_"],
		"mean_RegionSize": [10212.8],
		"Sequence_dark_to_light": [5,4,3,2,1],
		"Patch_number": [5,4,3,2,1],
		"R_noise": [0.05755,0.06,0.06928,0.07214,0.06299],
		"G_noise": [0.03835,0.04236,0.04932,0.0411,0.0361],
		"B_noise": [0.04687,0.04979,0.05914,0.05491,0.04471],
		"R_SNR_ratio": [1.168,1.248,1.556,2.24,3.594],
		"G_SNR_ratio": [0.9544,1.093,1.961,4.033,6.239],
		"B_SNR_ratio": [1.167,1.276,1.743,3.083,5.218],
		"R_SNR_dB": [1.347,1.927,3.838,7.006,11.11],
		"G_SNR_dB": [-0.4055,0.7714,5.85,12.11,15.9],
		"B_SNR_dB": [1.342,2.118,4.825,9.78,14.35],
		"Gb_noise": [0.03196,0.03443,0.03977,0.03372,0.03024],
		"Gb_SNR_ratio": [1.389,1.557,2.503,4.897,7.476],
		"Gb_SNR_dB": [2.857,3.847,7.968,13.8,17.47],
		"Y_f_stop_SNR_ratio": [1.244,1.158,0.8654,0.4942,0.1779],
		"Y_f_stop_SNR_dB": [1.897,1.277,-1.255,-6.122,-14.99],
		"quality_levels_for_DR": [
				"Low,",
				"Medium,",
				"M-H,",
				"High,"
		],
		"SigNoise_levels_for_DR": [1,0.5,0.25,0.1],
		"Dynamic_Range_f_stops": [2.377,0,0,0],
		"Dynamic_Range_dB": [14.31,0,0,0],
		"noise_ISO15739_pct": [1.488,1.821,3.322,5.515,6.533],
		"snr_ISO15739": [0.2383,0.2393,0.2999,0.4217,0.64],
		"noise_pct_ISO15739_at_13pct_Lref": [5.945],
		"snr_ISO15739_at_13pct_Lref": [0.5139],
		"snr_dB_ISO15739_at_13pct_Lref": [-5.783],
		"DynamicRange_at_density_2": [265.8],
		"DynamicRange_total": [0],
		"DynamicRange_from_slope_OD": [1.95],
		"DynamicRange_from_slope_EV": [6.474],
		"DynamicRange_from_slope_dB": [39],
		"SNR_BW_dB_RGBY": [7.568,12.46,9.938,14.18],
		"L_noise": [3.14,3.419,4.37,3.774,3.319],
		"a_noise": [8.181,9.039,11.26,10.68,8.981],
		"b_noise": [7.39,8.037,10.75,9.978,8.214],
		"Total_Lab_noise_unwtd": [11.46,12.57,16.17,15.1,12.62],
		"Total_ab_noise_unwtd": [11.02,12.1,15.56,14.62,12.17],
		"R_minus_Y_KK_noise": [0.04995,0.05373,0.06176,0.06323,0.05384],
		"B_minus_Y_KK_noise": [0.05007,0.05401,0.0666,0.05961,0.04965],
		"Y_Kelly_Keelan_noise": [0.03196,0.03443,0.03977,0.03372,0.03024],
		"Total_KK_noise": [0.04402,0.04741,0.0551,0.05064,0.04405],
		"Chroma_KK_noise": [0.03028,0.03259,0.03814,0.03779,0.03203],
		"Total_old_iso_noise": [0.05495,0.05916,0.0688,0.0653,0.05625],
		"Y_noise_from_YUV": [0.03196,0.03443,0.03977,0.03371,0.03023],
		"U_noise_from_YUV": [0.02353,0.02538,0.03129,0.02801,0.02333],
		"V_noise_from_YUV": [0.03901,0.04196,0.04823,0.04938,0.04205],