{
	"jsonResults": {
		"dateRun": "13-May-2025 09:48:08",
		"ini_time_size": "13-May-2025 09:40:23 14935B  MD5 = 7c769dcefba105f2e4e3944493917bea",
		"version": "Imatest 24.2.6 Master Color/Tone Auto",
		"build": "2025-03-20",
		"image_file": "car_18.0 mm_1600ISO_-3EV_Dist2_OFF_Defocus1.tiff",
		"ColorSpace": "sRGB",
		"Reference": "Default values",
		"Ref_folder": "/usr/local/Imatest/v24.2/Master/",
		"Gamma": [0.405],
		"patches_for_gamma_start_end": [1,5],
		"exposure_error_normalized_y_channel": [-0.257],
		"mean_camera_Saturation_Pct": ["_NaN_"],
		"mean_chroma_level_CPIQ_Pct": ["_NaN_"],
		"CPIQ_chroma_quality_loss_JND": ["_NaN_"],
		"CPIQ_exposure_quality_loss_JND": ["_NaN_"],
		"pixel_offset": [0],
		"mean_patch_size_pxls": [97,103],
		"roi_settings": "Recent ROI settings are in roi, nwid_save, nht_save, fillf, and distort (same names as ini file)",
		"roi": [3038,1783,3647,1907,3038,1909,3647,1775],
		"nwid_save": [6024],
		"nht_save": [4020],
		"fillf": [0.8],
		"distort": [0],
		"grayscale_zone": [1,2,3,4,5],
		"grayscale_minus_log_exposure": [2,1.513,1.025,0.5375,0.05],
		"grayscale_Y_reflectivity": [0.01,0.03073,0.09441,0.2901,0.8913],
		"grayscale_Y_Printer_pixel_gamma22": [33.13,55.18,91.91,153.1,255],
		"grayscale_Y_density": [0.5755,0.6958,0.8933,1.183,1.352],
		"grayscale_R_density": [0.5715,0.6969,0.9009,1.174,1.286],
		"grayscale_G_density": [0.5782,0.6961,0.8917,1.185,1.378],
		"grayscale_B_density": [0.56,0.6902,0.8864,1.188,1.316],
		"grayscale_Y_mean": [67.77,51.37,32.6,16.74,11.33],
		"grayscale_R_mean": [68.39,51.25,32.04,17.09,13.2],
		"grayscale_G_mean": [67.34,51.34,32.72,16.66,10.68],
		"grayscale_B_mean": [70.24,52.04,33.12,16.55,12.33],
		"White_Bal_error_Degrees": [273.8,130.7,229.7,-160.3,-265.2],
		"White_Bal_error_Mired": [-6.219,-3.033,-5.252,3.891,6.544],
		"White_Bal_error_S_HSV": [0.04118,0.01531,0.03271,0.03185,0.1909],
		"White_Bal_error_Delta_C_ab": [1.93,0.4802,0.4418,0.1801,1.069],
		"White_Bal_error_Delta_C_94": [1.93,0.4802,0.4418,0.1801,1.069],
		"White_Bal_error_Delta_C_00": [2.169,0.4946,0.4978,0.2369,1.482],
		"n_Patch": [1,2,3,4,5],
		"n_Row": [1,1,1,1,1],
		"n_Column": [1,2,3,4,5],
		"width_pixels": [98,99,98,98,98],
		"height_pixels": [105,105,105,105,105],
		"Pixels_total": [10290,10395,10290,10290,10290],
		"R_reference": [242.4,146.6,86.6,49.01,25.46],
		"G_reference": [242.4,146.6,86.6,49.01,25.46],
		"B_reference": [242.4,146.6,86.6,49.01,25.46],
		"R_input": [68.39,51.25,32.04,17.09,13.2],
		"G_input": [67.34,51.34,32.72,16.66,10.68],
		"B_input": [70.24,52.04,33.12,16.55,12.33],
		"L_reference": [95.63,60.79,36.82,20.33,8.991],
		"a_reference": [0,0,0,0,0],
		"b_reference": [0,0,0,0,0],
		"L_input": [28.76,21.42,12.55,4.963,3.13],
		"a_input": [1.086,0.1253,-0.2159,0.1394,0.9827],
		"b_input": [-1.596,-0.4635,-0.3854,0.1141,-0.4199],
		"x_reference": [0.3127,0.3127,0.3127,0.3127,0.3127],
		"y_reference": [0.329,0.329,0.329,0.329,0.329],
		"Y_reference": [0.8913,0.2901,0.09441,0.03073,0.01],
		"x_input": [0.3094,0.3108,0.309,0.3156,0.3193],
		"y_input": [0.3201,0.3263,0.3268,0.3299,0.3132],
		"Y_input": [0.05743,0.03356,0.0149,0.005494,0.003465],
		"LUV_comment": "L2 is used to differentiate between the L in LAB and L in LUV.",
		"L2_reference": [805.1,262,85.28,27.75,9.033],
		"U_reference": [0.1978,0.1978,0.1978,0.1978,0.1978],
		"V_reference": [0.4683,0.4683,0.4683,0.4683,0.4683],
		"L2_input": [51.88,30.31,13.46,4.963,3.13],
		"U_input": [0.1989,0.1975,0.1961,0.1995,0.2087],
		"V_input": [0.463,0.4666,0.4666,0.4693,0.4606],
		"patch_numbers_for_all_Delta_E_C": [1,2,3,4,5],
		"Delta_E_all": [66.9,39.4,24.3,15.4,5.96],
		"Delta_C_all": [1.93,0.48,0.442,0.18,1.07],
		"Delta_E94_all": [66.9,39.4,24.3,15.4,5.96],
		"Delta_C94_all": [1.93,0.48,0.442,0.18,1.07],
		"Delta_E2000_all": [57.1,35.2,17.7,9.88,3.84],
		"Delta_C2000_all": [2.17,0.495,0.498,0.237,1.48],
		"Delta_L_all": [-66.9,-39.4,-24.3,-15.4,-5.86],
		"Delta_Chroma_all": [1.93,0.48,0.442,0.18,1.07],
		"Delta_Hue_Distance_all": [0,0,0,0,0],
		"Delta_Hue_Degrees_all": [0,0,0,0,0],
		"sat_corr_comment": "sat_corr explained on https://www.imatest.com/docs/colorcheck/#satcorr - not recommended.",
		"Delta_C_all_sat_corr": ["_NaN_","_NaN_","_NaN_","_NaN_","_NaN_"],
		"Delta_C94_all_sat_corr": ["_NaN_","_NaN_","_NaN_","_NaN_","_NaN_"],
		"Delta_C2000_all_sat_corr": ["_NaN_","_NaN_","_NaN_","_NaN_","_NaN_"],
		"grayscale_patch_numbers": [1,2,3,4,5],
		"Delta_E": [66.9,39.4,24.3,15.4,5.96],
		"Delta_C": [1.93,0.48,0.442,0.18,1.07],
		"Delta_E94": [66.9,39.4,24.3,15.4,5.96],
		"Delta_C94": [1.93,0.48,0.442,0.18,1.07],
		"Delta_E2000": [57.1,35.2,17.7,9.88,3.84],
		"Delta_C2000": [2.17,0.495,0.498,0.237,1.48],
		"Delta_L": [-66.9,-39.4,-24.3,-15.4,-5.86],
		"Delta_Chroma": [1.93,0.48,0.442,0.18,1.07],
		"Delta_Hue_Distance": [0,0,0,0,0],
		"Delta_Hue_Degrees": [0,0,0,0,0],
		"mean_Delta_E": [30.4],
		"mean_Delta_C": [0.82],
		"mean_Delta_E94": [30.4],
		"mean_Delta_C94": [0.82],
		"mean_Delta_E2000": [24.7],
		"mean_Delta_C2000": [0.976],
		"mean_Delta_L": [-30.4],
		"mean_Delta_Chroma": [0.82],
		"mean_Delta_Hue_Distance": [0],
		"mean_Delta_Hue_Degrees": [0],
		"mean_Delta_C_sat_corr": ["_NaN_"],
		"mean_Delta_C94_sat_corr": ["_NaN_"],
		"mean_Delta_C2000_sat_corr": ["_NaN_"],
		"max_Delta_E": [66.9],
		"max_Delta_C": [1.93],
		"max_Delta_E94": [66.9],
		"max_Delta_C94": [1.93],
		"max_Delta_E2000": [57.1],
		"max_Delta_C2000": [2.17],
		"max_Delta_L": [-5.86],
		"max_Delta_Chroma": [1.93],
		"max_Delta_Hue_Distance": [0],
		"max_Delta_Hue_Degrees": [0],
		"max_Delta_C_sat_corr": ["_NaN_"],
		"max_Delta_C94_sat_corr": ["_NaN_"],
		"max_Delta_C2000_sat_corr": ["_NaN_"],
		"mean_RegionSize": [10212.8],
		"Sequence_dark_to_light": [5,4,3,2,1],
		"Patch_number": [5,4,3,2,1],
		"R_noise": [0.03976,0.04455,0.04098,0.03343,0.03005],
		"G_noise": [0.02774,0.03225,0.0235,0.01946,0.01868],
		"B_noise": [0.0337,0.03839,0.03165,0.02554,0.02358],
		"R_SNR_ratio": [1.302,1.504,3.066,6.012,8.926],
		"G_SNR_ratio": [1.51,2.025,5.461,10.35,14.14],
		"B_SNR_ratio": [1.434,1.69,4.104,7.991,11.68],
		"R_SNR_dB": [2.291,3.546,9.731,15.58,19.01],
		"G_SNR_dB": [3.58,6.13,14.75,20.3,23.01],
		"B_SNR_dB": [3.132,4.559,12.26,18.05,21.35],
		"Gb_noise": [0.02414,0.02669,0.01988,0.0163,0.01576],
		"Gb_SNR_ratio": [1.841,2.46,6.431,12.36,16.86],
		"Gb_SNR_dB": [5.302,7.818,16.17,21.84,24.54],
		"Y_f_stop_SNR_ratio": [2.52,2.612,2.109,0.9648,0.5422],
		"Y_f_stop_SNR_dB": [8.029,8.341,6.48,-0.3112,-5.316],
		"quality_levels_for_DR": [
				"Low,",
				"Medium,",
				"M-H,",
				"High,"
		],
		"SigNoise_levels_for_DR": [1,0.5,0.25,0.1],
		"Dynamic_Range_f_stops": [4.753,3.313,0,0],
		"Dynamic_Range_dB": [28.62,19.94,0,0],
		"noise_ISO15739_pct": [0.5775,0.799,1.127,2.026,2.705],
		"snr_ISO15739": [0.6,0.6876,1.322,1.657,2.123],
		"noise_pct_ISO15739_at_13pct_Lref": [2.407],
		"snr_ISO15739_at_13pct_Lref": [1.919],
		"snr_dB_ISO15739_at_13pct_Lref": [5.66],
		"DynamicRange_at_density_2": [810.1],
		"DynamicRange_total": [87.59],
		"DynamicRange_from_slope_OD": [1.95],
		"DynamicRange_from_slope_EV": [6.474],
		"DynamicRange_from_slope_dB": [39],
		"SNR_BW_dB_RGBY": [15.54,20.25,17.88,21.78],
		"L_noise": [2.291,2.699,2.398,1.877,1.748],
		"a_noise": [4.895,6.385,6.394,5.124,4.463],
		"b_noise": [4.547,5.904,6.18,4.8,4.162],
		"Total_Lab_noise_unwtd": [7.063,9.106,9.21,7.268,6.348],
		"Total_ab_noise_unwtd": [6.681,8.697,8.893,7.021,6.103],
		"R_minus_Y_KK_noise": [0.03265,0.03901,0.03454,0.02856,0.02555],
		"B_minus_Y_KK_noise": [0.03331,0.04072,0.03477,0.0279,0.02523],
		"Y_Kelly_Keelan_noise": [0.02414,0.02669,0.01988,0.0163,0.01576],
		"Total_KK_noise": [0.03127,0.03582,0.02889,0.0237,0.02206],
		"Chroma_KK_noise": [0.01988,0.02388,0.02096,0.01721,0.01543],
		"Total_old_iso_noise": [0.03798,0.04418,0.03677,0.0302,0.02772],
		"Y_noise_from_YUV": [0.02414,0.02669,0.01988,0.0163,0.01576],
		"U_noise_from_YUV": [0.01565,0.01913,0.01634,0.01311,0.01186],