{
	"jsonResults": {
		"dateRun": "13-May-2025 09:48:08",
		"ini_time_size": "13-May-2025 09:40:23 14935B  MD5 = 7c769dcefba105f2e4e3944493917bea",
		"version": "Imatest 24.2.6 Master Color/Tone Auto",
		"build": "2025-03-20",
		"image_file": "car_18.0 mm_1600ISO_-2EV_Dist2_ON_Focused.tiff",
		"ColorSpace": "sRGB",
		"Reference": "Default values",
		"Ref_folder": "/usr/local/Imatest/v24.2/Master/",
		"Gamma": [0.3725],
		"patches_for_gamma_start_end": [1,5],
		"exposure_error_normalized_y_channel": [-0.225],
		"mean_camera_Saturation_Pct": ["_NaN_"],
		"mean_chroma_level_CPIQ_Pct": ["_NaN_"],
		"CPIQ_chroma_quality_loss_JND": ["_NaN_"],
		"CPIQ_exposure_quality_loss_JND": ["_NaN_"],
		"pixel_offset": [0],
		"mean_patch_size_pxls": [97,103],
		"roi_settings": "Recent ROI settings are in roi, nwid_save, nht_save, fillf, and distort (same names as ini file)",
		"roi": [3038,1783,3647,1907,3038,1909,3647,1775],
		"nwid_save": [6024],
		"nht_save": [4020],
		"fillf": [0.8],
		"distort": [0],
		"grayscale_zone": [1,2,3,4,5],
		"grayscale_minus_log_exposure": [2,1.513,1.025,0.5375,0.05],
		"grayscale_Y_reflectivity": [0.01,0.03073,0.09441,0.2901,0.8913],
		"grayscale_Y_Printer_pixel_gamma22": [33.13,55.18,91.91,153.1,255],
		"grayscale_Y_density": [0.4312,0.5497,0.7313,1.003,1.411],
		"grayscale_R_density": [0.4284,0.5499,0.7366,1.016,1.316],
		"grayscale_G_density": [0.4333,0.5502,0.7305,0.9985,1.446],
		"grayscale_B_density": [0.4188,0.5444,0.7238,1.006,1.394],
		"grayscale_Y_mean": [94.48,71.92,47.34,25.34,9.889],
		"grayscale_R_mean": [95.1,71.88,46.76,24.57,12.33],
		"grayscale_G_mean": [94.02,71.84,47.43,25.59,9.123],
		"grayscale_B_mean": [97.23,72.81,48.16,25.16,10.3],
		"White_Bal_error_Degrees": [233.5,117.9,231.9,122.9,-769.7],
		"White_Bal_error_Mired": [-5.334,-2.74,-5.299,-2.854,20.67],
		"White_Bal_error_S_HSV": [0.03295,0.0133,0.02905,0.03972,0.26],
		"White_Bal_error_Delta_C_ab": [2.013,0.6234,0.5883,0.6109,1.052],
		"White_Bal_error_Delta_C_94": [2.013,0.6234,0.5883,0.6109,1.052],
		"White_Bal_error_Delta_C_00": [2.242,0.666,0.5947,0.8879,1.517],
		"n_Patch": [1,2,3,4,5],
		"n_Row": [1,1,1,1,1],
		"n_Column": [1,2,3,4,5],
		"width_pixels": [98,99,98,98,98],
		"height_pixels": [105,105,105,105,105],
		"Pixels_total": [10290,10395,10290,10290,10290],
		"R_reference": [242.4,146.6,86.6,49.01,25.46],
		"G_reference": [242.4,146.6,86.6,49.01,25.46],
		"B_reference": [242.4,146.6,86.6,49.01,25.46],
		"R_input": [95.1,71.88,46.76,24.57,12.33],
		"G_input": [94.02,71.84,47.43,25.59,9.123],
		"B_input": [97.23,72.81,48.16,25.16,10.3],
		"L_reference": [95.63,60.79,36.82,20.33,8.991],
		"a_reference": [0,0,0,0,0],
		"b_reference": [0,0,0,0,0],
		"L_input": [40.11,30.56,19.56,8.932,2.721],
		"a_input": [1.104,0.2342,-0.1175,-0.5984,1.043],
		"b_input": [-1.683,-0.5777,-0.5765,0.1228,-0.1381],
		"x_reference": [0.3127,0.3127,0.3127,0.3127,0.3127],
		"y_reference": [0.329,0.329,0.329,0.329,0.329],
		"Y_reference": [0.8913,0.2901,0.09441,0.03073,0.01],
		"x_input": [0.3098,0.3111,0.3091,0.3101,0.328],
		"y_input": [0.3215,0.3261,0.3259,0.3318,0.3169],
		"Y_input": [0.1131,0.06465,0.02881,0.009929,0.003012],
		"LUV_comment": "L2 is used to differentiate between the L in LAB and L in LUV.",
		"L2_reference": [805.1,262,85.28,27.75,9.033],
		"U_reference": [0.1978,0.1978,0.1978,0.1978,0.1978],
		"V_reference": [0.4683,0.4683,0.4683,0.4683,0.4683],
		"L2_input": [102.2,58.4,26.02,8.968,2.721],
		"U_input": [0.1986,0.1978,0.1965,0.195,0.2134],
		"V_input": [0.4638,0.4665,0.4661,0.4694,0.464],
		"patch_numbers_for_all_Delta_E_C": [1,2,3,4,5],
		"Delta_E_all": [55.6,30.2,17.3,11.4,6.36],
		"Delta_C_all": [2.01,0.623,0.588,0.611,1.05],
		"Delta_E94_all": [55.6,30.2,17.3,11.4,6.36],
		"Delta_C94_all": [2.01,0.623,0.588,0.611,1.05],
		"Delta_E2000_all": [44.1,28.9,13.1,7.52,4.07],
		"Delta_C2000_all": [2.24,0.666,0.595,0.888,1.52],
		"Delta_L_all": [-55.5,-30.2,-17.3,-11.4,-6.27],
		"Delta_Chroma_all": [2.01,0.623,0.588,0.611,1.05],
		"Delta_Hue_Distance_all": [0,0,0,0,0],
		"Delta_Hue_Degrees_all": [0,0,0,0,0],
		"sat_corr_comment": "sat_corr explained on https://www.imatest.com/docs/colorcheck/#satcorr - not recommended.",
		"Delta_C_all_sat_corr": ["_NaN_","_NaN_","_NaN_","_NaN_","_NaN_"],
		"Delta_C94_all_sat_corr": ["_NaN_","_NaN_","_NaN_","_NaN_","_NaN_"],
		"Delta_C2000_all_sat_corr": ["_NaN_","_NaN_","_NaN_","_NaN_","_NaN_"],
		"grayscale_patch_numbers": [1,2,3,4,5],
		"Delta_E": [55.6,30.2,17.3,11.4,6.36],
		"Delta_C": [2.01,0.623,0.588,0.611,1.05],
		"Delta_E94": [55.6,30.2,17.3,11.4,6.36],
		"Delta_C94": [2.01,0.623,0.588,0.611,1.05],
		"Delta_E2000": [44.1,28.9,13.1,7.52,4.07],
		"Delta_C2000": [2.24,0.666,0.595,0.888,1.52],
		"Delta_L": [-55.5,-30.2,-17.3,-11.4,-6.27],
		"Delta_Chroma": [2.01,0.623,0.588,0.611,1.05],
		"Delta_Hue_Distance": [0,0,0,0,0],
		"Delta_Hue_Degrees": [0,0,0,0,0],
		"mean_Delta_E": [24.2],
		"mean_Delta_C": [0.977],
		"mean_Delta_E94": [24.2],
		"mean_Delta_C94": [0.977],
		"mean_Delta_E2000": [19.5],
		"mean_Delta_C2000": [1.18],
		"mean_Delta_L": [-24.1],
		"mean_Delta_Chroma": [0.977],
		"mean_Delta_Hue_Distance": [0],
		"mean_Delta_Hue_Degrees": [0],
		"mean_Delta_C_sat_corr": ["_NaN_"],
		"mean_Delta_C94_sat_corr": ["_NaN_"],
		"mean_Delta_C2000_sat_corr": ["_NaN_"],
		"max_Delta_E": [55.6],
		"max_Delta_C": [2.01],
		"max_Delta_E94": [55.6],
		"max_Delta_C94": [2.01],
		"max_Delta_E2000": [44.1],
		"max_Delta_C2000": [2.24],
		"max_Delta_L": [-6.27],
		"max_Delta_Chroma": [2.01],
		"max_Delta_Hue_Distance": [0],
		"max_Delta_Hue_Degrees": [0],
		"max_Delta_C_sat_corr": ["_NaN_"],
		"max_Delta_C94_sat_corr": ["_NaN_"],
		"max_Delta_C2000_sat_corr": ["_NaN_"],
		"mean_RegionSize": [10212.8],
		"Sequence_dark_to_light": [5,4,3,2,1],
		"Patch_number": [5,4,3,2,1],
		"R_noise": [0.03835,0.04562,0.03504,0.02844,0.02621],
		"G_noise": [0.0269,0.02834,0.01992,0.01771,0.01662],
		"B_noise": [0.03208,0.03515,0.02662,0.02287,0.02122],
		"R_SNR_ratio": [1.261,2.112,5.233,9.911,14.23],
		"G_SNR_ratio": [1.33,3.54,9.338,15.91,22.19],
		"B_SNR_ratio": [1.259,2.808,7.096,12.48,17.97],
		"R_SNR_dB": [2.013,6.495,14.38,19.92,23.06],
		"G_SNR_dB": [2.477,10.98,19.4,24.03,26.92],
		"B_SNR_dB": [2.003,8.967,17.02,21.93,25.09],
		"Gb_noise": [0.02194,0.02415,0.01669,0.01486,0.01377],
		"Gb_SNR_ratio": [1.767,4.115,11.12,18.98,26.91],
		"Gb_SNR_dB": [4.947,12.29,20.93,25.57,28.6],
		"Y_f_stop_SNR_ratio": [3.969,3.841,3.379,1.877,1.705],
		"Y_f_stop_SNR_dB": [11.97,11.69,10.58,5.471,4.635],
		"quality_levels_for_DR": [
				"Low,",
				"Medium,",
				"M-H,",
				"High,"
		],
		"SigNoise_levels_for_DR": [1,0.5,0.25,0.1],
		"Dynamic_Range_f_stops": [0,4.635,0,0],
		"Dynamic_Range_dB": [0,27.9,0,0],
		"noise_ISO15739_pct": [0.2341,0.3566,0.587,1.25,1.596],
		"snr_ISO15739": [1.287,2.784,4.908,5.171,7.09],
		"noise_pct_ISO15739_at_13pct_Lref": [1.472],
		"snr_ISO15739_at_13pct_Lref": [6.401],
		"snr_dB_ISO15739_at_13pct_Lref": [16.13],
		"DynamicRange_at_density_2": [2210],
		"DynamicRange_total": [0],
		"DynamicRange_from_slope_OD": [1.95],
		"DynamicRange_from_slope_EV": [6.474],
		"DynamicRange_from_slope_dB": [39],
		"SNR_BW_dB_RGBY": [19.58,23.7,21.48,25.22],
		"L_noise": [1.829,2.757,1.94,1.632,1.444],
		"a_noise": [4.858,6.829,5.367,4.245,3.811],
		"b_noise": [4.447,6.584,5.044,4.07,3.692],
		"Total_Lab_noise_unwtd": [6.835,9.879,7.616,6.103,5.499],
		"Total_ab_noise_unwtd": [6.586,9.486,7.365,5.881,5.306],
		"R_minus_Y_KK_noise": [0.03398,0.03782,0.02997,0.0242,0.02252],
		"B_minus_Y_KK_noise": [0.03524,0.03961,0.02906,0.02489,0.02366],
		"Y_Kelly_Keelan_noise": [0.02194,0.02415,0.01669,0.01486,0.01377],
		"Total_KK_noise": [0.03021,0.03347,0.02456,0.02095,0.0195],
		"Chroma_KK_noise": [0.02077,0.02318,0.01803,0.01476,0.01381],
		"Total_old_iso_noise": [0.03767,0.04183,0.03144,0.02636,0.02457],
		"Y_noise_from_YUV": [0.02194,0.02415,0.01669,0.01486,0.01377],
		"U_noise_from_YUV": [0.01656,0.01861,0.01365,0.0117,0.01112],