{
	"jsonResults": {
		"dateRun": "13-May-2025 09:48:08",
		"ini_time_size": "13-May-2025 09:40:23 14935B  MD5 = 7c769dcefba105f2e4e3944493917bea",
		"version": "Imatest 24.2.6 Master Color/Tone Auto",
		"build": "2025-03-20",
		"image_file": "car_18.0 mm_1600ISO_-2EV_Dist2_ON_Defocus1.tiff",
		"ColorSpace": "sRGB",
		"Reference": "Default values",
		"Ref_folder": "/usr/local/Imatest/v24.2/Master/",
		"Gamma": [0.3624],
		"patches_for_gamma_start_end": [1,5],
		"exposure_error_normalized_y_channel": [-0.225],
		"mean_camera_Saturation_Pct": ["_NaN_"],
		"mean_chroma_level_CPIQ_Pct": ["_NaN_"],
		"CPIQ_chroma_quality_loss_JND": ["_NaN_"],
		"CPIQ_exposure_quality_loss_JND": ["_NaN_"],
		"pixel_offset": [0],
		"mean_patch_size_pxls": [97,103],
		"roi_settings": "Recent ROI settings are in roi, nwid_save, nht_save, fillf, and distort (same names as ini file)",
		"roi": [3038,1783,3647,1907,3038,1909,3647,1775],
		"nwid_save": [6024],
		"nht_save": [4020],
		"fillf": [0.8],
		"distort": [0],
		"grayscale_zone": [1,2,3,4,5],
		"grayscale_minus_log_exposure": [2,1.513,1.025,0.5375,0.05],
		"grayscale_Y_reflectivity": [0.01,0.03073,0.09441,0.2901,0.8913],
		"grayscale_Y_Printer_pixel_gamma22": [33.13,55.18,91.91,153.1,255],
		"grayscale_Y_density": [0.4355,0.5492,0.7259,0.9759,1.16],
		"grayscale_R_density": [0.4324,0.5478,0.7302,0.9899,1.131],
		"grayscale_G_density": [0.438,0.5501,0.7254,0.9709,1.169],
		"grayscale_B_density": [0.4208,0.5445,0.7178,0.9855,1.153],
		"grayscale_Y_mean": [93.54,72,47.94,26.95,17.66],
		"grayscale_R_mean": [94.21,72.24,47.46,26.1,18.86],
		"grayscale_G_mean": [93.02,71.85,47.99,27.26,17.27],
		"grayscale_B_mean": [96.77,72.79,48.84,26.36,17.94],
		"White_Bal_error_Degrees": [284.9,77.04,229.5,31.39,-243.6],
		"White_Bal_error_Mired": [-6.461,-1.802,-5.247,-0.7394,5.989],
		"White_Bal_error_S_HSV": [0.03878,0.01292,0.02817,0.04273,0.08419],
		"White_Bal_error_Delta_C_ab": [2.354,0.63,0.6295,0.8957,0.7744],
		"White_Bal_error_Delta_C_94": [2.354,0.63,0.6295,0.8957,0.7744],
		"White_Bal_error_Delta_C_00": [2.589,0.7403,0.6214,1.221,1.12],
		"n_Patch": [1,2,3,4,5],
		"n_Row": [1,1,1,1,1],
		"n_Column": [1,2,3,4,5],
		"width_pixels": [98,99,98,98,98],
		"height_pixels": [105,105,105,105,105],
		"Pixels_total": [10290,10395,10290,10290,10290],
		"R_reference": [242.4,146.6,86.6,49.01,25.46],
		"G_reference": [242.4,146.6,86.6,49.01,25.46],
		"B_reference": [242.4,146.6,86.6,49.01,25.46],
		"R_input": [94.21,72.24,47.46,26.1,18.86],
		"G_input": [93.02,71.85,47.99,27.26,17.27],
		"B_input": [96.77,72.79,48.84,26.36,17.94],
		"L_reference": [95.63,60.79,36.82,20.33,8.991],
		"a_reference": [0,0,0,0,0],
		"b_reference": [0,0,0,0,0],
		"L_input": [39.72,30.59,19.84,9.745,5.329],
		"a_input": [1.269,0.3687,-0.02716,-0.7868,0.7588],
		"b_input": [-1.983,-0.5108,-0.6289,0.428,-0.1545],
		"x_reference": [0.3127,0.3127,0.3127,0.3127,0.3127],
		"y_reference": [0.329,0.329,0.329,0.329,0.329],
		"Y_reference": [0.8913,0.2901,0.09441,0.03073,0.01],
		"x_input": [0.3092,0.3118,0.3092,0.3114,0.3179],
		"y_input": [0.3202,0.3262,0.3255,0.3347,0.3237],
		"Y_input": [0.1108,0.06481,0.02948,0.01093,0.005899],
		"LUV_comment": "L2 is used to differentiate between the L in LAB and L in LUV.",
		"L2_reference": [805.1,262,85.28,27.75,9.033],
		"U_reference": [0.1978,0.1978,0.1978,0.1978,0.1978],
		"V_reference": [0.4683,0.4683,0.4683,0.4683,0.4683],
		"L2_input": [100.1,58.54,26.63,9.875,5.329],
		"U_input": [0.1987,0.1982,0.1967,0.1948,0.2035],
		"V_input": [0.463,0.4667,0.4659,0.4711,0.4662],
		"patch_numbers_for_all_Delta_E_C": [1,2,3,4,5],
		"Delta_E_all": [56,30.2,17,10.6,3.74],
		"Delta_C_all": [2.35,0.63,0.629,0.896,0.774],
		"Delta_E94_all": [56,30.2,17,10.6,3.74],
		"Delta_C94_all": [2.35,0.63,0.629,0.896,0.774],
		"Delta_E2000_all": [44.6,28.9,12.9,7.07,2.5],
		"Delta_C2000_all": [2.59,0.74,0.621,1.22,1.12],
		"Delta_L_all": [-55.9,-30.2,-17,-10.6,-3.66],
		"Delta_Chroma_all": [2.35,0.63,0.629,0.896,0.774],
		"Delta_Hue_Distance_all": [0,0,0,0,0],
		"Delta_Hue_Degrees_all": [0,0,0,0,0],
		"sat_corr_comment": "sat_corr explained on https://www.imatest.com/docs/colorcheck/#satcorr - not recommended.",
		"Delta_C_all_sat_corr": ["_NaN_","_NaN_","_NaN_","_NaN_","_NaN_"],
		"Delta_C94_all_sat_corr": ["_NaN_","_NaN_","_NaN_","_NaN_","_NaN_"],
		"Delta_C2000_all_sat_corr": ["_NaN_","_NaN_","_NaN_","_NaN_","_NaN_"],
		"grayscale_patch_numbers": [1,2,3,4,5],
		"Delta_E": [56,30.2,17,10.6,3.74],
		"Delta_C": [2.35,0.63,0.629,0.896,0.774],
		"Delta_E94": [56,30.2,17,10.6,3.74],
		"Delta_C94": [2.35,0.63,0.629,0.896,0.774],
		"Delta_E2000": [44.6,28.9,12.9,7.07,2.5],
		"Delta_C2000": [2.59,0.74,0.621,1.22,1.12],
		"Delta_L": [-55.9,-30.2,-17,-10.6,-3.66],
		"Delta_Chroma": [2.35,0.63,0.629,0.896,0.774],
		"Delta_Hue_Distance": [0,0,0,0,0],
		"Delta_Hue_Degrees": [0,0,0,0,0],
		"mean_Delta_E": [23.5],
		"mean_Delta_C": [1.06],
		"mean_Delta_E94": [23.5],
		"mean_Delta_C94": [1.06],
		"mean_Delta_E2000": [19.2],
		"mean_Delta_C2000": [1.26],
		"mean_Delta_L": [-23.5],
		"mean_Delta_Chroma": [1.06],
		"mean_Delta_Hue_Distance": [0],
		"mean_Delta_Hue_Degrees": [0],
		"mean_Delta_C_sat_corr": ["_NaN_"],
		"mean_Delta_C94_sat_corr": ["_NaN_"],
		"mean_Delta_C2000_sat_corr": ["_NaN_"],
		"max_Delta_E": [56],
		"max_Delta_C": [2.35],
		"max_Delta_E94": [56],
		"max_Delta_C94": [2.35],
		"max_Delta_E2000": [44.6],
		"max_Delta_C2000": [2.59],
		"max_Delta_L": [-3.66],
		"max_Delta_Chroma": [2.35],
		"max_Delta_Hue_Distance": [0],
		"max_Delta_Hue_Degrees": [0],
		"max_Delta_C_sat_corr": ["_NaN_"],
		"max_Delta_C94_sat_corr": ["_NaN_"],
		"max_Delta_C2000_sat_corr": ["_NaN_"],
		"mean_RegionSize": [10212.8],
		"Sequence_dark_to_light": [5,4,3,2,1],
		"Patch_number": [5,4,3,2,1],
		"R_noise": [0.04425,0.04482,0.03465,0.02845,0.02695],
		"G_noise": [0.03246,0.03012,0.0201,0.01765,0.01786],
		"B_noise": [0.03736,0.03883,0.0252,0.02299,0.0226],
		"R_SNR_ratio": [1.672,2.284,5.371,9.957,13.71],
		"G_SNR_ratio": [2.087,3.55,9.361,15.96,20.42],
		"B_SNR_ratio": [1.883,2.663,7.6,12.42,16.79],
		"R_SNR_dB": [4.463,7.173,14.6,19.96,22.74],
		"G_SNR_dB": [6.39,11,19.43,24.06,26.2],
		"B_SNR_dB": [5.498,8.507,17.62,21.88,24.5],
		"Gb_noise": [0.02888,0.02586,0.01684,0.01476,0.01538],
		"Gb_SNR_ratio": [2.397,4.086,11.17,19.14,23.86],
		"Gb_SNR_dB": [7.595,12.23,20.96,25.64,27.55],
		"Y_f_stop_SNR_ratio": [3.392,3.742,3.239,1.417,0.7791],
		"Y_f_stop_SNR_dB": [10.61,11.46,10.21,3.029,-2.168],
		"quality_levels_for_DR": [
				"Low,",
				"Medium,",
				"M-H,",
				"High,"
		],
		"SigNoise_levels_for_DR": [1,0.5,0.25,0.1],
		"Dynamic_Range_f_stops": [5.683,4.019,0,0],
		"Dynamic_Range_dB": [34.21,24.2,0,0],
		"noise_ISO15739_pct": [0.3981,0.4633,0.6174,1.218,1.752],
		"snr_ISO15739": [1.482,2.359,4.775,5.32,6.324],
		"noise_pct_ISO15739_at_13pct_Lref": [1.587],
		"snr_ISO15739_at_13pct_Lref": [6.014],
		"snr_dB_ISO15739_at_13pct_Lref": [15.58],
		"DynamicRange_at_density_2": [1378],
		"DynamicRange_total": [0],
		"DynamicRange_from_slope_OD": [1.95],
		"DynamicRange_from_slope_EV": [6.474],
		"DynamicRange_from_slope_dB": [39],
		"SNR_BW_dB_RGBY": [19.26,23.4,21.11,24.96],
		"L_noise": [3.012,3.034,1.954,1.621,1.62],
		"a_noise": [5.46,6.684,5.261,4.267,3.778],
		"b_noise": [4.864,6.345,4.75,3.998,3.646],
		"Total_Lab_noise_unwtd": [7.908,9.703,7.353,6.068,5.495],
		"Total_ab_noise_unwtd": [7.312,9.216,7.088,5.847,5.251],
		"R_minus_Y_KK_noise": [0.03493,0.03812,0.02983,0.02449,0.02235],
		"B_minus_Y_KK_noise": [0.03432,0.03773,0.02735,0.02445,0.02333],
		"Y_Kelly_Keelan_noise": [0.02888,0.02586,0.01684,0.01476,0.01538],
		"Total_KK_noise": [0.03575,0.03464,0.02444,0.02092,0.02058],
		"Chroma_KK_noise": [0.02107,0.02304,0.01772,0.01483,0.01368],
		"Total_old_iso_noise": [0.04247,0.04274,0.03119,0.0264,0.02536],
		"Y_noise_from_YUV": [0.02888,0.02586,0.01684,0.01475,0.01538],
		"U_noise_from_YUV": [0.01613,0.01773,0.01285,0.01149,0.01096],