{
	"jsonResults": {
		"dateRun": "07-May-2025 13:55:13",
		"ini_time_size": "07-May-2025 13:53:44 9257B  MD5 = 4312072e8f258c7e7625cfce2c209062",
		"version": "Imatest 24.2.6 Master Color/Tone Auto",
		"build": "2025-03-20",
		"image_file": "car_18.0 mm_6400ISO_+1EV_Dist2_OFF_Defocus2.tiff",
		"ColorSpace": "sRGB",
		"Reference": "Default values",
		"Ref_folder": "/usr/local/Imatest/v24.2/Master/",
		"Gamma": [0.3113],
		"patches_for_gamma_start_end": [1,5],
		"exposure_error_normalized_y_channel": [0.146],
		"mean_camera_Saturation_Pct": ["_NaN_"],
		"mean_chroma_level_CPIQ_Pct": ["_NaN_"],
		"CPIQ_chroma_quality_loss_JND": ["_NaN_"],
		"CPIQ_exposure_quality_loss_JND": ["_NaN_"],
		"pixel_offset": [0],
		"mean_patch_size_pxls": [98,106],
		"roi_settings": "Recent ROI settings are in roi, nwid_save, nht_save, fillf, and distort (same names as ini file)",
		"roi": [3032,1777,3645,1909,3032,1909,3645,1777],
		"nwid_save": [6024],
		"nht_save": [4020],
		"fillf": [0.8],
		"distort": [0],
		"grayscale_zone": [1,2,3,4,5],
		"grayscale_minus_log_exposure": [2,1.513,1.025,0.5375,0.05],
		"grayscale_Y_reflectivity": [0.01,0.03073,0.09441,0.2901,0.8913],
		"grayscale_Y_Printer_pixel_gamma22": [33.13,55.18,91.91,153.1,255],
		"grayscale_Y_density": [0.06162,0.1602,0.312,0.5036,0.5901],
		"grayscale_R_density": [0.06161,0.164,0.3167,0.5115,0.6052],
		"grayscale_G_density": [0.06265,0.1595,0.3111,0.5013,0.5853],
		"grayscale_B_density": [0.05165,0.1568,0.3077,0.5027,0.5951],
		"grayscale_Y_mean": [221.3,176.3,124.3,79.98,65.52],
		"grayscale_R_mean": [221.3,174.8,123,78.53,63.29],
		"grayscale_G_mean": [220.7,176.6,124.6,80.4,66.26],
		"grayscale_B_mean": [226.4,177.7,125.6,80.13,64.78],
		"White_Bal_error_Degrees": [245,152.7,183.6,153.7,141.8],
		"White_Bal_error_Mired": [-5.588,-3.53,-4.226,-3.553,-3.284],
		"White_Bal_error_S_HSV": [0.025,0.01652,0.02043,0.02327,0.04478],
		"White_Bal_error_Delta_C_ab": [2.971,0.9083,0.8457,0.8213,1.641],
		"White_Bal_error_Delta_C_94": [2.971,0.9083,0.8457,0.8213,1.641],
		"White_Bal_error_Delta_C_00": [3.04,1.01,0.936,1.192,2.282],
		"n_Patch": [1,2,3,4,5],
		"n_Row": [1,1,1,1,1],
		"n_Column": [1,2,3,4,5],
		"width_pixels": [99,99,100,99,99],
		"height_pixels": [108,108,108,108,108],
		"Pixels_total": [10692,10692,10800,10692,10692],
		"R_reference": [242.4,146.6,86.6,49.01,25.46],
		"G_reference": [242.4,146.6,86.6,49.01,25.46],
		"B_reference": [242.4,146.6,86.6,49.01,25.46],
		"R_input": [221.3,174.8,123,78.53,63.29],
		"G_input": [220.7,176.6,124.6,80.4,66.26],
		"B_input": [226.4,177.7,125.6,80.13,64.78],
		"L_reference": [95.63,60.79,36.82,20.33,8.991],
		"a_reference": [0,0,0,0,0],
		"b_reference": [0,0,0,0,0],
		"L_input": [88.21,71.96,52.14,34.02,27.77],
		"a_input": [1.207,-0.4415,-0.399,-0.8133,-1.573],
		"b_input": [-2.715,-0.7938,-0.7456,-0.1143,0.4675],
		"x_reference": [0.3127,0.3127,0.3127,0.3127,0.3127],
		"y_reference": [0.329,0.329,0.329,0.329,0.329],
		"Y_reference": [0.8913,0.2901,0.09441,0.03073,0.01],
		"x_input": [0.3094,0.3102,0.3097,0.3099,0.3094],
		"y_input": [0.3229,0.3275,0.3272,0.3297,0.3338],
		"Y_input": [0.7251,0.4359,0.2027,0.08019,0.05373],
		"LUV_comment": "L2 is used to differentiate between the L in LAB and L in LUV.",
		"L2_reference": [805.1,262,85.28,27.75,9.033],
		"U_reference": [0.1978,0.1978,0.1978,0.1978,0.1978],
		"V_reference": [0.4683,0.4683,0.4683,0.4683,0.4683],
		"L2_input": [655,393.8,183.1,72.43,48.53],
		"U_input": [0.1978,0.1967,0.1964,0.1956,0.1938],
		"V_input": [0.4645,0.4672,0.4669,0.4683,0.4704],
		"patch_numbers_for_all_Delta_E_C": [1,2,3,4,5],
		"Delta_E_all": [7.99,11.2,15.3,13.7,18.9],
		"Delta_C_all": [2.97,0.908,0.846,0.821,1.64],
		"Delta_E94_all": [7.99,11.2,15.3,13.7,18.9],
		"Delta_C94_all": [2.97,0.908,0.846,0.821,1.64],
		"Delta_E2000_all": [5.49,9.09,14.4,10.3,13],
		"Delta_C2000_all": [3.04,1.01,0.936,1.19,2.28],
		"Delta_L_all": [-7.42,11.2,15.3,13.7,18.8],
		"Delta_Chroma_all": [2.97,0.908,0.846,0.821,1.64],
		"Delta_Hue_Distance_all": [0,0,0,0,0],
		"Delta_Hue_Degrees_all": [0,0,0,0,0],
		"sat_corr_comment": "sat_corr explained on https://www.imatest.com/docs/colorcheck/#satcorr - not recommended.",
		"Delta_C_all_sat_corr": ["_NaN_","_NaN_","_NaN_","_NaN_","_NaN_"],
		"Delta_C94_all_sat_corr": ["_NaN_","_NaN_","_NaN_","_NaN_","_NaN_"],
		"Delta_C2000_all_sat_corr": ["_NaN_","_NaN_","_NaN_","_NaN_","_NaN_"],
		"grayscale_patch_numbers": [1,2,3,4,5],
		"Delta_E": [7.99,11.2,15.3,13.7,18.9],
		"Delta_C": [2.97,0.908,0.846,0.821,1.64],
		"Delta_E94": [7.99,11.2,15.3,13.7,18.9],
		"Delta_C94": [2.97,0.908,0.846,0.821,1.64],
		"Delta_E2000": [5.49,9.09,14.4,10.3,13],
		"Delta_C2000": [3.04,1.01,0.936,1.19,2.28],
		"Delta_L": [-7.42,11.2,15.3,13.7,18.8],
		"Delta_Chroma": [2.97,0.908,0.846,0.821,1.64],
		"Delta_Hue_Distance": [0,0,0,0,0],
		"Delta_Hue_Degrees": [0,0,0,0,0],
		"mean_Delta_E": [13.4],
		"mean_Delta_C": [1.44],
		"mean_Delta_E94": [13.4],
		"mean_Delta_C94": [1.44],
		"mean_Delta_E2000": [10.5],
		"mean_Delta_C2000": [1.69],
		"mean_Delta_L": [10.3],
		"mean_Delta_Chroma": [1.44],
		"mean_Delta_Hue_Distance": [0],
		"mean_Delta_Hue_Degrees": [0],
		"mean_Delta_C_sat_corr": ["_NaN_"],
		"mean_Delta_C94_sat_corr": ["_NaN_"],
		"mean_Delta_C2000_sat_corr": ["_NaN_"],
		"max_Delta_E": [18.9],
		"max_Delta_C": [2.97],
		"max_Delta_E94": [18.9],
		"max_Delta_C94": [2.97],
		"max_Delta_E2000": [14.4],
		"max_Delta_C2000": [3.04],
		"max_Delta_L": [18.8],
		"max_Delta_Chroma": [2.97],
		"max_Delta_Hue_Distance": [0],
		"max_Delta_Hue_Degrees": [0],
		"max_Delta_C_sat_corr": ["_NaN_"],
		"max_Delta_C94_sat_corr": ["_NaN_"],
		"max_Delta_C2000_sat_corr": ["_NaN_"],
		"mean_RegionSize": [10614.4],
		"Sequence_dark_to_light": [5,4,3,2,1],
		"Patch_number": [5,4,3,2,1],
		"R_noise": [0.07972,0.06913,0.0486,0.04212,0.04214],
		"G_noise": [0.05593,0.04205,0.03142,0.02838,0.03404],
		"B_noise": [0.06636,0.05065,0.03818,0.03393,0.03704],
		"R_SNR_ratio": [3.114,4.455,9.925,16.27,20.59],
		"G_SNR_ratio": [4.646,7.497,15.55,24.41,25.43],
		"B_SNR_ratio": [3.828,6.205,12.89,20.54,23.97],
		"R_SNR_dB": [9.866,12.98,19.93,24.23,26.27],
		"G_SNR_dB": [13.34,17.5,23.83,27.75,28.11],
		"B_SNR_dB": [11.66,15.85,22.21,26.25,27.59],
		"Gb_noise": [0.05183,0.03836,0.02744,0.02469,0.03083],
		"Gb_SNR_ratio": [4.957,8.176,17.77,28,28.15],
		"Gb_SNR_dB": [13.91,18.25,24.99,28.94,28.99],
		"Y_f_stop_SNR_ratio": [3.53,4.753,4.25,1.855,0.6753],
		"Y_f_stop_SNR_dB": [10.96,13.54,12.57,5.369,-3.41],
		"quality_levels_for_DR": [
				"Low,",
				"Medium,",
				"M-H,",
				"High,"
		],
		"SigNoise_levels_for_DR": [1,0.5,0.25,0.1],
		"Dynamic_Range_f_stops": [5.651,4.651,3.318,0],
		"Dynamic_Range_dB": [34.02,28,19.97,0],
		"noise_ISO15739_pct": [0.9727,0.8971,1.207,2.389,4.136],
		"snr_ISO15739": [5.524,8.938,16.79,18.25,17.53],
		"noise_pct_ISO15739_at_13pct_Lref": [2.247],
		"snr_ISO15739_at_13pct_Lref": [18.08],
		"snr_dB_ISO15739_at_13pct_Lref": [25.14],
		"DynamicRange_at_density_2": [246.6],
		"DynamicRange_total": [0],
		"DynamicRange_from_slope_OD": [1.95],
		"DynamicRange_from_slope_EV": [6.474],
		"DynamicRange_from_slope_dB": [39],
		"SNR_BW_dB_RGBY": [22.38,25.81,24.26,27.02],
		"L_noise": [5.684,4.06,2.749,2.326,2.798],
		"a_noise": [9.78,8.459,6.191,5.059,4.542],
		"b_noise": [9.336,7.739,5.8,4.751,4.27],
		"Total_Lab_noise_unwtd": [14.67,12.16,8.918,7.32,6.833],
		"Total_ab_noise_unwtd": [13.52,11.47,8.483,6.94,6.233],
		"R_minus_Y_KK_noise": [0.05873,0.0541,0.03977,0.03475,0.03125],
		"B_minus_Y_KK_noise": [0.05732,0.04833,0.03894,0.03398,0.03188],
		"Y_Kelly_Keelan_noise": [0.05183,0.03836,0.02744,0.02469,0.03083],
		"Total_KK_noise": [0.06275,0.04994,0.03644,0.03238,0.03622],
		"Chroma_KK_noise": [0.03537,0.03197,0.02397,0.02094,0.01902],
		"Total_old_iso_noise": [0.07362,0.06098,0.04481,0.03959,0.04169],
		"Y_noise_from_YUV": [0.05183,0.03836,0.02744,0.02469,0.03082],
		"U_noise_from_YUV": [0.02693,0.02271,0.01829,0.01597,0.01498],