{
	"jsonResults": {
		"dateRun": "07-May-2025 13:55:13",
		"ini_time_size": "07-May-2025 13:53:44 9257B  MD5 = 4312072e8f258c7e7625cfce2c209062",
		"version": "Imatest 24.2.6 Master Color/Tone Auto",
		"build": "2025-03-20",
		"image_file": "car_18.0 mm_6400ISO_+1EV_Dist2_OFF_Focused.tiff",
		"ColorSpace": "sRGB",
		"Reference": "Default values",
		"Ref_folder": "/usr/local/Imatest/v24.2/Master/",
		"Gamma": [0.3847],
		"patches_for_gamma_start_end": [1,5],
		"exposure_error_normalized_y_channel": [0.0968],
		"mean_camera_Saturation_Pct": ["_NaN_"],
		"mean_chroma_level_CPIQ_Pct": ["_NaN_"],
		"CPIQ_chroma_quality_loss_JND": ["_NaN_"],
		"CPIQ_exposure_quality_loss_JND": ["_NaN_"],
		"pixel_offset": [0],
		"mean_patch_size_pxls": [98,106],
		"roi_settings": "Recent ROI settings are in roi, nwid_save, nht_save, fillf, and distort (same names as ini file)",
		"roi": [3032,1777,3645,1909,3032,1909,3645,1777],
		"nwid_save": [6024],
		"nht_save": [4020],
		"fillf": [0.8],
		"distort": [0],
		"grayscale_zone": [1,2,3,4,5],
		"grayscale_minus_log_exposure": [2,1.513,1.025,0.5375,0.05],
		"grayscale_Y_reflectivity": [0.01,0.03073,0.09441,0.2901,0.8913],
		"grayscale_Y_Printer_pixel_gamma22": [33.13,55.18,91.91,153.1,255],
		"grayscale_Y_density": [0.07581,0.1836,0.3434,0.5587,0.8684],
		"grayscale_R_density": [0.07612,0.1881,0.3501,0.5645,0.8747],
		"grayscale_G_density": [0.07683,0.1826,0.3418,0.5568,0.8653],
		"grayscale_B_density": [0.06486,0.1809,0.3388,0.5597,0.8817],
		"grayscale_Y_mean": [214.2,167.1,115.7,70.45,34.52],
		"grayscale_R_mean": [214,165.4,113.9,69.51,34.03],
		"grayscale_G_mean": [213.7,167.5,116.1,70.75,34.78],
		"grayscale_B_mean": [219.6,168.1,116.9,70.28,33.49],
		"White_Bal_error_Degrees": [276.3,148,225.8,77.77,-124.3],
		"White_Bal_error_Mired": [-6.273,-3.424,-5.166,-1.819,3],
		"White_Bal_error_S_HSV": [0.0272,0.01646,0.02579,0.01742,0.03704],
		"White_Bal_error_Delta_C_ab": [3.149,0.8711,1,0.619,0.9931],
		"White_Bal_error_Delta_C_94": [3.149,0.8711,1,0.619,0.9931],
		"White_Bal_error_Delta_C_00": [3.183,1.084,1.208,0.9038,1.206],
		"n_Patch": [1,2,3,4,5],
		"n_Row": [1,1,1,1,1],
		"n_Column": [1,2,3,4,5],
		"width_pixels": [99,99,100,99,99],
		"height_pixels": [108,108,108,108,108],
		"Pixels_total": [10692,10692,10800,10692,10692],
		"R_reference": [242.4,146.6,86.6,49.01,25.46],
		"G_reference": [242.4,146.6,86.6,49.01,25.46],
		"B_reference": [242.4,146.6,86.6,49.01,25.46],
		"R_input": [214,165.4,113.9,69.51,34.03],
		"G_input": [213.7,167.5,116.1,70.75,34.78],
		"B_input": [219.6,168.1,116.9,70.28,33.49],
		"L_reference": [95.63,60.79,36.82,20.33,8.991],
		"a_reference": [0,0,0,0,0],
		"b_reference": [0,0,0,0,0],
		"L_input": [85.69,68.52,48.71,29.92,13.48],
		"a_input": [1.213,-0.6173,-0.658,-0.6118,-0.6628],
		"b_input": [-2.906,-0.6145,-0.7534,0.09385,0.7396],
		"x_reference": [0.3127,0.3127,0.3127,0.3127,0.3127],
		"y_reference": [0.329,0.329,0.329,0.329,0.329],
		"Y_reference": [0.8913,0.2901,0.09441,0.03073,0.01],
		"x_input": [0.3089,0.3102,0.3089,0.3111,0.3142],
		"y_input": [0.3224,0.3281,0.3274,0.3304,0.3358],
		"Y_input": [0.6736,0.3869,0.1736,0.06204,0.01642],
		"LUV_comment": "L2 is used to differentiate between the L in LAB and L in LUV.",
		"L2_reference": [805.1,262,85.28,27.75,9.033],
		"U_reference": [0.1978,0.1978,0.1978,0.1978,0.1978],
		"V_reference": [0.4683,0.4683,0.4683,0.4683,0.4683],
		"L2_input": [608.5,349.5,156.8,56.04,14.83],
		"U_input": [0.1977,0.1965,0.1958,0.1962,0.1963],
		"V_input": [0.4642,0.4675,0.4669,0.4688,0.4722],
		"patch_numbers_for_all_Delta_E_C": [1,2,3,4,5],
		"Delta_E_all": [10.4,7.78,11.9,9.61,4.6],
		"Delta_C_all": [3.15,0.871,1,0.619,0.993],
		"Delta_E94_all": [10.4,7.78,11.9,9.61,4.6],
		"Delta_C94_all": [3.15,0.871,1,0.619,0.993],
		"Delta_E2000_all": [6.96,6.48,10.9,7.07,3.09],
		"Delta_C2000_all": [3.18,1.08,1.21,0.904,1.21],
		"Delta_L_all": [-9.95,7.74,11.9,9.59,4.49],
		"Delta_Chroma_all": [3.15,0.871,1,0.619,0.993],
		"Delta_Hue_Distance_all": [0,0,0,0,0],
		"Delta_Hue_Degrees_all": [0,0,0,0,0],
		"sat_corr_comment": "sat_corr explained on https://www.imatest.com/docs/colorcheck/#satcorr - not recommended.",
		"Delta_C_all_sat_corr": ["_NaN_","_NaN_","_NaN_","_NaN_","_NaN_"],
		"Delta_C94_all_sat_corr": ["_NaN_","_NaN_","_NaN_","_NaN_","_NaN_"],
		"Delta_C2000_all_sat_corr": ["_NaN_","_NaN_","_NaN_","_NaN_","_NaN_"],
		"grayscale_patch_numbers": [1,2,3,4,5],
		"Delta_E": [10.4,7.78,11.9,9.61,4.6],
		"Delta_C": [3.15,0.871,1,0.619,0.993],
		"Delta_E94": [10.4,7.78,11.9,9.61,4.6],
		"Delta_C94": [3.15,0.871,1,0.619,0.993],
		"Delta_E2000": [6.96,6.48,10.9,7.07,3.09],
		"Delta_C2000": [3.18,1.08,1.21,0.904,1.21],
		"Delta_L": [-9.95,7.74,11.9,9.59,4.49],
		"Delta_Chroma": [3.15,0.871,1,0.619,0.993],
		"Delta_Hue_Distance": [0,0,0,0,0],
		"Delta_Hue_Degrees": [0,0,0,0,0],
		"mean_Delta_E": [8.87],
		"mean_Delta_C": [1.33],
		"mean_Delta_E94": [8.87],
		"mean_Delta_C94": [1.33],
		"mean_Delta_E2000": [6.91],
		"mean_Delta_C2000": [1.52],
		"mean_Delta_L": [4.75],
		"mean_Delta_Chroma": [1.33],
		"mean_Delta_Hue_Distance": [0],
		"mean_Delta_Hue_Degrees": [0],
		"mean_Delta_C_sat_corr": ["_NaN_"],
		"mean_Delta_C94_sat_corr": ["_NaN_"],
		"mean_Delta_C2000_sat_corr": ["_NaN_"],
		"max_Delta_E": [11.9],
		"max_Delta_C": [3.15],
		"max_Delta_E94": [11.9],
		"max_Delta_C94": [3.15],
		"max_Delta_E2000": [10.9],
		"max_Delta_C2000": [3.18],
		"max_Delta_L": [11.9],
		"max_Delta_Chroma": [3.15],
		"max_Delta_Hue_Distance": [0],
		"max_Delta_Hue_Degrees": [0],
		"max_Delta_C_sat_corr": ["_NaN_"],
		"max_Delta_C94_sat_corr": ["_NaN_"],
		"max_Delta_C2000_sat_corr": ["_NaN_"],
		"mean_RegionSize": [10614.4],
		"Sequence_dark_to_light": [5,4,3,2,1],
		"Patch_number": [5,4,3,2,1],
		"R_noise": [0.07186,0.0598,0.04346,0.03767,0.03387],
		"G_noise": [0.04513,0.03184,0.02722,0.02476,0.02351],
		"B_noise": [0.05929,0.04264,0.03348,0.02926,0.02628],
		"R_SNR_ratio": [1.857,4.559,10.28,17.21,24.78],
		"G_SNR_ratio": [3.022,8.713,16.72,26.53,35.64],
		"B_SNR_ratio": [2.215,6.464,13.69,22.53,32.77],
		"R_SNR_dB": [5.375,13.18,20.24,24.72,27.88],
		"G_SNR_dB": [9.604,18.8,24.46,28.47,31.04],
		"B_SNR_dB": [6.907,16.21,22.73,27.06,30.31],
		"Gb_noise": [0.03694,0.0272,0.02272,0.02084,0.01925],
		"Gb_SNR_ratio": [3.665,10.16,19.97,31.44,43.63],
		"Gb_SNR_dB": [11.28,20.13,26.01,29.95,32.8],
		"Y_f_stop_SNR_ratio": [5.922,5.722,5.15,3.611,2.355],
		"Y_f_stop_SNR_dB": [15.45,15.15,14.24,11.15,7.441],
		"quality_levels_for_DR": [
				"Low,",
				"Medium,",
				"M-H,",
				"High,"
		],
		"SigNoise_levels_for_DR": [1,0.5,0.25,0.1],
		"Dynamic_Range_f_stops": [0,0,4.331,0],
		"Dynamic_Range_dB": [0,0,26.07,0],
		"noise_ISO15739_pct": [0.4845,0.5007,1.034,2.303,2.923],
		"snr_ISO15739": [3.389,12.39,16.79,16.8,23.04],
		"noise_pct_ISO15739_at_13pct_Lref": [1.979],
		"snr_ISO15739_at_13pct_Lref": [16.8],
		"snr_dB_ISO15739_at_13pct_Lref": [24.5],
		"DynamicRange_at_density_2": [408.9],
		"DynamicRange_total": [0],
		"DynamicRange_from_slope_OD": [1.95],
		"DynamicRange_from_slope_EV": [6.474],
		"DynamicRange_from_slope_dB": [39],
		"SNR_BW_dB_RGBY": [23.5,27.15,25.69,28.64],
		"L_noise": [4.185,2.944,2.302,1.981,1.745],
		"a_noise": [11.14,8.088,5.918,4.748,4.29],
		"b_noise": [10.64,7.501,5.45,4.54,3.918],
		"Total_Lab_noise_unwtd": [15.96,11.42,8.368,6.861,6.066],
		"Total_ab_noise_unwtd": [15.4,11.03,8.045,6.569,5.809],
		"R_minus_Y_KK_noise": [0.06325,0.05055,0.03754,0.03207,0.02999],
		"B_minus_Y_KK_noise": [0.06418,0.04624,0.03614,0.03214,0.02908],
		"Y_Kelly_Keelan_noise": [0.03694,0.0272,0.02272,0.02084,0.01925],
		"Total_KK_noise": [0.05332,0.04051,0.032,0.0285,0.02638],
		"Chroma_KK_noise": [0.03845,0.03002,0.02254,0.01944,0.01804],
		"Total_old_iso_noise": [0.0677,0.05213,0.04033,0.03546,0.03289],
		"Y_noise_from_YUV": [0.03693,0.0272,0.02271,0.02084,0.01925],
		"U_noise_from_YUV": [0.03016,0.02173,0.01698,0.0151,0.01366],