{
	"jsonResults": {
		"dateRun": "13-May-2025 09:48:08",
		"ini_time_size": "13-May-2025 09:40:23 14935B  MD5 = 7c769dcefba105f2e4e3944493917bea",
		"version": "Imatest 24.2.6 Master Color/Tone Auto",
		"build": "2025-03-20",
		"image_file": "car_18.0 mm_25600ISO_-2EV_Dist2_ON_Focused.tiff",
		"ColorSpace": "sRGB",
		"Reference": "Default values",
		"Ref_folder": "/usr/local/Imatest/v24.2/Master/",
		"Gamma": [0.4226],
		"patches_for_gamma_start_end": [1,5],
		"exposure_error_normalized_y_channel": [-0.25],
		"mean_camera_Saturation_Pct": ["_NaN_"],
		"mean_chroma_level_CPIQ_Pct": ["_NaN_"],
		"CPIQ_chroma_quality_loss_JND": ["_NaN_"],
		"CPIQ_exposure_quality_loss_JND": ["_NaN_"],
		"pixel_offset": [0],
		"mean_patch_size_pxls": [97,103],
		"roi_settings": "Recent ROI settings are in roi, nwid_save, nht_save, fillf, and distort (same names as ini file)",
		"roi": [3038,1783,3647,1907,3038,1909,3647,1775],
		"nwid_save": [6024],
		"nht_save": [4020],
		"fillf": [0.8],
		"distort": [0],
		"grayscale_zone": [1,2,3,4,5],
		"grayscale_minus_log_exposure": [2,1.513,1.025,0.5375,0.05],
		"grayscale_Y_reflectivity": [0.01,0.03073,0.09441,0.2901,0.8913],
		"grayscale_Y_Printer_pixel_gamma22": [33.13,55.18,91.91,153.1,255],
		"grayscale_Y_density": [0.517,0.6542,0.8603,1.047,1.13],
		"grayscale_R_density": [0.5232,0.6609,0.8,0.8919,0.9085],
		"grayscale_G_density": [0.5177,0.6521,0.8845,1.12,1.24],
		"grayscale_B_density": [0.4925,0.6564,0.8188,0.9436,1.031],
		"grayscale_Y_mean": [77.54,56.53,35.18,22.88,18.9],
		"grayscale_R_mean": [76.45,55.68,40.41,32.71,31.48],
		"grayscale_G_mean": [77.41,56.82,33.27,19.34,14.67],
		"grayscale_B_mean": [82.04,56.25,38.7,29.03,23.77],
		"White_Bal_error_Degrees": [702.4,65.3,-232.6,-1072,-2768],
		"White_Bal_error_Mired": [-15,-1.53,5.71,30.39,114.1],
		"White_Bal_error_S_HSV": [0.06819,0.02004,0.1768,0.4089,0.5339],
		"White_Bal_error_Delta_C_ab": [2.945,0.6422,5.213,9.846,10.35],
		"White_Bal_error_Delta_C_94": [2.945,0.6422,5.213,9.846,10.35],
		"White_Bal_error_Delta_C_00": [2.84,0.9233,6.308,10.66,11.35],
		"n_Patch": [1,2,3,4,5],
		"n_Row": [1,1,1,1,1],
		"n_Column": [1,2,3,4,5],
		"width_pixels": [98,99,98,98,98],
		"height_pixels": [105,105,105,105,105],
		"Pixels_total": [10290,10395,10290,10290,10290],
		"R_reference": [242.4,146.6,86.6,49.01,25.46],
		"G_reference": [242.4,146.6,86.6,49.01,25.46],
		"B_reference": [242.4,146.6,86.6,49.01,25.46],
		"R_input": [76.45,55.68,40.41,32.71,31.48],
		"G_input": [77.41,56.82,33.27,19.34,14.67],
		"B_input": [82.04,56.25,38.7,29.03,23.77],
		"L_reference": [95.63,60.79,36.82,20.33,8.991],
		"a_reference": [0,0,0,0,0],
		"b_reference": [0,0,0,0,0],
		"L_input": [32.98,23.76,13.87,7.991,6.29],
		"a_input": [0.6499,-0.6175,4.637,8.954,10.03],
		"b_input": [-2.873,0.1761,-2.381,-4.095,-2.575],
		"x_reference": [0.3127,0.3127,0.3127,0.3127,0.3127],
		"y_reference": [0.329,0.329,0.329,0.329,0.329],
		"Y_reference": [0.8913,0.2901,0.09441,0.03073,0.01],
		"x_input": [0.3033,0.3113,0.3199,0.3327,0.3572],
		"y_input": [0.3162,0.3311,0.3027,0.2729,0.2738],
		"Y_input": [0.0753,0.04028,0.01707,0.008847,0.006963],
		"LUV_comment": "L2 is used to differentiate between the L in LAB and L in LUV.",
		"L2_reference": [805.1,262,85.28,27.75,9.033],
		"U_reference": [0.1978,0.1978,0.1978,0.1978,0.1978],
		"V_reference": [0.4683,0.4683,0.4683,0.4683,0.4683],
		"L2_input": [68.02,36.38,15.42,7.991,6.29],
		"U_input": [0.1961,0.1961,0.2135,0.2373,0.2564],
		"V_input": [0.4599,0.4692,0.4546,0.4379,0.4423],
		"patch_numbers_for_all_Delta_E_C": [1,2,3,4,5],
		"Delta_E_all": [62.7,37,23.5,15.8,10.7],
		"Delta_C_all": [2.95,0.642,5.21,9.85,10.4],
		"Delta_E94_all": [62.7,37,23.5,15.8,10.7],
		"Delta_C94_all": [2.95,0.642,5.21,9.85,10.4],
		"Delta_E2000_all": [52.1,33.7,18,13.4,11.5],
		"Delta_C2000_all": [2.84,0.923,6.31,10.7,11.3],
		"Delta_L_all": [-62.6,-37,-23,-12.3,-2.7],
		"Delta_Chroma_all": [2.95,0.642,5.21,9.85,10.4],
		"Delta_Hue_Distance_all": [0,0,0,0,0],
		"Delta_Hue_Degrees_all": [0,0,0,0,0],
		"sat_corr_comment": "sat_corr explained on https://www.imatest.com/docs/colorcheck/#satcorr - not recommended.",
		"Delta_C_all_sat_corr": ["_NaN_","_NaN_","_NaN_","_NaN_","_NaN_"],
		"Delta_C94_all_sat_corr": ["_NaN_","_NaN_","_NaN_","_NaN_","_NaN_"],
		"Delta_C2000_all_sat_corr": ["_NaN_","_NaN_","_NaN_","_NaN_","_NaN_"],
		"grayscale_patch_numbers": [1,2,3,4,5],
		"Delta_E": [62.7,37,23.5,15.8,10.7],
		"Delta_C": [2.95,0.642,5.21,9.85,10.4],
		"Delta_E94": [62.7,37,23.5,15.8,10.7],
		"Delta_C94": [2.95,0.642,5.21,9.85,10.4],
		"Delta_E2000": [52.1,33.7,18,13.4,11.5],
		"Delta_C2000": [2.84,0.923,6.31,10.7,11.3],
		"Delta_L": [-62.6,-37,-23,-12.3,-2.7],
		"Delta_Chroma": [2.95,0.642,5.21,9.85,10.4],
		"Delta_Hue_Distance": [0,0,0,0,0],
		"Delta_Hue_Degrees": [0,0,0,0,0],
		"mean_Delta_E": [30],
		"mean_Delta_C": [5.8],
		"mean_Delta_E94": [30],
		"mean_Delta_C94": [5.8],
		"mean_Delta_E2000": [25.7],
		"mean_Delta_C2000": [6.42],
		"mean_Delta_L": [-27.5],
		"mean_Delta_Chroma": [5.8],
		"mean_Delta_Hue_Distance": [0],
		"mean_Delta_Hue_Degrees": [0],
		"mean_Delta_C_sat_corr": ["_NaN_"],
		"mean_Delta_C94_sat_corr": ["_NaN_"],
		"mean_Delta_C2000_sat_corr": ["_NaN_"],
		"max_Delta_E": [62.7],
		"max_Delta_C": [10.4],
		"max_Delta_E94": [62.7],
		"max_Delta_C94": [10.4],
		"max_Delta_E2000": [52.1],
		"max_Delta_C2000": [11.3],
		"max_Delta_L": [-2.7],
		"max_Delta_Chroma": [10.4],
		"max_Delta_Hue_Distance": [0],
		"max_Delta_Hue_Degrees": [0],
		"max_Delta_C_sat_corr": ["_NaN_"],
		"max_Delta_C94_sat_corr": ["_NaN_"],
		"max_Delta_C2000_sat_corr": ["_NaN_"],
		"mean_RegionSize": [10212.8],
		"Sequence_dark_to_light": [5,4,3,2,1],
		"Patch_number": [5,4,3,2,1],
		"R_noise": [0.1023,0.1048,0.1165,0.1272,0.1203],
		"G_noise": [0.07096,0.07964,0.0928,0.09022,0.0744],
		"B_noise": [0.08475,0.09287,0.1034,0.1051,0.0853],
		"R_SNR_ratio": [1.206,1.224,1.36,1.717,2.492],
		"G_SNR_ratio": [0.8109,0.9521,1.406,2.47,4.08],
		"B_SNR_ratio": [1.1,1.226,1.468,2.098,3.772],
		"R_SNR_dB": [1.628,1.754,2.672,4.694,7.931],
		"G_SNR_dB": [-1.821,-0.4264,2.959,7.852,12.21],
		"B_SNR_dB": [0.8259,1.77,3.333,6.437,11.53],
		"Gb_noise": [0.05845,0.06542,0.07459,0.0736,0.06203],
		"Gb_SNR_ratio": [1.268,1.371,1.849,3.012,4.902],
		"Gb_SNR_dB": [2.063,2.743,5.341,9.578,13.81],
		"Y_f_stop_SNR_ratio": [0.8199,0.6968,0.5463,0.3012,0.1648],
		"Y_f_stop_SNR_dB": [-1.725,-3.137,-5.252,-10.42,-15.66],
		"quality_levels_for_DR": [
				"Low,",
				"Medium,",
				"M-H,",
				"High,"
		],
		"SigNoise_levels_for_DR": [1,0.5,0.25,0.1],
		"Dynamic_Range_f_stops": [0,0,0,0],
		"Dynamic_Range_dB": [0,0,0,0],
		"noise_ISO15739_pct": [2.025,2.629,4.811,8.832,9.46],
		"snr_ISO15739": [0.3439,0.3365,0.3547,0.456,0.796],
		"noise_pct_ISO15739_at_13pct_Lref": [9.133],
		"snr_ISO15739_at_13pct_Lref": [0.619],
		"snr_dB_ISO15739_at_13pct_Lref": [-4.166],
		"DynamicRange_at_density_2": [209.9],
		"DynamicRange_total": [0],
		"DynamicRange_from_slope_OD": [1.95],
		"DynamicRange_from_slope_EV": [6.474],
		"DynamicRange_from_slope_dB": [39],
		"SNR_BW_dB_RGBY": [4.534,7.517,6.188,9.286],
		"L_noise": [6.586,7.244,8.074,7.646,6.201],
		"a_noise": [15.08,16,18.03,18.03,15.27],
		"b_noise": [14.6,16,18.36,17.8,14.57],
		"Total_Lab_noise_unwtd": [22,23.76,26.97,26.46,22],
		"Total_ab_noise_unwtd": [20.99,22.63,25.73,25.33,21.11],
		"R_minus_Y_KK_noise": [0.0907,0.09286,0.1063,0.1126,0.1038],
		"B_minus_Y_KK_noise": [0.09002,0.09963,0.1158,0.1161,0.0953],
		"Y_Kelly_Keelan_noise": [0.05845,0.06542,0.07459,0.0736,0.06203],
		"Total_KK_noise": [0.08015,0.08695,0.09947,0.1007,0.0875],
		"Chroma_KK_noise": [0.05485,0.05727,0.06581,0.06874,0.0617],
		"Total_old_iso_noise": [0.09989,0.1067,0.1222,0.1253,0.1105],
		"Y_noise_from_YUV": [0.05844,0.06541,0.07458,0.07359,0.06203],
		"U_noise_from_YUV": [0.0423,0.04681,0.0544,0.05456,0.04478],
		"V_noise_from_YUV": [0.07083,0.07252,0.08299,0.08794,0.08109],