{
	"jsonResults": {
		"dateRun": "13-May-2025 09:48:08",
		"ini_time_size": "13-May-2025 09:40:23 14935B  MD5 = 7c769dcefba105f2e4e3944493917bea",
		"version": "Imatest 24.2.6 Master Color/Tone Auto",
		"build": "2025-03-20",
		"image_file": "car_18.0 mm_6400ISO_-1EV_Dist2_ON_Defocus2.tiff",
		"ColorSpace": "sRGB",
		"Reference": "Default values",
		"Ref_folder": "/usr/local/Imatest/v24.2/Master/",
		"Gamma": [0.3495],
		"patches_for_gamma_start_end": [1,5],
		"exposure_error_normalized_y_channel": [-0.195],
		"mean_camera_Saturation_Pct": ["_NaN_"],
		"mean_chroma_level_CPIQ_Pct": ["_NaN_"],
		"CPIQ_chroma_quality_loss_JND": ["_NaN_"],
		"CPIQ_exposure_quality_loss_JND": ["_NaN_"],
		"pixel_offset": [0],
		"mean_patch_size_pxls": [97,103],
		"roi_settings": "Recent ROI settings are in roi, nwid_save, nht_save, fillf, and distort (same names as ini file)",
		"roi": [3038,1783,3647,1907,3038,1909,3647,1775],
		"nwid_save": [6024],
		"nht_save": [4020],
		"fillf": [0.8],
		"distort": [0],
		"grayscale_zone": [1,2,3,4,5],
		"grayscale_minus_log_exposure": [2,1.513,1.025,0.5375,0.05],
		"grayscale_Y_reflectivity": [0.01,0.03073,0.09441,0.2901,0.8913],
		"grayscale_Y_Printer_pixel_gamma22": [33.13,55.18,91.91,153.1,255],
		"grayscale_Y_density": [0.3583,0.4681,0.6385,0.8758,0.9767],
		"grayscale_R_density": [0.3575,0.4711,0.6478,0.8797,0.9502],
		"grayscale_G_density": [0.3601,0.4682,0.6362,0.8741,0.9869],
		"grayscale_B_density": [0.343,0.4589,0.6342,0.8806,0.9576],
		"grayscale_Y_mean": [111.7,86.78,58.62,33.94,26.9],
		"grayscale_R_mean": [111.9,86.2,57.37,33.64,28.6],
		"grayscale_G_mean": [111.3,86.77,58.93,34.07,26.28],
		"grayscale_B_mean": [115.8,88.64,59.2,33.57,28.11],
		"White_Bal_error_Degrees": [352.1,257.6,238.4,-22.51,-53.61],
		"White_Bal_error_Mired": [-7.904,-5.864,-5.442,0.5345,1.279],
		"White_Bal_error_S_HSV": [0.03874,0.02756,0.03086,0.01479,0.08109],
		"White_Bal_error_Delta_C_ab": [2.675,1.181,0.7226,0.4206,1.807],
		"White_Bal_error_Delta_C_94": [2.675,1.181,0.7226,0.4206,1.807],
		"White_Bal_error_Delta_C_00": [2.795,1.165,0.9648,0.5505,2.393],
		"n_Patch": [1,2,3,4,5],
		"n_Row": [1,1,1,1,1],
		"n_Column": [1,2,3,4,5],
		"width_pixels": [98,99,98,98,98],
		"height_pixels": [105,105,105,105,105],
		"Pixels_total": [10290,10395,10290,10290,10290],
		"R_reference": [242.4,146.6,86.6,49.01,25.46],
		"G_reference": [242.4,146.6,86.6,49.01,25.46],
		"B_reference": [242.4,146.6,86.6,49.01,25.46],
		"R_input": [111.9,86.2,57.37,33.64,28.6],
		"G_input": [111.3,86.77,58.93,34.07,26.28],
		"B_input": [115.8,88.64,59.2,33.57,28.11],
		"L_reference": [95.63,60.79,36.82,20.33,8.991],
		"a_reference": [0,0,0,0,0],
		"b_reference": [0,0,0,0,0],
		"L_input": [47.14,36.9,24.7,13.2,9.727],
		"a_input": [1.18,0.1736,-0.6003,-0.3272,1.582],
		"b_input": [-2.401,-1.168,-0.4021,0.2643,-0.8736],
		"x_reference": [0.3127,0.3127,0.3127,0.3127,0.3127],
		"y_reference": [0.329,0.329,0.329,0.329,0.329],
		"Y_reference": [0.8913,0.2901,0.09441,0.03073,0.01],
		"x_input": [0.3081,0.3089,0.3086,0.3128,0.3152],
		"y_input": [0.32,0.3243,0.3281,0.3317,0.3179],
		"Y_input": [0.1613,0.09483,0.0432,0.01595,0.01091],
		"LUV_comment": "L2 is used to differentiate between the L in LAB and L in LUV.",
		"L2_reference": [805.1,262,85.28,27.75,9.033],
		"U_reference": [0.1978,0.1978,0.1978,0.1978,0.1978],
		"V_reference": [0.4683,0.4683,0.4683,0.4683,0.4683],
		"L2_input": [145.7,85.66,39.02,14.41,9.855],
		"U_input": [0.198,0.197,0.1953,0.1969,0.2039],
		"V_input": [0.4627,0.4652,0.4672,0.4698,0.4626],
		"patch_numbers_for_all_Delta_E_C": [1,2,3,4,5],
		"Delta_E_all": [48.6,23.9,12.1,7.14,1.95],
		"Delta_C_all": [2.67,1.18,0.723,0.421,1.81],
		"Delta_E94_all": [48.6,23.9,12.1,7.14,1.95],
		"Delta_C94_all": [2.67,1.18,0.723,0.421,1.81],
		"Delta_E2000_all": [37,23.8,9.51,4.8,2.44],
		"Delta_C2000_all": [2.79,1.17,0.965,0.551,2.39],
		"Delta_L_all": [-48.5,-23.9,-12.1,-7.13,0.736],
		"Delta_Chroma_all": [2.67,1.18,0.723,0.421,1.81],
		"Delta_Hue_Distance_all": [0,0,0,0,0],
		"Delta_Hue_Degrees_all": [0,0,0,0,0],
		"sat_corr_comment": "sat_corr explained on https://www.imatest.com/docs/colorcheck/#satcorr - not recommended.",
		"Delta_C_all_sat_corr": ["_NaN_","_NaN_","_NaN_","_NaN_","_NaN_"],
		"Delta_C94_all_sat_corr": ["_NaN_","_NaN_","_NaN_","_NaN_","_NaN_"],
		"Delta_C2000_all_sat_corr": ["_NaN_","_NaN_","_NaN_","_NaN_","_NaN_"],
		"grayscale_patch_numbers": [1,2,3,4,5],
		"Delta_E": [48.6,23.9,12.1,7.14,1.95],
		"Delta_C": [2.67,1.18,0.723,0.421,1.81],
		"Delta_E94": [48.6,23.9,12.1,7.14,1.95],
		"Delta_C94": [2.67,1.18,0.723,0.421,1.81],
		"Delta_E2000": [37,23.8,9.51,4.8,2.44],
		"Delta_C2000": [2.79,1.17,0.965,0.551,2.39],
		"Delta_L": [-48.5,-23.9,-12.1,-7.13,0.736],
		"Delta_Chroma": [2.67,1.18,0.723,0.421,1.81],
		"Delta_Hue_Distance": [0,0,0,0,0],
		"Delta_Hue_Degrees": [0,0,0,0,0],
		"mean_Delta_E": [18.7],
		"mean_Delta_C": [1.36],
		"mean_Delta_E94": [18.7],
		"mean_Delta_C94": [1.36],
		"mean_Delta_E2000": [15.5],
		"mean_Delta_C2000": [1.57],
		"mean_Delta_L": [-18.2],
		"mean_Delta_Chroma": [1.36],
		"mean_Delta_Hue_Distance": [0],
		"mean_Delta_Hue_Degrees": [0],
		"mean_Delta_C_sat_corr": ["_NaN_"],
		"mean_Delta_C94_sat_corr": ["_NaN_"],
		"mean_Delta_C2000_sat_corr": ["_NaN_"],
		"max_Delta_E": [48.6],
		"max_Delta_C": [2.67],
		"max_Delta_E94": [48.6],
		"max_Delta_C94": [2.67],
		"max_Delta_E2000": [37],
		"max_Delta_C2000": [2.79],
		"max_Delta_L": [0.736],
		"max_Delta_Chroma": [2.67],
		"max_Delta_Hue_Distance": [0],
		"max_Delta_Hue_Degrees": [0],
		"max_Delta_C_sat_corr": ["_NaN_"],
		"max_Delta_C94_sat_corr": ["_NaN_"],
		"max_Delta_C2000_sat_corr": ["_NaN_"],
		"mean_RegionSize": [10212.8],
		"Sequence_dark_to_light": [5,4,3,2,1],
		"Patch_number": [5,4,3,2,1],
		"R_noise": [0.06874,0.07181,0.06355,0.05046,0.04717],
		"G_noise": [0.04795,0.04821,0.03553,0.03102,0.02911],
		"B_noise": [0.05624,0.06142,0.04702,0.03805,0.03532],
		"R_SNR_ratio": [1.631,1.837,3.54,6.7,9.306],
		"G_SNR_ratio": [2.149,2.772,6.505,10.97,14.99],
		"B_SNR_ratio": [1.96,2.143,4.937,9.136,12.85],
		"R_SNR_dB": [4.251,5.282,10.98,16.52,19.38],
		"G_SNR_dB": [6.645,8.855,16.26,20.81,23.52],
		"B_SNR_dB": [5.847,6.622,13.87,19.22,22.18],
		"Gb_noise": [0.04037,0.03933,0.03012,0.02611,0.0246],
		"Gb_SNR_ratio": [2.614,3.384,7.632,13.03,17.81],
		"Gb_SNR_dB": [8.345,10.59,17.65,22.3,25.02],
		"Y_f_stop_SNR_ratio": [2.457,2.463,2.124,0.9762,0.4224],
		"Y_f_stop_SNR_dB": [7.808,7.83,6.543,-0.209,-7.486],
		"quality_levels_for_DR": [
				"Low,",
				"Medium,",
				"M-H,",
				"High,"
		],
		"SigNoise_levels_for_DR": [1,0.5,0.25,0.1],
		"Dynamic_Range_f_stops": [4.787,3.324,0,0],
		"Dynamic_Range_dB": [28.82,20.01,0,0],
		"noise_ISO15739_pct": [0.5721,0.6864,0.9663,1.824,2.38],
		"snr_ISO15739": [1.907,2.324,4.47,5.199,6.777],
		"noise_pct_ISO15739_at_13pct_Lref": [2.214],
		"snr_ISO15739_at_13pct_Lref": [6.308],
		"snr_dB_ISO15739_at_13pct_Lref": [16],
		"DynamicRange_at_density_2": [978.3],
		"DynamicRange_total": [0],
		"DynamicRange_from_slope_OD": [1.95],
		"DynamicRange_from_slope_EV": [6.474],
		"DynamicRange_from_slope_dB": [39],
		"SNR_BW_dB_RGBY": [15.63,19.86,18.08,21.35],
		"L_noise": [4.36,4.433,3.307,2.759,2.5],
		"a_noise": [10.01,11.31,8.9,7.067,6.372],
		"b_noise": [9.146,10.91,8.447,6.589,5.657],
		"Total_Lab_noise_unwtd": [14.24,16.33,12.71,10.05,8.88],
		"Total_ab_noise_unwtd": [13.56,15.72,12.27,9.662,8.521],
		"R_minus_Y_KK_noise": [0.05911,0.06369,0.05386,0.04292,0.04028],
		"B_minus_Y_KK_noise": [0.05818,0.06619,0.05102,0.04171,0.0374],
		"Y_Kelly_Keelan_noise": [0.04037,0.03933,0.03012,0.02611,0.0246],
		"Total_KK_noise": [0.05387,0.05536,0.04411,0.03673,0.03436],
		"Chroma_KK_noise": [0.03567,0.03895,0.03222,0.02583,0.02399],
		"Total_old_iso_noise": [0.06638,0.0696,0.05639,0.04625,0.04321],
		"Y_noise_from_YUV": [0.04036,0.03933,0.03012,0.02611,0.0246],
		"U_noise_from_YUV": [0.02734,0.0311,0.02397,0.0196,0.01757],