{
	"jsonResults": {
		"dateRun": "13-May-2025 09:48:08",
		"ini_time_size": "13-May-2025 09:40:23 14935B  MD5 = 7c769dcefba105f2e4e3944493917bea",
		"version": "Imatest 24.2.6 Master Color/Tone Auto",
		"build": "2025-03-20",
		"image_file": "car_18.0 mm_1600ISO_-2EV_Dist2_OFF_Defocus1.tiff",
		"ColorSpace": "sRGB",
		"Reference": "Default values",
		"Ref_folder": "/usr/local/Imatest/v24.2/Master/",
		"Gamma": [0.3638],
		"patches_for_gamma_start_end": [1,5],
		"exposure_error_normalized_y_channel": [-0.226],
		"mean_camera_Saturation_Pct": ["_NaN_"],
		"mean_chroma_level_CPIQ_Pct": ["_NaN_"],
		"CPIQ_chroma_quality_loss_JND": ["_NaN_"],
		"CPIQ_exposure_quality_loss_JND": ["_NaN_"],
		"pixel_offset": [0],
		"mean_patch_size_pxls": [97,103],
		"roi_settings": "Recent ROI settings are in roi, nwid_save, nht_save, fillf, and distort (same names as ini file)",
		"roi": [3038,1783,3647,1907,3038,1909,3647,1775],
		"nwid_save": [6024],
		"nht_save": [4020],
		"fillf": [0.8],
		"distort": [0],
		"grayscale_zone": [1,2,3,4,5],
		"grayscale_minus_log_exposure": [2,1.513,1.025,0.5375,0.05],
		"grayscale_Y_reflectivity": [0.01,0.03073,0.09441,0.2901,0.8913],
		"grayscale_Y_Printer_pixel_gamma22": [33.13,55.18,91.91,153.1,255],
		"grayscale_Y_density": [0.4362,0.5502,0.7276,0.9799,1.159],
		"grayscale_R_density": [0.4333,0.5508,0.7348,1,1.141],
		"grayscale_G_density": [0.4386,0.5507,0.7261,0.9739,1.166],
		"grayscale_B_density": [0.4223,0.5433,0.7206,0.9812,1.149],
		"grayscale_Y_mean": [93.39,71.84,47.75,26.71,17.67],
		"grayscale_R_mean": [94.02,71.74,46.96,25.49,18.45],
		"grayscale_G_mean": [92.89,71.75,47.91,27.08,17.39],
		"grayscale_B_mean": [96.44,72.98,48.53,26.63,18.1],
		"White_Bal_error_Degrees": [268,157.9,252.5,236.1,-70.06],
		"White_Bal_error_Mired": [-6.091,-3.649,-5.752,-5.393,1.676],
		"White_Bal_error_S_HSV": [0.03672,0.01701,0.03234,0.05848,0.05713],
		"White_Bal_error_Delta_C_ab": [2.223,0.7898,0.6085,0.8711,0.6123],
		"White_Bal_error_Delta_C_94": [2.223,0.7898,0.6085,0.8711,0.6123],
		"White_Bal_error_Delta_C_00": [2.453,0.8293,0.6693,1.268,0.8562],
		"n_Patch": [1,2,3,4,5],
		"n_Row": [1,1,1,1,1],
		"n_Column": [1,2,3,4,5],
		"width_pixels": [98,99,98,98,98],
		"height_pixels": [105,105,105,105,105],
		"Pixels_total": [10290,10395,10290,10290,10290],
		"R_reference": [242.4,146.6,86.6,49.01,25.46],
		"G_reference": [242.4,146.6,86.6,49.01,25.46],
		"B_reference": [242.4,146.6,86.6,49.01,25.46],
		"R_input": [94.02,71.74,46.96,25.49,18.45],
		"G_input": [92.89,71.75,47.91,27.08,17.39],
		"B_input": [96.44,72.98,48.53,26.63,18.1],
		"L_reference": [95.63,60.79,36.82,20.33,8.991],
		"a_reference": [0,0,0,0,0],
		"b_reference": [0,0,0,0,0],
		"L_input": [39.65,30.52,19.75,9.623,5.331],
		"a_input": [1.199,0.2688,-0.2706,-0.8699,0.5566],
		"b_input": [-1.872,-0.7427,-0.5451,0.04584,-0.2553],
		"x_reference": [0.3127,0.3127,0.3127,0.3127,0.3127],
		"y_reference": [0.329,0.329,0.329,0.329,0.329],
		"Y_reference": [0.8913,0.2901,0.09441,0.03073,0.01],
		"x_input": [0.3094,0.3105,0.3086,0.308,0.3148],
		"y_input": [0.3207,0.3254,0.3264,0.3318,0.3234],
		"Y_input": [0.1104,0.06451,0.02927,0.01078,0.005901],
		"LUV_comment": "L2 is used to differentiate between the L in LAB and L in LUV.",
		"L2_reference": [805.1,262,85.28,27.75,9.033],
		"U_reference": [0.1978,0.1978,0.1978,0.1978,0.1978],
		"V_reference": [0.4683,0.4683,0.4683,0.4683,0.4683],
		"L2_input": [99.76,58.27,26.44,9.736,5.331],
		"U_input": [0.1987,0.1977,0.196,0.1935,0.2014],
		"V_input": [0.4633,0.466,0.4663,0.4691,0.4656],
		"patch_numbers_for_all_Delta_E_C": [1,2,3,4,5],
		"Delta_E_all": [56,30.3,17.1,10.7,3.71],
		"Delta_C_all": [2.22,0.79,0.609,0.871,0.612],
		"Delta_E94_all": [56,30.3,17.1,10.7,3.71],
		"Delta_C94_all": [2.22,0.79,0.609,0.871,0.612],
		"Delta_E2000_all": [44.6,29,13,7.15,2.39],
		"Delta_C2000_all": [2.45,0.829,0.669,1.27,0.856],
		"Delta_L_all": [-56,-30.3,-17.1,-10.7,-3.66],
		"Delta_Chroma_all": [2.22,0.79,0.609,0.871,0.612],
		"Delta_Hue_Distance_all": [0,0,0,0,0],
		"Delta_Hue_Degrees_all": [0,0,0,0,0],
		"sat_corr_comment": "sat_corr explained on https://www.imatest.com/docs/colorcheck/#satcorr - not recommended.",
		"Delta_C_all_sat_corr": ["_NaN_","_NaN_","_NaN_","_NaN_","_NaN_"],
		"Delta_C94_all_sat_corr": ["_NaN_","_NaN_","_NaN_","_NaN_","_NaN_"],
		"Delta_C2000_all_sat_corr": ["_NaN_","_NaN_","_NaN_","_NaN_","_NaN_"],
		"grayscale_patch_numbers": [1,2,3,4,5],
		"Delta_E": [56,30.3,17.1,10.7,3.71],
		"Delta_C": [2.22,0.79,0.609,0.871,0.612],
		"Delta_E94": [56,30.3,17.1,10.7,3.71],
		"Delta_C94": [2.22,0.79,0.609,0.871,0.612],
		"Delta_E2000": [44.6,29,13,7.15,2.39],
		"Delta_C2000": [2.45,0.829,0.669,1.27,0.856],
		"Delta_L": [-56,-30.3,-17.1,-10.7,-3.66],
		"Delta_Chroma": [2.22,0.79,0.609,0.871,0.612],
		"Delta_Hue_Distance": [0,0,0,0,0],
		"Delta_Hue_Degrees": [0,0,0,0,0],
		"mean_Delta_E": [23.6],
		"mean_Delta_C": [1.02],
		"mean_Delta_E94": [23.6],
		"mean_Delta_C94": [1.02],
		"mean_Delta_E2000": [19.2],
		"mean_Delta_C2000": [1.22],
		"mean_Delta_L": [-23.5],
		"mean_Delta_Chroma": [1.02],
		"mean_Delta_Hue_Distance": [0],
		"mean_Delta_Hue_Degrees": [0],
		"mean_Delta_C_sat_corr": ["_NaN_"],
		"mean_Delta_C94_sat_corr": ["_NaN_"],
		"mean_Delta_C2000_sat_corr": ["_NaN_"],
		"max_Delta_E": [56],
		"max_Delta_C": [2.22],
		"max_Delta_E94": [56],
		"max_Delta_C94": [2.22],
		"max_Delta_E2000": [44.6],
		"max_Delta_C2000": [2.45],
		"max_Delta_L": [-3.66],
		"max_Delta_Chroma": [2.22],
		"max_Delta_Hue_Distance": [0],
		"max_Delta_Hue_Degrees": [0],
		"max_Delta_C_sat_corr": ["_NaN_"],
		"max_Delta_C94_sat_corr": ["_NaN_"],
		"max_Delta_C2000_sat_corr": ["_NaN_"],
		"mean_RegionSize": [10212.8],
		"Sequence_dark_to_light": [5,4,3,2,1],
		"Patch_number": [5,4,3,2,1],
		"R_noise": [0.04427,0.04663,0.0361,0.02914,0.0272],
		"G_noise": [0.03242,0.0297,0.02028,0.01823,0.01779],
		"B_noise": [0.03746,0.03878,0.02641,0.02347,0.02219],
		"R_SNR_ratio": [1.634,2.144,5.101,9.656,13.56],
		"G_SNR_ratio": [2.104,3.576,9.265,15.44,20.47],
		"B_SNR_ratio": [1.895,2.693,7.206,12.19,17.04],
		"R_SNR_dB": [4.266,6.624,14.15,19.7,22.64],
		"G_SNR_dB": [6.46,11.07,19.34,23.77,26.22],
		"B_SNR_dB": [5.554,8.604,17.15,21.72,24.63],
		"Gb_noise": [0.02883,0.02552,0.0174,0.01507,0.01538],
		"Gb_SNR_ratio": [2.403,4.104,10.76,18.69,23.81],
		"Gb_SNR_dB": [7.615,12.26,20.64,25.43,27.53],
		"Y_f_stop_SNR_ratio": [3.393,3.666,3.14,1.427,0.7592],
		"Y_f_stop_SNR_dB": [10.61,11.28,9.939,3.089,-2.393],
		"quality_levels_for_DR": [
				"Low,",
				"Medium,",
				"M-H,",
				"High,"
		],
		"SigNoise_levels_for_DR": [1,0.5,0.25,0.1],
		"Dynamic_Range_f_stops": [5.645,4.008,0,0],
		"Dynamic_Range_dB": [33.98,24.13,0,0],
		"noise_ISO15739_pct": [0.4054,0.4647,0.6435,1.252,1.764],
		"snr_ISO15739": [1.456,2.319,4.549,5.154,6.26],
		"noise_pct_ISO15739_at_13pct_Lref": [1.602],
		"snr_ISO15739_at_13pct_Lref": [5.911],
		"snr_dB_ISO15739_at_13pct_Lref": [15.43],
		"DynamicRange_at_density_2": [1343],
		"DynamicRange_total": [0],
		"DynamicRange_from_slope_OD": [1.95],
		"DynamicRange_from_slope_EV": [6.474],
		"DynamicRange_from_slope_dB": [39],
		"SNR_BW_dB_RGBY": [19.06,23.13,20.94,24.79],
		"L_noise": [2.997,2.998,2.019,1.656,1.623],
		"a_noise": [5.42,6.942,5.274,4.409,3.752],
		"b_noise": [4.924,6.501,4.934,4.21,3.553],
		"Total_Lab_noise_unwtd": [7.912,9.972,7.499,6.317,5.416],
		"Total_ab_noise_unwtd": [7.322,9.511,7.222,6.097,5.168],
		"R_minus_Y_KK_noise": [0.03509,0.03952,0.03035,0.02521,0.02252],
		"B_minus_Y_KK_noise": [0.03457,0.03841,0.02836,0.02577,0.02271],
		"Y_Kelly_Keelan_noise": [0.02883,0.02552,0.0174,0.01507,0.01538],
		"Total_KK_noise": [0.03578,0.03489,0.02511,0.02151,0.02058],
		"Chroma_KK_noise": [0.02118,0.02378,0.01811,0.01535,0.01367],
		"Total_old_iso_noise": [0.04255,0.04344,0.03196,0.0272,0.02537],
		"Y_noise_from_YUV": [0.02883,0.02552,0.0174,0.01507,0.01538],
		"U_noise_from_YUV": [0.01624,0.01805,0.01333,0.01211,0.01067],