{
	"jsonResults": {
		"dateRun": "13-May-2025 09:48:08",
		"ini_time_size": "13-May-2025 09:40:23 14935B  MD5 = 7c769dcefba105f2e4e3944493917bea",
		"version": "Imatest 24.2.6 Master Color/Tone Auto",
		"build": "2025-03-20",
		"image_file": "car_18.0 mm_100ISO_-3EV_Dist2_OFF_Focused.tiff",
		"ColorSpace": "sRGB",
		"Reference": "Default values",
		"Ref_folder": "/usr/local/Imatest/v24.2/Master/",
		"Gamma": [0.4209],
		"patches_for_gamma_start_end": [1,5],
		"exposure_error_normalized_y_channel": [-0.267],
		"mean_camera_Saturation_Pct": ["_NaN_"],
		"mean_chroma_level_CPIQ_Pct": ["_NaN_"],
		"CPIQ_chroma_quality_loss_JND": ["_NaN_"],
		"CPIQ_exposure_quality_loss_JND": ["_NaN_"],
		"pixel_offset": [0],
		"mean_patch_size_pxls": [97,103],
		"roi_settings": "Recent ROI settings are in roi, nwid_save, nht_save, fillf, and distort (same names as ini file)",
		"roi": [3038,1783,3647,1907,3038,1909,3647,1775],
		"nwid_save": [6024],
		"nht_save": [4020],
		"fillf": [0.8],
		"distort": [0],
		"grayscale_zone": [1,2,3,4,5],
		"grayscale_minus_log_exposure": [2,1.513,1.025,0.5375,0.05],
		"grayscale_Y_reflectivity": [0.01,0.03073,0.09441,0.2901,0.8913],
		"grayscale_Y_Printer_pixel_gamma22": [33.13,55.18,91.91,153.1,255],
		"grayscale_Y_density": [0.6563,0.7875,0.9927,1.33,1.903],
		"grayscale_R_density": [0.652,0.7848,0.9896,1.315,1.873],
		"grayscale_G_density": [0.66,0.7901,0.9956,1.337,1.916],
		"grayscale_B_density": [0.6336,0.7708,0.9745,1.305,1.866],
		"grayscale_Y_mean": [56.26,41.59,25.93,11.94,3.187],
		"grayscale_R_mean": [56.83,41.86,26.12,12.34,3.414],
		"grayscale_G_mean": [55.79,41.35,25.76,11.75,3.091],
		"grayscale_B_mean": [59.28,43.22,27.04,12.63,3.471],
		"White_Bal_error_Degrees": [429.8,290.4,272.2,157.5,143.4],
		"White_Bal_error_Mired": [-9.541,-6.58,-6.185,-3.639,-3.322],
		"White_Bal_error_S_HSV": [0.05901,0.04339,0.04731,0.06985,0.1095],
		"White_Bal_error_Delta_C_ab": [2.382,1.334,0.9735,0.4453,0.1788],
		"White_Bal_error_Delta_C_94": [2.382,1.334,0.9735,0.4453,0.1788],
		"White_Bal_error_Delta_C_00": [2.605,1.486,1.097,0.5595,0.2344],
		"n_Patch": [1,2,3,4,5],
		"n_Row": [1,1,1,1,1],
		"n_Column": [1,2,3,4,5],
		"width_pixels": [98,99,98,98,98],
		"height_pixels": [105,105,105,105,105],
		"Pixels_total": [10290,10395,10290,10290,10290],
		"R_reference": [242.4,146.6,86.6,49.01,25.46],
		"G_reference": [242.4,146.6,86.6,49.01,25.46],
		"B_reference": [242.4,146.6,86.6,49.01,25.46],
		"R_input": [56.83,41.86,26.12,12.34,3.414],
		"G_input": [55.79,41.35,25.76,11.75,3.091],
		"B_input": [59.28,43.22,27.04,12.63,3.471],
		"L_reference": [95.63,60.79,36.82,20.33,8.991],
		"a_reference": [0,0,0,0,0],
		"b_reference": [0,0,0,0,0],
		"L_input": [23.64,16.87,9.229,3.303,0.8739],
		"a_input": [1.261,0.6843,0.5038,0.3134,0.1374],
		"b_input": [-2.021,-1.145,-0.833,-0.3164,-0.1144],
		"x_reference": [0.3127,0.3127,0.3127,0.3127,0.3127],
		"y_reference": [0.329,0.329,0.329,0.329,0.329],
		"Y_reference": [0.8913,0.2901,0.09441,0.03073,0.01],
		"x_input": [0.3075,0.309,0.3093,0.3113,0.3121],
		"y_input": [0.3165,0.3205,0.3209,0.3204,0.3168],
		"Y_input": [0.03991,0.02275,0.01029,0.003656,0.0009674],
		"LUV_comment": "L2 is used to differentiate between the L in LAB and L in LUV.",
		"L2_reference": [805.1,262,85.28,27.75,9.033],
		"U_reference": [0.1978,0.1978,0.1978,0.1978,0.1978],
		"V_reference": [0.4683,0.4683,0.4683,0.4683,0.4683],
		"L2_input": [36.05,20.55,9.293,3.303,0.8739],
		"U_input": [0.1989,0.1985,0.1985,0.2001,0.2021],
		"V_input": [0.4607,0.4631,0.4634,0.4635,0.4616],
		"patch_numbers_for_all_Delta_E_C": [1,2,3,4,5],
		"Delta_E_all": [72,43.9,27.6,17,8.12],
		"Delta_C_all": [2.38,1.33,0.974,0.445,0.179],
		"Delta_E94_all": [72,43.9,27.6,17,8.12],
		"Delta_C94_all": [2.38,1.33,0.974,0.445,0.179],
		"Delta_E2000_all": [63.7,38,19.7,10.9,4.86],
		"Delta_C2000_all": [2.61,1.49,1.1,0.559,0.234],
		"Delta_L_all": [-72,-43.9,-27.6,-17,-8.12],
		"Delta_Chroma_all": [2.38,1.33,0.974,0.445,0.179],
		"Delta_Hue_Distance_all": [0,0,0,0,0],
		"Delta_Hue_Degrees_all": [0,0,0,0,0],
		"sat_corr_comment": "sat_corr explained on https://www.imatest.com/docs/colorcheck/#satcorr - not recommended.",
		"Delta_C_all_sat_corr": ["_NaN_","_NaN_","_NaN_","_NaN_","_NaN_"],
		"Delta_C94_all_sat_corr": ["_NaN_","_NaN_","_NaN_","_NaN_","_NaN_"],
		"Delta_C2000_all_sat_corr": ["_NaN_","_NaN_","_NaN_","_NaN_","_NaN_"],
		"grayscale_patch_numbers": [1,2,3,4,5],
		"Delta_E": [72,43.9,27.6,17,8.12],
		"Delta_C": [2.38,1.33,0.974,0.445,0.179],
		"Delta_E94": [72,43.9,27.6,17,8.12],
		"Delta_C94": [2.38,1.33,0.974,0.445,0.179],
		"Delta_E2000": [63.7,38,19.7,10.9,4.86],
		"Delta_C2000": [2.61,1.49,1.1,0.559,0.234],
		"Delta_L": [-72,-43.9,-27.6,-17,-8.12],
		"Delta_Chroma": [2.38,1.33,0.974,0.445,0.179],
		"Delta_Hue_Distance": [0,0,0,0,0],
		"Delta_Hue_Degrees": [0,0,0,0,0],
		"mean_Delta_E": [33.7],
		"mean_Delta_C": [1.06],
		"mean_Delta_E94": [33.7],
		"mean_Delta_C94": [1.06],
		"mean_Delta_E2000": [27.4],
		"mean_Delta_C2000": [1.2],
		"mean_Delta_L": [-33.7],
		"mean_Delta_Chroma": [1.06],
		"mean_Delta_Hue_Distance": [0],
		"mean_Delta_Hue_Degrees": [0],
		"mean_Delta_C_sat_corr": ["_NaN_"],
		"mean_Delta_C94_sat_corr": ["_NaN_"],
		"mean_Delta_C2000_sat_corr": ["_NaN_"],
		"max_Delta_E": [72],
		"max_Delta_C": [2.38],
		"max_Delta_E94": [72],
		"max_Delta_C94": [2.38],
		"max_Delta_E2000": [63.7],
		"max_Delta_C2000": [2.61],
		"max_Delta_L": [-8.12],
		"max_Delta_Chroma": [2.38],
		"max_Delta_Hue_Distance": [0],
		"max_Delta_Hue_Degrees": [0],
		"max_Delta_C_sat_corr": ["_NaN_"],
		"max_Delta_C94_sat_corr": ["_NaN_"],
		"max_Delta_C2000_sat_corr": ["_NaN_"],
		"mean_RegionSize": [10212.8],
		"Sequence_dark_to_light": [5,4,3,2,1],
		"Patch_number": [5,4,3,2,1],
		"R_noise": [0.007079,0.008646,0.00695,0.006186,0.006011],
		"G_noise": [0.004103,0.005927,0.004371,0.004125,0.004042],
		"B_noise": [0.005654,0.007432,0.00563,0.005134,0.005039],
		"R_SNR_ratio": [1.891,5.599,14.74,26.54,37.07],
		"G_SNR_ratio": [2.954,7.772,23.11,39.31,54.12],
		"B_SNR_ratio": [2.408,6.664,18.84,33.02,46.14],
		"R_SNR_dB": [5.535,14.96,23.37,28.48,31.38],
		"G_SNR_dB": [9.409,17.81,27.28,31.89,34.67],
		"B_SNR_dB": [7.632,16.47,25.5,30.37,33.28],
		"Gb_noise": [0.003399,0.004876,0.003622,0.003419,0.003355],
		"Gb_SNR_ratio": [3.678,9.6,28.07,47.71,65.76],
		"Gb_SNR_dB": [11.31,19.65,28.97,33.57,36.36],
		"Y_f_stop_SNR_ratio": [10.58,10.74,9.912,5.646,6.235],
		"Y_f_stop_SNR_dB": [20.49,20.62,19.92,15.04,15.9],
		"quality_levels_for_DR": [
				"Low,",
				"Medium,",
				"M-H,",
				"High,"
		],
		"SigNoise_levels_for_DR": [1,0.5,0.25,0.1],
		"Dynamic_Range_f_stops": [0,0,0,3.054],
		"Dynamic_Range_dB": [0,0,0,18.38],
		"noise_ISO15739_pct": [0.07006,0.137,0.2327,0.5123,0.6889],
		"snr_ISO15739": [1.381,2.668,4.421,4.442,5.794],
		"noise_pct_ISO15739_at_13pct_Lref": [0.6043],
		"snr_ISO15739_at_13pct_Lref": [5.146],
		"snr_dB_ISO15739_at_13pct_Lref": [14.23],
		"DynamicRange_at_density_2": [6350],
		"DynamicRange_total": [0],
		"DynamicRange_from_slope_OD": [1.95],
		"DynamicRange_from_slope_EV": [6.474],
		"DynamicRange_from_slope_dB": [39],
		"SNR_BW_dB_RGBY": [28.97,32.49,30.59,34.12],
		"L_noise": [0.2376,0.4286,0.4648,0.4107,0.3842],
		"a_noise": [0.6818,0.9613,1.237,1.038,0.9658],
		"b_noise": [0.6456,0.9095,1.172,1.006,0.9405],
		"Total_Lab_noise_unwtd": [0.9685,1.391,1.766,1.503,1.402],
		"Total_ab_noise_unwtd": [0.939,1.323,1.704,1.445,1.348],
		"R_minus_Y_KK_noise": [0.006085,0.00769,0.006001,0.005342,0.005175],
		"B_minus_Y_KK_noise": [0.006225,0.007719,0.006148,0.005633,0.005526],
		"Y_Kelly_Keelan_noise": [0.003399,0.004876,0.003622,0.003419,0.003355],
		"Total_KK_noise": [0.005029,0.006747,0.005147,0.004737,0.004628],
		"Chroma_KK_noise": [0.003707,0.004663,0.003657,0.003279,0.003187],
		"Total_old_iso_noise": [0.006438,0.008436,0.006498,0.005918,0.005769],
		"Y_noise_from_YUV": [0.003398,0.004876,0.003622,0.003418,0.003355],