{
	"jsonResults": {
		"dateRun": "13-May-2025 09:48:08",
		"ini_time_size": "13-May-2025 09:40:23 14935B  MD5 = 7c769dcefba105f2e4e3944493917bea",
		"version": "Imatest 24.2.6 Master Color/Tone Auto",
		"build": "2025-03-20",
		"image_file": "car_18.0 mm_100ISO_-1EV_Dist2_ON_Defocus2.tiff",
		"ColorSpace": "sRGB",
		"Reference": "Default values",
		"Ref_folder": "/usr/local/Imatest/v24.2/Master/",
		"Gamma": [0.3444],
		"patches_for_gamma_start_end": [1,5],
		"exposure_error_normalized_y_channel": [-0.202],
		"mean_camera_Saturation_Pct": ["_NaN_"],
		"mean_chroma_level_CPIQ_Pct": ["_NaN_"],
		"CPIQ_chroma_quality_loss_JND": ["_NaN_"],
		"CPIQ_exposure_quality_loss_JND": ["_NaN_"],
		"pixel_offset": [0],
		"mean_patch_size_pxls": [97,103],
		"roi_settings": "Recent ROI settings are in roi, nwid_save, nht_save, fillf, and distort (same names as ini file)",
		"roi": [3038,1783,3647,1907,3038,1909,3647,1775],
		"nwid_save": [6024],
		"nht_save": [4020],
		"fillf": [0.8],
		"distort": [0],
		"grayscale_zone": [1,2,3,4,5],
		"grayscale_minus_log_exposure": [2,1.513,1.025,0.5375,0.05],
		"grayscale_Y_reflectivity": [0.01,0.03073,0.09441,0.2901,0.8913],
		"grayscale_Y_Printer_pixel_gamma22": [33.13,55.18,91.91,153.1,255],
		"grayscale_Y_density": [0.3749,0.4848,0.6527,0.8737,0.9846],
		"grayscale_R_density": [0.3783,0.4889,0.656,0.8731,0.9885],
		"grayscale_G_density": [0.3745,0.4835,0.6518,0.8736,0.9831],
		"grayscale_B_density": [0.3687,0.4854,0.6521,0.876,0.9874],
		"grayscale_Y_mean": [107.6,83.51,56.73,34.11,26.42],
		"grayscale_R_mean": [106.7,82.73,56.31,34.16,26.18],
		"grayscale_G_mean": [107.7,83.75,56.85,34.11,26.51],
		"grayscale_B_mean": [109.1,83.39,56.81,33.92,26.25],
		"White_Bal_error_Degrees": [202.1,59.38,66.85,-45.19,10.23],
		"White_Bal_error_Mired": [-4.64,-1.393,-1.566,1.077,-0.2418],
		"White_Bal_error_S_HSV": [0.02186,0.01226,0.0096,0.006779,0.01234],
		"White_Bal_error_Delta_C_ab": [0.9447,0.4943,0.2506,0.1324,0.2535],
		"White_Bal_error_Delta_C_94": [0.9447,0.4943,0.2506,0.1324,0.2535],
		"White_Bal_error_Delta_C_00": [0.9271,0.7262,0.3666,0.135,0.3524],
		"n_Patch": [1,2,3,4,5],
		"n_Row": [1,1,1,1,1],
		"n_Column": [1,2,3,4,5],
		"width_pixels": [98,99,98,98,98],
		"height_pixels": [105,105,105,105,105],
		"Pixels_total": [10290,10395,10290,10290,10290],
		"R_reference": [242.4,146.6,86.6,49.01,25.46],
		"G_reference": [242.4,146.6,86.6,49.01,25.46],
		"B_reference": [242.4,146.6,86.6,49.01,25.46],
		"R_input": [106.7,82.73,56.31,34.16,26.18],
		"G_input": [107.7,83.75,56.85,34.11,26.51],
		"B_input": [109.1,83.39,56.81,33.92,26.25],
		"L_reference": [95.63,60.79,36.82,20.33,8.991],
		"a_reference": [0,0,0,0,0],
		"b_reference": [0,0,0,0,0],
		"L_input": [45.45,35.52,23.85,13.28,9.476],
		"a_input": [-0.05673,-0.4905,-0.2431,-0.02534,-0.2226],
		"b_input": [-0.943,0.06166,-0.06078,0.13,0.1212],
		"x_reference": [0.3127,0.3127,0.3127,0.3127,0.3127],
		"y_reference": [0.329,0.329,0.329,0.329,0.329],
		"Y_reference": [0.8913,0.2901,0.09441,0.03073,0.01],
		"x_input": [0.3096,0.3115,0.3115,0.3135,0.3124],
		"y_input": [0.326,0.33,0.3292,0.33,0.3306],
		"Y_input": [0.1487,0.0876,0.04055,0.01608,0.01059],
		"LUV_comment": "L2 is used to differentiate between the L in LAB and L in LUV.",
		"L2_reference": [805.1,262,85.28,27.75,9.033],
		"U_reference": [0.1978,0.1978,0.1978,0.1978,0.1978],
		"V_reference": [0.4683,0.4683,0.4683,0.4683,0.4683],
		"L2_input": [134.3,79.13,36.63,14.53,9.569],
		"U_input": [0.1968,0.1967,0.197,0.198,0.197],
		"V_input": [0.4662,0.4687,0.4682,0.469,0.4691],
		"patch_numbers_for_all_Delta_E_C": [1,2,3,4,5],
		"Delta_E_all": [50.2,25.3,13,7.05,0.547],
		"Delta_C_all": [0.945,0.494,0.251,0.132,0.253],
		"Delta_E94_all": [50.2,25.3,13,7.05,0.547],
		"Delta_C94_all": [0.945,0.494,0.251,0.132,0.253],
		"Delta_E2000_all": [38.6,25,10.1,4.72,0.464],
		"Delta_C2000_all": [0.927,0.726,0.367,0.135,0.352],
		"Delta_L_all": [-50.2,-25.3,-13,-7.05,0.485],
		"Delta_Chroma_all": [0.945,0.494,0.251,0.132,0.253],
		"Delta_Hue_Distance_all": [0,0,0,0,0],
		"Delta_Hue_Degrees_all": [0,0,0,0,0],
		"sat_corr_comment": "sat_corr explained on https://www.imatest.com/docs/colorcheck/#satcorr - not recommended.",
		"Delta_C_all_sat_corr": ["_NaN_","_NaN_","_NaN_","_NaN_","_NaN_"],
		"Delta_C94_all_sat_corr": ["_NaN_","_NaN_","_NaN_","_NaN_","_NaN_"],
		"Delta_C2000_all_sat_corr": ["_NaN_","_NaN_","_NaN_","_NaN_","_NaN_"],
		"grayscale_patch_numbers": [1,2,3,4,5],
		"Delta_E": [50.2,25.3,13,7.05,0.547],
		"Delta_C": [0.945,0.494,0.251,0.132,0.253],
		"Delta_E94": [50.2,25.3,13,7.05,0.547],
		"Delta_C94": [0.945,0.494,0.251,0.132,0.253],
		"Delta_E2000": [38.6,25,10.1,4.72,0.464],
		"Delta_C2000": [0.927,0.726,0.367,0.135,0.352],
		"Delta_L": [-50.2,-25.3,-13,-7.05,0.485],
		"Delta_Chroma": [0.945,0.494,0.251,0.132,0.253],
		"Delta_Hue_Distance": [0,0,0,0,0],
		"Delta_Hue_Degrees": [0,0,0,0,0],
		"mean_Delta_E": [19.2],
		"mean_Delta_C": [0.415],
		"mean_Delta_E94": [19.2],
		"mean_Delta_C94": [0.415],
		"mean_Delta_E2000": [15.8],
		"mean_Delta_C2000": [0.501],
		"mean_Delta_L": [-19],
		"mean_Delta_Chroma": [0.415],
		"mean_Delta_Hue_Distance": [0],
		"mean_Delta_Hue_Degrees": [0],
		"mean_Delta_C_sat_corr": ["_NaN_"],
		"mean_Delta_C94_sat_corr": ["_NaN_"],
		"mean_Delta_C2000_sat_corr": ["_NaN_"],
		"max_Delta_E": [50.2],
		"max_Delta_C": [0.945],
		"max_Delta_E94": [50.2],
		"max_Delta_C94": [0.945],
		"max_Delta_E2000": [38.6],
		"max_Delta_C2000": [0.927],
		"max_Delta_L": [0.485],
		"max_Delta_Chroma": [0.945],
		"max_Delta_Hue_Distance": [0],
		"max_Delta_Hue_Degrees": [0],
		"max_Delta_C_sat_corr": ["_NaN_"],
		"max_Delta_C94_sat_corr": ["_NaN_"],
		"max_Delta_C2000_sat_corr": ["_NaN_"],
		"mean_RegionSize": [10212.8],
		"Sequence_dark_to_light": [5,4,3,2,1],
		"Patch_number": [5,4,3,2,1],
		"R_noise": [0.02027,0.01366,0.008527,0.008033,0.01022],
		"G_noise": [0.01991,0.01308,0.007279,0.00729,0.009775],
		"B_noise": [0.02055,0.01324,0.00782,0.007776,0.01068],
		"R_SNR_ratio": [5.065,9.807,25.89,40.39,40.95],
		"G_SNR_ratio": [5.221,10.23,30.63,45.05,43.19],
		"B_SNR_ratio": [5.01,10.05,28.49,42.06,40.07],
		"R_SNR_dB": [14.09,19.83,28.26,32.12,32.25],
		"G_SNR_dB": [14.35,20.19,29.72,33.07,32.71],
		"B_SNR_dB": [14,20.04,29.09,32.48,32.06],
		"Gb_noise": [0.01966,0.0127,0.006917,0.006885,0.009508],
		"Gb_SNR_ratio": [5.271,10.53,32.16,47.57,44.36],
		"Gb_SNR_dB": [14.44,20.45,30.15,33.55,32.94],
		"Y_f_stop_SNR_ratio": [6.125,8.938,8.646,2.889,0.9467],
		"Y_f_stop_SNR_dB": [15.74,19.02,18.74,9.214,-0.4753],
		"quality_levels_for_DR": [
				"Low,",
				"Medium,",
				"M-H,",
				"High,"
		],
		"SigNoise_levels_for_DR": [1,0.5,0.25,0.1],
		"Dynamic_Range_f_stops": [6.35,5.209,4.183,0],
		"Dynamic_Range_dB": [38.22,31.36,25.18,0],
		"noise_ISO15739_pct": [0.2692,0.2177,0.2238,0.4834,0.9156],
		"snr_ISO15739": [3.935,7.389,18.12,18.12,16.24],
		"noise_pct_ISO15739_at_13pct_Lref": [0.8047],
		"snr_ISO15739_at_13pct_Lref": [16.72],
		"snr_dB_ISO15739_at_13pct_Lref": [24.47],
		"DynamicRange_at_density_2": [2179],
		"DynamicRange_total": [0],
		"DynamicRange_from_slope_OD": [1.95],
		"DynamicRange_from_slope_EV": [6.474],
		"DynamicRange_from_slope_dB": [39],
		"SNR_BW_dB_RGBY": [31.09,31.93,31.37,32.43],
		"L_noise": [2.386,1.533,0.7951,0.7429,0.987],
		"a_noise": [1.034,1.176,0.9588,0.8413,0.7838],
		"b_noise": [1.002,1.231,0.9398,0.8481,0.7959],
		"Total_Lab_noise_unwtd": [2.787,2.291,1.56,1.407,1.491],
		"Total_ab_noise_unwtd": [1.439,1.702,1.343,1.195,1.117],
		"R_minus_Y_KK_noise": [0.006451,0.005772,0.005176,0.004798,0.004715],
		"B_minus_Y_KK_noise": [0.006605,0.007001,0.005514,0.005305,0.005207],
		"Y_Kelly_Keelan_noise": [0.01966,0.0127,0.006917,0.006885,0.009508],
		"Total_KK_noise": [0.02005,0.01323,0.007616,0.007503,0.009949],
		"Chroma_KK_noise": [0.00393,0.003689,0.003186,0.002983,0.002931],
		"Total_old_iso_noise": [0.02049,0.0138,0.008358,0.008163,0.01044],