{
	"jsonResults": {
		"dateRun": "07-May-2025 13:55:13",
		"ini_time_size": "07-May-2025 13:53:44 9257B  MD5 = 4312072e8f258c7e7625cfce2c209062",
		"version": "Imatest 24.2.6 Master Color/Tone Auto",
		"build": "2025-03-20",
		"image_file": "car_18.0 mm_100ISO_+1EV_Dist2_OFF_Defocus1.tiff",
		"ColorSpace": "sRGB",
		"Reference": "Default values",
		"Ref_folder": "/usr/local/Imatest/v24.2/Master/",
		"Gamma": [0.3245],
		"patches_for_gamma_start_end": [1,5],
		"exposure_error_normalized_y_channel": [0.104],
		"mean_camera_Saturation_Pct": ["_NaN_"],
		"mean_chroma_level_CPIQ_Pct": ["_NaN_"],
		"CPIQ_chroma_quality_loss_JND": ["_NaN_"],
		"CPIQ_exposure_quality_loss_JND": ["_NaN_"],
		"pixel_offset": [0],
		"mean_patch_size_pxls": [98,106],
		"roi_settings": "Recent ROI settings are in roi, nwid_save, nht_save, fillf, and distort (same names as ini file)",
		"roi": [3032,1777,3645,1909,3032,1909,3645,1777],
		"nwid_save": [6024],
		"nht_save": [4020],
		"fillf": [0.8],
		"distort": [0],
		"grayscale_zone": [1,2,3,4,5],
		"grayscale_minus_log_exposure": [2,1.513,1.025,0.5375,0.05],
		"grayscale_Y_reflectivity": [0.01,0.03073,0.09441,0.2901,0.8913],
		"grayscale_Y_Printer_pixel_gamma22": [33.13,55.18,91.91,153.1,255],
		"grayscale_Y_density": [0.07471,0.1799,0.3381,0.5384,0.6674],
		"grayscale_R_density": [0.07716,0.1844,0.3415,0.5356,0.6683],
		"grayscale_G_density": [0.07484,0.1787,0.3373,0.5392,0.6671],
		"grayscale_B_density": [0.06635,0.1788,0.3359,0.5379,0.6672],
		"grayscale_Y_mean": [214.7,168.5,117.1,73.82,54.85],
		"grayscale_R_mean": [213.5,166.8,116.2,74.3,54.73],
		"grayscale_G_mean": [214.6,169,117.3,73.67,54.88],
		"grayscale_B_mean": [218.9,169,117.7,73.89,54.87],
		"White_Bal_error_Degrees": [250.8,111.1,112,-35.61,21.52],
		"White_Bal_error_Mired": [-5.716,-2.586,-2.606,0.8475,-0.5076],
		"White_Bal_error_S_HSV": [0.02458,0.01313,0.01279,0.008391,0.002805],
		"White_Bal_error_Delta_C_ab": [2.264,0.8363,0.5035,0.3092,0.07153],
		"White_Bal_error_Delta_C_94": [2.264,0.8363,0.5035,0.3092,0.07153],
		"White_Bal_error_Delta_C_00": [2.191,1.187,0.621,0.4562,0.1046],
		"n_Patch": [1,2,3,4,5],
		"n_Row": [1,1,1,1,1],
		"n_Column": [1,2,3,4,5],
		"width_pixels": [99,99,100,99,99],
		"height_pixels": [108,108,108,108,108],
		"Pixels_total": [10692,10692,10800,10692,10692],
		"R_reference": [242.4,146.6,86.6,49.01,25.46],
		"G_reference": [242.4,146.6,86.6,49.01,25.46],
		"B_reference": [242.4,146.6,86.6,49.01,25.46],
		"R_input": [213.5,166.8,116.2,74.3,54.73],
		"G_input": [214.6,169,117.3,73.67,54.88],
		"B_input": [218.9,169,117.7,73.89,54.87],
		"L_reference": [95.63,60.79,36.82,20.33,8.991],
		"a_reference": [0,0,0,0,0],
		"b_reference": [0,0,0,0,0],
		"L_input": [85.88,69.06,49.27,31.38,23],
		"a_input": [0.3896,-0.7934,-0.3384,0.3058,-0.06853],
		"b_input": [-2.23,-0.2646,-0.3728,-0.04585,-0.02048],
		"x_reference": [0.3127,0.3127,0.3127,0.3127,0.3127],
		"y_reference": [0.329,0.329,0.329,0.329,0.329],
		"Y_reference": [0.8913,0.2901,0.09441,0.03073,0.01],
		"x_input": [0.309,0.3107,0.3108,0.3135,0.3124],
		"y_input": [0.3243,0.3291,0.3282,0.3284,0.3291],
		"Y_input": [0.6774,0.3943,0.1781,0.06815,0.038],
		"LUV_comment": "L2 is used to differentiate between the L in LAB and L in LUV.",
		"L2_reference": [805.1,262,85.28,27.75,9.033],
		"U_reference": [0.1978,0.1978,0.1978,0.1978,0.1978],
		"V_reference": [0.4683,0.4683,0.4683,0.4683,0.4683],
		"L2_input": [611.9,356.1,160.9,61.56,34.33],
		"U_input": [0.197,0.1964,0.1968,0.1986,0.1976],
		"V_input": [0.4652,0.4681,0.4676,0.4681,0.4683],
		"patch_numbers_for_all_Delta_E_C": [1,2,3,4,5],
		"Delta_E_all": [10,8.31,12.5,11.1,14],
		"Delta_C_all": [2.26,0.836,0.503,0.309,0.0715],
		"Delta_E94_all": [10,8.31,12.5,11.1,14],
		"Delta_C94_all": [2.26,0.836,0.503,0.309,0.0715],
		"Delta_E2000_all": [6.45,6.91,11.5,8.16,9.3],
		"Delta_C2000_all": [2.19,1.19,0.621,0.456,0.105],
		"Delta_L_all": [-9.76,8.27,12.4,11,14],
		"Delta_Chroma_all": [2.26,0.836,0.503,0.309,0.0715],
		"Delta_Hue_Distance_all": [0,0,0,0,0],
		"Delta_Hue_Degrees_all": [0,0,0,0,0],
		"sat_corr_comment": "sat_corr explained on https://www.imatest.com/docs/colorcheck/#satcorr - not recommended.",
		"Delta_C_all_sat_corr": ["_NaN_","_NaN_","_NaN_","_NaN_","_NaN_"],
		"Delta_C94_all_sat_corr": ["_NaN_","_NaN_","_NaN_","_NaN_","_NaN_"],
		"Delta_C2000_all_sat_corr": ["_NaN_","_NaN_","_NaN_","_NaN_","_NaN_"],
		"grayscale_patch_numbers": [1,2,3,4,5],
		"Delta_E": [10,8.31,12.5,11.1,14],
		"Delta_C": [2.26,0.836,0.503,0.309,0.0715],
		"Delta_E94": [10,8.31,12.5,11.1,14],
		"Delta_C94": [2.26,0.836,0.503,0.309,0.0715],
		"Delta_E2000": [6.45,6.91,11.5,8.16,9.3],
		"Delta_C2000": [2.19,1.19,0.621,0.456,0.105],
		"Delta_L": [-9.76,8.27,12.4,11,14],
		"Delta_Chroma": [2.26,0.836,0.503,0.309,0.0715],
		"Delta_Hue_Distance": [0,0,0,0,0],
		"Delta_Hue_Degrees": [0,0,0,0,0],
		"mean_Delta_E": [11.2],
		"mean_Delta_C": [0.797],
		"mean_Delta_E94": [11.2],
		"mean_Delta_C94": [0.797],
		"mean_Delta_E2000": [8.46],
		"mean_Delta_C2000": [0.912],
		"mean_Delta_L": [7.2],
		"mean_Delta_Chroma": [0.797],
		"mean_Delta_Hue_Distance": [0],
		"mean_Delta_Hue_Degrees": [0],
		"mean_Delta_C_sat_corr": ["_NaN_"],
		"mean_Delta_C94_sat_corr": ["_NaN_"],
		"mean_Delta_C2000_sat_corr": ["_NaN_"],
		"max_Delta_E": [14],
		"max_Delta_C": [2.26],
		"max_Delta_E94": [14],
		"max_Delta_C94": [2.26],
		"max_Delta_E2000": [11.5],
		"max_Delta_C2000": [2.19],
		"max_Delta_L": [14],
		"max_Delta_Chroma": [2.26],
		"max_Delta_Hue_Distance": [0],
		"max_Delta_Hue_Degrees": [0],
		"max_Delta_C_sat_corr": ["_NaN_"],
		"max_Delta_C94_sat_corr": ["_NaN_"],
		"max_Delta_C2000_sat_corr": ["_NaN_"],
		"mean_RegionSize": [10614.4],
		"Sequence_dark_to_light": [5,4,3,2,1],
		"Patch_number": [5,4,3,2,1],
		"R_noise": [0.03947,0.02455,0.01305,0.01047,0.02244],
		"G_noise": [0.04003,0.02466,0.01272,0.009933,0.0224],
		"B_noise": [0.04028,0.02456,0.01242,0.01056,0.02413],
		"R_SNR_ratio": [5.437,11.87,34.91,62.44,37.3],
		"G_SNR_ratio": [5.376,11.72,36.16,66.72,37.58],
		"B_SNR_ratio": [5.343,11.8,37.14,62.71,35.56],
		"R_SNR_dB": [14.71,21.49,30.86,35.91,31.44],
		"G_SNR_dB": [14.61,21.38,31.17,36.49,31.5],
		"B_SNR_dB": [14.55,21.44,31.4,35.95,31.02],
		"Gb_noise": [0.03977,0.02424,0.01239,0.009617,0.02233],
		"Gb_SNR_ratio": [5.409,11.95,37.05,68.72,37.71],
		"Gb_SNR_dB": [14.66,21.54,31.38,36.74,31.53],
		"Y_f_stop_SNR_ratio": [5.009,12.29,9.252,3.108,1.155],
		"Y_f_stop_SNR_dB": [13.99,21.79,19.33,9.85,1.253],
		"quality_levels_for_DR": [
				"Low,",
				"Medium,",
				"M-H,",
				"High,"
		],
		"SigNoise_levels_for_DR": [1,0.5,0.25,0.1],
		"Dynamic_Range_f_stops": [0,5.389,4.315,2.749],
		"Dynamic_Range_dB": [0,32.44,25.97,16.55],
		"noise_ISO15739_pct": [0.6154,0.4845,0.4992,0.8596,2.735],
		"snr_ISO15739": [6.175,14.07,35.68,45.86,24.77],
		"noise_pct_ISO15739_at_13pct_Lref": [0.8407],
		"snr_ISO15739_at_13pct_Lref": [45.33],
		"snr_dB_ISO15739_at_13pct_Lref": [33.13],
		"DynamicRange_at_density_2": [414.3],
		"DynamicRange_total": [0],
		"DynamicRange_from_slope_OD": [1.95],
		"DynamicRange_from_slope_EV": [6.474],
		"DynamicRange_from_slope_dB": [39],
		"SNR_BW_dB_RGBY": [34.44,34.9,34.37,35.19],
		"L_noise": [4.44,2.592,1.26,0.9166,2.049],
		"a_noise": [1.156,1.136,0.8195,0.7659,0.7243],
		"b_noise": [1.088,1.321,0.8622,0.8031,0.7918],
		"Total_Lab_noise_unwtd": [4.715,3.123,1.732,1.439,2.313],
		"Total_ab_noise_unwtd": [1.587,1.742,1.19,1.11,1.073],
		"R_minus_Y_KK_noise": [0.005975,0.006805,0.004971,0.004965,0.004936],
		"B_minus_Y_KK_noise": [0.006267,0.008828,0.005719,0.005691,0.005885],
		"Y_Kelly_Keelan_noise": [0.03977,0.02424,0.01239,0.009617,0.02233],
		"Total_KK_noise": [0.03993,0.02464,0.01278,0.01011,0.02254],
		"Chroma_KK_noise": [0.003663,0.004447,0.003126,0.003119,0.003138],
		"Total_old_iso_noise": [0.04013,0.02509,0.01321,0.01065,0.02279],
		"Y_noise_from_YUV": [0.03977,0.02424,0.01239,0.009617,0.02233],