{
	"jsonResults": {
		"dateRun": "13-May-2025 09:48:08",
		"ini_time_size": "13-May-2025 09:40:23 14935B  MD5 = 7c769dcefba105f2e4e3944493917bea",
		"version": "Imatest 24.2.6 Master Color/Tone Auto",
		"build": "2025-03-20",
		"image_file": "car_18.0 mm_25600ISO_-3EV_Dist2_OFF_Defocus2.tiff",
		"ColorSpace": "sRGB",
		"Reference": "Default values",
		"Ref_folder": "/usr/local/Imatest/v24.2/Master/",
		"Gamma": [0.3262],
		"patches_for_gamma_start_end": [1,4],
		"exposure_error_normalized_y_channel": [-0.271],
		"mean_camera_Saturation_Pct": ["_NaN_"],
		"mean_chroma_level_CPIQ_Pct": ["_NaN_"],
		"CPIQ_chroma_quality_loss_JND": ["_NaN_"],
		"CPIQ_exposure_quality_loss_JND": ["_NaN_"],
		"pixel_offset": [0],
		"mean_patch_size_pxls": [97,103],
		"roi_settings": "Recent ROI settings are in roi, nwid_save, nht_save, fillf, and distort (same names as ini file)",
		"roi": [3038,1783,3647,1907,3038,1909,3647,1775],
		"nwid_save": [6024],
		"nht_save": [4020],
		"fillf": [0.8],
		"distort": [0],
		"grayscale_zone": [1,2,3,4,5],
		"grayscale_minus_log_exposure": [2,1.513,1.025,0.5375,0.05],
		"grayscale_Y_reflectivity": [0.01,0.03073,0.09441,0.2901,0.8913],
		"grayscale_Y_Printer_pixel_gamma22": [33.13,55.18,91.91,153.1,255],
		"grayscale_Y_density": [0.6975,0.8275,0.9865,1.109,1.108],
		"grayscale_R_density": [0.7208,0.8047,0.884,0.9191,0.9423],
		"grayscale_G_density": [0.6942,0.8356,1.029,1.203,1.186],
		"grayscale_B_density": [0.6649,0.8169,0.9336,0.9915,1.014],
		"grayscale_Y_mean": [51.17,37.93,26.3,19.82,19.87],
		"grayscale_R_mean": [48.5,39.98,33.3,30.72,29.12],
		"grayscale_G_mean": [51.56,37.23,23.88,15.96,16.63],
		"grayscale_B_mean": [55.16,38.87,29.72,26,24.72],
		"White_Bal_error_Degrees": [1153,-160.7,-853.6,-1700,-1463],
		"White_Bal_error_Mired": [-23.17,3.901,23.26,54.51,44.68],
		"White_Bal_error_S_HSV": [0.1208,0.06864,0.283,0.4803,0.4289],
		"White_Bal_error_Delta_C_ab": [2.762,1.774,6.43,10.19,8.387],
		"White_Bal_error_Delta_C_94": [2.762,1.774,6.43,10.19,8.387],
		"White_Bal_error_Delta_C_00": [2.638,2.425,7.694,11.01,9.519],
		"n_Patch": [1,2,3,4,5],
		"n_Row": [1,1,1,1,1],
		"n_Column": [1,2,3,4,5],
		"width_pixels": [98,99,98,98,98],
		"height_pixels": [105,105,105,105,105],
		"Pixels_total": [10290,10395,10290,10290,10290],
		"R_reference": [242.4,146.6,86.6,49.01,25.46],
		"G_reference": [242.4,146.6,86.6,49.01,25.46],
		"B_reference": [242.4,146.6,86.6,49.01,25.46],
		"R_input": [48.5,39.98,33.3,30.72,29.12],
		"G_input": [51.56,37.23,23.88,15.96,16.63],
		"B_input": [55.16,38.87,29.72,26,24.72],
		"L_reference": [95.63,60.79,36.82,20.33,8.991],
		"a_reference": [0,0,0,0,0],
		"b_reference": [0,0,0,0,0],
		"L_input": [21.34,15.14,9.553,6.604,6.519],
		"a_input": [-0.432,1.657,6.018,9.429,7.826],
		"b_input": [-2.728,-0.6351,-2.266,-3.861,-3.014],
		"x_reference": [0.3127,0.3127,0.3127,0.3127,0.3127],
		"y_reference": [0.329,0.329,0.329,0.329,0.329],
		"Y_reference": [0.8913,0.2901,0.09441,0.03073,0.01],
		"x_input": [0.2969,0.3167,0.3298,0.3401,0.338],
		"y_input": [0.3149,0.3211,0.2958,0.268,0.278],
		"Y_input": [0.03335,0.01934,0.01069,0.007311,0.007217],
		"LUV_comment": "L2 is used to differentiate between the L in LAB and L in LUV.",
		"L2_reference": [805.1,262,85.28,27.75,9.033],
		"U_reference": [0.1978,0.1978,0.1978,0.1978,0.1978],
		"V_reference": [0.4683,0.4683,0.4683,0.4683,0.4683],
		"L2_input": [30.13,17.47,9.656,6.604,6.519],
		"U_input": [0.192,0.2036,0.224,0.2457,0.2389],
		"V_input": [0.4582,0.4646,0.452,0.4357,0.4421],
		"patch_numbers_for_all_Delta_E_C": [1,2,3,4,5],
		"Delta_E_all": [74.3,45.7,28,17.1,8.74],
		"Delta_C_all": [2.76,1.77,6.43,10.2,8.39],
		"Delta_E94_all": [74.3,45.7,28,17.1,8.74],
		"Delta_C94_all": [2.76,1.77,6.43,10.2,8.39],
		"Delta_E2000_all": [66.8,39.1,21,14.2,9.64],
		"Delta_C2000_all": [2.64,2.42,7.69,11,9.52],
		"Delta_L_all": [-74.3,-45.7,-27.3,-13.7,-2.47],
		"Delta_Chroma_all": [2.76,1.77,6.43,10.2,8.39],
		"Delta_Hue_Distance_all": [0,0,0,0,0],
		"Delta_Hue_Degrees_all": [0,0,0,0,0],
		"sat_corr_comment": "sat_corr explained on https://www.imatest.com/docs/colorcheck/#satcorr - not recommended.",
		"Delta_C_all_sat_corr": ["_NaN_","_NaN_","_NaN_","_NaN_","_NaN_"],
		"Delta_C94_all_sat_corr": ["_NaN_","_NaN_","_NaN_","_NaN_","_NaN_"],
		"Delta_C2000_all_sat_corr": ["_NaN_","_NaN_","_NaN_","_NaN_","_NaN_"],
		"grayscale_patch_numbers": [1,2,3,4,5],
		"Delta_E": [74.3,45.7,28,17.1,8.74],
		"Delta_C": [2.76,1.77,6.43,10.2,8.39],
		"Delta_E94": [74.3,45.7,28,17.1,8.74],
		"Delta_C94": [2.76,1.77,6.43,10.2,8.39],
		"Delta_E2000": [66.8,39.1,21,14.2,9.64],
		"Delta_C2000": [2.64,2.42,7.69,11,9.52],
		"Delta_L": [-74.3,-45.7,-27.3,-13.7,-2.47],
		"Delta_Chroma": [2.76,1.77,6.43,10.2,8.39],
		"Delta_Hue_Distance": [0,0,0,0,0],
		"Delta_Hue_Degrees": [0,0,0,0,0],
		"mean_Delta_E": [34.8],
		"mean_Delta_C": [5.91],
		"mean_Delta_E94": [34.8],
		"mean_Delta_C94": [5.91],
		"mean_Delta_E2000": [30.1],
		"mean_Delta_C2000": [6.66],
		"mean_Delta_L": [-32.7],
		"mean_Delta_Chroma": [5.91],
		"mean_Delta_Hue_Distance": [0],
		"mean_Delta_Hue_Degrees": [0],
		"mean_Delta_C_sat_corr": ["_NaN_"],
		"mean_Delta_C94_sat_corr": ["_NaN_"],
		"mean_Delta_C2000_sat_corr": ["_NaN_"],
		"max_Delta_E": [74.3],
		"max_Delta_C": [10.2],
		"max_Delta_E94": [74.3],
		"max_Delta_C94": [10.2],
		"max_Delta_E2000": [66.8],
		"max_Delta_C2000": [11],
		"max_Delta_L": [-2.47],
		"max_Delta_Chroma": [10.2],
		"max_Delta_Hue_Distance": [0],
		"max_Delta_Hue_Degrees": [0],
		"max_Delta_C_sat_corr": ["_NaN_"],
		"max_Delta_C94_sat_corr": ["_NaN_"],
		"max_Delta_C2000_sat_corr": ["_NaN_"],
		"mean_RegionSize": [10212.8],
		"Sequence_dark_to_light": [5,4,3,2,1],
		"Patch_number": [5,4,3,2,1],
		"R_noise": [0.1,0.1009,0.1079,0.1159,0.1226],
		"G_noise": [0.07428,0.07389,0.08597,0.09366,0.09183],
		"B_noise": [0.08678,0.0872,0.09462,0.1018,0.103],
		"R_SNR_ratio": [1.142,1.194,1.211,1.352,1.551],
		"G_SNR_ratio": [0.8782,0.8473,1.089,1.559,2.202],
		"B_SNR_ratio": [1.117,1.169,1.232,1.497,2.099],
		"R_SNR_dB": [1.155,1.537,1.661,2.621,3.814],
		"G_SNR_dB": [-1.129,-1.439,0.7422,3.856,6.856],
		"B_SNR_dB": [0.9611,1.358,1.809,3.505,6.442],
		"Gb_noise": [0.06109,0.0615,0.06895,0.07465,0.07431],
		"Gb_SNR_ratio": [1.276,1.264,1.496,1.993,2.701],
		"Gb_SNR_dB": [2.115,2.034,3.499,5.989,8.629],
		"Y_f_stop_SNR_ratio": [0.4313,0.4033,0.318,0.1266,0.318],
		"Y_f_stop_SNR_dB": [-7.304,-7.887,-9.951,-17.95,-9.951],
		"quality_levels_for_DR": [
				"Low,",
				"Medium,",
				"M-H,",
				"High,"
		],
		"SigNoise_levels_for_DR": [1,0.5,0.25,0.1],
		"Dynamic_Range_f_stops": [0,0,0,0],
		"Dynamic_Range_dB": [0,0,0,0],
		"noise_ISO15739_pct": [4.347,3.961,5.175,9.166,11.18],
		"snr_ISO15739": [0.166,0.1846,0.2066,0.211,0.2983],
		"noise_pct_ISO15739_at_13pct_Lref": [11.06],
		"snr_ISO15739_at_13pct_Lref": [0.2929],
		"snr_dB_ISO15739_at_13pct_Lref": [-10.66],
		"DynamicRange_at_density_2": [168.4],
		"DynamicRange_total": [0],
		"DynamicRange_from_slope_OD": [1.521],
		"DynamicRange_from_slope_EV": [5.05],
		"DynamicRange_from_slope_dB": [30.42],
		"SNR_BW_dB_RGBY": [0.5087,2.362,1.636,4.333],
		"L_noise": [6.796,6.845,7.617,8.113,7.824],
		"a_noise": [15.3,14.89,16.98,18.13,17.9],
		"b_noise": [14.61,14.78,17.02,17.87,18.47],
		"Total_Lab_noise_unwtd": [22.22,22.07,25.22,26.72,26.89],
		"Total_ab_noise_unwtd": [21.15,20.98,24.05,25.45,25.72],
		"R_minus_Y_KK_noise": [0.08887,0.08829,0.09906,0.1079,0.1092],
		"B_minus_Y_KK_noise": [0.09135,0.09144,0.106,0.1131,0.1182],
		"Y_Kelly_Keelan_noise": [0.06109,0.0615,0.06895,0.07465,0.07431],
		"Total_KK_noise": [0.08167,0.08181,0.09209,0.09973,0.1004],
		"Chroma_KK_noise": [0.0542,0.05395,0.06104,0.06613,0.06751],
		"Total_old_iso_noise": [0.1006,0.1005,0.1133,0.1228,0.1241],
		"Y_noise_from_YUV": [0.06108,0.0615,0.06894,0.07464,0.0743],
		"U_noise_from_YUV": [0.04292,0.04297,0.0498,0.05314,0.05554],
		"V_noise_from_YUV": [0.0694,0.06895,0.07736,0.08426,0.0853],