{
	"jsonResults": {
		"dateRun": "07-May-2025 13:55:13",
		"ini_time_size": "07-May-2025 13:53:44 9257B  MD5 = 4312072e8f258c7e7625cfce2c209062",
		"version": "Imatest 24.2.6 Master Color/Tone Auto",
		"build": "2025-03-20",
		"image_file": "car_18.0 mm_25600ISO_+1EV_Dist2_OFF_Defocus1.tiff",
		"ColorSpace": "sRGB",
		"Reference": "Default values",
		"Ref_folder": "/usr/local/Imatest/v24.2/Master/",
		"Gamma": [0.3304],
		"patches_for_gamma_start_end": [1,5],
		"exposure_error_normalized_y_channel": [0.0824],
		"mean_camera_Saturation_Pct": ["_NaN_"],
		"mean_chroma_level_CPIQ_Pct": ["_NaN_"],
		"CPIQ_chroma_quality_loss_JND": ["_NaN_"],
		"CPIQ_exposure_quality_loss_JND": ["_NaN_"],
		"pixel_offset": [0],
		"mean_patch_size_pxls": [98,106],
		"roi_settings": "Recent ROI settings are in roi, nwid_save, nht_save, fillf, and distort (same names as ini file)",
		"roi": [3032,1777,3645,1909,3032,1909,3645,1777],
		"nwid_save": [6024],
		"nht_save": [4020],
		"fillf": [0.8],
		"distort": [0],
		"grayscale_zone": [1,2,3,4,5],
		"grayscale_minus_log_exposure": [2,1.513,1.025,0.5375,0.05],
		"grayscale_Y_reflectivity": [0.01,0.03073,0.09441,0.2901,0.8913],
		"grayscale_Y_Printer_pixel_gamma22": [33.13,55.18,91.91,153.1,255],
		"grayscale_Y_density": [0.08702,0.1911,0.3521,0.5681,0.7056],
		"grayscale_R_density": [0.08766,0.1944,0.3589,0.5968,0.6809],
		"grayscale_G_density": [0.08858,0.1913,0.3514,0.5597,0.7149],
		"grayscale_B_density": [0.07001,0.1792,0.3395,0.571,0.6893],
		"grayscale_Y_mean": [208.7,164.2,113.3,68.93,50.23],
		"grayscale_R_mean": [208.4,163,111.6,64.53,53.17],
		"grayscale_G_mean": [207.9,164.1,113.5,70.28,49.16],
		"grayscale_B_mean": [217,168.8,116.7,68.48,52.15],
		"White_Bal_error_Degrees": [447.6,354.2,423.3,387,-92.71],
		"White_Bal_error_Mired": [-9.912,-7.95,-9.407,-8.646,2.226],
		"White_Bal_error_S_HSV": [0.04187,0.03455,0.04381,0.08183,0.07534],
		"White_Bal_error_Delta_C_ab": [4.809,2.605,2.018,2.784,2.758],
		"White_Bal_error_Delta_C_94": [4.809,2.605,2.018,2.784,2.758],
		"White_Bal_error_Delta_C_00": [4.678,2.51,1.932,3.808,3.577],
		"n_Patch": [1,2,3,4,5],
		"n_Row": [1,1,1,1,1],
		"n_Column": [1,2,3,4,5],
		"width_pixels": [99,99,100,99,99],
		"height_pixels": [108,108,108,108,108],
		"Pixels_total": [10692,10692,10800,10692,10692],
		"R_reference": [242.4,146.6,86.6,49.01,25.46],
		"G_reference": [242.4,146.6,86.6,49.01,25.46],
		"B_reference": [242.4,146.6,86.6,49.01,25.46],
		"R_input": [208.4,163,111.6,64.53,53.17],
		"G_input": [207.9,164.1,113.5,70.28,49.16],
		"B_input": [217,168.8,116.7,68.48,52.15],
		"L_reference": [95.63,60.79,36.82,20.33,8.991],
		"a_reference": [0,0,0,0,0],
		"b_reference": [0,0,0,0,0],
		"L_input": [83.74,67.46,47.78,29.28,20.91],
		"a_input": [1.836,0.4816,-0.07764,-2.771,2.454],
		"b_input": [-4.444,-2.56,-2.017,0.2681,-1.259],
		"x_reference": [0.3127,0.3127,0.3127,0.3127,0.3127],
		"y_reference": [0.329,0.329,0.329,0.329,0.329],
		"Y_reference": [0.8913,0.2901,0.09441,0.03073,0.01],
		"x_input": [0.3068,0.3076,0.3064,0.3047,0.3159],
		"y_input": [0.3187,0.3224,0.3226,0.3347,0.3175],
		"Y_input": [0.6357,0.3724,0.1662,0.05946,0.03221],
		"LUV_comment": "L2 is used to differentiate between the L in LAB and L in LUV.",
		"L2_reference": [805.1,262,85.28,27.75,9.033],
		"U_reference": [0.1978,0.1978,0.1978,0.1978,0.1978],
		"V_reference": [0.4683,0.4683,0.4683,0.4683,0.4683],
		"L2_input": [574.2,336.4,150.2,53.71,29.1],
		"U_input": [0.1976,0.1968,0.1958,0.1903,0.2046],
		"V_input": [0.4618,0.464,0.4639,0.4701,0.4625],
		"patch_numbers_for_all_Delta_E_C": [1,2,3,4,5],
		"Delta_E_all": [12.8,7.16,11.1,9.37,12.2],
		"Delta_C_all": [4.81,2.6,2.02,2.78,2.76],
		"Delta_E94_all": [12.8,7.16,11.1,9.37,12.2],
		"Delta_C94_all": [4.81,2.6,2.02,2.78,2.76],
		"Delta_E2000_all": [8.82,6.09,10.2,7.55,8.61],
		"Delta_C2000_all": [4.68,2.51,1.93,3.81,3.58],
		"Delta_L_all": [-11.9,6.67,11,8.94,11.9],
		"Delta_Chroma_all": [4.81,2.6,2.02,2.78,2.76],
		"Delta_Hue_Distance_all": [0,0,0,0,0],
		"Delta_Hue_Degrees_all": [0,0,0,0,0],
		"sat_corr_comment": "sat_corr explained on https://www.imatest.com/docs/colorcheck/#satcorr - not recommended.",
		"Delta_C_all_sat_corr": ["_NaN_","_NaN_","_NaN_","_NaN_","_NaN_"],
		"Delta_C94_all_sat_corr": ["_NaN_","_NaN_","_NaN_","_NaN_","_NaN_"],
		"Delta_C2000_all_sat_corr": ["_NaN_","_NaN_","_NaN_","_NaN_","_NaN_"],
		"grayscale_patch_numbers": [1,2,3,4,5],
		"Delta_E": [12.8,7.16,11.1,9.37,12.2],
		"Delta_C": [4.81,2.6,2.02,2.78,2.76],
		"Delta_E94": [12.8,7.16,11.1,9.37,12.2],
		"Delta_C94": [4.81,2.6,2.02,2.78,2.76],
		"Delta_E2000": [8.82,6.09,10.2,7.55,8.61],
		"Delta_C2000": [4.68,2.51,1.93,3.81,3.58],
		"Delta_L": [-11.9,6.67,11,8.94,11.9],
		"Delta_Chroma": [4.81,2.6,2.02,2.78,2.76],
		"Delta_Hue_Distance": [0,0,0,0,0],
		"Delta_Hue_Degrees": [0,0,0,0,0],
		"mean_Delta_E": [10.5],
		"mean_Delta_C": [2.99],
		"mean_Delta_E94": [10.5],
		"mean_Delta_C94": [2.99],
		"mean_Delta_E2000": [8.24],
		"mean_Delta_C2000": [3.3],
		"mean_Delta_L": [5.32],
		"mean_Delta_Chroma": [2.99],
		"mean_Delta_Hue_Distance": [0],
		"mean_Delta_Hue_Degrees": [0],
		"mean_Delta_C_sat_corr": ["_NaN_"],
		"mean_Delta_C94_sat_corr": ["_NaN_"],
		"mean_Delta_C2000_sat_corr": ["_NaN_"],
		"max_Delta_E": [12.8],
		"max_Delta_C": [4.81],
		"max_Delta_E94": [12.8],
		"max_Delta_C94": [4.81],
		"max_Delta_E2000": [10.2],
		"max_Delta_C2000": [4.68],
		"max_Delta_L": [11.9],
		"max_Delta_Chroma": [4.81],
		"max_Delta_Hue_Distance": [0],
		"max_Delta_Hue_Degrees": [0],
		"max_Delta_C_sat_corr": ["_NaN_"],
		"max_Delta_C94_sat_corr": ["_NaN_"],
		"max_Delta_C2000_sat_corr": ["_NaN_"],
		"mean_RegionSize": [10614.4],
		"Sequence_dark_to_light": [5,4,3,2,1],
		"Patch_number": [5,4,3,2,1],
		"R_noise": [0.1224,0.131,0.09312,0.0667,0.06146],
		"G_noise": [0.09771,0.08146,0.05819,0.04877,0.0496],
		"B_noise": [0.103,0.09828,0.06675,0.05449,0.05191],
		"R_SNR_ratio": [1.704,1.932,4.699,9.581,13.3],
		"G_SNR_ratio": [1.973,3.383,7.65,13.2,16.44],
		"B_SNR_ratio": [1.986,2.732,6.856,12.15,16.4],
		"R_SNR_dB": [4.63,5.721,13.44,19.63,22.47],
		"G_SNR_dB": [5.903,10.59,17.67,22.41,24.32],
		"B_SNR_dB": [5.958,8.731,16.72,21.69,24.3],
		"Gb_noise": [0.08249,0.06965,0.04997,0.04091,0.04277],
		"Gb_SNR_ratio": [2.388,3.881,8.894,15.74,19.13],
		"Gb_SNR_dB": [7.56,11.78,18.98,23.94,25.64],
		"Y_f_stop_SNR_ratio": [2.517,2.822,2.309,1.097,0.5489],
		"Y_f_stop_SNR_dB": [8.019,9.01,7.268,0.8047,-5.21],
		"quality_levels_for_DR": [
				"Low,",
				"Medium,",
				"M-H,",
				"High,"
		],
		"SigNoise_levels_for_DR": [1,0.5,0.25,0.1],
		"Dynamic_Range_f_stops": [5.016,3.465,0,0],
		"Dynamic_Range_dB": [30.2,20.86,0,0],
		"noise_ISO15739_pct": [1.169,1.275,1.85,3.422,4.969],
		"snr_ISO15739": [2.755,4.664,8.983,10.88,12.79],
		"noise_pct_ISO15739_at_13pct_Lref": [3.454],
		"snr_ISO15739_at_13pct_Lref": [10.92],
		"snr_dB_ISO15739_at_13pct_Lref": [20.77],
		"DynamicRange_at_density_2": [234.6],
		"DynamicRange_total": [0],
		"DynamicRange_from_slope_OD": [1.95],
		"DynamicRange_from_slope_EV": [6.474],
		"DynamicRange_from_slope_dB": [39],
		"SNR_BW_dB_RGBY": [18.29,21.01,20.05,22.54],
		"L_noise": [8.834,7.195,4.973,3.884,3.9],
		"a_noise": [17.03,16.41,11.55,8.619,7.302],
		"b_noise": [16.79,15.81,10.65,8.192,6.942],
		"Total_Lab_noise_unwtd": [25.49,23.9,16.48,12.51,10.8],
		"Total_ab_noise_unwtd": [23.91,22.79,15.71,11.89,10.08],
		"R_minus_Y_KK_noise": [0.1044,0.1107,0.0781,0.0574,0.05078],
		"B_minus_Y_KK_noise": [0.107,0.1028,0.07092,0.05796,0.05126],
		"Y_Kelly_Keelan_noise": [0.08249,0.06965,0.04997,0.04091,0.04277],
		"Total_KK_noise": [0.1042,0.09592,0.06813,0.05375,0.05273],
		"Chroma_KK_noise": [0.06362,0.06595,0.04631,0.03485,0.03083],
		"Total_old_iso_noise": [0.1249,0.1199,0.08489,0.06572,0.06245],
		"Y_noise_from_YUV": [0.08248,0.06964,0.04997,0.04091,0.04277],
		"U_noise_from_YUV": [0.05026,0.04832,0.03332,0.02723,0.02409],
		"V_noise_from_YUV": [0.08152,0.08644,0.06099,0.04482,0.03966],