{
	"jsonResults": {
		"dateRun": "13-May-2025 10:00:00",
		"ini_time_size": "13-May-2025 09:57:01 17295B  MD5 = ab828ad1ac76d4699be0872ede259dd9",
		"version": "Imatest 24.2.6 Master Color/Tone Auto",
		"build": "2025-03-20",
		"image_file": "cup_18.0 mm_1600ISO_-1EV_Dist2_ON_Defocus2.tiff",
		"ColorSpace": "sRGB",
		"Reference": "Default values",
		"Ref_folder": "/usr/local/Imatest/v24.2/Master/",
		"Gamma": [0.3466],
		"patches_for_gamma_start_end": [1,5],
		"exposure_error_normalized_y_channel": [-0.159],
		"mean_camera_Saturation_Pct": ["_NaN_"],
		"mean_chroma_level_CPIQ_Pct": ["_NaN_"],
		"CPIQ_chroma_quality_loss_JND": ["_NaN_"],
		"CPIQ_exposure_quality_loss_JND": ["_NaN_"],
		"pixel_offset": [0],
		"mean_patch_size_pxls": [96,103],
		"roi_settings": "Recent ROI settings are in roi, nwid_save, nht_save, fillf, and distort (same names as ini file)",
		"roi": [3053,1801,3657,1925,3053,1927,3657,1793],
		"nwid_save": [6024],
		"nht_save": [4020],
		"fillf": [0.8],
		"distort": [0],
		"grayscale_zone": [1,2,3,4,5],
		"grayscale_minus_log_exposure": [2,1.513,1.025,0.5375,0.05],
		"grayscale_Y_reflectivity": [0.01,0.03073,0.09441,0.2901,0.8913],
		"grayscale_Y_Printer_pixel_gamma22": [33.13,55.18,91.91,153.1,255],
		"grayscale_Y_density": [0.288,0.401,0.57,0.8085,1.171],
		"grayscale_R_density": [0.2867,0.4016,0.5708,0.8101,1.176],
		"grayscale_G_density": [0.2895,0.4013,0.5703,0.8078,1.169],
		"grayscale_B_density": [0.2778,0.3961,0.5643,0.8105,1.182],
		"grayscale_Y_mean": [131.4,101.3,68.64,39.63,17.19],
		"grayscale_R_mean": [131.8,101.1,68.5,39.49,16.99],
		"grayscale_G_mean": [130.9,101.2,68.58,39.7,17.29],
		"grayscale_B_mean": [134.5,102.4,69.54,39.45,16.77],
		"White_Bal_error_Degrees": [215.3,121.9,134.8,-9.538,-80.72],
		"White_Bal_error_Mired": [-4.932,-2.831,-3.126,0.2261,1.935],
		"White_Bal_error_S_HSV": [0.02645,0.01268,0.01485,0.006248,0.03061],
		"White_Bal_error_Delta_C_ab": [2.081,0.7429,0.6171,0.199,0.3288],
		"White_Bal_error_Delta_C_94": [2.081,0.7429,0.6171,0.199,0.3288],
		"White_Bal_error_Delta_C_00": [2.255,0.7715,0.6394,0.2615,0.4069],
		"n_Patch": [1,2,3,4,5],
		"n_Row": [1,1,1,1,1],
		"n_Column": [1,2,3,4,5],
		"width_pixels": [97,98,97,97,97],
		"height_pixels": [105,105,105,105,105],
		"Pixels_total": [10185,10290,10185,10185,10185],
		"R_reference": [242.4,146.6,86.6,49.01,25.46],
		"G_reference": [242.4,146.6,86.6,49.01,25.46],
		"B_reference": [242.4,146.6,86.6,49.01,25.46],
		"R_input": [131.8,101.1,68.5,39.49,16.99],
		"G_input": [130.9,101.2,68.58,39.7,17.29],
		"B_input": [134.5,102.4,69.54,39.45,16.77],
		"L_reference": [95.63,60.79,36.82,20.33,8.991],
		"a_reference": [0,0,0,0,0],
		"b_reference": [0,0,0,0,0],
		"L_input": [54.91,42.9,29.13,15.94,5.139],
		"a_input": [1.025,0.2273,0.1791,-0.1539,-0.22],
		"b_input": [-1.811,-0.7072,-0.5905,0.1261,0.2444],
		"x_reference": [0.3127,0.3127,0.3127,0.3127,0.3127],
		"y_reference": [0.329,0.329,0.329,0.329,0.329],
		"Y_reference": [0.8913,0.2901,0.09441,0.03073,0.01],
		"x_input": [0.3099,0.311,0.3108,0.3128,0.3137],
		"y_input": [0.3228,0.3263,0.3261,0.3302,0.3334],
		"Y_input": [0.2284,0.1309,0.05889,0.02088,0.005689],
		"LUV_comment": "L2 is used to differentiate between the L in LAB and L in LUV.",
		"L2_reference": [805.1,262,85.28,27.75,9.033],
		"U_reference": [0.1978,0.1978,0.1978,0.1978,0.1978],
		"V_reference": [0.4683,0.4683,0.4683,0.4683,0.4683],
		"L2_input": [206.3,118.2,53.19,18.86,5.139],
		"U_input": [0.1982,0.1976,0.1976,0.1974,0.1969],
		"V_input": [0.4645,0.4666,0.4665,0.469,0.4708],
		"patch_numbers_for_all_Delta_E_C": [1,2,3,4,5],
		"Delta_E_all": [40.8,17.9,7.71,4.4,3.87],
		"Delta_C_all": [2.08,0.743,0.617,0.199,0.329],
		"Delta_E94_all": [40.8,17.9,7.71,4.4,3.87],
		"Delta_C94_all": [2.08,0.743,0.617,0.199,0.329],
		"Delta_E2000_all": [29.7,17.7,6.2,2.99,2.38],
		"Delta_C2000_all": [2.26,0.772,0.639,0.262,0.407],
		"Delta_L_all": [-40.7,-17.9,-7.69,-4.39,-3.85],
		"Delta_Chroma_all": [2.08,0.743,0.617,0.199,0.329],
		"Delta_Hue_Distance_all": [0,0,0,0,0],
		"Delta_Hue_Degrees_all": [0,0,0,0,0],
		"sat_corr_comment": "sat_corr explained on https://www.imatest.com/docs/colorcheck/#satcorr - not recommended.",
		"Delta_C_all_sat_corr": ["_NaN_","_NaN_","_NaN_","_NaN_","_NaN_"],
		"Delta_C94_all_sat_corr": ["_NaN_","_NaN_","_NaN_","_NaN_","_NaN_"],
		"Delta_C2000_all_sat_corr": ["_NaN_","_NaN_","_NaN_","_NaN_","_NaN_"],
		"grayscale_patch_numbers": [1,2,3,4,5],
		"Delta_E": [40.8,17.9,7.71,4.4,3.87],
		"Delta_C": [2.08,0.743,0.617,0.199,0.329],
		"Delta_E94": [40.8,17.9,7.71,4.4,3.87],
		"Delta_C94": [2.08,0.743,0.617,0.199,0.329],
		"Delta_E2000": [29.7,17.7,6.2,2.99,2.38],
		"Delta_C2000": [2.26,0.772,0.639,0.262,0.407],
		"Delta_L": [-40.7,-17.9,-7.69,-4.39,-3.85],
		"Delta_Chroma": [2.08,0.743,0.617,0.199,0.329],
		"Delta_Hue_Distance": [0,0,0,0,0],
		"Delta_Hue_Degrees": [0,0,0,0,0],
		"mean_Delta_E": [14.9],
		"mean_Delta_C": [0.794],
		"mean_Delta_E94": [14.9],
		"mean_Delta_C94": [0.794],
		"mean_Delta_E2000": [11.8],
		"mean_Delta_C2000": [0.867],
		"mean_Delta_L": [-14.9],
		"mean_Delta_Chroma": [0.794],
		"mean_Delta_Hue_Distance": [0],
		"mean_Delta_Hue_Degrees": [0],
		"mean_Delta_C_sat_corr": ["_NaN_"],
		"mean_Delta_C94_sat_corr": ["_NaN_"],
		"mean_Delta_C2000_sat_corr": ["_NaN_"],
		"max_Delta_E": [40.8],
		"max_Delta_C": [2.08],
		"max_Delta_E94": [40.8],
		"max_Delta_C94": [2.08],
		"max_Delta_E2000": [29.7],
		"max_Delta_C2000": [2.26],
		"max_Delta_L": [-3.85],
		"max_Delta_Chroma": [2.08],
		"max_Delta_Hue_Distance": [0],
		"max_Delta_Hue_Degrees": [0],
		"max_Delta_C_sat_corr": ["_NaN_"],
		"max_Delta_C94_sat_corr": ["_NaN_"],
		"max_Delta_C2000_sat_corr": ["_NaN_"],
		"mean_RegionSize": [10108.8],
		"Sequence_dark_to_light": [5,4,3,2,1],
		"Patch_number": [5,4,3,2,1],
		"R_noise": [0.04278,0.03837,0.02911,0.02637,0.02422],
		"G_noise": [0.02856,0.02123,0.01707,0.0164,0.01537],
		"B_noise": [0.03677,0.02959,0.02245,0.02072,0.02042],
		"R_SNR_ratio": [1.557,4.036,9.227,15.04,21.34],
		"G_SNR_ratio": [2.374,7.333,15.76,24.21,33.41],
		"B_SNR_ratio": [1.788,5.227,12.15,19.39,25.83],
		"R_SNR_dB": [3.848,12.12,19.3,23.54,26.58],
		"G_SNR_dB": [7.511,17.31,23.95,27.68,30.48],
		"B_SNR_dB": [5.048,14.37,21.69,25.75,28.24],
		"Gb_noise": [0.02321,0.01794,0.0144,0.01358,0.01277],
		"Gb_SNR_ratio": [2.905,8.666,18.69,29.25,40.35],
		"Gb_SNR_dB": [9.263,18.76,25.43,29.32,32.12],
		"Y_f_stop_SNR_ratio": [5.707,5.594,5.182,3.472,2.341],
		"Y_f_stop_SNR_dB": [15.13,14.95,14.29,10.81,7.39],
		"quality_levels_for_DR": [
				"Low,",
				"Medium,",
				"M-H,",
				"High,"
		],
		"SigNoise_levels_for_DR": [1,0.5,0.25,0.1],
		"Dynamic_Range_f_stops": [0,0,4.211,0],
		"Dynamic_Range_dB": [0,0,25.35,0],
		"noise_ISO15739_pct": [0.177,0.1915,0.3778,0.8622,1.114],
		"snr_ISO15739": [3.214,10.9,15.59,15.18,20.5],
		"noise_pct_ISO15739_at_13pct_Lref": [1.023],
		"snr_ISO15739_at_13pct_Lref": [18.58],
		"snr_dB_ISO15739_at_13pct_Lref": [25.38],
		"DynamicRange_at_density_2": [2958],
		"DynamicRange_total": [0],
		"DynamicRange_from_slope_OD": [1.95],
		"DynamicRange_from_slope_EV": [6.474],
		"DynamicRange_from_slope_dB": [39],
		"SNR_BW_dB_RGBY": [22.7,26.83,24.79,28.46],
		"L_noise": [2.324,2.124,1.594,1.411,1.266],
		"a_noise": [6.253,5.859,4.249,3.751,3.313],
		"b_noise": [5.993,5.636,4.027,3.532,3.307],
		"Total_Lab_noise_unwtd": [8.968,8.403,6.067,5.342,4.849],
		"Total_ab_noise_unwtd": [8.662,8.13,5.854,5.152,4.68],
		"R_minus_Y_KK_noise": [0.03767,0.03267,0.02476,0.0228,0.0208],
		"B_minus_Y_KK_noise": [0.04084,0.03192,0.02443,0.02287,0.02242],
		"Y_Kelly_Keelan_noise": [0.02321,0.01794,0.0144,0.01358,0.01277],
		"Total_KK_noise": [0.03288,0.02663,0.02076,0.01938,0.01811],
		"Chroma_KK_noise": [0.0233,0.01969,0.01495,0.01382,0.01284],
		"Total_old_iso_noise": [0.0414,0.03418,0.02637,0.02451,0.02281],
		"Y_noise_from_YUV": [0.02321,0.01793,0.0144,0.01358,0.01277],
		"U_noise_from_YUV": [0.01919,0.015,0.01148,0.01074,0.01054],