{
	"jsonResults": {
		"dateRun": "13-May-2025 10:00:00",
		"ini_time_size": "13-May-2025 09:57:01 17295B  MD5 = ab828ad1ac76d4699be0872ede259dd9",
		"version": "Imatest 24.2.6 Master Color/Tone Auto",
		"build": "2025-03-20",
		"image_file": "cup_18.0 mm_25600ISO_0EV_Dist2_ON_Defocus2.tiff",
		"ColorSpace": "sRGB",
		"Reference": "Default values",
		"Ref_folder": "/usr/local/Imatest/v24.2/Master/",
		"Gamma": [0.3601],
		"patches_for_gamma_start_end": [1,5],
		"exposure_error_normalized_y_channel": [-0.0459],
		"mean_camera_Saturation_Pct": ["_NaN_"],
		"mean_chroma_level_CPIQ_Pct": ["_NaN_"],
		"CPIQ_chroma_quality_loss_JND": ["_NaN_"],
		"CPIQ_exposure_quality_loss_JND": ["_NaN_"],
		"pixel_offset": [0],
		"mean_patch_size_pxls": [96,103],
		"roi_settings": "Recent ROI settings are in roi, nwid_save, nht_save, fillf, and distort (same names as ini file)",
		"roi": [3053,1801,3657,1925,3053,1927,3657,1793],
		"nwid_save": [6024],
		"nht_save": [4020],
		"fillf": [0.8],
		"distort": [0],
		"grayscale_zone": [1,2,3,4,5],
		"grayscale_minus_log_exposure": [2,1.513,1.025,0.5375,0.05],
		"grayscale_Y_reflectivity": [0.01,0.03073,0.09441,0.2901,0.8913],
		"grayscale_Y_Printer_pixel_gamma22": [33.13,55.18,91.91,153.1,255],
		"grayscale_Y_density": [0.1634,0.2747,0.4503,0.7069,0.9542],
		"grayscale_R_density": [0.1668,0.2845,0.4897,0.6977,0.8546],
		"grayscale_G_density": [0.1651,0.2735,0.4404,0.7105,0.998],
		"grayscale_B_density": [0.1379,0.2584,0.4385,0.6988,0.8772],
		"grayscale_Y_mean": [175,135.5,90.42,50.08,28.34],
		"grayscale_R_mean": [173.7,132.4,82.57,51.15,35.64],
		"grayscale_G_mean": [174.4,135.8,92.51,49.66,25.62],
		"grayscale_B_mean": [185.6,140.6,92.9,51.02,33.83],
		"White_Bal_error_Degrees": [753.4,586.5,918.3,12.58,-258.2],
		"White_Bal_error_Mired": [-15.98,-12.73,-19.04,-0.2972,6.365],
		"White_Bal_error_S_HSV": [0.06444,0.05841,0.1112,0.02904,0.2812],
		"White_Bal_error_Delta_C_ab": [6.151,3.025,4.073,1.158,7.789],
		"White_Bal_error_Delta_C_94": [6.151,3.025,4.073,1.158,7.789],
		"White_Bal_error_Delta_C_00": [5.687,2.846,5.176,1.532,8.751],
		"n_Patch": [1,2,3,4,5],
		"n_Row": [1,1,1,1,1],
		"n_Column": [1,2,3,4,5],
		"width_pixels": [97,98,97,97,97],
		"height_pixels": [105,105,105,105,105],
		"Pixels_total": [10185,10290,10185,10185,10185],
		"R_reference": [242.4,146.6,86.6,49.01,25.46],
		"G_reference": [242.4,146.6,86.6,49.01,25.46],
		"B_reference": [242.4,146.6,86.6,49.01,25.46],
		"R_input": [173.7,132.4,82.57,51.15,35.64],
		"G_input": [174.4,135.8,92.51,49.66,25.62],
		"B_input": [185.6,140.6,92.9,51.02,33.83],
		"L_reference": [95.63,60.79,36.82,20.33,8.991],
		"a_reference": [0,0,0,0,0],
		"b_reference": [0,0,0,0,0],
		"L_input": [71.49,56.5,38.46,20.83,10.59],
		"a_input": [1.941,-0.2787,-3.766,0.9691,6.822],
		"b_input": [-5.836,-3.012,-1.551,-0.6347,-3.757],
		"x_reference": [0.3127,0.3127,0.3127,0.3127,0.3127],
		"y_reference": [0.329,0.329,0.329,0.329,0.329],
		"Y_reference": [0.8913,0.2901,0.09441,0.03073,0.01],
		"x_input": [0.303,0.3041,0.297,0.3133,0.3221],
		"y_input": [0.3139,0.3208,0.328,0.3237,0.2849],
		"Y_input": [0.429,0.2442,0.1035,0.03199,0.01205],
		"LUV_comment": "L2 is used to differentiate between the L in LAB and L in LUV.",
		"L2_reference": [805.1,262,85.28,27.75,9.033],
		"U_reference": [0.1978,0.1978,0.1978,0.1978,0.1978],
		"V_reference": [0.4683,0.4683,0.4683,0.4683,0.4683],
		"L2_input": [387.5,220.6,93.49,28.9,10.88],
		"U_input": [0.1967,0.1949,0.1873,0.2003,0.2231],
		"V_input": [0.4586,0.4626,0.4654,0.4655,0.4441],
		"patch_numbers_for_all_Delta_E_C": [1,2,3,4,5],
		"Delta_E_all": [24.9,5.24,4.39,1.26,7.95],
		"Delta_C_all": [6.15,3.02,4.07,1.16,7.79],
		"Delta_E94_all": [24.9,5.24,4.39,1.26,7.95],
		"Delta_C94_all": [6.15,3.02,4.07,1.16,7.79],
		"Delta_E2000_all": [17.1,4.78,5.36,1.57,8.81],
		"Delta_C2000_all": [5.69,2.85,5.18,1.53,8.75],
		"Delta_L_all": [-24.1,-4.28,1.64,0.494,1.6],
		"Delta_Chroma_all": [6.15,3.02,4.07,1.16,7.79],
		"Delta_Hue_Distance_all": [0,0,0,0,0],
		"Delta_Hue_Degrees_all": [0,0,0,0,0],
		"sat_corr_comment": "sat_corr explained on https://www.imatest.com/docs/colorcheck/#satcorr - not recommended.",
		"Delta_C_all_sat_corr": ["_NaN_","_NaN_","_NaN_","_NaN_","_NaN_"],
		"Delta_C94_all_sat_corr": ["_NaN_","_NaN_","_NaN_","_NaN_","_NaN_"],
		"Delta_C2000_all_sat_corr": ["_NaN_","_NaN_","_NaN_","_NaN_","_NaN_"],
		"grayscale_patch_numbers": [1,2,3,4,5],
		"Delta_E": [24.9,5.24,4.39,1.26,7.95],
		"Delta_C": [6.15,3.02,4.07,1.16,7.79],
		"Delta_E94": [24.9,5.24,4.39,1.26,7.95],
		"Delta_C94": [6.15,3.02,4.07,1.16,7.79],
		"Delta_E2000": [17.1,4.78,5.36,1.57,8.81],
		"Delta_C2000": [5.69,2.85,5.18,1.53,8.75],
		"Delta_L": [-24.1,-4.28,1.64,0.494,1.6],
		"Delta_Chroma": [6.15,3.02,4.07,1.16,7.79],
		"Delta_Hue_Distance": [0,0,0,0,0],
		"Delta_Hue_Degrees": [0,0,0,0,0],
		"mean_Delta_E": [8.75],
		"mean_Delta_C": [4.44],
		"mean_Delta_E94": [8.75],
		"mean_Delta_C94": [4.44],
		"mean_Delta_E2000": [7.52],
		"mean_Delta_C2000": [4.8],
		"mean_Delta_L": [-4.94],
		"mean_Delta_Chroma": [4.44],
		"mean_Delta_Hue_Distance": [0],
		"mean_Delta_Hue_Degrees": [0],
		"mean_Delta_C_sat_corr": ["_NaN_"],
		"mean_Delta_C94_sat_corr": ["_NaN_"],
		"mean_Delta_C2000_sat_corr": ["_NaN_"],
		"max_Delta_E": [24.9],
		"max_Delta_C": [7.79],
		"max_Delta_E94": [24.9],
		"max_Delta_C94": [7.79],
		"max_Delta_E2000": [17.1],
		"max_Delta_C2000": [8.75],
		"max_Delta_L": [1.64],
		"max_Delta_Chroma": [7.79],
		"max_Delta_Hue_Distance": [0],
		"max_Delta_Hue_Degrees": [0],
		"max_Delta_C_sat_corr": ["_NaN_"],
		"max_Delta_C94_sat_corr": ["_NaN_"],
		"max_Delta_C2000_sat_corr": ["_NaN_"],
		"mean_RegionSize": [10108.8],
		"Sequence_dark_to_light": [5,4,3,2,1],
		"Patch_number": [5,4,3,2,1],
		"R_noise": [0.1184,0.1389,0.1354,0.09467,0.07854],
		"G_noise": [0.09504,0.1056,0.07874,0.06142,0.05468],
		"B_noise": [0.1058,0.122,0.09417,0.06728,0.05718],
		"R_SNR_ratio": [1.181,1.445,2.392,5.486,8.672],
		"G_SNR_ratio": [1.057,1.845,4.607,8.674,12.5],
		"B_SNR_ratio": [1.254,1.64,3.869,8.198,12.73],
		"R_SNR_dB": [1.443,3.195,7.575,14.78,18.76],
		"G_SNR_dB": [0.4809,5.32,13.27,18.76,21.94],
		"B_SNR_dB": [1.963,4.297,11.75,18.27,22.1],
		"Gb_noise": [0.07732,0.08552,0.06714,0.05142,0.04525],
		"Gb_SNR_ratio": [1.437,2.296,5.281,10.33,15.17],
		"Gb_SNR_dB": [3.151,7.221,14.45,20.28,23.62],
		"Y_f_stop_SNR_ratio": [2.116,1.992,1.54,0.8789,0.6808],
		"Y_f_stop_SNR_dB": [6.512,5.985,3.749,-1.121,-3.339],
		"quality_levels_for_DR": [
				"Low,",
				"Medium,",
				"M-H,",
				"High,"
		],
		"SigNoise_levels_for_DR": [1,0.5,0.25,0.1],
		"Dynamic_Range_f_stops": [4.402,0,0,0],
		"Dynamic_Range_dB": [26.5,0,0,0],
		"noise_ISO15739_pct": [0.7907,1.17,2.014,3.61,4.427],
		"snr_ISO15739": [1.524,2.735,5.139,6.765,9.69],
		"noise_pct_ISO15739_at_13pct_Lref": [3.838],
		"snr_ISO15739_at_13pct_Lref": [7.583],
		"snr_dB_ISO15739_at_13pct_Lref": [17.6],
		"DynamicRange_at_density_2": [447.7],
		"DynamicRange_total": [0],
		"DynamicRange_from_slope_OD": [1.95],
		"DynamicRange_from_slope_EV": [6.474],
		"DynamicRange_from_slope_dB": [39],
		"SNR_BW_dB_RGBY": [14.28,18.04,17.25,19.58],
		"L_noise": [8.546,8.974,6.627,4.989,4.225],
		"a_noise": [17.98,20.12,16.31,12.01,10.04],
		"b_noise": [18.17,20.83,15.37,10.93,8.742],
		"Total_Lab_noise_unwtd": [26.96,30.32,23.37,16.99,13.97],
		"Total_ab_noise_unwtd": [25.57,28.96,22.41,16.24,13.32],
		"R_minus_Y_KK_noise": [0.1073,0.1244,0.1143,0.08115,0.06883],
		"B_minus_Y_KK_noise": [0.1138,0.1357,0.1026,0.07519,0.06268],
		"Y_Kelly_Keelan_noise": [0.07732,0.08552,0.06714,0.05142,0.04525],
		"Total_KK_noise": [0.1017,0.1151,0.09528,0.07056,0.06095],
		"Chroma_KK_noise": [0.06599,0.07707,0.0676,0.04832,0.04083],
		"Total_old_iso_noise": [0.1242,0.142,0.1206,0.08811,0.07555],
		"Y_noise_from_YUV": [0.07731,0.08551,0.06714,0.05142,0.04525],
		"U_noise_from_YUV": [0.05348,0.06374,0.04822,0.03533,0.02945],
		"V_noise_from_YUV": [0.08382,0.09718,0.08924,0.06337,0.05375],