{
	"jsonResults": {
		"dateRun": "13-May-2025 10:00:00",
		"ini_time_size": "13-May-2025 09:57:01 17295B  MD5 = ab828ad1ac76d4699be0872ede259dd9",
		"version": "Imatest 24.2.6 Master Color/Tone Auto",
		"build": "2025-03-20",
		"image_file": "cup_18.0 mm_1600ISO_-1EV_Dist2_OFF_Focused.tiff",
		"ColorSpace": "sRGB",
		"Reference": "Default values",
		"Ref_folder": "/usr/local/Imatest/v24.2/Master/",
		"Gamma": [0.3463],
		"patches_for_gamma_start_end": [1,5],
		"exposure_error_normalized_y_channel": [-0.161],
		"mean_camera_Saturation_Pct": ["_NaN_"],
		"mean_chroma_level_CPIQ_Pct": ["_NaN_"],
		"CPIQ_chroma_quality_loss_JND": ["_NaN_"],
		"CPIQ_exposure_quality_loss_JND": ["_NaN_"],
		"pixel_offset": [0],
		"mean_patch_size_pxls": [96,103],
		"roi_settings": "Recent ROI settings are in roi, nwid_save, nht_save, fillf, and distort (same names as ini file)",
		"roi": [3053,1801,3657,1925,3053,1927,3657,1793],
		"nwid_save": [6024],
		"nht_save": [4020],
		"fillf": [0.8],
		"distort": [0],
		"grayscale_zone": [1,2,3,4,5],
		"grayscale_minus_log_exposure": [2,1.513,1.025,0.5375,0.05],
		"grayscale_Y_reflectivity": [0.01,0.03073,0.09441,0.2901,0.8913],
		"grayscale_Y_Printer_pixel_gamma22": [33.13,55.18,91.91,153.1,255],
		"grayscale_Y_density": [0.2896,0.4034,0.5722,0.8108,1.179],
		"grayscale_R_density": [0.2881,0.4038,0.5745,0.8175,1.17],
		"grayscale_G_density": [0.2911,0.4038,0.5724,0.8094,1.183],
		"grayscale_B_density": [0.2796,0.3983,0.5643,0.8055,1.166],
		"grayscale_Y_mean": [130.9,100.7,68.28,39.42,16.88],
		"grayscale_R_mean": [131.3,100.6,67.93,38.82,17.23],
		"grayscale_G_mean": [130.4,100.6,68.26,39.55,16.73],
		"grayscale_B_mean": [133.9,101.9,69.53,39.91,17.38],
		"White_Bal_error_Degrees": [207.7,122.1,206.8,200.3,76.68],
		"White_Bal_error_Mired": [-4.764,-2.837,-4.743,-4.6,-1.794],
		"White_Bal_error_S_HSV": [0.02612,0.01261,0.02303,0.02734,0.03757],
		"White_Bal_error_Delta_C_ab": [2.053,0.7766,0.8328,0.431,0.4306],
		"White_Bal_error_Delta_C_94": [2.053,0.7766,0.8328,0.431,0.4306],
		"White_Bal_error_Delta_C_00": [2.238,0.8164,0.833,0.5039,0.5521],
		"n_Patch": [1,2,3,4,5],
		"n_Row": [1,1,1,1,1],
		"n_Column": [1,2,3,4,5],
		"width_pixels": [97,98,97,97,97],
		"height_pixels": [105,105,105,105,105],
		"Pixels_total": [10185,10290,10185,10185,10185],
		"R_reference": [242.4,146.6,86.6,49.01,25.46],
		"G_reference": [242.4,146.6,86.6,49.01,25.46],
		"B_reference": [242.4,146.6,86.6,49.01,25.46],
		"R_input": [131.3,100.6,67.93,38.82,17.23],
		"G_input": [130.4,100.6,68.26,39.55,16.73],
		"B_input": [133.9,101.9,69.53,39.91,17.38],
		"L_reference": [95.63,60.79,36.82,20.33,8.991],
		"a_reference": [0,0,0,0,0],
		"b_reference": [0,0,0,0,0],
		"L_input": [54.72,42.67,28.98,15.84,5.018],
		"a_input": [1.034,0.266,0.1476,-0.2432,0.3189],
		"b_input": [-1.773,-0.7297,-0.8196,-0.3559,-0.2893],
		"x_reference": [0.3127,0.3127,0.3127,0.3127,0.3127],
		"y_reference": [0.329,0.329,0.329,0.329,0.329],
		"Y_reference": [0.8913,0.2901,0.09441,0.03073,0.01],
		"x_input": [0.31,0.311,0.3097,0.3094,0.3122],
		"y_input": [0.3229,0.3262,0.3251,0.3273,0.3237],
		"Y_input": [0.2266,0.1294,0.05829,0.02068,0.005555],
		"LUV_comment": "L2 is used to differentiate between the L in LAB and L in LUV.",
		"L2_reference": [805.1,262,85.28,27.75,9.033],
		"U_reference": [0.1978,0.1978,0.1978,0.1978,0.1978],
		"V_reference": [0.4683,0.4683,0.4683,0.4683,0.4683],
		"L2_input": [204.6,116.9,52.65,18.68,5.018],
		"U_input": [0.1983,0.1977,0.1972,0.1962,0.1995],
		"V_input": [0.4646,0.4665,0.4658,0.4669,0.4654],
		"patch_numbers_for_all_Delta_E_C": [1,2,3,4,5],
		"Delta_E_all": [41,18.1,7.89,4.51,4],
		"Delta_C_all": [2.05,0.777,0.833,0.431,0.431],
		"Delta_E94_all": [41,18.1,7.89,4.51,4],
		"Delta_C94_all": [2.05,0.777,0.833,0.431,0.431],
		"Delta_E2000_all": [29.9,18,6.34,3.09,2.48],
		"Delta_C2000_all": [2.24,0.816,0.833,0.504,0.552],
		"Delta_L_all": [-40.9,-18.1,-7.84,-4.49,-3.97],
		"Delta_Chroma_all": [2.05,0.777,0.833,0.431,0.431],
		"Delta_Hue_Distance_all": [0,0,0,0,0],
		"Delta_Hue_Degrees_all": [0,0,0,0,0],
		"sat_corr_comment": "sat_corr explained on https://www.imatest.com/docs/colorcheck/#satcorr - not recommended.",
		"Delta_C_all_sat_corr": ["_NaN_","_NaN_","_NaN_","_NaN_","_NaN_"],
		"Delta_C94_all_sat_corr": ["_NaN_","_NaN_","_NaN_","_NaN_","_NaN_"],
		"Delta_C2000_all_sat_corr": ["_NaN_","_NaN_","_NaN_","_NaN_","_NaN_"],
		"grayscale_patch_numbers": [1,2,3,4,5],
		"Delta_E": [41,18.1,7.89,4.51,4],
		"Delta_C": [2.05,0.777,0.833,0.431,0.431],
		"Delta_E94": [41,18.1,7.89,4.51,4],
		"Delta_C94": [2.05,0.777,0.833,0.431,0.431],
		"Delta_E2000": [29.9,18,6.34,3.09,2.48],
		"Delta_C2000": [2.24,0.816,0.833,0.504,0.552],
		"Delta_L": [-40.9,-18.1,-7.84,-4.49,-3.97],
		"Delta_Chroma": [2.05,0.777,0.833,0.431,0.431],
		"Delta_Hue_Distance": [0,0,0,0,0],
		"Delta_Hue_Degrees": [0,0,0,0,0],
		"mean_Delta_E": [15.1],
		"mean_Delta_C": [0.905],
		"mean_Delta_E94": [15.1],
		"mean_Delta_C94": [0.905],
		"mean_Delta_E2000": [12],
		"mean_Delta_C2000": [0.989],
		"mean_Delta_L": [-15.1],
		"mean_Delta_Chroma": [0.905],
		"mean_Delta_Hue_Distance": [0],
		"mean_Delta_Hue_Degrees": [0],
		"mean_Delta_C_sat_corr": ["_NaN_"],
		"mean_Delta_C94_sat_corr": ["_NaN_"],
		"mean_Delta_C2000_sat_corr": ["_NaN_"],
		"max_Delta_E": [41],
		"max_Delta_C": [2.05],
		"max_Delta_E94": [41],
		"max_Delta_C94": [2.05],
		"max_Delta_E2000": [29.9],
		"max_Delta_C2000": [2.24],
		"max_Delta_L": [-3.97],
		"max_Delta_Chroma": [2.05],
		"max_Delta_Hue_Distance": [0],
		"max_Delta_Hue_Degrees": [0],
		"max_Delta_C_sat_corr": ["_NaN_"],
		"max_Delta_C94_sat_corr": ["_NaN_"],
		"max_Delta_C2000_sat_corr": ["_NaN_"],
		"mean_RegionSize": [10108.8],
		"Sequence_dark_to_light": [5,4,3,2,1],
		"Patch_number": [5,4,3,2,1],
		"R_noise": [0.04252,0.03773,0.02978,0.02579,0.02363],
		"G_noise": [0.02926,0.0211,0.01778,0.0161,0.01541],
		"B_noise": [0.03625,0.02887,0.02337,0.02076,0.01917],
		"R_SNR_ratio": [1.59,4.035,8.946,15.3,21.8],
		"G_SNR_ratio": [2.242,7.35,15.05,24.52,33.2],
		"B_SNR_ratio": [1.88,5.42,11.67,19.25,27.4],
		"R_SNR_dB": [4.025,12.12,19.03,23.7,26.77],
		"G_SNR_dB": [7.012,17.33,23.55,27.79,30.42],
		"B_SNR_dB": [5.484,14.68,21.34,25.69,28.75],
		"Gb_noise": [0.02382,0.01797,0.01485,0.01329,0.01292],
		"Gb_SNR_ratio": [2.779,8.604,18.04,29.72,39.72],
		"Gb_SNR_dB": [8.878,18.69,25.12,29.46,31.98],
		"Y_f_stop_SNR_ratio": [5.65,5.701,5,3.464,2.291],
		"Y_f_stop_SNR_dB": [15.04,15.12,13.98,10.79,7.199],
		"quality_levels_for_DR": [
				"Low,",
				"Medium,",
				"M-H,",
				"High,"
		],
		"SigNoise_levels_for_DR": [1,0.5,0.25,0.1],
		"Dynamic_Range_f_stops": [0,0,4.152,0],
		"Dynamic_Range_dB": [0,0,24.99,0],
		"noise_ISO15739_pct": [0.1807,0.191,0.389,0.8423,1.123],
		"snr_ISO15739": [3.074,10.82,14.99,15.36,20.17],
		"noise_pct_ISO15739_at_13pct_Lref": [1.023],
		"snr_ISO15739_at_13pct_Lref": [18.45],
		"snr_dB_ISO15739_at_13pct_Lref": [25.32],
		"DynamicRange_at_density_2": [2910],
		"DynamicRange_total": [0],
		"DynamicRange_from_slope_OD": [1.95],
		"DynamicRange_from_slope_EV": [6.474],
		"DynamicRange_from_slope_dB": [39],
		"SNR_BW_dB_RGBY": [22.87,26.96,24.75,28.62],
		"L_noise": [2.346,2.121,1.643,1.382,1.283],
		"a_noise": [6.17,5.675,4.424,3.724,3.21],
		"b_noise": [5.982,5.59,4.269,3.536,3.101],
		"Total_Lab_noise_unwtd": [8.908,8.243,6.364,5.318,4.644],
		"Total_ab_noise_unwtd": [8.594,7.966,6.148,5.135,4.463],
		"R_minus_Y_KK_noise": [0.03734,0.03175,0.02544,0.0223,0.02006],
		"B_minus_Y_KK_noise": [0.04076,0.03162,0.02591,0.02289,0.02103],
		"Y_Kelly_Keelan_noise": [0.02382,0.01797,0.01485,0.01329,0.01292],
		"Total_KK_noise": [0.03321,0.02631,0.02145,0.01901,0.01784],
		"Chroma_KK_noise": [0.02313,0.01921,0.01548,0.01359,0.0123],
		"Total_old_iso_noise": [0.04154,0.03358,0.02724,0.02406,0.02226],
		"Y_noise_from_YUV": [0.02382,0.01796,0.01485,0.01329,0.01292],
		"U_noise_from_YUV": [0.01915,0.01486,0.01218,0.01076,0.009883],