{
	"jsonResults": {
		"dateRun": "07-May-2025 14:02:49",
		"ini_time_size": "07-May-2025 14:01:48 9257B  MD5 = 7dbd01987cca7062dbc69c97eb098e33",
		"version": "Imatest 24.2.6 Master Color/Tone Auto",
		"build": "2025-03-20",
		"image_file": "cup_18.0 mm_1600ISO_+1EV_Dist2_OFF_Defocus2.tiff",
		"ColorSpace": "sRGB",
		"Reference": "Default values",
		"Ref_folder": "/usr/local/Imatest/v24.2/Master/",
		"Gamma": [0.324],
		"patches_for_gamma_start_end": [1,5],
		"exposure_error_normalized_y_channel": [0.105],
		"mean_camera_Saturation_Pct": ["_NaN_"],
		"mean_chroma_level_CPIQ_Pct": ["_NaN_"],
		"CPIQ_chroma_quality_loss_JND": ["_NaN_"],
		"CPIQ_exposure_quality_loss_JND": ["_NaN_"],
		"pixel_offset": [0],
		"mean_patch_size_pxls": [98,108],
		"roi_settings": "Recent ROI settings are in roi, nwid_save, nht_save, fillf, and distort (same names as ini file)",
		"roi": [3039,1790,3653,1926,3039,1926,3653,1790],
		"nwid_save": [6024],
		"nht_save": [4020],
		"fillf": [0.8],
		"distort": [0],
		"grayscale_zone": [1,2,3,4,5],
		"grayscale_minus_log_exposure": [2,1.513,1.025,0.5375,0.05],
		"grayscale_Y_reflectivity": [0.01,0.03073,0.09441,0.2901,0.8913],
		"grayscale_Y_Printer_pixel_gamma22": [33.13,55.18,91.91,153.1,255],
		"grayscale_Y_density": [0.07207,0.1793,0.3373,0.5483,0.8392],
		"grayscale_R_density": [0.07451,0.1829,0.3422,0.5476,0.843],
		"grayscale_G_density": [0.07224,0.1785,0.3363,0.5488,0.8383],
		"grayscale_B_density": [0.06339,0.1774,0.3329,0.5462,0.8373],
		"grayscale_Y_mean": [216,168.7,117.3,72.14,36.93],
		"grayscale_R_mean": [214.8,167.4,116,72.27,36.6],
		"grayscale_G_mean": [215.9,169.1,117.6,72.07,37.01],
		"grayscale_B_mean": [220.4,169.5,118.5,72.5,37.09],
		"White_Bal_error_Degrees": [258.8,111.9,187.1,33.45,92.74],
		"White_Bal_error_Mired": [-5.891,-2.604,-4.304,-0.7877,-2.164],
		"White_Bal_error_S_HSV": [0.02527,0.0125,0.02101,0.005918,0.01318],
		"White_Bal_error_Delta_C_ab": [2.366,0.6799,0.8255,0.2934,0.2057],
		"White_Bal_error_Delta_C_94": [2.366,0.6799,0.8255,0.2934,0.2057],
		"White_Bal_error_Delta_C_00": [2.291,0.8773,0.9273,0.3526,0.2732],
		"n_Patch": [1,2,3,4,5],
		"n_Row": [1,1,1,1,1],
		"n_Column": [1,2,3,4,5],
		"width_pixels": [100,99,99,99,100],
		"height_pixels": [110,110,110,110,110],
		"Pixels_total": [11000,10890,10890,10890,11000],
		"R_reference": [242.4,146.6,86.6,49.01,25.46],
		"G_reference": [242.4,146.6,86.6,49.01,25.46],
		"B_reference": [242.4,146.6,86.6,49.01,25.46],
		"R_input": [214.8,167.4,116,72.27,36.6],
		"G_input": [215.9,169.1,117.6,72.07,37.01],
		"B_input": [220.4,169.5,118.5,72.5,37.09],
		"L_reference": [95.63,60.79,36.82,20.33,8.991],
		"a_reference": [0,0,0,0,0],
		"b_reference": [0,0,0,0,0],
		"L_input": [86.34,69.14,49.36,30.66,14.64],
		"a_input": [0.4328,-0.5206,-0.4152,0.1794,-0.1631],
		"b_input": [-2.326,-0.4374,-0.7135,-0.2321,-0.1254],
		"x_reference": [0.3127,0.3127,0.3127,0.3127,0.3127],
		"y_reference": [0.329,0.329,0.329,0.329,0.329],
		"Y_reference": [0.8913,0.2901,0.09441,0.03073,0.01],
		"x_input": [0.3089,0.3108,0.3097,0.3123,0.3111],
		"y_input": [0.3241,0.3284,0.3272,0.3277,0.3286],
		"Y_input": [0.6868,0.3954,0.1789,0.06506,0.01844],
		"LUV_comment": "L2 is used to differentiate between the L in LAB and L in LUV.",
		"L2_reference": [805.1,262,85.28,27.75,9.033],
		"U_reference": [0.1978,0.1978,0.1978,0.1978,0.1978],
		"V_reference": [0.4683,0.4683,0.4683,0.4683,0.4683],
		"L2_input": [620.4,357.2,161.6,58.77,16.65],
		"U_input": [0.1971,0.1967,0.1964,0.1981,0.1969],
		"V_input": [0.4651,0.4677,0.4669,0.4676,0.4679],
		"patch_numbers_for_all_Delta_E_C": [1,2,3,4,5],
		"Delta_E_all": [9.59,8.38,12.6,10.3,5.66],
		"Delta_C_all": [2.37,0.68,0.826,0.293,0.206],
		"Delta_E94_all": [9.59,8.38,12.6,10.3,5.66],
		"Delta_C94_all": [2.37,0.68,0.826,0.293,0.206],
		"Delta_E2000_all": [6.2,6.93,11.6,7.59,3.61],
		"Delta_C2000_all": [2.29,0.877,0.927,0.353,0.273],
		"Delta_L_all": [-9.29,8.35,12.5,10.3,5.65],
		"Delta_Chroma_all": [2.37,0.68,0.826,0.293,0.206],
		"Delta_Hue_Distance_all": [0,0,0,0,0],
		"Delta_Hue_Degrees_all": [0,0,0,0,0],
		"sat_corr_comment": "sat_corr explained on https://www.imatest.com/docs/colorcheck/#satcorr - not recommended.",
		"Delta_C_all_sat_corr": ["_NaN_","_NaN_","_NaN_","_NaN_","_NaN_"],
		"Delta_C94_all_sat_corr": ["_NaN_","_NaN_","_NaN_","_NaN_","_NaN_"],
		"Delta_C2000_all_sat_corr": ["_NaN_","_NaN_","_NaN_","_NaN_","_NaN_"],
		"grayscale_patch_numbers": [1,2,3,4,5],
		"Delta_E": [9.59,8.38,12.6,10.3,5.66],
		"Delta_C": [2.37,0.68,0.826,0.293,0.206],
		"Delta_E94": [9.59,8.38,12.6,10.3,5.66],
		"Delta_C94": [2.37,0.68,0.826,0.293,0.206],
		"Delta_E2000": [6.2,6.93,11.6,7.59,3.61],
		"Delta_C2000": [2.29,0.877,0.927,0.353,0.273],
		"Delta_L": [-9.29,8.35,12.5,10.3,5.65],
		"Delta_Chroma": [2.37,0.68,0.826,0.293,0.206],
		"Delta_Hue_Distance": [0,0,0,0,0],
		"Delta_Hue_Degrees": [0,0,0,0,0],
		"mean_Delta_E": [9.3],
		"mean_Delta_C": [0.874],
		"mean_Delta_E94": [9.3],
		"mean_Delta_C94": [0.874],
		"mean_Delta_E2000": [7.18],
		"mean_Delta_C2000": [0.944],
		"mean_Delta_L": [5.52],
		"mean_Delta_Chroma": [0.874],
		"mean_Delta_Hue_Distance": [0],
		"mean_Delta_Hue_Degrees": [0],
		"mean_Delta_C_sat_corr": ["_NaN_"],
		"mean_Delta_C94_sat_corr": ["_NaN_"],
		"mean_Delta_C2000_sat_corr": ["_NaN_"],
		"max_Delta_E": [12.6],
		"max_Delta_C": [2.37],
		"max_Delta_E94": [12.6],
		"max_Delta_C94": [2.37],
		"max_Delta_E2000": [11.6],
		"max_Delta_C2000": [2.29],
		"max_Delta_L": [12.5],
		"max_Delta_Chroma": [2.37],
		"max_Delta_Hue_Distance": [0],
		"max_Delta_Hue_Degrees": [0],
		"max_Delta_C_sat_corr": ["_NaN_"],
		"max_Delta_C94_sat_corr": ["_NaN_"],
		"max_Delta_C2000_sat_corr": ["_NaN_"],
		"mean_RegionSize": [10834.6],
		"Sequence_dark_to_light": [5,4,3,2,1],
		"Patch_number": [5,4,3,2,1],
		"R_noise": [0.03371,0.02456,0.02214,0.02088,0.02504],
		"G_noise": [0.01904,0.01532,0.01361,0.01364,0.02165],
		"B_noise": [0.02582,0.01977,0.01747,0.01686,0.02112],
		"R_SNR_ratio": [4.258,11.54,20.54,31.43,33.64],
		"G_SNR_ratio": [7.621,18.44,33.87,48.61,39.1],
		"B_SNR_ratio": [5.633,14.38,26.6,39.42,40.92],
		"R_SNR_dB": [12.58,21.24,26.25,29.95,30.54],
		"G_SNR_dB": [17.64,25.32,30.6,33.73,31.84],
		"B_SNR_dB": [15.01,23.15,28.5,31.91,32.24],
		"Gb_noise": [0.0164,0.01296,0.01147,0.01169,0.02002],
		"Gb_SNR_ratio": [8.829,21.83,40.11,56.62,42.32],
		"Gb_SNR_dB": [18.92,26.78,32.07,35.06,32.53],
		"Y_f_stop_SNR_ratio": [5.718,10.23,10.2,7.508,5.199],
		"Y_f_stop_SNR_dB": [15.15,20.19,20.17,17.51,14.32],
		"quality_levels_for_DR": [
				"Low,",
				"Medium,",
				"M-H,",
				"High,"
		],
		"SigNoise_levels_for_DR": [1,0.5,0.25,0.1],
		"Dynamic_Range_f_stops": [0,0,0,3.328],
		"Dynamic_Range_dB": [0,0,0,20.04],
		"noise_ISO15739_pct": [0.1778,0.1966,0.4269,1.051,2.47],
		"snr_ISO15739": [10.37,33.1,41.9,37.62,27.8],
		"noise_pct_ISO15739_at_13pct_Lref": [1.005],
		"snr_ISO15739_at_13pct_Lref": [37.94],
		"snr_dB_ISO15739_at_13pct_Lref": [31.58],
		"DynamicRange_at_density_2": [1403],
		"DynamicRange_total": [0],
		"DynamicRange_from_slope_OD": [1.95],
		"DynamicRange_from_slope_EV": [6.474],
		"DynamicRange_from_slope_dB": [39],
		"SNR_BW_dB_RGBY": [28.63,32.33,30.49,33.67],
		"L_noise": [1.97,1.427,1.162,1.111,1.837],
		"a_noise": [5.164,3.613,3.004,2.615,2.395],
		"b_noise": [4.941,3.433,2.824,2.463,2.383],
		"Total_Lab_noise_unwtd": [7.414,5.184,4.284,3.76,3.846],
		"Total_ab_noise_unwtd": [7.147,4.984,4.123,3.592,3.379],
		"R_minus_Y_KK_noise": [0.02811,0.02088,0.01888,0.01752,0.01644],
		"B_minus_Y_KK_noise": [0.02757,0.02098,0.01876,0.01746,0.01766],
		"Y_Kelly_Keelan_noise": [0.0164,0.01296,0.01147,0.01169,0.02002],
		"Total_KK_noise": [0.02359,0.01812,0.01618,0.01578,0.02244],
		"Chroma_KK_noise": [0.01695,0.01267,0.01142,0.0106,0.01014],
		"Total_old_iso_noise": [0.02994,0.02275,0.02039,0.01954,0.02497],
		"Y_noise_from_YUV": [0.0164,0.01296,0.01147,0.01169,0.02001],
		"U_noise_from_YUV": [0.01295,0.009858,0.008814,0.008203,0.008299],