{
	"jsonResults": {
		"dateRun": "13-May-2025 10:00:00",
		"ini_time_size": "13-May-2025 09:57:01 17295B  MD5 = ab828ad1ac76d4699be0872ede259dd9",
		"version": "Imatest 24.2.6 Master Color/Tone Auto",
		"build": "2025-03-20",
		"image_file": "cup_18.0 mm_100ISO_-2EV_Dist2_OFF_Focused.tiff",
		"ColorSpace": "sRGB",
		"Reference": "Default values",
		"Ref_folder": "/usr/local/Imatest/v24.2/Master/",
		"Gamma": [0.3827],
		"patches_for_gamma_start_end": [1,5],
		"exposure_error_normalized_y_channel": [-0.245],
		"mean_camera_Saturation_Pct": ["_NaN_"],
		"mean_chroma_level_CPIQ_Pct": ["_NaN_"],
		"CPIQ_chroma_quality_loss_JND": ["_NaN_"],
		"CPIQ_exposure_quality_loss_JND": ["_NaN_"],
		"pixel_offset": [0],
		"mean_patch_size_pxls": [96,103],
		"roi_settings": "Recent ROI settings are in roi, nwid_save, nht_save, fillf, and distort (same names as ini file)",
		"roi": [3053,1801,3657,1925,3053,1927,3657,1793],
		"nwid_save": [6024],
		"nht_save": [4020],
		"fillf": [0.8],
		"distort": [0],
		"grayscale_zone": [1,2,3,4,5],
		"grayscale_minus_log_exposure": [2,1.513,1.025,0.5375,0.05],
		"grayscale_Y_reflectivity": [0.01,0.03073,0.09441,0.2901,0.8913],
		"grayscale_Y_Printer_pixel_gamma22": [33.13,55.18,91.91,153.1,255],
		"grayscale_Y_density": [0.507,0.6296,0.8162,1.095,1.577],
		"grayscale_R_density": [0.506,0.6302,0.8169,1.086,1.562],
		"grayscale_G_density": [0.5085,0.6299,0.8167,1.098,1.583],
		"grayscale_B_density": [0.4959,0.625,0.8094,1.089,1.566],
		"grayscale_Y_mean": [79.34,59.83,38.94,20.51,6.754],
		"grayscale_R_mean": [79.53,59.75,38.87,20.9,6.993],
		"grayscale_G_mean": [79.08,59.79,38.89,20.36,6.667],
		"grayscale_B_mean": [81.4,60.46,39.55,20.77,6.92],
		"White_Bal_error_Degrees": [228.3,104.6,138.7,-15.1,-18.04],
		"White_Bal_error_Mired": [-5.22,-2.437,-3.215,0.3582,0.4281],
		"White_Bal_error_S_HSV": [0.02849,0.01181,0.01709,0.02557,0.04662],
		"White_Bal_error_Delta_C_ab": [1.476,0.446,0.4646,0.3734,0.1376],
		"White_Bal_error_Delta_C_94": [1.476,0.446,0.4646,0.3734,0.1376],
		"White_Bal_error_Delta_C_00": [1.606,0.4661,0.4892,0.5174,0.1918],
		"n_Patch": [1,2,3,4,5],
		"n_Row": [1,1,1,1,1],
		"n_Column": [1,2,3,4,5],
		"width_pixels": [97,98,97,97,97],
		"height_pixels": [105,105,105,105,105],
		"Pixels_total": [10185,10290,10185,10185,10185],
		"R_reference": [242.4,146.6,86.6,49.01,25.46],
		"G_reference": [242.4,146.6,86.6,49.01,25.46],
		"B_reference": [242.4,146.6,86.6,49.01,25.46],
		"R_input": [79.53,59.75,38.87,20.9,6.993],
		"G_input": [79.08,59.79,38.89,20.36,6.667],
		"B_input": [81.4,60.46,39.55,20.77,6.92],
		"L_reference": [95.63,60.79,36.82,20.33,8.991],
		"a_reference": [0,0,0,0,0],
		"b_reference": [0,0,0,0,0],
		"L_input": [33.75,25.24,15.61,6.548,1.852],
		"a_input": [0.6924,0.1355,0.1518,0.3282,0.1206],
		"b_input": [-1.303,-0.4249,-0.4391,-0.1781,-0.06642],
		"x_reference": [0.3127,0.3127,0.3127,0.3127,0.3127],
		"y_reference": [0.329,0.329,0.329,0.329,0.329],
		"Y_reference": [0.8913,0.2901,0.09441,0.03073,0.01],
		"x_input": [0.3097,0.3112,0.3107,0.3135,0.3136],
		"y_input": [0.3227,0.3267,0.3258,0.326,0.3251],
		"Y_input": [0.07888,0.04494,0.02023,0.007249,0.00205],
		"LUV_comment": "L2 is used to differentiate between the L in LAB and L in LUV.",
		"L2_reference": [805.1,262,85.28,27.75,9.033],
		"U_reference": [0.1978,0.1978,0.1978,0.1978,0.1978],
		"V_reference": [0.4683,0.4683,0.4683,0.4683,0.4683],
		"L2_input": [71.25,40.6,18.27,6.548,1.852],
		"U_input": [0.1981,0.1977,0.1976,0.1995,0.2],
		"V_input": [0.4645,0.4669,0.4663,0.4668,0.4663],
		"patch_numbers_for_all_Delta_E_C": [1,2,3,4,5],
		"Delta_E_all": [61.9,35.5,21.2,13.8,7.14],
		"Delta_C_all": [1.48,0.446,0.465,0.373,0.138],
		"Delta_E94_all": [61.9,35.5,21.2,13.8,7.14],
		"Delta_C94_all": [1.48,0.446,0.465,0.373,0.138],
		"Delta_E2000_all": [51.1,32.7,15.7,8.94,4.29],
		"Delta_C2000_all": [1.61,0.466,0.489,0.517,0.192],
		"Delta_L_all": [-61.9,-35.5,-21.2,-13.8,-7.14],
		"Delta_Chroma_all": [1.48,0.446,0.465,0.373,0.138],
		"Delta_Hue_Distance_all": [0,0,0,0,0],
		"Delta_Hue_Degrees_all": [0,0,0,0,0],
		"sat_corr_comment": "sat_corr explained on https://www.imatest.com/docs/colorcheck/#satcorr - not recommended.",
		"Delta_C_all_sat_corr": ["_NaN_","_NaN_","_NaN_","_NaN_","_NaN_"],
		"Delta_C94_all_sat_corr": ["_NaN_","_NaN_","_NaN_","_NaN_","_NaN_"],
		"Delta_C2000_all_sat_corr": ["_NaN_","_NaN_","_NaN_","_NaN_","_NaN_"],
		"grayscale_patch_numbers": [1,2,3,4,5],
		"Delta_E": [61.9,35.5,21.2,13.8,7.14],
		"Delta_C": [1.48,0.446,0.465,0.373,0.138],
		"Delta_E94": [61.9,35.5,21.2,13.8,7.14],
		"Delta_C94": [1.48,0.446,0.465,0.373,0.138],
		"Delta_E2000": [51.1,32.7,15.7,8.94,4.29],
		"Delta_C2000": [1.61,0.466,0.489,0.517,0.192],
		"Delta_L": [-61.9,-35.5,-21.2,-13.8,-7.14],
		"Delta_Chroma": [1.48,0.446,0.465,0.373,0.138],
		"Delta_Hue_Distance": [0,0,0,0,0],
		"Delta_Hue_Degrees": [0,0,0,0,0],
		"mean_Delta_E": [27.9],
		"mean_Delta_C": [0.579],
		"mean_Delta_E94": [27.9],
		"mean_Delta_C94": [0.579],
		"mean_Delta_E2000": [22.5],
		"mean_Delta_C2000": [0.654],
		"mean_Delta_L": [-27.9],
		"mean_Delta_Chroma": [0.579],
		"mean_Delta_Hue_Distance": [0],
		"mean_Delta_Hue_Degrees": [0],
		"mean_Delta_C_sat_corr": ["_NaN_"],
		"mean_Delta_C94_sat_corr": ["_NaN_"],
		"mean_Delta_C2000_sat_corr": ["_NaN_"],
		"max_Delta_E": [61.9],
		"max_Delta_C": [1.48],
		"max_Delta_E94": [61.9],
		"max_Delta_C94": [1.48],
		"max_Delta_E2000": [51.1],
		"max_Delta_C2000": [1.61],
		"max_Delta_L": [-7.14],
		"max_Delta_Chroma": [1.48],
		"max_Delta_Hue_Distance": [0],
		"max_Delta_Hue_Degrees": [0],
		"max_Delta_C_sat_corr": ["_NaN_"],
		"max_Delta_C94_sat_corr": ["_NaN_"],
		"max_Delta_C2000_sat_corr": ["_NaN_"],
		"mean_RegionSize": [10108.8],
		"Sequence_dark_to_light": [5,4,3,2,1],
		"Patch_number": [5,4,3,2,1],
		"R_noise": [0.008477,0.007276,0.006137,0.005952,0.005757],
		"G_noise": [0.004918,0.004786,0.004109,0.004105,0.003979],
		"B_noise": [0.006616,0.006031,0.005356,0.005166,0.005023],
		"R_SNR_ratio": [3.235,11.26,24.84,39.37,54.18],
		"G_SNR_ratio": [5.316,16.69,37.12,57.12,77.94],
		"B_SNR_ratio": [4.102,13.51,28.96,45.9,63.55],
		"R_SNR_dB": [10.2,21.03,27.9,31.9,34.68],
		"G_SNR_dB": [14.51,24.45,31.39,35.14,37.84],
		"B_SNR_dB": [12.26,22.61,29.24,33.24,36.06],
		"Gb_noise": [0.004097,0.003983,0.003422,0.003417,0.003366],
		"Gb_SNR_ratio": [6.465,20.19,44.62,68.66,92.43],
		"Gb_SNR_dB": [16.21,26.1,32.99,36.73,39.32],
		"Y_f_stop_SNR_ratio": [14.03,14.31,13.91,9.782,8.128],
		"Y_f_stop_SNR_dB": [22.94,23.12,22.87,19.81,18.2],
		"quality_levels_for_DR": [
				"Low,",
				"Medium,",
				"M-H,",
				"High,"
		],
		"SigNoise_levels_for_DR": [1,0.5,0.25,0.1],
		"Dynamic_Range_f_stops": [0,0,0,4.74],
		"Dynamic_Range_dB": [0,0,0,28.53],
		"noise_ISO15739_pct": [0.05083,0.06881,0.1429,0.3409,0.4594],
		"snr_ISO15739": [4.033,10.54,14.16,13.18,17.17],
		"noise_pct_ISO15739_at_13pct_Lref": [0.4155],
		"snr_ISO15739_at_13pct_Lref": [15.7],
		"snr_dB_ISO15739_at_13pct_Lref": [23.92],
		"DynamicRange_at_density_2": [10006],
		"DynamicRange_total": [0],
		"DynamicRange_from_slope_OD": [1.95],
		"DynamicRange_from_slope_EV": [6.474],
		"DynamicRange_from_slope_dB": [39],
		"SNR_BW_dB_RGBY": [31.77,34.99,33,36.59],
		"L_noise": [0.2868,0.4607,0.4159,0.3889,0.3652],
		"a_noise": [0.8109,1.178,1.043,0.9528,0.8483],
		"b_noise": [0.7479,1.141,1.053,0.9497,0.8697],
		"Total_Lab_noise_unwtd": [1.14,1.703,1.539,1.4,1.269],
		"Total_ab_noise_unwtd": [1.103,1.64,1.482,1.345,1.215],
		"R_minus_Y_KK_noise": [0.00728,0.006232,0.00525,0.0051,0.004843],
		"B_minus_Y_KK_noise": [0.0072,0.006617,0.005835,0.005624,0.005396],
		"Y_Kelly_Keelan_noise": [0.004097,0.003983,0.003422,0.003417,0.003366],
		"Total_KK_noise": [0.006011,0.005527,0.004733,0.00466,0.004521],
		"Chroma_KK_noise": [0.004399,0.003833,0.003269,0.003169,0.003018],
		"Total_old_iso_noise": [0.007681,0.006908,0.005899,0.005778,0.005568],
		"Y_noise_from_YUV": [0.004097,0.003982,0.003422,0.003417,0.003366],