{
	"jsonResults": {
		"dateRun": "13-May-2025 10:00:00",
		"ini_time_size": "13-May-2025 09:57:01 17295B  MD5 = ab828ad1ac76d4699be0872ede259dd9",
		"version": "Imatest 24.2.6 Master Color/Tone Auto",
		"build": "2025-03-20",
		"image_file": "cup_18.0 mm_1600ISO_-2EV_Dist2_ON_Defocus2.tiff",
		"ColorSpace": "sRGB",
		"Reference": "Default values",
		"Ref_folder": "/usr/local/Imatest/v24.2/Master/",
		"Gamma": [0.3705],
		"patches_for_gamma_start_end": [1,5],
		"exposure_error_normalized_y_channel": [-0.224],
		"mean_camera_Saturation_Pct": ["_NaN_"],
		"mean_chroma_level_CPIQ_Pct": ["_NaN_"],
		"CPIQ_chroma_quality_loss_JND": ["_NaN_"],
		"CPIQ_exposure_quality_loss_JND": ["_NaN_"],
		"pixel_offset": [0],
		"mean_patch_size_pxls": [96,103],
		"roi_settings": "Recent ROI settings are in roi, nwid_save, nht_save, fillf, and distort (same names as ini file)",
		"roi": [3053,1801,3657,1925,3053,1927,3657,1793],
		"nwid_save": [6024],
		"nht_save": [4020],
		"fillf": [0.8],
		"distort": [0],
		"grayscale_zone": [1,2,3,4,5],
		"grayscale_minus_log_exposure": [2,1.513,1.025,0.5375,0.05],
		"grayscale_Y_reflectivity": [0.01,0.03073,0.09441,0.2901,0.8913],
		"grayscale_Y_Printer_pixel_gamma22": [33.13,55.18,91.91,153.1,255],
		"grayscale_Y_density": [0.4261,0.545,0.7256,1.001,1.403],
		"grayscale_R_density": [0.4228,0.5443,0.7263,1.018,1.315],
		"grayscale_G_density": [0.4284,0.546,0.7262,0.9975,1.437],
		"grayscale_B_density": [0.4132,0.5375,0.718,0.9899,1.366],
		"grayscale_Y_mean": [95.6,72.7,47.96,25.43,10.08],
		"grayscale_R_mean": [96.33,72.82,47.89,24.48,12.33],
		"grayscale_G_mean": [95.1,72.54,47.9,25.65,9.32],
		"grayscale_B_mean": [98.47,73.97,48.81,26.1,10.98],
		"White_Bal_error_Degrees": [235.3,149.7,162.7,400.4,-485.5],
		"White_Bal_error_Mired": [-5.374,-3.465,-3.756,-8.928,12.42],
		"White_Bal_error_S_HSV": [0.03424,0.01929,0.01893,0.06188,0.2444],
		"White_Bal_error_Delta_C_ab": [2.124,0.9232,0.6222,0.6743,1.119],
		"White_Bal_error_Delta_C_94": [2.124,0.9232,0.6222,0.6743,1.119],
		"White_Bal_error_Delta_C_00": [2.376,1.018,0.6546,0.8175,1.575],
		"n_Patch": [1,2,3,4,5],
		"n_Row": [1,1,1,1,1],
		"n_Column": [1,2,3,4,5],
		"width_pixels": [97,98,97,97,97],
		"height_pixels": [105,105,105,105,105],
		"Pixels_total": [10185,10290,10185,10185,10185],
		"R_reference": [242.4,146.6,86.6,49.01,25.46],
		"G_reference": [242.4,146.6,86.6,49.01,25.46],
		"B_reference": [242.4,146.6,86.6,49.01,25.46],
		"R_input": [96.33,72.82,47.89,24.48,12.33],
		"G_input": [95.1,72.54,47.9,25.65,9.32],
		"B_input": [98.47,73.97,48.81,26.1,10.98],
		"L_reference": [95.63,60.79,36.82,20.33,8.991],
		"a_reference": [0,0,0,0,0],
		"b_reference": [0,0,0,0,0],
		"L_input": [40.57,30.9,19.85,8.978,2.773],
		"a_input": [1.197,0.4313,0.2084,-0.4371,1.064],
		"b_input": [-1.754,-0.8162,-0.5863,-0.5135,-0.3478],
		"x_reference": [0.3127,0.3127,0.3127,0.3127,0.3127],
		"y_reference": [0.329,0.329,0.329,0.329,0.329],
		"Y_reference": [0.8913,0.2901,0.09441,0.03073,0.01],
		"x_input": [0.3098,0.3107,0.3104,0.3061,0.3231],
		"y_input": [0.3212,0.3248,0.3253,0.326,0.3122],
		"Y_input": [0.116,0.06608,0.02952,0.009984,0.00307],
		"LUV_comment": "L2 is used to differentiate between the L in LAB and L in LUV.",
		"L2_reference": [805.1,262,85.28,27.75,9.033],
		"U_reference": [0.1978,0.1978,0.1978,0.1978,0.1978],
		"V_reference": [0.4683,0.4683,0.4683,0.4683,0.4683],
		"L2_input": [104.8,59.69,26.66,9.019,2.773],
		"U_input": [0.1988,0.198,0.1976,0.1944,0.2119],
		"V_input": [0.4637,0.4658,0.466,0.4658,0.4606],
		"patch_numbers_for_all_Delta_E_C": [1,2,3,4,5],
		"Delta_E_all": [55.1,29.9,17,11.4,6.32],
		"Delta_C_all": [2.12,0.923,0.622,0.674,1.12],
		"Delta_E94_all": [55.1,29.9,17,11.4,6.32],
		"Delta_C94_all": [2.12,0.923,0.622,0.674,1.12],
		"Delta_E2000_all": [43.6,28.7,12.9,7.49,4.07],
		"Delta_C2000_all": [2.38,1.02,0.655,0.817,1.57],
		"Delta_L_all": [-55.1,-29.9,-17,-11.4,-6.22],
		"Delta_Chroma_all": [2.12,0.923,0.622,0.674,1.12],
		"Delta_Hue_Distance_all": [0,0,0,0,0],
		"Delta_Hue_Degrees_all": [0,0,0,0,0],
		"sat_corr_comment": "sat_corr explained on https://www.imatest.com/docs/colorcheck/#satcorr - not recommended.",
		"Delta_C_all_sat_corr": ["_NaN_","_NaN_","_NaN_","_NaN_","_NaN_"],
		"Delta_C94_all_sat_corr": ["_NaN_","_NaN_","_NaN_","_NaN_","_NaN_"],
		"Delta_C2000_all_sat_corr": ["_NaN_","_NaN_","_NaN_","_NaN_","_NaN_"],
		"grayscale_patch_numbers": [1,2,3,4,5],
		"Delta_E": [55.1,29.9,17,11.4,6.32],
		"Delta_C": [2.12,0.923,0.622,0.674,1.12],
		"Delta_E94": [55.1,29.9,17,11.4,6.32],
		"Delta_C94": [2.12,0.923,0.622,0.674,1.12],
		"Delta_E2000": [43.6,28.7,12.9,7.49,4.07],
		"Delta_C2000": [2.38,1.02,0.655,0.817,1.57],
		"Delta_L": [-55.1,-29.9,-17,-11.4,-6.22],
		"Delta_Chroma": [2.12,0.923,0.622,0.674,1.12],
		"Delta_Hue_Distance": [0,0,0,0,0],
		"Delta_Hue_Degrees": [0,0,0,0,0],
		"mean_Delta_E": [23.9],
		"mean_Delta_C": [1.09],
		"mean_Delta_E94": [23.9],
		"mean_Delta_C94": [1.09],
		"mean_Delta_E2000": [19.4],
		"mean_Delta_C2000": [1.29],
		"mean_Delta_L": [-23.9],
		"mean_Delta_Chroma": [1.09],
		"mean_Delta_Hue_Distance": [0],
		"mean_Delta_Hue_Degrees": [0],
		"mean_Delta_C_sat_corr": ["_NaN_"],
		"mean_Delta_C94_sat_corr": ["_NaN_"],
		"mean_Delta_C2000_sat_corr": ["_NaN_"],
		"max_Delta_E": [55.1],
		"max_Delta_C": [2.12],
		"max_Delta_E94": [55.1],
		"max_Delta_C94": [2.12],
		"max_Delta_E2000": [43.6],
		"max_Delta_C2000": [2.38],
		"max_Delta_L": [-6.22],
		"max_Delta_Chroma": [2.12],
		"max_Delta_Hue_Distance": [0],
		"max_Delta_Hue_Degrees": [0],
		"max_Delta_C_sat_corr": ["_NaN_"],
		"max_Delta_C94_sat_corr": ["_NaN_"],
		"max_Delta_C2000_sat_corr": ["_NaN_"],
		"mean_RegionSize": [10108.8],
		"Sequence_dark_to_light": [5,4,3,2,1],
		"Patch_number": [5,4,3,2,1],
		"R_noise": [0.03892,0.04496,0.0353,0.02848,0.02633],
		"G_noise": [0.02689,0.02602,0.02019,0.01745,0.01645],
		"B_noise": [0.03262,0.03522,0.02657,0.02246,0.0212],
		"R_SNR_ratio": [1.243,2.135,5.32,10.03,14.35],
		"G_SNR_ratio": [1.359,3.866,9.305,16.3,22.67],
		"B_SNR_ratio": [1.32,2.906,7.205,12.91,18.22],
		"R_SNR_dB": [1.889,6.59,14.52,20.02,23.13],
		"G_SNR_dB": [2.665,11.74,19.37,24.24,27.11],
		"B_SNR_dB": [2.413,9.265,17.15,22.22,25.21],
		"Gb_noise": [0.02171,0.02169,0.01682,0.01465,0.01351],
		"Gb_SNR_ratio": [1.821,4.599,11.18,19.46,27.76],
		"Gb_SNR_dB": [5.204,13.25,20.97,25.78,28.87],
		"Y_f_stop_SNR_ratio": [4.105,3.937,3.403,2.115,1.712],
		"Y_f_stop_SNR_dB": [12.27,11.9,10.64,6.506,4.67],
		"quality_levels_for_DR": [
				"Low,",
				"Medium,",
				"M-H,",
				"High,"
		],
		"SigNoise_levels_for_DR": [1,0.5,0.25,0.1],
		"Dynamic_Range_f_stops": [0,5.254,0,0],
		"Dynamic_Range_dB": [0,31.63,0,0],
		"noise_ISO15739_pct": [0.2289,0.3158,0.5804,1.208,1.536],
		"snr_ISO15739": [1.341,3.162,5.086,5.469,7.551],
		"noise_pct_ISO15739_at_13pct_Lref": [1.42],
		"snr_ISO15739_at_13pct_Lref": [6.817],
		"snr_dB_ISO15739_at_13pct_Lref": [16.67],
		"DynamicRange_at_density_2": [2277],
		"DynamicRange_total": [0],
		"DynamicRange_from_slope_OD": [1.95],
		"DynamicRange_from_slope_EV": [6.474],
		"DynamicRange_from_slope_dB": [39],
		"SNR_BW_dB_RGBY": [19.7,23.95,21.76,25.48],
		"L_noise": [1.812,2.523,1.95,1.606,1.415],
		"a_noise": [5.076,6.927,5.439,4.192,3.87],
		"b_noise": [4.577,6.57,5.065,3.98,3.567],
		"Total_Lab_noise_unwtd": [7.071,9.875,7.683,5.999,5.45],
		"Total_ab_noise_unwtd": [6.835,9.548,7.432,5.78,5.264],
		"R_minus_Y_KK_noise": [0.03485,0.03853,0.03033,0.02433,0.02306],
		"B_minus_Y_KK_noise": [0.03577,0.03889,0.02919,0.02437,0.02291],
		"Y_Kelly_Keelan_noise": [0.02171,0.02169,0.01682,0.01465,0.01351],
		"Total_KK_noise": [0.03038,0.0319,0.02479,0.02079,0.01942],
		"Chroma_KK_noise": [0.02125,0.02339,0.01821,0.01475,0.01395],
		"Total_old_iso_noise": [0.03813,0.04077,0.03174,0.02624,0.02463],
		"Y_noise_from_YUV": [0.02171,0.02168,0.01682,0.01465,0.0135],
		"U_noise_from_YUV": [0.01681,0.01827,0.01371,0.01145,0.01077],