{
	"jsonResults": {
		"dateRun": "13-May-2025 10:00:00",
		"ini_time_size": "13-May-2025 09:57:01 17295B  MD5 = ab828ad1ac76d4699be0872ede259dd9",
		"version": "Imatest 24.2.6 Master Color/Tone Auto",
		"build": "2025-03-20",
		"image_file": "cup_18.0 mm_25600ISO_0EV_Dist2_OFF_Defocus2.tiff",
		"ColorSpace": "sRGB",
		"Reference": "Default values",
		"Ref_folder": "/usr/local/Imatest/v24.2/Master/",
		"Gamma": [0.3634],
		"patches_for_gamma_start_end": [1,5],
		"exposure_error_normalized_y_channel": [-0.102],
		"mean_camera_Saturation_Pct": ["_NaN_"],
		"mean_chroma_level_CPIQ_Pct": ["_NaN_"],
		"CPIQ_chroma_quality_loss_JND": ["_NaN_"],
		"CPIQ_exposure_quality_loss_JND": ["_NaN_"],
		"pixel_offset": [0],
		"mean_patch_size_pxls": [96,103],
		"roi_settings": "Recent ROI settings are in roi, nwid_save, nht_save, fillf, and distort (same names as ini file)",
		"roi": [3053,1801,3657,1925,3053,1927,3657,1793],
		"nwid_save": [6024],
		"nht_save": [4020],
		"fillf": [0.8],
		"distort": [0],
		"grayscale_zone": [1,2,3,4,5],
		"grayscale_minus_log_exposure": [2,1.513,1.025,0.5375,0.05],
		"grayscale_Y_reflectivity": [0.01,0.03073,0.09441,0.2901,0.8913],
		"grayscale_Y_Printer_pixel_gamma22": [33.13,55.18,91.91,153.1,255],
		"grayscale_Y_density": [0.2125,0.3272,0.5044,0.763,1.019],
		"grayscale_R_density": [0.2106,0.3336,0.5243,0.7516,0.8811],
		"grayscale_G_density": [0.216,0.3277,0.501,0.7669,1.08],
		"grayscale_B_density": [0.1846,0.3046,0.4814,0.7582,0.9432],
		"grayscale_Y_mean": [156.3,120,79.83,44.01,24.39],
		"grayscale_R_mean": [157,118.3,76.26,45.18,33.53],
		"grayscale_G_mean": [155.1,119.9,80.46,43.62,21.21],
		"grayscale_B_mean": [166.7,126.5,84.17,44.5,29.06],
		"White_Bal_error_Degrees": [710.3,695.7,904.9,-87.49,-1238],
		"White_Bal_error_Mired": [-15.16,-14.87,-18.8,2.099,36.19],
		"White_Bal_error_S_HSV": [0.06975,0.06461,0.09404,0.03451,0.3675],
		"White_Bal_error_Delta_C_ab": [6.535,3.876,2.891,0.9623,8.52],
		"White_Bal_error_Delta_C_94": [6.535,3.876,2.891,0.9623,8.52],
		"White_Bal_error_Delta_C_00": [6.3,3.642,2.845,1.355,9.64],
		"n_Patch": [1,2,3,4,5],
		"n_Row": [1,1,1,1,1],
		"n_Column": [1,2,3,4,5],
		"width_pixels": [97,98,97,97,97],
		"height_pixels": [105,105,105,105,105],
		"Pixels_total": [10185,10290,10185,10185,10185],
		"R_reference": [242.4,146.6,86.6,49.01,25.46],
		"G_reference": [242.4,146.6,86.6,49.01,25.46],
		"B_reference": [242.4,146.6,86.6,49.01,25.46],
		"R_input": [157,118.3,76.26,45.18,33.53],
		"G_input": [155.1,119.9,80.46,43.62,21.21],
		"B_input": [166.7,126.5,84.17,44.5,29.06],
		"L_reference": [95.63,60.79,36.82,20.33,8.991],
		"a_reference": [0,0,0,0,0],
		"b_reference": [0,0,0,0,0],
		"L_input": [64.5,50.46,33.97,18.01,8.699],
		"a_input": [2.993,0.7572,-0.839,0.9069,7.957],
		"b_input": [-5.809,-3.801,-2.767,-0.3217,-3.044],
		"x_reference": [0.3127,0.3127,0.3127,0.3127,0.3127],
		"y_reference": [0.329,0.329,0.329,0.329,0.329],
		"Y_reference": [0.8913,0.2901,0.09441,0.03073,0.01],
		"x_input": [0.3042,0.3033,0.2995,0.3149,0.3353],
		"y_input": [0.3119,0.3166,0.3188,0.3252,0.2842],
		"Y_input": [0.3342,0.188,0.07995,0.02521,0.009653],
		"LUV_comment": "L2 is used to differentiate between the L in LAB and L in LUV.",
		"L2_reference": [805.1,262,85.28,27.75,9.033],
		"U_reference": [0.1978,0.1978,0.1978,0.1978,0.1978],
		"V_reference": [0.4683,0.4683,0.4683,0.4683,0.4683],
		"L2_input": [301.8,169.8,72.22,22.77,8.719],
		"U_input": [0.1983,0.1959,0.1924,0.2008,0.2337],
		"V_input": [0.4576,0.4601,0.4608,0.4666,0.4456],
		"patch_numbers_for_all_Delta_E_C": [1,2,3,4,5],
		"Delta_E_all": [31.8,11,4.06,2.51,8.52],
		"Delta_C_all": [6.53,3.88,2.89,0.962,8.52],
		"Delta_E94_all": [31.8,11,4.06,2.51,8.52],
		"Delta_C94_all": [6.53,3.88,2.89,0.962,8.52],
		"Delta_E2000_all": [22.4,10.4,3.69,2.09,9.64],
		"Delta_C2000_all": [6.3,3.64,2.85,1.36,9.64],
		"Delta_L_all": [-31.1,-10.3,-2.85,-2.32,-0.293],
		"Delta_Chroma_all": [6.53,3.88,2.89,0.962,8.52],
		"Delta_Hue_Distance_all": [0,0,0,0,0],
		"Delta_Hue_Degrees_all": [0,0,0,0,0],
		"sat_corr_comment": "sat_corr explained on https://www.imatest.com/docs/colorcheck/#satcorr - not recommended.",
		"Delta_C_all_sat_corr": ["_NaN_","_NaN_","_NaN_","_NaN_","_NaN_"],
		"Delta_C94_all_sat_corr": ["_NaN_","_NaN_","_NaN_","_NaN_","_NaN_"],
		"Delta_C2000_all_sat_corr": ["_NaN_","_NaN_","_NaN_","_NaN_","_NaN_"],
		"grayscale_patch_numbers": [1,2,3,4,5],
		"Delta_E": [31.8,11,4.06,2.51,8.52],
		"Delta_C": [6.53,3.88,2.89,0.962,8.52],
		"Delta_E94": [31.8,11,4.06,2.51,8.52],
		"Delta_C94": [6.53,3.88,2.89,0.962,8.52],
		"Delta_E2000": [22.4,10.4,3.69,2.09,9.64],
		"Delta_C2000": [6.3,3.64,2.85,1.36,9.64],
		"Delta_L": [-31.1,-10.3,-2.85,-2.32,-0.293],
		"Delta_Chroma": [6.53,3.88,2.89,0.962,8.52],
		"Delta_Hue_Distance": [0,0,0,0,0],
		"Delta_Hue_Degrees": [0,0,0,0,0],
		"mean_Delta_E": [11.6],
		"mean_Delta_C": [4.56],
		"mean_Delta_E94": [11.6],
		"mean_Delta_C94": [4.56],
		"mean_Delta_E2000": [9.64],
		"mean_Delta_C2000": [4.76],
		"mean_Delta_L": [-9.39],
		"mean_Delta_Chroma": [4.56],
		"mean_Delta_Hue_Distance": [0],
		"mean_Delta_Hue_Degrees": [0],
		"mean_Delta_C_sat_corr": ["_NaN_"],
		"mean_Delta_C94_sat_corr": ["_NaN_"],
		"mean_Delta_C2000_sat_corr": ["_NaN_"],
		"max_Delta_E": [31.8],
		"max_Delta_C": [8.52],
		"max_Delta_E94": [31.8],
		"max_Delta_C94": [8.52],
		"max_Delta_E2000": [22.4],
		"max_Delta_C2000": [9.64],
		"max_Delta_L": [-0.293],
		"max_Delta_Chroma": [8.52],
		"max_Delta_Hue_Distance": [0],
		"max_Delta_Hue_Degrees": [0],
		"max_Delta_C_sat_corr": ["_NaN_"],
		"max_Delta_C94_sat_corr": ["_NaN_"],
		"max_Delta_C2000_sat_corr": ["_NaN_"],
		"mean_RegionSize": [10108.8],
		"Sequence_dark_to_light": [5,4,3,2,1],
		"Patch_number": [5,4,3,2,1],
		"R_noise": [0.1073,0.1236,0.1192,0.08795,0.06915],
		"G_noise": [0.08321,0.09522,0.07285,0.05703,0.04985],
		"B_noise": [0.09403,0.1077,0.08108,0.06231,0.05321],
		"R_SNR_ratio": [1.225,1.434,2.508,5.275,8.905],
		"G_SNR_ratio": [0.9995,1.796,4.331,8.245,12.2],
		"B_SNR_ratio": [1.212,1.62,4.071,7.959,12.29],
		"R_SNR_dB": [1.765,3.129,7.986,14.44,18.99],
		"G_SNR_dB": [-0.004143,5.089,12.73,18.32,21.73],
		"B_SNR_dB": [1.67,4.189,12.19,18.02,21.79],
		"Gb_noise": [0.06731,0.07712,0.06085,0.04797,0.04105],
		"Gb_SNR_ratio": [1.421,2.238,5.145,9.813,14.94],
		"Gb_SNR_dB": [3.053,6.997,14.23,19.84,23.48],
		"Y_f_stop_SNR_ratio": [2.14,1.93,1.513,0.8703,0.7058],
		"Y_f_stop_SNR_dB": [6.61,5.713,3.594,-1.206,-3.026],
		"quality_levels_for_DR": [
				"Low,",
				"Medium,",
				"M-H,",
				"High,"
		],
		"SigNoise_levels_for_DR": [1,0.5,0.25,0.1],
		"Dynamic_Range_f_stops": [4.364,0,0,0],
		"Dynamic_Range_dB": [26.27,0,0,0],
		"noise_ISO15739_pct": [0.6636,1.019,1.764,3.225,3.815],
		"snr_ISO15739": [1.455,2.475,4.531,5.83,8.758],
		"noise_pct_ISO15739_at_13pct_Lref": [3.467],
		"snr_ISO15739_at_13pct_Lref": [7.03],
		"snr_dB_ISO15739_at_13pct_Lref": [16.94],
		"DynamicRange_at_density_2": [611.8],
		"DynamicRange_total": [0],
		"DynamicRange_from_slope_OD": [1.95],
		"DynamicRange_from_slope_EV": [6.474],
		"DynamicRange_from_slope_dB": [39],
		"SNR_BW_dB_RGBY": [13.99,17.76,16.99,19.26],
		"L_noise": [7.455,8.256,6.102,4.727,3.907],
		"a_noise": [16.73,18.28,15.06,11.3,9.229],
		"b_noise": [16.66,19.01,13.95,10.45,8.5],
		"Total_Lab_noise_unwtd": [24.76,27.64,21.41,16.1,13.14],
		"Total_ab_noise_unwtd": [23.61,26.38,20.53,15.39,12.55],
		"R_minus_Y_KK_noise": [0.09695,0.1111,0.1027,0.07475,0.06058],
		"B_minus_Y_KK_noise": [0.1039,0.1211,0.0911,0.07035,0.05981],
		"Y_Kelly_Keelan_noise": [0.06731,0.07712,0.06085,0.04797,0.04105],
		"Total_KK_noise": [0.09001,0.1034,0.08589,0.06554,0.05498],
		"Chroma_KK_noise": [0.05977,0.0688,0.06062,0.04466,0.03659],
		"Total_old_iso_noise": [0.1108,0.1273,0.1086,0.08166,0.06786],
		"Y_noise_from_YUV": [0.0673,0.07711,0.06085,0.04797,0.04104],
		"U_noise_from_YUV": [0.04882,0.05691,0.04281,0.03306,0.0281],
		"V_noise_from_YUV": [0.07571,0.08675,0.08022,0.05837,0.0473],