{
	"jsonResults": {
		"dateRun": "13-May-2025 10:00:00",
		"ini_time_size": "13-May-2025 09:57:01 17295B  MD5 = ab828ad1ac76d4699be0872ede259dd9",
		"version": "Imatest 24.2.6 Master Color/Tone Auto",
		"build": "2025-03-20",
		"image_file": "cup_18.0 mm_6400ISO_-1EV_Dist2_OFF_Defocus2.tiff",
		"ColorSpace": "sRGB",
		"Reference": "Default values",
		"Ref_folder": "/usr/local/Imatest/v24.2/Master/",
		"Gamma": [0.3659],
		"patches_for_gamma_start_end": [1,5],
		"exposure_error_normalized_y_channel": [-0.191],
		"mean_camera_Saturation_Pct": ["_NaN_"],
		"mean_chroma_level_CPIQ_Pct": ["_NaN_"],
		"CPIQ_chroma_quality_loss_JND": ["_NaN_"],
		"CPIQ_exposure_quality_loss_JND": ["_NaN_"],
		"pixel_offset": [0],
		"mean_patch_size_pxls": [96,103],
		"roi_settings": "Recent ROI settings are in roi, nwid_save, nht_save, fillf, and distort (same names as ini file)",
		"roi": [3053,1801,3657,1925,3053,1927,3657,1793],
		"nwid_save": [6024],
		"nht_save": [4020],
		"fillf": [0.8],
		"distort": [0],
		"grayscale_zone": [1,2,3,4,5],
		"grayscale_minus_log_exposure": [2,1.513,1.025,0.5375,0.05],
		"grayscale_Y_reflectivity": [0.01,0.03073,0.09441,0.2901,0.8913],
		"grayscale_Y_Printer_pixel_gamma22": [33.13,55.18,91.91,153.1,255],
		"grayscale_Y_density": [0.3409,0.458,0.6364,0.902,1.249],
		"grayscale_R_density": [0.3391,0.4647,0.6509,0.8981,1.139],
		"grayscale_G_density": [0.343,0.4569,0.6333,0.9042,1.296],
		"grayscale_B_density": [0.3253,0.4491,0.6249,0.892,1.188],
		"grayscale_Y_mean": [116.3,88.82,58.9,31.95,14.36],
		"grayscale_R_mean": [116.8,87.46,56.97,32.25,18.52],
		"grayscale_G_mean": [115.8,89.04,59.32,31.79,12.9],
		"grayscale_B_mean": [120.6,90.66,60.49,32.7,16.53],
		"White_Bal_error_Degrees": [340.4,317.2,480.3,123.8,-631.1],
		"White_Bal_error_Mired": [-7.655,-7.159,-10.59,-2.875,16.54],
		"White_Bal_error_S_HSV": [0.0399,0.0353,0.0582,0.02784,0.3034],
		"White_Bal_error_Delta_C_ab": [2.867,1.192,1.293,0.701,2.836],
		"White_Bal_error_Delta_C_94": [2.867,1.192,1.293,0.701,2.836],
		"White_Bal_error_Delta_C_00": [3.033,1.198,1.473,0.8408,3.74],
		"n_Patch": [1,2,3,4,5],
		"n_Row": [1,1,1,1,1],
		"n_Column": [1,2,3,4,5],
		"width_pixels": [97,98,97,97,97],
		"height_pixels": [105,105,105,105,105],
		"Pixels_total": [10185,10290,10185,10185,10185],
		"R_reference": [242.4,146.6,86.6,49.01,25.46],
		"G_reference": [242.4,146.6,86.6,49.01,25.46],
		"B_reference": [242.4,146.6,86.6,49.01,25.46],
		"R_input": [116.8,87.46,56.97,32.25,18.52],
		"G_input": [115.8,89.04,59.32,31.79,12.9],
		"B_input": [120.6,90.66,60.49,32.7,16.53],
		"L_reference": [95.63,60.79,36.82,20.33,8.991],
		"a_reference": [0,0,0,0,0],
		"b_reference": [0,0,0,0,0],
		"L_input": [48.97,37.75,24.83,12.23,4.137],
		"a_input": [1.38,-0.2778,-0.7198,0.441,2.628],
		"b_input": [-2.513,-1.159,-1.074,-0.5449,-1.067],
		"x_reference": [0.3127,0.3127,0.3127,0.3127,0.3127],
		"y_reference": [0.329,0.329,0.329,0.329,0.329],
		"Y_reference": [0.8913,0.2901,0.09441,0.03073,0.01],
		"x_input": [0.3083,0.3078,0.305,0.3113,0.3263],
		"y_input": [0.3197,0.325,0.3249,0.324,0.2992],
		"Y_input": [0.1757,0.09949,0.04361,0.01441,0.00458],
		"LUV_comment": "L2 is used to differentiate between the L in LAB and L in LUV.",
		"L2_reference": [805.1,262,85.28,27.75,9.033],
		"U_reference": [0.1978,0.1978,0.1978,0.1978,0.1978],
		"V_reference": [0.4683,0.4683,0.4683,0.4683,0.4683],
		"L2_input": [158.7,89.87,39.4,13.02,4.137],
		"U_input": [0.1983,0.1959,0.194,0.1987,0.2198],
		"V_input": [0.4626,0.4654,0.4649,0.4654,0.4535],
		"patch_numbers_for_all_Delta_E_C": [1,2,3,4,5],
		"Delta_E_all": [46.7,23.1,12.1,8.13,5.62],
		"Delta_C_all": [2.87,1.19,1.29,0.701,2.84],
		"Delta_E94_all": [46.7,23.1,12.1,8.13,5.62],
		"Delta_C94_all": [2.87,1.19,1.29,0.701,2.84],
		"Delta_E2000_all": [35.3,23,9.48,5.46,4.76],
		"Delta_C2000_all": [3.03,1.2,1.47,0.841,3.74],
		"Delta_L_all": [-46.7,-23,-12,-8.1,-4.85],
		"Delta_Chroma_all": [2.87,1.19,1.29,0.701,2.84],
		"Delta_Hue_Distance_all": [0,0,0,0,0],
		"Delta_Hue_Degrees_all": [0,0,0,0,0],
		"sat_corr_comment": "sat_corr explained on https://www.imatest.com/docs/colorcheck/#satcorr - not recommended.",
		"Delta_C_all_sat_corr": ["_NaN_","_NaN_","_NaN_","_NaN_","_NaN_"],
		"Delta_C94_all_sat_corr": ["_NaN_","_NaN_","_NaN_","_NaN_","_NaN_"],
		"Delta_C2000_all_sat_corr": ["_NaN_","_NaN_","_NaN_","_NaN_","_NaN_"],
		"grayscale_patch_numbers": [1,2,3,4,5],
		"Delta_E": [46.7,23.1,12.1,8.13,5.62],
		"Delta_C": [2.87,1.19,1.29,0.701,2.84],
		"Delta_E94": [46.7,23.1,12.1,8.13,5.62],
		"Delta_C94": [2.87,1.19,1.29,0.701,2.84],
		"Delta_E2000": [35.3,23,9.48,5.46,4.76],
		"Delta_C2000": [3.03,1.2,1.47,0.841,3.74],
		"Delta_L": [-46.7,-23,-12,-8.1,-4.85],
		"Delta_Chroma": [2.87,1.19,1.29,0.701,2.84],
		"Delta_Hue_Distance": [0,0,0,0,0],
		"Delta_Hue_Degrees": [0,0,0,0,0],
		"mean_Delta_E": [19.1],
		"mean_Delta_C": [1.78],
		"mean_Delta_E94": [19.1],
		"mean_Delta_C94": [1.78],
		"mean_Delta_E2000": [15.6],
		"mean_Delta_C2000": [2.06],
		"mean_Delta_L": [-18.9],
		"mean_Delta_Chroma": [1.78],
		"mean_Delta_Hue_Distance": [0],
		"mean_Delta_Hue_Degrees": [0],
		"mean_Delta_C_sat_corr": ["_NaN_"],
		"mean_Delta_C94_sat_corr": ["_NaN_"],
		"mean_Delta_C2000_sat_corr": ["_NaN_"],
		"max_Delta_E": [46.7],
		"max_Delta_C": [2.87],
		"max_Delta_E94": [46.7],
		"max_Delta_C94": [2.87],
		"max_Delta_E2000": [35.3],
		"max_Delta_C2000": [3.74],
		"max_Delta_L": [-4.85],
		"max_Delta_Chroma": [2.87],
		"max_Delta_Hue_Distance": [0],
		"max_Delta_Hue_Degrees": [0],
		"max_Delta_C_sat_corr": ["_NaN_"],
		"max_Delta_C94_sat_corr": ["_NaN_"],
		"max_Delta_C2000_sat_corr": ["_NaN_"],
		"mean_RegionSize": [10108.8],
		"Sequence_dark_to_light": [5,4,3,2,1],
		"Patch_number": [5,4,3,2,1],
		"R_noise": [0.06042,0.07058,0.06539,0.05189,0.04437],
		"G_noise": [0.04337,0.04785,0.03457,0.02953,0.02699],
		"B_noise": [0.0514,0.05817,0.04624,0.03811,0.03301],
		"R_SNR_ratio": [1.202,1.792,3.416,6.61,10.32],
		"G_SNR_ratio": [1.167,2.605,6.73,11.83,16.82],
		"B_SNR_ratio": [1.261,2.205,5.13,9.328,14.32],
		"R_SNR_dB": [1.599,5.065,10.67,16.4,20.28],
		"G_SNR_dB": [1.338,8.318,16.56,21.46,24.51],
		"B_SNR_dB": [2.014,6.866,14.2,19.4,23.12],
		"Gb_noise": [0.03533,0.03865,0.02925,0.02499,0.02266],
		"Gb_SNR_ratio": [1.594,3.243,7.899,13.94,20.13],
		"Gb_SNR_dB": [4.048,10.22,17.95,22.89,26.08],
		"Y_f_stop_SNR_ratio": [2.939,2.782,2.354,1.396,1.206],
		"Y_f_stop_SNR_dB": [9.363,8.888,7.437,2.895,1.627],
		"quality_levels_for_DR": [
				"Low,",
				"Medium,",
				"M-H,",
				"High,"
		],
		"SigNoise_levels_for_DR": [1,0.5,0.25,0.1],
		"Dynamic_Range_f_stops": [0,3.656,0,0],
		"Dynamic_Range_dB": [0,22.01,0,0],
		"noise_ISO15739_pct": [0.3356,0.5038,0.8878,1.798,2.248],
		"snr_ISO15739": [1.365,2.86,4.912,5.534,7.816],
		"noise_pct_ISO15739_at_13pct_Lref": [2.07],
		"snr_ISO15739_at_13pct_Lref": [6.912],
		"snr_dB_ISO15739_at_13pct_Lref": [16.79],
		"DynamicRange_at_density_2": [1486],
		"DynamicRange_total": [0],
		"DynamicRange_from_slope_OD": [1.95],
		"DynamicRange_from_slope_EV": [6.474],
		"DynamicRange_from_slope_dB": [39],
		"SNR_BW_dB_RGBY": [16.09,20.99,18.77,22.44],
		"L_noise": [3.536,4.344,3.209,2.627,2.286],
		"a_noise": [9.14,11.36,8.975,7.038,5.903],
		"b_noise": [8.307,10.73,8.484,6.593,5.404],
		"Total_Lab_noise_unwtd": [12.85,16.22,12.76,9.996,8.323],
		"Total_ab_noise_unwtd": [12.35,15.63,12.35,9.644,8.003],
		"R_minus_Y_KK_noise": [0.05402,0.06273,0.05551,0.04398,0.03808],
		"B_minus_Y_KK_noise": [0.05552,0.06502,0.05126,0.04188,0.03596],
		"Y_Kelly_Keelan_noise": [0.03533,0.03865,0.02925,0.02499,0.02266],
		"Total_KK_noise": [0.04831,0.05444,0.04412,0.03631,0.03212],
		"Chroma_KK_noise": [0.03294,0.03834,0.03303,0.02635,0.02277],
		"Total_old_iso_noise": [0.06007,0.06847,0.05699,0.04629,0.0406],
		"Y_noise_from_YUV": [0.03532,0.03864,0.02924,0.02498,0.02266],
		"U_noise_from_YUV": [0.02609,0.03055,0.02409,0.01968,0.01689],