{
	"jsonResults": {
		"dateRun": "07-May-2025 14:02:49",
		"ini_time_size": "07-May-2025 14:01:48 9257B  MD5 = 7dbd01987cca7062dbc69c97eb098e33",
		"version": "Imatest 24.2.6 Master Color/Tone Auto",
		"build": "2025-03-20",
		"image_file": "cup_18.0 mm_1600ISO_+1EV_Dist2_OFF_Focused.tiff",
		"ColorSpace": "sRGB",
		"Reference": "Default values",
		"Ref_folder": "/usr/local/Imatest/v24.2/Master/",
		"Gamma": [0.3223],
		"patches_for_gamma_start_end": [1,5],
		"exposure_error_normalized_y_channel": [0.102],
		"mean_camera_Saturation_Pct": ["_NaN_"],
		"mean_chroma_level_CPIQ_Pct": ["_NaN_"],
		"CPIQ_chroma_quality_loss_JND": ["_NaN_"],
		"CPIQ_exposure_quality_loss_JND": ["_NaN_"],
		"pixel_offset": [0],
		"mean_patch_size_pxls": [98,108],
		"roi_settings": "Recent ROI settings are in roi, nwid_save, nht_save, fillf, and distort (same names as ini file)",
		"roi": [3039,1790,3653,1926,3039,1926,3653,1790],
		"nwid_save": [6024],
		"nht_save": [4020],
		"fillf": [0.8],
		"distort": [0],
		"grayscale_zone": [1,2,3,4,5],
		"grayscale_minus_log_exposure": [2,1.513,1.025,0.5375,0.05],
		"grayscale_Y_reflectivity": [0.01,0.03073,0.09441,0.2901,0.8913],
		"grayscale_Y_Printer_pixel_gamma22": [33.13,55.18,91.91,153.1,255],
		"grayscale_Y_density": [0.07443,0.1811,0.3382,0.5492,0.8371],
		"grayscale_R_density": [0.07667,0.1839,0.3414,0.5486,0.8386],
		"grayscale_G_density": [0.07462,0.1805,0.3377,0.5496,0.8368],
		"grayscale_B_density": [0.06602,0.1788,0.3346,0.5465,0.8358],
		"grayscale_Y_mean": [214.8,168,117,72,37.1],
		"grayscale_R_mean": [213.7,167,116.2,72.09,36.98],
		"grayscale_G_mean": [214.7,168.3,117.2,71.93,37.13],
		"grayscale_B_mean": [219,168.9,118,72.44,37.22],
		"White_Bal_error_Degrees": [247.9,105.7,140.6,48.19,48.98],
		"White_Bal_error_Mired": [-5.652,-2.461,-3.258,-1.132,-1.151],
		"White_Bal_error_S_HSV": [0.02421,0.01152,0.01554,0.007075,0.006584],
		"White_Bal_error_Delta_C_ab": [2.285,0.6069,0.6359,0.3402,0.1007],
		"White_Bal_error_Delta_C_94": [2.285,0.6069,0.6359,0.3402,0.1007],
		"White_Bal_error_Delta_C_00": [2.222,0.6982,0.6652,0.3922,0.114],
		"n_Patch": [1,2,3,4,5],
		"n_Row": [1,1,1,1,1],
		"n_Column": [1,2,3,4,5],
		"width_pixels": [100,99,99,99,100],
		"height_pixels": [110,110,110,110,110],
		"Pixels_total": [11000,10890,10890,10890,11000],
		"R_reference": [242.4,146.6,86.6,49.01,25.46],
		"G_reference": [242.4,146.6,86.6,49.01,25.46],
		"B_reference": [242.4,146.6,86.6,49.01,25.46],
		"R_input": [213.7,167,116.2,72.09,36.98],
		"G_input": [214.7,168.3,117.2,71.93,37.13],
		"B_input": [219,168.9,118,72.44,37.22],
		"L_reference": [95.63,60.79,36.82,20.33,8.991],
		"a_reference": [0,0,0,0,0],
		"b_reference": [0,0,0,0,0],
		"L_input": [85.93,68.88,49.25,30.59,14.73],
		"a_input": [0.4449,-0.3285,-0.2034,0.1809,-0.04837],
		"b_input": [-2.241,-0.5104,-0.6025,-0.2881,-0.08833],
		"x_reference": [0.3127,0.3127,0.3127,0.3127,0.3127],
		"y_reference": [0.329,0.329,0.329,0.329,0.329],
		"Y_reference": [0.8913,0.2901,0.09441,0.03073,0.01],
		"x_input": [0.3091,0.311,0.3105,0.3121,0.3119],
		"y_input": [0.3242,0.3281,0.3274,0.3275,0.3286],
		"Y_input": [0.6784,0.3918,0.178,0.06481,0.01859],
		"LUV_comment": "L2 is used to differentiate between the L in LAB and L in LUV.",
		"L2_reference": [805.1,262,85.28,27.75,9.033],
		"U_reference": [0.1978,0.1978,0.1978,0.1978,0.1978],
		"V_reference": [0.4683,0.4683,0.4683,0.4683,0.4683],
		"L2_input": [612.8,353.9,160.8,58.54,16.79],
		"U_input": [0.1971,0.197,0.1969,0.198,0.1975],
		"V_input": [0.4652,0.4676,0.4671,0.4674,0.468],
		"patch_numbers_for_all_Delta_E_C": [1,2,3,4,5],
		"Delta_E_all": [9.97,8.12,12.4,10.3,5.74],
		"Delta_C_all": [2.29,0.607,0.636,0.34,0.101],
		"Delta_E94_all": [9.97,8.12,12.4,10.3,5.74],
		"Delta_C94_all": [2.29,0.607,0.636,0.34,0.101],
		"Delta_E2000_all": [6.43,6.71,11.4,7.54,3.66],
		"Delta_C2000_all": [2.22,0.698,0.665,0.392,0.114],
		"Delta_L_all": [-9.7,8.1,12.4,10.3,5.74],
		"Delta_Chroma_all": [2.29,0.607,0.636,0.34,0.101],
		"Delta_Hue_Distance_all": [0,0,0,0,0],
		"Delta_Hue_Degrees_all": [0,0,0,0,0],
		"sat_corr_comment": "sat_corr explained on https://www.imatest.com/docs/colorcheck/#satcorr - not recommended.",
		"Delta_C_all_sat_corr": ["_NaN_","_NaN_","_NaN_","_NaN_","_NaN_"],
		"Delta_C94_all_sat_corr": ["_NaN_","_NaN_","_NaN_","_NaN_","_NaN_"],
		"Delta_C2000_all_sat_corr": ["_NaN_","_NaN_","_NaN_","_NaN_","_NaN_"],
		"grayscale_patch_numbers": [1,2,3,4,5],
		"Delta_E": [9.97,8.12,12.4,10.3,5.74],
		"Delta_C": [2.29,0.607,0.636,0.34,0.101],
		"Delta_E94": [9.97,8.12,12.4,10.3,5.74],
		"Delta_C94": [2.29,0.607,0.636,0.34,0.101],
		"Delta_E2000": [6.43,6.71,11.4,7.54,3.66],
		"Delta_C2000": [2.22,0.698,0.665,0.392,0.114],
		"Delta_L": [-9.7,8.1,12.4,10.3,5.74],
		"Delta_Chroma": [2.29,0.607,0.636,0.34,0.101],
		"Delta_Hue_Distance": [0,0,0,0,0],
		"Delta_Hue_Degrees": [0,0,0,0,0],
		"mean_Delta_E": [9.31],
		"mean_Delta_C": [0.794],
		"mean_Delta_E94": [9.31],
		"mean_Delta_C94": [0.794],
		"mean_Delta_E2000": [7.16],
		"mean_Delta_C2000": [0.818],
		"mean_Delta_L": [5.36],
		"mean_Delta_Chroma": [0.794],
		"mean_Delta_Hue_Distance": [0],
		"mean_Delta_Hue_Degrees": [0],
		"mean_Delta_C_sat_corr": ["_NaN_"],
		"mean_Delta_C94_sat_corr": ["_NaN_"],
		"mean_Delta_C2000_sat_corr": ["_NaN_"],
		"max_Delta_E": [12.4],
		"max_Delta_C": [2.29],
		"max_Delta_E94": [12.4],
		"max_Delta_C94": [2.29],
		"max_Delta_E2000": [11.4],
		"max_Delta_C2000": [2.22],
		"max_Delta_L": [12.4],
		"max_Delta_Chroma": [2.29],
		"max_Delta_Hue_Distance": [0],
		"max_Delta_Hue_Degrees": [0],
		"max_Delta_C_sat_corr": ["_NaN_"],
		"max_Delta_C94_sat_corr": ["_NaN_"],
		"max_Delta_C2000_sat_corr": ["_NaN_"],
		"mean_RegionSize": [10834.6],
		"Sequence_dark_to_light": [5,4,3,2,1],
		"Patch_number": [5,4,3,2,1],
		"R_noise": [0.0342,0.02509,0.02213,0.02301,0.03771],
		"G_noise": [0.01987,0.01582,0.01359,0.01838,0.03509],
		"B_noise": [0.02654,0.02,0.01761,0.01932,0.03315],
		"R_SNR_ratio": [4.24,11.27,20.59,28.46,22.23],
		"G_SNR_ratio": [7.328,17.84,33.82,35.9,24],
		"B_SNR_ratio": [5.499,14.21,26.28,34.28,25.91],
		"R_SNR_dB": [12.55,21.04,26.27,29.08,26.94],
		"G_SNR_dB": [17.3,25.03,30.58,31.1,27.6],
		"B_SNR_dB": [14.81,23.05,28.39,30.7,28.27],
		"Gb_noise": [0.01728,0.01352,0.01134,0.01648,0.034],
		"Gb_SNR_ratio": [8.422,20.89,40.49,39.98,24.78],
		"Gb_SNR_dB": [18.51,26.4,32.15,32.04,27.88],
		"Y_f_stop_SNR_ratio": [3.332,7.183,10.26,7.159,4.891],
		"Y_f_stop_SNR_dB": [10.46,17.13,20.22,17.1,13.79],
		"quality_levels_for_DR": [
				"Low,",
				"Medium,",
				"M-H,",
				"High,"
		],
		"SigNoise_levels_for_DR": [1,0.5,0.25,0.1],
		"Dynamic_Range_f_stops": [0,0,0,3.335],
		"Dynamic_Range_dB": [0,0,0,20.08],
		"noise_ISO15739_pct": [0.1827,0.2,0.4116,1.448,4.106],
		"snr_ISO15739": [10.17,32.4,43.24,27.05,16.52],
		"noise_pct_ISO15739_at_13pct_Lref": [1.401],
		"snr_ISO15739_at_13pct_Lref": [27.79],
		"snr_dB_ISO15739_at_13pct_Lref": [28.88],
		"DynamicRange_at_density_2": [1408],
		"DynamicRange_total": [0],
		"DynamicRange_from_slope_OD": [1.95],
		"DynamicRange_from_slope_EV": [6.474],
		"DynamicRange_from_slope_dB": [39],
		"SNR_BW_dB_RGBY": [27.73,29.68,29.24,30.62],
		"L_noise": [2.078,1.485,1.149,1.581,3.182],
		"a_noise": [5.158,3.624,3.042,2.629,2.471],
		"b_noise": [4.962,3.485,2.871,2.628,2.445],
		"Total_Lab_noise_unwtd": [7.453,5.243,4.337,4.039,4.712],
		"Total_ab_noise_unwtd": [7.158,5.028,4.182,3.717,3.476],
		"R_minus_Y_KK_noise": [0.02836,0.02101,0.01906,0.01711,0.01699],
		"B_minus_Y_KK_noise": [0.02763,0.0213,0.01905,0.01861,0.01802],
		"Y_Kelly_Keelan_noise": [0.01728,0.01352,0.01134,0.01648,0.034],
		"Total_KK_noise": [0.02429,0.01859,0.01618,0.01959,0.03557],
		"Chroma_KK_noise": [0.01707,0.01277,0.01154,0.01059,0.01044],
		"Total_old_iso_noise": [0.03058,0.02319,0.02047,0.02268,0.03732],
		"Y_noise_from_YUV": [0.01728,0.01351,0.01133,0.01648,0.034],
		"U_noise_from_YUV": [0.01298,0.01001,0.008953,0.008744,0.008466],