{
	"jsonResults": {
		"dateRun": "13-May-2025 10:00:00",
		"ini_time_size": "13-May-2025 09:57:01 17295B  MD5 = ab828ad1ac76d4699be0872ede259dd9",
		"version": "Imatest 24.2.6 Master Color/Tone Auto",
		"build": "2025-03-20",
		"image_file": "cup_18.0 mm_100ISO_0EV_Dist2_ON_Defocus1.tiff",
		"ColorSpace": "sRGB",
		"Reference": "Default values",
		"Ref_folder": "/usr/local/Imatest/v24.2/Master/",
		"Gamma": [0.3426],
		"patches_for_gamma_start_end": [1,5],
		"exposure_error_normalized_y_channel": [-0.109],
		"mean_camera_Saturation_Pct": ["_NaN_"],
		"mean_chroma_level_CPIQ_Pct": ["_NaN_"],
		"CPIQ_chroma_quality_loss_JND": ["_NaN_"],
		"CPIQ_exposure_quality_loss_JND": ["_NaN_"],
		"pixel_offset": [0],
		"mean_patch_size_pxls": [96,103],
		"roi_settings": "Recent ROI settings are in roi, nwid_save, nht_save, fillf, and distort (same names as ini file)",
		"roi": [3053,1801,3657,1925,3053,1927,3657,1793],
		"nwid_save": [6024],
		"nht_save": [4020],
		"fillf": [0.8],
		"distort": [0],
		"grayscale_zone": [1,2,3,4,5],
		"grayscale_minus_log_exposure": [2,1.513,1.025,0.5375,0.05],
		"grayscale_Y_reflectivity": [0.01,0.03073,0.09441,0.2901,0.8913],
		"grayscale_Y_Printer_pixel_gamma22": [33.13,55.18,91.91,153.1,255],
		"grayscale_Y_density": [0.2213,0.3351,0.5022,0.7287,1.041],
		"grayscale_R_density": [0.2248,0.3396,0.5054,0.726,1.035],
		"grayscale_G_density": [0.2211,0.3339,0.5016,0.7299,1.043],
		"grayscale_B_density": [0.2133,0.3339,0.4988,0.7258,1.038],
		"grayscale_Y_mean": [153.2,117.9,80.24,47.62,23.21],
		"grayscale_R_mean": [152,116.7,79.65,47.92,23.52],
		"grayscale_G_mean": [153.3,118.2,80.35,47.5,23.1],
		"grayscale_B_mean": [156.1,118.2,80.87,47.94,23.34],
		"White_Bal_error_Degrees": [256.6,108.3,129.4,14.95,-31.24],
		"White_Bal_error_Mired": [-5.843,-2.521,-3.003,-0.3531,0.743],
		"White_Bal_error_S_HSV": [0.02625,0.01292,0.01509,0.009189,0.01753],
		"White_Bal_error_Delta_C_ab": [1.637,0.612,0.4442,0.3645,0.2799],
		"White_Bal_error_Delta_C_94": [1.637,0.612,0.4442,0.3645,0.2799],
		"White_Bal_error_Delta_C_00": [1.581,0.8694,0.4777,0.4832,0.4011],
		"n_Patch": [1,2,3,4,5],
		"n_Row": [1,1,1,1,1],
		"n_Column": [1,2,3,4,5],
		"width_pixels": [97,98,97,97,97],
		"height_pixels": [105,105,105,105,105],
		"Pixels_total": [10185,10290,10185,10185,10185],
		"R_reference": [242.4,146.6,86.6,49.01,25.46],
		"G_reference": [242.4,146.6,86.6,49.01,25.46],
		"B_reference": [242.4,146.6,86.6,49.01,25.46],
		"R_input": [152,116.7,79.65,47.92,23.52],
		"G_input": [153.3,118.2,80.35,47.5,23.1],
		"B_input": [156.1,118.2,80.87,47.94,23.34],
		"L_reference": [95.63,60.79,36.82,20.33,8.991],
		"a_reference": [0,0,0,0,0],
		"b_reference": [0,0,0,0,0],
		"L_input": [63.29,49.59,34.13,19.69,7.845],
		"a_input": [0.07552,-0.574,-0.1695,0.2909,0.2615],
		"b_input": [-1.635,-0.2122,-0.4105,-0.2197,-0.09986],
		"x_reference": [0.3127,0.3127,0.3127,0.3127,0.3127],
		"y_reference": [0.329,0.329,0.329,0.329,0.329],
		"Y_reference": [0.8913,0.2901,0.09441,0.03073,0.01],
		"x_input": [0.3089,0.3108,0.3106,0.3127,0.3136],
		"y_input": [0.3247,0.329,0.3276,0.3272,0.3274],
		"Y_input": [0.3194,0.1808,0.08071,0.02913,0.008685],
		"LUV_comment": "L2 is used to differentiate between the L in LAB and L in LUV.",
		"L2_reference": [805.1,262,85.28,27.75,9.033],
		"U_reference": [0.1978,0.1978,0.1978,0.1978,0.1978],
		"V_reference": [0.4683,0.4683,0.4683,0.4683,0.4683],
		"L2_input": [288.5,163.3,72.91,26.31,7.845],
		"U_input": [0.1967,0.1965,0.1969,0.1985,0.199],
		"V_input": [0.4655,0.468,0.4673,0.4674,0.4676],
		"patch_numbers_for_all_Delta_E_C": [1,2,3,4,5],
		"Delta_E_all": [32.4,11.2,2.73,0.738,1.18],
		"Delta_C_all": [1.64,0.612,0.444,0.365,0.28],
		"Delta_E94_all": [32.4,11.2,2.73,0.738,1.18],
		"Delta_C94_all": [1.64,0.612,0.444,0.365,0.28],
		"Delta_E2000_all": [22.6,10.6,2.28,0.656,0.813],
		"Delta_C2000_all": [1.58,0.869,0.478,0.483,0.401],
		"Delta_L_all": [-32.3,-11.2,-2.69,-0.642,-1.15],
		"Delta_Chroma_all": [1.64,0.612,0.444,0.365,0.28],
		"Delta_Hue_Distance_all": [0,0,0,0,0],
		"Delta_Hue_Degrees_all": [0,0,0,0,0],
		"sat_corr_comment": "sat_corr explained on https://www.imatest.com/docs/colorcheck/#satcorr - not recommended.",
		"Delta_C_all_sat_corr": ["_NaN_","_NaN_","_NaN_","_NaN_","_NaN_"],
		"Delta_C94_all_sat_corr": ["_NaN_","_NaN_","_NaN_","_NaN_","_NaN_"],
		"Delta_C2000_all_sat_corr": ["_NaN_","_NaN_","_NaN_","_NaN_","_NaN_"],
		"grayscale_patch_numbers": [1,2,3,4,5],
		"Delta_E": [32.4,11.2,2.73,0.738,1.18],
		"Delta_C": [1.64,0.612,0.444,0.365,0.28],
		"Delta_E94": [32.4,11.2,2.73,0.738,1.18],
		"Delta_C94": [1.64,0.612,0.444,0.365,0.28],
		"Delta_E2000": [22.6,10.6,2.28,0.656,0.813],
		"Delta_C2000": [1.58,0.869,0.478,0.483,0.401],
		"Delta_L": [-32.3,-11.2,-2.69,-0.642,-1.15],
		"Delta_Chroma": [1.64,0.612,0.444,0.365,0.28],
		"Delta_Hue_Distance": [0,0,0,0,0],
		"Delta_Hue_Degrees": [0,0,0,0,0],
		"mean_Delta_E": [9.65],
		"mean_Delta_C": [0.668],
		"mean_Delta_E94": [9.65],
		"mean_Delta_C94": [0.668],
		"mean_Delta_E2000": [7.38],
		"mean_Delta_C2000": [0.762],
		"mean_Delta_L": [-9.6],
		"mean_Delta_Chroma": [0.668],
		"mean_Delta_Hue_Distance": [0],
		"mean_Delta_Hue_Degrees": [0],
		"mean_Delta_C_sat_corr": ["_NaN_"],
		"mean_Delta_C94_sat_corr": ["_NaN_"],
		"mean_Delta_C2000_sat_corr": ["_NaN_"],
		"max_Delta_E": [32.4],
		"max_Delta_C": [1.64],
		"max_Delta_E94": [32.4],
		"max_Delta_C94": [1.64],
		"max_Delta_E2000": [22.6],
		"max_Delta_C2000": [1.58],
		"max_Delta_L": [-0.642],
		"max_Delta_Chroma": [1.64],
		"max_Delta_Hue_Distance": [0],
		"max_Delta_Hue_Degrees": [0],
		"max_Delta_C_sat_corr": ["_NaN_"],
		"max_Delta_C94_sat_corr": ["_NaN_"],
		"max_Delta_C2000_sat_corr": ["_NaN_"],
		"mean_RegionSize": [10108.8],
		"Sequence_dark_to_light": [5,4,3,2,1],
		"Patch_number": [5,4,3,2,1],
		"R_noise": [0.009603,0.006271,0.0058,0.005761,0.005921],
		"G_noise": [0.009467,0.004432,0.003964,0.003954,0.003998],
		"B_noise": [0.008386,0.005358,0.005009,0.005117,0.005102],
		"R_SNR_ratio": [9.604,29.97,53.86,79.43,100.6],
		"G_SNR_ratio": [9.571,42.03,79.5,117.2,150.3],
		"B_SNR_ratio": [10.92,35.09,63.31,90.59,119.9],
		"R_SNR_dB": [19.65,29.53,34.62,38,40.06],
		"G_SNR_dB": [19.62,32.47,38.01,41.38,43.54],
		"B_SNR_dB": [20.76,30.9,36.03,39.14,41.58],
		"Gb_noise": [0.008607,0.003836,0.003329,0.003432,0.003474],
		"Gb_SNR_ratio": [10.57,48.69,94.53,134.7,172.9],
		"Gb_SNR_dB": [20.48,33.75,39.51,42.59,44.76],
		"Y_f_stop_SNR_ratio": [24.61,25.73,25.55,18,6.867],
		"Y_f_stop_SNR_dB": [27.82,28.21,28.15,25.11,16.74],
		"quality_levels_for_DR": [
				"Low,",
				"Medium,",
				"M-H,",
				"High,"
		],
		"SigNoise_levels_for_DR": [1,0.5,0.25,0.1],
		"Dynamic_Range_f_stops": [0,0,0,5.658],
		"Dynamic_Range_dB": [0,0,0,34.06],
		"noise_ISO15739_pct": [0.06682,0.0414,0.08639,0.211,0.2911],
		"snr_ISO15739": [13,70.35,93.43,85.65,109.7],
		"noise_pct_ISO15739_at_13pct_Lref": [0.2541],
		"snr_ISO15739_at_13pct_Lref": [98.6],
		"snr_dB_ISO15739_at_13pct_Lref": [39.88],
		"DynamicRange_at_density_2": [7049],
		"DynamicRange_total": [0],
		"DynamicRange_from_slope_OD": [1.95],
		"DynamicRange_from_slope_EV": [6.474],
		"DynamicRange_from_slope_dB": [39],
		"SNR_BW_dB_RGBY": [37.13,40.4,38.16,41.63],
		"L_noise": [1.084,0.4525,0.361,0.3481,0.3358],
		"a_noise": [1.287,0.975,0.8666,0.7659,0.7506],
		"b_noise": [1.253,0.9783,0.8695,0.7954,0.7512],
		"Total_Lab_noise_unwtd": [2.098,1.453,1.28,1.158,1.114],
		"Total_ab_noise_unwtd": [1.796,1.381,1.228,1.104,1.062],
		"R_minus_Y_KK_noise": [0.006273,0.005104,0.004925,0.004693,0.004829],
		"B_minus_Y_KK_noise": [0.00674,0.005587,0.005404,0.005282,0.005236],
		"Y_Kelly_Keelan_noise": [0.008607,0.003836,0.003329,0.003432,0.003474],
		"Total_KK_noise": [0.009437,0.004973,0.004519,0.004514,0.004582],
		"Chroma_KK_noise": [0.00387,0.003165,0.003056,0.002932,0.002986],
		"Total_old_iso_noise": [0.01032,0.006032,0.005593,0.005508,0.005602],