{
	"jsonResults": {
		"dateRun": "13-May-2025 10:00:00",
		"ini_time_size": "13-May-2025 09:57:01 17295B  MD5 = ab828ad1ac76d4699be0872ede259dd9",
		"version": "Imatest 24.2.6 Master Color/Tone Auto",
		"build": "2025-03-20",
		"image_file": "cup_18.0 mm_6400ISO_-1EV_Dist2_ON_Defocus2.tiff",
		"ColorSpace": "sRGB",
		"Reference": "Default values",
		"Ref_folder": "/usr/local/Imatest/v24.2/Master/",
		"Gamma": [0.3617],
		"patches_for_gamma_start_end": [1,5],
		"exposure_error_normalized_y_channel": [-0.189],
		"mean_camera_Saturation_Pct": ["_NaN_"],
		"mean_chroma_level_CPIQ_Pct": ["_NaN_"],
		"CPIQ_chroma_quality_loss_JND": ["_NaN_"],
		"CPIQ_exposure_quality_loss_JND": ["_NaN_"],
		"pixel_offset": [0],
		"mean_patch_size_pxls": [96,103],
		"roi_settings": "Recent ROI settings are in roi, nwid_save, nht_save, fillf, and distort (same names as ini file)",
		"roi": [3053,1801,3657,1925,3053,1927,3657,1793],
		"nwid_save": [6024],
		"nht_save": [4020],
		"fillf": [0.8],
		"distort": [0],
		"grayscale_zone": [1,2,3,4,5],
		"grayscale_minus_log_exposure": [2,1.513,1.025,0.5375,0.05],
		"grayscale_Y_reflectivity": [0.01,0.03073,0.09441,0.2901,0.8913],
		"grayscale_Y_Printer_pixel_gamma22": [33.13,55.18,91.91,153.1,255],
		"grayscale_Y_density": [0.34,0.4557,0.632,0.8977,1.247],
		"grayscale_R_density": [0.3422,0.4608,0.65,0.9041,1.135],
		"grayscale_G_density": [0.3408,0.4548,0.6274,0.8958,1.293],
		"grayscale_B_density": [0.3255,0.449,0.6259,0.8984,1.191],
		"grayscale_Y_mean": [116.6,89.31,59.51,32.27,14.45],
		"grayscale_R_mean": [116,88.26,57.08,31.8,18.68],
		"grayscale_G_mean": [116.3,89.47,60.14,32.42,12.99],
		"grayscale_B_mean": [120.5,90.69,60.35,32.22,16.42],
		"White_Bal_error_Degrees": [387.7,238.1,413,78.21,-736.4],
		"White_Bal_error_Mired": [-8.66,-5.436,-9.191,-1.829,19.66],
		"White_Bal_error_S_HSV": [0.03774,0.02678,0.0541,0.0189,0.3046],
		"White_Bal_error_Delta_C_ab": [2.46,0.9033,1.372,0.3362,2.797],
		"White_Bal_error_Delta_C_94": [2.46,0.9033,1.372,0.3362,2.797],
		"White_Bal_error_Delta_C_00": [2.446,0.9163,1.871,0.4975,3.718],
		"n_Patch": [1,2,3,4,5],
		"n_Row": [1,1,1,1,1],
		"n_Column": [1,2,3,4,5],
		"width_pixels": [97,98,97,97,97],
		"height_pixels": [105,105,105,105,105],
		"Pixels_total": [10185,10290,10185,10185,10185],
		"R_reference": [242.4,146.6,86.6,49.01,25.46],
		"G_reference": [242.4,146.6,86.6,49.01,25.46],
		"B_reference": [242.4,146.6,86.6,49.01,25.46],
		"R_input": [116,88.26,57.08,31.8,18.68],
		"G_input": [116.3,89.47,60.14,32.42,12.99],
		"B_input": [120.5,90.69,60.35,32.22,16.42],
		"L_reference": [95.63,60.79,36.82,20.33,8.991],
		"a_reference": [0,0,0,0,0],
		"b_reference": [0,0,0,0,0],
		"L_input": [49.06,37.95,25.1,12.38,4.17],
		"a_input": [0.72,-0.2177,-1.243,-0.3348,2.629],
		"b_input": [-2.352,-0.8767,-0.5799,0.03025,-0.9552],
		"x_reference": [0.3127,0.3127,0.3127,0.3127,0.3127],
		"y_reference": [0.329,0.329,0.329,0.329,0.329],
		"Y_reference": [0.8913,0.2901,0.09441,0.03073,0.01],
		"x_input": [0.3073,0.309,0.3055,0.3112,0.3279],
		"y_input": [0.3209,0.326,0.3283,0.3301,0.3009],
		"Y_input": [0.1765,0.1006,0.04449,0.01465,0.004616],
		"LUV_comment": "L2 is used to differentiate between the L in LAB and L in LUV.",
		"L2_reference": [805.1,262,85.28,27.75,9.033],
		"U_reference": [0.1978,0.1978,0.1978,0.1978,0.1978],
		"V_reference": [0.4683,0.4683,0.4683,0.4683,0.4683],
		"L2_input": [159.4,90.89,40.19,13.23,4.17],
		"U_input": [0.1971,0.1964,0.1931,0.1964,0.2202],
		"V_input": [0.4631,0.4661,0.4669,0.4687,0.4548],
		"patch_numbers_for_all_Delta_E_C": [1,2,3,4,5],
		"Delta_E_all": [46.6,22.9,11.8,7.96,5.57],
		"Delta_C_all": [2.46,0.903,1.37,0.336,2.8],
		"Delta_E94_all": [46.6,22.9,11.8,7.96,5.57],
		"Delta_C94_all": [2.46,0.903,1.37,0.336,2.8],
		"Delta_E2000_all": [35.1,22.8,9.36,5.32,4.73],
		"Delta_C2000_all": [2.45,0.916,1.87,0.497,3.72],
		"Delta_L_all": [-46.6,-22.8,-11.7,-7.95,-4.82],
		"Delta_Chroma_all": [2.46,0.903,1.37,0.336,2.8],
		"Delta_Hue_Distance_all": [0,0,0,0,0],
		"Delta_Hue_Degrees_all": [0,0,0,0,0],
		"sat_corr_comment": "sat_corr explained on https://www.imatest.com/docs/colorcheck/#satcorr - not recommended.",
		"Delta_C_all_sat_corr": ["_NaN_","_NaN_","_NaN_","_NaN_","_NaN_"],
		"Delta_C94_all_sat_corr": ["_NaN_","_NaN_","_NaN_","_NaN_","_NaN_"],
		"Delta_C2000_all_sat_corr": ["_NaN_","_NaN_","_NaN_","_NaN_","_NaN_"],
		"grayscale_patch_numbers": [1,2,3,4,5],
		"Delta_E": [46.6,22.9,11.8,7.96,5.57],
		"Delta_C": [2.46,0.903,1.37,0.336,2.8],
		"Delta_E94": [46.6,22.9,11.8,7.96,5.57],
		"Delta_C94": [2.46,0.903,1.37,0.336,2.8],
		"Delta_E2000": [35.1,22.8,9.36,5.32,4.73],
		"Delta_C2000": [2.45,0.916,1.87,0.497,3.72],
		"Delta_L": [-46.6,-22.8,-11.7,-7.95,-4.82],
		"Delta_Chroma": [2.46,0.903,1.37,0.336,2.8],
		"Delta_Hue_Distance": [0,0,0,0,0],
		"Delta_Hue_Degrees": [0,0,0,0,0],
		"mean_Delta_E": [19],
		"mean_Delta_C": [1.57],
		"mean_Delta_E94": [19],
		"mean_Delta_C94": [1.57],
		"mean_Delta_E2000": [15.5],
		"mean_Delta_C2000": [1.89],
		"mean_Delta_L": [-18.8],
		"mean_Delta_Chroma": [1.57],
		"mean_Delta_Hue_Distance": [0],
		"mean_Delta_Hue_Degrees": [0],
		"mean_Delta_C_sat_corr": ["_NaN_"],
		"mean_Delta_C94_sat_corr": ["_NaN_"],
		"mean_Delta_C2000_sat_corr": ["_NaN_"],
		"max_Delta_E": [46.6],
		"max_Delta_C": [2.8],
		"max_Delta_E94": [46.6],
		"max_Delta_C94": [2.8],
		"max_Delta_E2000": [35.1],
		"max_Delta_C2000": [3.72],
		"max_Delta_L": [-4.82],
		"max_Delta_Chroma": [2.8],
		"max_Delta_Hue_Distance": [0],
		"max_Delta_Hue_Degrees": [0],
		"max_Delta_C_sat_corr": ["_NaN_"],
		"max_Delta_C94_sat_corr": ["_NaN_"],
		"max_Delta_C2000_sat_corr": ["_NaN_"],
		"mean_RegionSize": [10108.8],
		"Sequence_dark_to_light": [5,4,3,2,1],
		"Patch_number": [5,4,3,2,1],
		"R_noise": [0.061,0.07173,0.06558,0.04985,0.04218],
		"G_noise": [0.04376,0.0472,0.03482,0.02975,0.02687],
		"B_noise": [0.05259,0.05969,0.04567,0.0387,0.03279],
		"R_SNR_ratio": [1.201,1.739,3.413,6.944,10.78],
		"G_SNR_ratio": [1.164,2.693,6.773,11.8,16.98],
		"B_SNR_ratio": [1.224,2.117,5.182,9.19,14.41],
		"R_SNR_dB": [1.591,4.804,10.66,16.83,20.65],
		"G_SNR_dB": [1.321,8.605,16.62,21.43,24.6],
		"B_SNR_dB": [1.758,6.513,14.29,19.27,23.17],
		"Gb_noise": [0.03577,0.03803,0.02962,0.02483,0.02253],
		"Gb_SNR_ratio": [1.584,3.327,7.878,14.1,20.29],
		"Gb_SNR_dB": [3.995,10.44,17.93,22.99,26.14],
		"Y_f_stop_SNR_ratio": [2.928,2.781,2.331,1.434,1.207],
		"Y_f_stop_SNR_dB": [9.332,8.884,7.35,3.132,1.631],
		"quality_levels_for_DR": [
				"Low,",
				"Medium,",
				"M-H,",
				"High,"
		],
		"SigNoise_levels_for_DR": [1,0.5,0.25,0.1],
		"Dynamic_Range_f_stops": [0,3.668,0,0],
		"Dynamic_Range_dB": [0,22.08,0,0],
		"noise_ISO15739_pct": [0.3285,0.4801,0.8761,1.754,2.203],
		"snr_ISO15739": [1.405,3.051,5.078,5.736,8.01],
		"noise_pct_ISO15739_at_13pct_Lref": [2.034],
		"snr_ISO15739_at_13pct_Lref": [7.154],
		"snr_dB_ISO15739_at_13pct_Lref": [17.09],
		"DynamicRange_at_density_2": [1555],
		"DynamicRange_total": [0],
		"DynamicRange_from_slope_OD": [1.95],
		"DynamicRange_from_slope_EV": [6.474],
		"DynamicRange_from_slope_dB": [39],
		"SNR_BW_dB_RGBY": [16.43,20.91,18.63,22.48],
		"L_noise": [3.591,4.284,3.229,2.615,2.277],
		"a_noise": [9.176,11.47,8.925,7.015,5.726],
		"b_noise": [8.635,11.12,8.222,6.708,5.38],
		"Total_Lab_noise_unwtd": [13.1,16.53,12.56,10.05,8.18],
		"Total_ab_noise_unwtd": [12.6,15.97,12.13,9.706,7.857],
		"R_minus_Y_KK_noise": [0.05409,0.06365,0.05566,0.04265,0.03608],
		"B_minus_Y_KK_noise": [0.05742,0.06722,0.04966,0.04266,0.03575],
		"Y_Kelly_Keelan_noise": [0.03577,0.03803,0.02962,0.02483,0.02253],
		"Total_KK_noise": [0.04885,0.05454,0.04426,0.03584,0.03136],
		"Chroma_KK_noise": [0.03326,0.03909,0.03289,0.02584,0.02181],
		"Total_old_iso_noise": [0.06066,0.06901,0.05705,0.04552,0.03931],
		"Y_noise_from_YUV": [0.03576,0.03803,0.02962,0.02483,0.02253],
		"U_noise_from_YUV": [0.02698,0.03158,0.02333,0.02005,0.0168],