{
	"jsonResults": {
		"dateRun": "13-May-2025 10:00:00",
		"ini_time_size": "13-May-2025 09:57:01 17295B  MD5 = ab828ad1ac76d4699be0872ede259dd9",
		"version": "Imatest 24.2.6 Master Color/Tone Auto",
		"build": "2025-03-20",
		"image_file": "cup_18.0 mm_6400ISO_-3EV_Dist2_ON_Defocus1.tiff",
		"ColorSpace": "sRGB",
		"Reference": "Default values",
		"Ref_folder": "/usr/local/Imatest/v24.2/Master/",
		"Gamma": [0.4611],
		"patches_for_gamma_start_end": [1,5],
		"exposure_error_normalized_y_channel": [-0.266],
		"mean_camera_Saturation_Pct": ["_NaN_"],
		"mean_chroma_level_CPIQ_Pct": ["_NaN_"],
		"CPIQ_chroma_quality_loss_JND": ["_NaN_"],
		"CPIQ_exposure_quality_loss_JND": ["_NaN_"],
		"pixel_offset": [0],
		"mean_patch_size_pxls": [96,103],
		"roi_settings": "Recent ROI settings are in roi, nwid_save, nht_save, fillf, and distort (same names as ini file)",
		"roi": [3053,1801,3657,1925,3053,1927,3657,1793],
		"nwid_save": [6024],
		"nht_save": [4020],
		"fillf": [0.8],
		"distort": [0],
		"grayscale_zone": [1,2,3,4,5],
		"grayscale_minus_log_exposure": [2,1.513,1.025,0.5375,0.05],
		"grayscale_Y_reflectivity": [0.01,0.03073,0.09441,0.2901,0.8913],
		"grayscale_Y_Printer_pixel_gamma22": [33.13,55.18,91.91,153.1,255],
		"grayscale_Y_density": [0.6373,0.7729,0.9976,1.277,1.474],
		"grayscale_R_density": [0.6442,0.7907,0.979,1.145,1.242],
		"grayscale_G_density": [0.6364,0.767,1.003,1.331,1.592],
		"grayscale_B_density": [0.6257,0.7804,0.9976,1.227,1.369],
		"grayscale_Y_mean": [58.79,43.02,25.64,13.48,8.564],
		"grayscale_R_mean": [57.86,41.29,26.77,18.27,14.62],
		"grayscale_G_mean": [58.9,43.61,25.3,11.89,6.528],
		"grayscale_B_mean": [60.38,42.28,25.64,15.11,10.91],
		"White_Bal_error_Degrees": [359.8,124.1,-247.2,-1127,-1871],
		"White_Bal_error_Mired": [-8.07,-2.881,6.083,32.29,62.2],
		"White_Bal_error_S_HSV": [0.04172,0.05319,0.0546,0.3493,0.5535],
		"White_Bal_error_Delta_C_ab": [1.077,1.443,0.795,2.813,3.019],
		"White_Bal_error_Delta_C_94": [1.077,1.443,0.795,2.813,3.019],
		"White_Bal_error_Delta_C_00": [1.057,1.997,1.161,3.792,4.024],
		"n_Patch": [1,2,3,4,5],
		"n_Row": [1,1,1,1,1],
		"n_Column": [1,2,3,4,5],
		"width_pixels": [97,98,97,97,97],
		"height_pixels": [105,105,105,105,105],
		"Pixels_total": [10185,10290,10185,10185,10185],
		"R_reference": [242.4,146.6,86.6,49.01,25.46],
		"G_reference": [242.4,146.6,86.6,49.01,25.46],
		"B_reference": [242.4,146.6,86.6,49.01,25.46],
		"R_input": [57.86,41.29,26.77,18.27,14.62],
		"G_input": [58.9,43.61,25.3,11.89,6.528],
		"B_input": [60.38,42.28,25.64,15.11,10.91],
		"L_reference": [95.63,60.79,36.82,20.33,8.991],
		"a_reference": [0,0,0,0,0],
		"b_reference": [0,0,0,0,0],
		"L_input": [24.78,17.55,9.084,3.851,2.386],
		"a_input": [-0.09919,-1.354,0.7948,2.724,2.893],
		"b_input": [-1.073,0.4986,0.01633,-0.7026,-0.8638],
		"x_reference": [0.3127,0.3127,0.3127,0.3127,0.3127],
		"y_reference": [0.329,0.329,0.329,0.329,0.329],
		"Y_reference": [0.8913,0.2901,0.09441,0.03073,0.01],
		"x_input": [0.3072,0.3096,0.3176,0.3342,0.3445],
		"y_input": [0.3238,0.335,0.3269,0.3021,0.2829],
		"Y_input": [0.04343,0.02419,0.01011,0.004263,0.002641],
		"LUV_comment": "L2 is used to differentiate between the L in LAB and L in LUV.",
		"L2_reference": [805.1,262,85.28,27.75,9.033],
		"U_reference": [0.1978,0.1978,0.1978,0.1978,0.1978],
		"V_reference": [0.4683,0.4683,0.4683,0.4683,0.4683],
		"L2_input": [39.23,21.85,9.134,3.851,2.386],
		"U_input": [0.196,0.1934,0.2021,0.2244,0.2415],
		"V_input": [0.4647,0.471,0.4679,0.4564,0.4462],
		"patch_numbers_for_all_Delta_E_C": [1,2,3,4,5],
		"Delta_E_all": [70.9,43.3,27.7,16.7,7.26],
		"Delta_C_all": [1.08,1.44,0.795,2.81,3.02],
		"Delta_E94_all": [70.9,43.3,27.7,16.7,7.26],
		"Delta_C94_all": [1.08,1.44,0.795,2.81,3.02],
		"Delta_E2000_all": [62.2,37.6,19.8,11.2,5.66],
		"Delta_C2000_all": [1.06,2,1.16,3.79,4.02],
		"Delta_L_all": [-70.9,-43.2,-27.7,-16.5,-6.61],
		"Delta_Chroma_all": [1.08,1.44,0.795,2.81,3.02],
		"Delta_Hue_Distance_all": [0,0,0,0,0],
		"Delta_Hue_Degrees_all": [0,0,0,0,0],
		"sat_corr_comment": "sat_corr explained on https://www.imatest.com/docs/colorcheck/#satcorr - not recommended.",
		"Delta_C_all_sat_corr": ["_NaN_","_NaN_","_NaN_","_NaN_","_NaN_"],
		"Delta_C94_all_sat_corr": ["_NaN_","_NaN_","_NaN_","_NaN_","_NaN_"],
		"Delta_C2000_all_sat_corr": ["_NaN_","_NaN_","_NaN_","_NaN_","_NaN_"],
		"grayscale_patch_numbers": [1,2,3,4,5],
		"Delta_E": [70.9,43.3,27.7,16.7,7.26],
		"Delta_C": [1.08,1.44,0.795,2.81,3.02],
		"Delta_E94": [70.9,43.3,27.7,16.7,7.26],
		"Delta_C94": [1.08,1.44,0.795,2.81,3.02],
		"Delta_E2000": [62.2,37.6,19.8,11.2,5.66],
		"Delta_C2000": [1.06,2,1.16,3.79,4.02],
		"Delta_L": [-70.9,-43.2,-27.7,-16.5,-6.61],
		"Delta_Chroma": [1.08,1.44,0.795,2.81,3.02],
		"Delta_Hue_Distance": [0,0,0,0,0],
		"Delta_Hue_Degrees": [0,0,0,0,0],
		"mean_Delta_E": [33.2],
		"mean_Delta_C": [1.83],
		"mean_Delta_E94": [33.2],
		"mean_Delta_C94": [1.83],
		"mean_Delta_E2000": [27.3],
		"mean_Delta_C2000": [2.41],
		"mean_Delta_L": [-33],
		"mean_Delta_Chroma": [1.83],
		"mean_Delta_Hue_Distance": [0],
		"mean_Delta_Hue_Degrees": [0],
		"mean_Delta_C_sat_corr": ["_NaN_"],
		"mean_Delta_C94_sat_corr": ["_NaN_"],
		"mean_Delta_C2000_sat_corr": ["_NaN_"],
		"max_Delta_E": [70.9],
		"max_Delta_C": [3.02],
		"max_Delta_E94": [70.9],
		"max_Delta_C94": [3.02],
		"max_Delta_E2000": [62.2],
		"max_Delta_C2000": [4.02],
		"max_Delta_L": [-6.61],
		"max_Delta_Chroma": [3.02],
		"max_Delta_Hue_Distance": [0],
		"max_Delta_Hue_Degrees": [0],
		"max_Delta_C_sat_corr": ["_NaN_"],
		"max_Delta_C94_sat_corr": ["_NaN_"],
		"max_Delta_C2000_sat_corr": ["_NaN_"],
		"mean_RegionSize": [10108.8],
		"Sequence_dark_to_light": [5,4,3,2,1],
		"Patch_number": [5,4,3,2,1],
		"R_noise": [0.05277,0.05965,0.06956,0.0706,0.06527],
		"G_noise": [0.03219,0.04241,0.04869,0.04003,0.03497],
		"B_noise": [0.04171,0.04978,0.05961,0.05433,0.0453],
		"R_SNR_ratio": [1.087,1.201,1.509,2.294,3.476],
		"G_SNR_ratio": [0.7954,1.099,2.038,4.272,6.606],
		"B_SNR_ratio": [1.026,1.19,1.687,3.052,5.227],
		"R_SNR_dB": [0.7221,1.593,3.574,7.211,10.82],
		"G_SNR_dB": [-1.988,0.8233,6.185,12.61,16.4],
		"B_SNR_dB": [0.2215,1.51,4.541,9.691,14.36],
		"Gb_noise": [0.0275,0.03469,0.03936,0.03369,0.02989],
		"Gb_SNR_ratio": [1.221,1.524,2.554,5.008,7.713],
		"Gb_SNR_dB": [1.735,3.658,8.146,13.99,17.74],
		"Y_f_stop_SNR_ratio": [1.277,1.191,0.9086,0.5959,0.4327],
		"Y_f_stop_SNR_dB": [2.124,1.52,-0.8323,-4.496,-7.277],
		"quality_levels_for_DR": [
				"Low,",
				"Medium,",
				"M-H,",
				"High,"
		],
		"SigNoise_levels_for_DR": [1,0.5,0.25,0.1],
		"Dynamic_Range_f_stops": [2.615,0,0,0],
		"Dynamic_Range_dB": [15.74,0,0,0],
		"noise_ISO15739_pct": [0.9599,1.504,3.144,5.556,6.548],
		"snr_ISO15739": [0.2751,0.2835,0.3216,0.4354,0.6633],
		"noise_pct_ISO15739_at_13pct_Lref": [5.943],
		"snr_ISO15739_at_13pct_Lref": [0.5244],
		"snr_dB_ISO15739_at_13pct_Lref": [-5.608],
		"DynamicRange_at_density_2": [396.7],
		"DynamicRange_total": [0],
		"DynamicRange_from_slope_OD": [1.95],
		"DynamicRange_from_slope_EV": [6.474],
		"DynamicRange_from_slope_dB": [39],
		"SNR_BW_dB_RGBY": [8.017,12.94,10.29,14.44],
		"L_noise": [2.525,3.447,4.337,3.815,3.277],
		"a_noise": [6.864,8.933,11.29,10.18,8.869],
		"b_noise": [6.061,8.033,10.65,9.885,8.252],
		"Total_Lab_noise_unwtd": [9.499,12.5,16.12,14.69,12.55],
		"Total_ab_noise_unwtd": [9.157,12.01,15.52,14.19,12.11],
		"R_minus_Y_KK_noise": [0.0448,0.05286,0.06189,0.06038,0.05507],
		"B_minus_Y_KK_noise": [0.04343,0.05425,0.06616,0.05863,0.04976],
		"Y_Kelly_Keelan_noise": [0.0275,0.03469,0.03936,0.03369,0.02989],
		"Total_KK_noise": [0.0385,0.04735,0.0548,0.04954,0.04424],
		"Chroma_KK_noise": [0.02694,0.03223,0.03813,0.03633,0.03262],
		"Total_old_iso_noise": [0.0484,0.05884,0.06857,0.06339,0.05684],
		"Y_noise_from_YUV": [0.0275,0.03469,0.03936,0.03368,0.02989],
		"U_noise_from_YUV": [0.02041,0.02549,0.03108,0.02755,0.02338],