{
	"jsonResults": {
		"dateRun": "13-May-2025 10:11:17",
		"ini_time_size": "13-May-2025 10:00:00 19023B  MD5 = e705635ea7a200e2cedf18739f05ef41",
		"version": "Imatest 24.2.6 Master Color/Tone Auto",
		"build": "2025-03-20",
		"image_file": "potted plant_18.0 mm_6400ISO_-1EV_Dist2_ON_Defocus2.tiff",
		"ColorSpace": "sRGB",
		"Reference": "Default values",
		"Ref_folder": "/usr/local/Imatest/v24.2/Master/",
		"Gamma": [0.3573],
		"patches_for_gamma_start_end": [1,5],
		"exposure_error_normalized_y_channel": [-0.195],
		"mean_camera_Saturation_Pct": ["_NaN_"],
		"mean_chroma_level_CPIQ_Pct": ["_NaN_"],
		"CPIQ_chroma_quality_loss_JND": ["_NaN_"],
		"CPIQ_exposure_quality_loss_JND": ["_NaN_"],
		"pixel_offset": [0],
		"mean_patch_size_pxls": [96,103],
		"roi_settings": "Recent ROI settings are in roi, nwid_save, nht_save, fillf, and distort (same names as ini file)",
		"roi": [3053,1801,3657,1925,3053,1927,3657,1793],
		"nwid_save": [6024],
		"nht_save": [4020],
		"fillf": [0.8],
		"distort": [0],
		"grayscale_zone": [1,2,3,4,5],
		"grayscale_minus_log_exposure": [2,1.513,1.025,0.5375,0.05],
		"grayscale_Y_reflectivity": [0.01,0.03073,0.09441,0.2901,0.8913],
		"grayscale_Y_Printer_pixel_gamma22": [33.13,55.18,91.91,153.1,255],
		"grayscale_Y_density": [0.3522,0.4667,0.6409,0.8895,1.099],
		"grayscale_R_density": [0.3534,0.4718,0.6526,0.9,1.035],
		"grayscale_G_density": [0.3536,0.4661,0.6388,0.8873,1.124],
		"grayscale_B_density": [0.3356,0.4572,0.628,0.8815,1.061],
		"grayscale_Y_mean": [113.3,87.07,58.3,32.88,20.3],
		"grayscale_R_mean": [113,86.04,56.74,32.1,23.54],
		"grayscale_G_mean": [113,87.18,58.58,33.06,19.16],
		"grayscale_B_mean": [117.7,88.98,60.06,33.5,22.16],
		"White_Bal_error_Degrees": [422.7,302.1,467.9,293,-310.9],
		"White_Bal_error_Mired": [-9.394,-6.833,-10.33,-6.635,7.729],
		"White_Bal_error_S_HSV": [0.04055,0.03303,0.05522,0.04181,0.1862],
		"White_Bal_error_Delta_C_ab": [2.823,1.209,1.268,0.5654,2.926],
		"White_Bal_error_Delta_C_94": [2.823,1.209,1.268,0.5654,2.926],
		"White_Bal_error_Delta_C_00": [2.845,1.179,1.318,0.6648,3.818],
		"n_Patch": [1,2,3,4,5],
		"n_Row": [1,1,1,1,1],
		"n_Column": [1,2,3,4,5],
		"width_pixels": [97,98,97,97,97],
		"height_pixels": [105,105,105,105,105],
		"Pixels_total": [10185,10290,10185,10185,10185],
		"R_reference": [242.4,146.6,86.6,49.01,25.46],
		"G_reference": [242.4,146.6,86.6,49.01,25.46],
		"B_reference": [242.4,146.6,86.6,49.01,25.46],
		"R_input": [113,86.04,56.74,32.1,23.54],
		"G_input": [113,87.18,58.58,33.06,19.16],
		"B_input": [117.7,88.98,60.06,33.5,22.16],
		"L_reference": [95.63,60.79,36.82,20.33,8.991],
		"a_reference": [0,0,0,0,0],
		"b_reference": [0,0,0,0,0],
		"L_input": [47.77,37.02,24.56,12.68,6.487],
		"a_input": [1.008,-0.06325,-0.435,-0.3297,2.666],
		"b_input": [-2.637,-1.207,-1.191,-0.4593,-1.206],
		"x_reference": [0.3127,0.3127,0.3127,0.3127,0.3127],
		"y_reference": [0.329,0.329,0.329,0.329,0.329],
		"Y_reference": [0.8913,0.2901,0.09441,0.03073,0.01],
		"x_input": [0.307,0.3081,0.3054,0.3079,0.3206],
		"y_input": [0.3195,0.3245,0.3238,0.3266,0.308],
		"Y_input": [0.1662,0.09547,0.04274,0.01512,0.007181],
		"LUV_comment": "L2 is used to differentiate between the L in LAB and L in LUV.",
		"L2_reference": [805.1,262,85.28,27.75,9.033],
		"U_reference": [0.1978,0.1978,0.1978,0.1978,0.1978],
		"V_reference": [0.4683,0.4683,0.4683,0.4683,0.4683],
		"L2_input": [150.1,86.24,38.61,13.66,6.487],
		"U_input": [0.1974,0.1963,0.1947,0.1954,0.2118],
		"V_input": [0.4623,0.4652,0.4644,0.4663,0.4578],
		"patch_numbers_for_all_Delta_E_C": [1,2,3,4,5],
		"Delta_E_all": [47.9,23.8,12.3,7.67,3.85],
		"Delta_C_all": [2.82,1.21,1.27,0.565,2.93],
		"Delta_E94_all": [47.9,23.8,12.3,7.67,3.85],
		"Delta_C94_all": [2.82,1.21,1.27,0.565,2.93],
		"Delta_E2000_all": [36.4,23.7,9.65,5.15,4.12],
		"Delta_C2000_all": [2.84,1.18,1.32,0.665,3.82],
		"Delta_L_all": [-47.9,-23.8,-12.3,-7.65,-2.5],
		"Delta_Chroma_all": [2.82,1.21,1.27,0.565,2.93],
		"Delta_Hue_Distance_all": [0,0,0,0,0],
		"Delta_Hue_Degrees_all": [0,0,0,0,0],
		"sat_corr_comment": "sat_corr explained on https://www.imatest.com/docs/colorcheck/#satcorr - not recommended.",
		"Delta_C_all_sat_corr": ["_NaN_","_NaN_","_NaN_","_NaN_","_NaN_"],
		"Delta_C94_all_sat_corr": ["_NaN_","_NaN_","_NaN_","_NaN_","_NaN_"],
		"Delta_C2000_all_sat_corr": ["_NaN_","_NaN_","_NaN_","_NaN_","_NaN_"],
		"grayscale_patch_numbers": [1,2,3,4,5],
		"Delta_E": [47.9,23.8,12.3,7.67,3.85],
		"Delta_C": [2.82,1.21,1.27,0.565,2.93],
		"Delta_E94": [47.9,23.8,12.3,7.67,3.85],
		"Delta_C94": [2.82,1.21,1.27,0.565,2.93],
		"Delta_E2000": [36.4,23.7,9.65,5.15,4.12],
		"Delta_C2000": [2.84,1.18,1.32,0.665,3.82],
		"Delta_L": [-47.9,-23.8,-12.3,-7.65,-2.5],
		"Delta_Chroma": [2.82,1.21,1.27,0.565,2.93],
		"Delta_Hue_Distance": [0,0,0,0,0],
		"Delta_Hue_Degrees": [0,0,0,0,0],
		"mean_Delta_E": [19.1],
		"mean_Delta_C": [1.76],
		"mean_Delta_E94": [19.1],
		"mean_Delta_C94": [1.76],
		"mean_Delta_E2000": [15.8],
		"mean_Delta_C2000": [1.96],
		"mean_Delta_L": [-18.8],
		"mean_Delta_Chroma": [1.76],
		"mean_Delta_Hue_Distance": [0],
		"mean_Delta_Hue_Degrees": [0],
		"mean_Delta_C_sat_corr": ["_NaN_"],
		"mean_Delta_C94_sat_corr": ["_NaN_"],
		"mean_Delta_C2000_sat_corr": ["_NaN_"],
		"max_Delta_E": [47.9],
		"max_Delta_C": [2.93],
		"max_Delta_E94": [47.9],
		"max_Delta_C94": [2.93],
		"max_Delta_E2000": [36.4],
		"max_Delta_C2000": [3.82],
		"max_Delta_L": [-2.5],
		"max_Delta_Chroma": [2.93],
		"max_Delta_Hue_Distance": [0],
		"max_Delta_Hue_Degrees": [0],
		"max_Delta_C_sat_corr": ["_NaN_"],
		"max_Delta_C94_sat_corr": ["_NaN_"],
		"max_Delta_C2000_sat_corr": ["_NaN_"],
		"mean_RegionSize": [10108.8],
		"Sequence_dark_to_light": [5,4,3,2,1],
		"Patch_number": [5,4,3,2,1],
		"R_noise": [0.06498,0.07247,0.06627,0.04944,0.0451],
		"G_noise": [0.05112,0.04768,0.03596,0.03003,0.02839],
		"B_noise": [0.05987,0.0599,0.04666,0.03726,0.0345],
		"R_SNR_ratio": [1.421,1.737,3.358,6.825,9.827],
		"G_SNR_ratio": [1.47,2.719,6.389,11.38,15.6],
		"B_SNR_ratio": [1.451,2.193,5.047,9.365,13.38],
		"R_SNR_dB": [3.05,4.797,10.52,16.68,19.85],
		"G_SNR_dB": [3.344,8.687,16.11,21.13,23.86],
		"B_SNR_dB": [3.236,6.822,14.06,19.43,22.53],
		"Gb_noise": [0.04436,0.03975,0.03064,0.02545,0.02405],
		"Gb_SNR_ratio": [1.795,3.244,7.461,13.42,18.48],
		"Gb_SNR_dB": [5.08,10.22,17.46,22.55,25.33],
		"Y_f_stop_SNR_ratio": [2.643,2.618,2.141,1.157,0.6867],
		"Y_f_stop_SNR_dB": [8.442,8.358,6.612,1.267,-3.264],
		"quality_levels_for_DR": [
				"Low,",
				"Medium,",
				"M-H,",
				"High,"
		],
		"SigNoise_levels_for_DR": [1,0.5,0.25,0.1],
		"Dynamic_Range_f_stops": [5.23,3.373,0,0],
		"Dynamic_Range_dB": [31.48,20.31,0,0],
		"noise_ISO15739_pct": [0.4943,0.5851,0.9563,1.806,2.35],
		"snr_ISO15739": [1.453,2.584,4.47,5.286,7.071],
		"noise_pct_ISO15739_at_13pct_Lref": [2.163],
		"snr_ISO15739_at_13pct_Lref": [6.458],
		"snr_dB_ISO15739_at_13pct_Lref": [16.2],
		"DynamicRange_at_density_2": [1073],
		"DynamicRange_total": [0],
		"DynamicRange_from_slope_OD": [1.95],
		"DynamicRange_from_slope_EV": [6.474],
		"DynamicRange_from_slope_dB": [39],
		"SNR_BW_dB_RGBY": [16.1,20.43,18.55,21.87],
		"L_noise": [4.772,4.495,3.36,2.688,2.439],
		"a_noise": [9.29,11.17,9.056,6.838,5.974],
		"b_noise": [8.995,10.72,8.502,6.382,5.603],
		"Total_Lab_noise_unwtd": [13.78,16.12,12.87,9.732,8.546],
		"Total_ab_noise_unwtd": [12.93,15.48,12.42,9.353,8.191],
		"R_minus_Y_KK_noise": [0.05285,0.06227,0.05598,0.04187,0.03836],
		"B_minus_Y_KK_noise": [0.05816,0.0646,0.05134,0.04041,0.03706],
		"Y_Kelly_Keelan_noise": [0.04436,0.03975,0.03064,0.02545,0.02405],
		"Total_KK_noise": [0.05518,0.05504,0.04522,0.03578,0.03331],
		"Chroma_KK_noise": [0.03282,0.03807,0.03326,0.02515,0.02305],
		"Total_old_iso_noise": [0.06555,0.06877,0.05802,0.04506,0.04171],
		"Y_noise_from_YUV": [0.04436,0.03975,0.03064,0.02544,0.02405],
		"U_noise_from_YUV": [0.02733,0.03036,0.02412,0.01899,0.01741],