{
	"jsonResults": {
		"dateRun": "13-May-2025 10:11:17",
		"ini_time_size": "13-May-2025 10:00:00 19023B  MD5 = e705635ea7a200e2cedf18739f05ef41",
		"version": "Imatest 24.2.6 Master Color/Tone Auto",
		"build": "2025-03-20",
		"image_file": "potted plant_18.0 mm_1600ISO_-3EV_Dist2_ON_Focused.tiff",
		"ColorSpace": "sRGB",
		"Reference": "Default values",
		"Ref_folder": "/usr/local/Imatest/v24.2/Master/",
		"Gamma": [0.4343],
		"patches_for_gamma_start_end": [1,5],
		"exposure_error_normalized_y_channel": [-0.265],
		"mean_camera_Saturation_Pct": ["_NaN_"],
		"mean_chroma_level_CPIQ_Pct": ["_NaN_"],
		"CPIQ_chroma_quality_loss_JND": ["_NaN_"],
		"CPIQ_exposure_quality_loss_JND": ["_NaN_"],
		"pixel_offset": [0],
		"mean_patch_size_pxls": [96,103],
		"roi_settings": "Recent ROI settings are in roi, nwid_save, nht_save, fillf, and distort (same names as ini file)",
		"roi": [3053,1801,3657,1925,3053,1927,3657,1793],
		"nwid_save": [6024],
		"nht_save": [4020],
		"fillf": [0.8],
		"distort": [0],
		"grayscale_zone": [1,2,3,4,5],
		"grayscale_minus_log_exposure": [2,1.513,1.025,0.5375,0.05],
		"grayscale_Y_reflectivity": [0.01,0.03073,0.09441,0.2901,0.8913],
		"grayscale_Y_Printer_pixel_gamma22": [33.13,55.18,91.91,153.1,255],
		"grayscale_Y_density": [0.6349,0.7635,0.9752,1.308,1.72],
		"grayscale_R_density": [0.63,0.7631,0.9849,1.294,1.557],
		"grayscale_G_density": [0.6383,0.7644,0.9731,1.312,1.795],
		"grayscale_B_density": [0.6157,0.756,0.968,1.316,1.636],
		"grayscale_Y_mean": [59.11,43.96,27,12.54,4.853],
		"grayscale_R_mean": [59.77,44,26.4,12.95,7.075],
		"grayscale_G_mean": [58.65,43.87,27.13,12.43,4.089],
		"grayscale_B_mean": [61.77,44.72,27.45,12.32,5.891],
		"White_Bal_error_Degrees": [336.8,139.5,249.1,-213.7,-829],
		"White_Bal_error_Mired": [-7.58,-3.233,-5.678,5.231,22.49],
		"White_Bal_error_S_HSV": [0.05059,0.01903,0.03809,0.04846,0.4221],
		"White_Bal_error_Delta_C_ab": [2.131,0.5947,0.4345,0.1729,1.109],
		"White_Bal_error_Delta_C_94": [2.131,0.5947,0.4345,0.1729,1.109],
		"White_Bal_error_Delta_C_00": [2.381,0.6531,0.5189,0.2321,1.544],
		"n_Patch": [1,2,3,4,5],
		"n_Row": [1,1,1,1,1],
		"n_Column": [1,2,3,4,5],
		"width_pixels": [97,98,97,97,97],
		"height_pixels": [105,105,105,105,105],
		"Pixels_total": [10185,10290,10185,10185,10185],
		"R_reference": [242.4,146.6,86.6,49.01,25.46],
		"G_reference": [242.4,146.6,86.6,49.01,25.46],
		"B_reference": [242.4,146.6,86.6,49.01,25.46],
		"R_input": [59.77,44,26.4,12.95,7.075],
		"G_input": [58.65,43.87,27.13,12.43,4.089],
		"B_input": [61.77,44.72,27.45,12.32,5.891],
		"L_reference": [95.63,60.79,36.82,20.33,8.991],
		"a_reference": [0,0,0,0,0],
		"b_reference": [0,0,0,0,0],
		"L_input": [24.92,17.98,9.767,3.488,1.331],
		"a_input": [1.197,0.2618,-0.2636,0.1402,1.031],
		"b_input": [-1.763,-0.534,-0.3454,0.1011,-0.4074],
		"x_reference": [0.3127,0.3127,0.3127,0.3127,0.3127],
		"y_reference": [0.329,0.329,0.329,0.329,0.329],
		"Y_reference": [0.8913,0.2901,0.09441,0.03073,0.01],
		"x_input": [0.3087,0.3108,0.3086,0.3166,0.3295],
		"y_input": [0.3182,0.3253,0.327,0.3301,0.2938],
		"Y_input": [0.04391,0.02515,0.01096,0.003861,0.001473],
		"LUV_comment": "L2 is used to differentiate between the L in LAB and L in LUV.",
		"L2_reference": [805.1,262,85.28,27.75,9.033],
		"U_reference": [0.1978,0.1978,0.1978,0.1978,0.1978],
		"V_reference": [0.4683,0.4683,0.4683,0.4683,0.4683],
		"L2_input": [39.66,22.71,9.9,3.488,1.331],
		"U_input": [0.1991,0.1979,0.1957,0.2002,0.2246],
		"V_input": [0.4618,0.466,0.4666,0.4695,0.4507],
		"patch_numbers_for_all_Delta_E_C": [1,2,3,4,5],
		"Delta_E_all": [70.7,42.8,27.1,16.8,7.74],
		"Delta_C_all": [2.13,0.595,0.434,0.173,1.11],
		"Delta_E94_all": [70.7,42.8,27.1,16.8,7.74],
		"Delta_C94_all": [2.13,0.595,0.434,0.173,1.11],
		"Delta_E2000_all": [62,37.3,19.4,10.7,4.84],
		"Delta_C2000_all": [2.38,0.653,0.519,0.232,1.54],
		"Delta_L_all": [-70.7,-42.8,-27.1,-16.8,-7.66],
		"Delta_Chroma_all": [2.13,0.595,0.434,0.173,1.11],
		"Delta_Hue_Distance_all": [0,0,0,0,0],
		"Delta_Hue_Degrees_all": [0,0,0,0,0],
		"sat_corr_comment": "sat_corr explained on https://www.imatest.com/docs/colorcheck/#satcorr - not recommended.",
		"Delta_C_all_sat_corr": ["_NaN_","_NaN_","_NaN_","_NaN_","_NaN_"],
		"Delta_C94_all_sat_corr": ["_NaN_","_NaN_","_NaN_","_NaN_","_NaN_"],
		"Delta_C2000_all_sat_corr": ["_NaN_","_NaN_","_NaN_","_NaN_","_NaN_"],
		"grayscale_patch_numbers": [1,2,3,4,5],
		"Delta_E": [70.7,42.8,27.1,16.8,7.74],
		"Delta_C": [2.13,0.595,0.434,0.173,1.11],
		"Delta_E94": [70.7,42.8,27.1,16.8,7.74],
		"Delta_C94": [2.13,0.595,0.434,0.173,1.11],
		"Delta_E2000": [62,37.3,19.4,10.7,4.84],
		"Delta_C2000": [2.38,0.653,0.519,0.232,1.54],
		"Delta_L": [-70.7,-42.8,-27.1,-16.8,-7.66],
		"Delta_Chroma": [2.13,0.595,0.434,0.173,1.11],
		"Delta_Hue_Distance": [0,0,0,0,0],
		"Delta_Hue_Degrees": [0,0,0,0,0],
		"mean_Delta_E": [33],
		"mean_Delta_C": [0.888],
		"mean_Delta_E94": [33],
		"mean_Delta_C94": [0.888],
		"mean_Delta_E2000": [26.9],
		"mean_Delta_C2000": [1.07],
		"mean_Delta_L": [-33],
		"mean_Delta_Chroma": [0.888],
		"mean_Delta_Hue_Distance": [0],
		"mean_Delta_Hue_Degrees": [0],
		"mean_Delta_C_sat_corr": ["_NaN_"],
		"mean_Delta_C94_sat_corr": ["_NaN_"],
		"mean_Delta_C2000_sat_corr": ["_NaN_"],
		"max_Delta_E": [70.7],
		"max_Delta_C": [2.13],
		"max_Delta_E94": [70.7],
		"max_Delta_C94": [2.13],
		"max_Delta_E2000": [62],
		"max_Delta_C2000": [2.38],
		"max_Delta_L": [-7.66],
		"max_Delta_Chroma": [2.13],
		"max_Delta_Hue_Distance": [0],
		"max_Delta_Hue_Degrees": [0],
		"max_Delta_C_sat_corr": ["_NaN_"],
		"max_Delta_C94_sat_corr": ["_NaN_"],
		"max_Delta_C2000_sat_corr": ["_NaN_"],
		"mean_RegionSize": [10108.8],
		"Sequence_dark_to_light": [5,4,3,2,1],
		"Patch_number": [5,4,3,2,1],
		"R_noise": [0.02761,0.03606,0.03742,0.02907,0.02614],
		"G_noise": [0.01698,0.02453,0.0208,0.01703,0.01604],
		"B_noise": [0.0222,0.03032,0.02779,0.02219,0.02055],
		"R_SNR_ratio": [1.005,1.409,2.767,5.936,8.967],
		"G_SNR_ratio": [0.9443,1.988,5.115,10.1,14.34],
		"B_SNR_ratio": [1.041,1.594,3.873,7.902,11.79],
		"R_SNR_dB": [0.0425,2.976,8.839,15.47,19.05],
		"G_SNR_dB": [-0.4981,5.968,14.18,20.09,23.13],
		"B_SNR_dB": [0.3457,4.049,11.76,17.95,21.43],
		"Gb_noise": [0.01446,0.01981,0.0175,0.01427,0.01316],
		"Gb_SNR_ratio": [1.316,2.482,6.049,12.08,17.61],
		"Gb_SNR_dB": [2.386,7.896,15.63,21.64,24.92],
		"Y_f_stop_SNR_ratio": [2.788,2.725,2.174,1.354,1.286],
		"Y_f_stop_SNR_dB": [8.905,8.706,6.744,2.63,2.186],
		"quality_levels_for_DR": [
				"Low,",
				"Medium,",
				"M-H,",
				"High,"
		],
		"SigNoise_levels_for_DR": [1,0.5,0.25,0.1],
		"Dynamic_Range_f_stops": [0,3.471,0,0],
		"Dynamic_Range_dB": [0,20.9,0,0],
		"noise_ISO15739_pct": [0.3351,0.609,1.153,2.146,2.723],
		"snr_ISO15739": [0.4397,0.634,0.9501,1.172,1.613],
		"noise_pct_ISO15739_at_13pct_Lref": [2.418],
		"snr_ISO15739_at_13pct_Lref": [1.38],
		"snr_dB_ISO15739_at_13pct_Lref": [2.797],
		"DynamicRange_at_density_2": [1253],
		"DynamicRange_total": [34.55],
		"DynamicRange_from_slope_OD": [1.95],
		"DynamicRange_from_slope_EV": [6.474],
		"DynamicRange_from_slope_dB": [39],
		"SNR_BW_dB_RGBY": [15.96,20.61,18.31,22.14],
		"L_noise": [1.07,1.709,2.109,1.679,1.487],
		"a_noise": [2.848,4.709,5.845,4.551,4.106],
		"b_noise": [2.598,4.414,5.389,4.26,3.859],
		"Total_Lab_noise_unwtd": [4,6.676,8.225,6.455,5.827],
		"Total_ab_noise_unwtd": [3.855,6.454,7.95,6.233,5.634],
		"R_minus_Y_KK_noise": [0.02342,0.03205,0.03188,0.02489,0.02274],
		"B_minus_Y_KK_noise": [0.02324,0.03392,0.03056,0.02417,0.0229],
		"Y_Kelly_Keelan_noise": [0.01446,0.01981,0.0175,0.01427,0.01316],
		"Total_KK_noise": [0.02024,0.02793,0.02592,0.02068,0.01907],
		"Chroma_KK_noise": [0.01416,0.0197,0.01912,0.01497,0.0138],
		"Total_old_iso_noise": [0.02543,0.03513,0.03326,0.02633,0.02425],
		"Y_noise_from_YUV": [0.01446,0.0198,0.0175,0.01427,0.01316],
		"U_noise_from_YUV": [0.01092,0.01594,0.01436,0.01135,0.01076],