{
	"jsonResults": {
		"dateRun": "13-May-2025 10:11:17",
		"ini_time_size": "13-May-2025 10:00:00 19023B  MD5 = e705635ea7a200e2cedf18739f05ef41",
		"version": "Imatest 24.2.6 Master Color/Tone Auto",
		"build": "2025-03-20",
		"image_file": "potted plant_18.0 mm_6400ISO_-1EV_Dist2_ON_Focused.tiff",
		"ColorSpace": "sRGB",
		"Reference": "Default values",
		"Ref_folder": "/usr/local/Imatest/v24.2/Master/",
		"Gamma": [0.3655],
		"patches_for_gamma_start_end": [1,5],
		"exposure_error_normalized_y_channel": [-0.194],
		"mean_camera_Saturation_Pct": ["_NaN_"],
		"mean_chroma_level_CPIQ_Pct": ["_NaN_"],
		"CPIQ_chroma_quality_loss_JND": ["_NaN_"],
		"CPIQ_exposure_quality_loss_JND": ["_NaN_"],
		"pixel_offset": [0],
		"mean_patch_size_pxls": [96,103],
		"roi_settings": "Recent ROI settings are in roi, nwid_save, nht_save, fillf, and distort (same names as ini file)",
		"roi": [3053,1801,3657,1925,3053,1927,3657,1793],
		"nwid_save": [6024],
		"nht_save": [4020],
		"fillf": [0.8],
		"distort": [0],
		"grayscale_zone": [1,2,3,4,5],
		"grayscale_minus_log_exposure": [2,1.513,1.025,0.5375,0.05],
		"grayscale_Y_reflectivity": [0.01,0.03073,0.09441,0.2901,0.8913],
		"grayscale_Y_Printer_pixel_gamma22": [33.13,55.18,91.91,153.1,255],
		"grayscale_Y_density": [0.3474,0.4652,0.6434,0.9125,1.254],
		"grayscale_R_density": [0.348,0.4695,0.6594,0.9074,1.131],
		"grayscale_G_density": [0.3489,0.4655,0.6401,0.9149,1.307],
		"grayscale_B_density": [0.3305,0.4504,0.6305,0.9047,1.184],
		"grayscale_Y_mean": [114.6,87.36,57.96,31.19,14.21],
		"grayscale_R_mean": [114.4,86.51,55.87,31.56,18.84],
		"grayscale_G_mean": [114.2,87.31,58.41,31.02,12.58],
		"grayscale_B_mean": [119.1,90.39,59.72,31.76,16.7],
		"White_Bal_error_Degrees": [419.3,418.1,534.9,65.16,-696.8],
		"White_Bal_error_Mired": [-9.323,-9.298,-11.7,-1.527,18.47],
		"White_Bal_error_S_HSV": [0.04156,0.04295,0.06443,0.02314,0.332],
		"White_Bal_error_Delta_C_ab": [2.924,1.932,1.416,0.6022,3.181],
		"White_Bal_error_Delta_C_94": [2.924,1.932,1.416,0.6022,3.181],
		"White_Bal_error_Delta_C_00": [2.968,1.888,1.597,0.7629,4.146],
		"n_Patch": [1,2,3,4,5],
		"n_Row": [1,1,1,1,1],
		"n_Column": [1,2,3,4,5],
		"width_pixels": [97,98,97,97,97],
		"height_pixels": [105,105,105,105,105],
		"Pixels_total": [10185,10290,10185,10185,10185],
		"R_reference": [242.4,146.6,86.6,49.01,25.46],
		"G_reference": [242.4,146.6,86.6,49.01,25.46],
		"B_reference": [242.4,146.6,86.6,49.01,25.46],
		"R_input": [114.4,86.51,55.87,31.56,18.84],
		"G_input": [114.2,87.31,58.41,31.02,12.58],
		"B_input": [119.1,90.39,59.72,31.76,16.7],
		"L_reference": [95.63,60.79,36.82,20.33,8.991],
		"a_reference": [0,0,0,0,0],
		"b_reference": [0,0,0,0,0],
		"L_input": [48.28,37.14,24.41,11.85,4.099],
		"a_input": [1.119,0.3517,-0.7686,0.4382,2.938],
		"b_input": [-2.701,-1.9,-1.189,-0.413,-1.22],
		"x_reference": [0.3127,0.3127,0.3127,0.3127,0.3127],
		"y_reference": [0.329,0.329,0.329,0.329,0.329],
		"Y_reference": [0.8913,0.2901,0.09441,0.03073,0.01],
		"x_input": [0.3071,0.3068,0.3042,0.3122,0.3275],
		"y_input": [0.3193,0.3213,0.3243,0.3249,0.2954],
		"Y_input": [0.1702,0.09614,0.04228,0.01384,0.004537],
		"LUV_comment": "L2 is used to differentiate between the L in LAB and L in LUV.",
		"L2_reference": [805.1,262,85.28,27.75,9.033],
		"U_reference": [0.1978,0.1978,0.1978,0.1978,0.1978],
		"V_reference": [0.4683,0.4683,0.4683,0.4683,0.4683],
		"L2_input": [153.7,86.85,38.19,12.5,4.099],
		"U_input": [0.1976,0.1966,0.1936,0.199,0.2224],
		"V_input": [0.4622,0.4632,0.4645,0.466,0.4514],
		"patch_numbers_for_all_Delta_E_C": [1,2,3,4,5],
		"Delta_E_all": [47.4,23.7,12.5,8.5,5.84],
		"Delta_C_all": [2.92,1.93,1.42,0.602,3.18],
		"Delta_E94_all": [47.4,23.7,12.5,8.5,5.84],
		"Delta_C94_all": [2.92,1.93,1.42,0.602,3.18],
		"Delta_E2000_all": [35.9,23.6,9.8,5.69,5.1],
		"Delta_C2000_all": [2.97,1.89,1.6,0.763,4.15],
		"Delta_L_all": [-47.3,-23.6,-12.4,-8.48,-4.89],
		"Delta_Chroma_all": [2.92,1.93,1.42,0.602,3.18],
		"Delta_Hue_Distance_all": [0,0,0,0,0],
		"Delta_Hue_Degrees_all": [0,0,0,0,0],
		"sat_corr_comment": "sat_corr explained on https://www.imatest.com/docs/colorcheck/#satcorr - not recommended.",
		"Delta_C_all_sat_corr": ["_NaN_","_NaN_","_NaN_","_NaN_","_NaN_"],
		"Delta_C94_all_sat_corr": ["_NaN_","_NaN_","_NaN_","_NaN_","_NaN_"],
		"Delta_C2000_all_sat_corr": ["_NaN_","_NaN_","_NaN_","_NaN_","_NaN_"],
		"grayscale_patch_numbers": [1,2,3,4,5],
		"Delta_E": [47.4,23.7,12.5,8.5,5.84],
		"Delta_C": [2.92,1.93,1.42,0.602,3.18],
		"Delta_E94": [47.4,23.7,12.5,8.5,5.84],
		"Delta_C94": [2.92,1.93,1.42,0.602,3.18],
		"Delta_E2000": [35.9,23.6,9.8,5.69,5.1],
		"Delta_C2000": [2.97,1.89,1.6,0.763,4.15],
		"Delta_L": [-47.3,-23.6,-12.4,-8.48,-4.89],
		"Delta_Chroma": [2.92,1.93,1.42,0.602,3.18],
		"Delta_Hue_Distance": [0,0,0,0,0],
		"Delta_Hue_Degrees": [0,0,0,0,0],
		"mean_Delta_E": [19.6],
		"mean_Delta_C": [2.01],
		"mean_Delta_E94": [19.6],
		"mean_Delta_C94": [2.01],
		"mean_Delta_E2000": [16],
		"mean_Delta_C2000": [2.27],
		"mean_Delta_L": [-19.4],
		"mean_Delta_Chroma": [2.01],
		"mean_Delta_Hue_Distance": [0],
		"mean_Delta_Hue_Degrees": [0],
		"mean_Delta_C_sat_corr": ["_NaN_"],
		"mean_Delta_C94_sat_corr": ["_NaN_"],
		"mean_Delta_C2000_sat_corr": ["_NaN_"],
		"max_Delta_E": [47.4],
		"max_Delta_C": [3.18],
		"max_Delta_E94": [47.4],
		"max_Delta_C94": [3.18],
		"max_Delta_E2000": [35.9],
		"max_Delta_C2000": [4.15],
		"max_Delta_L": [-4.89],
		"max_Delta_Chroma": [3.18],
		"max_Delta_Hue_Distance": [0],
		"max_Delta_Hue_Degrees": [0],
		"max_Delta_C_sat_corr": ["_NaN_"],
		"max_Delta_C94_sat_corr": ["_NaN_"],
		"max_Delta_C2000_sat_corr": ["_NaN_"],
		"mean_RegionSize": [10108.8],
		"Sequence_dark_to_light": [5,4,3,2,1],
		"Patch_number": [5,4,3,2,1],
		"R_noise": [0.0608,0.07149,0.0646,0.05099,0.04429],
		"G_noise": [0.04368,0.04817,0.03555,0.02981,0.02736],
		"B_noise": [0.05123,0.05973,0.04664,0.03784,0.03302],
		"R_SNR_ratio": [1.215,1.731,3.391,6.653,10.13],
		"G_SNR_ratio": [1.13,2.526,6.442,11.49,16.37],
		"B_SNR_ratio": [1.279,2.085,5.021,9.367,14.15],
		"R_SNR_dB": [1.693,4.768,10.61,16.46,20.11],
		"G_SNR_dB": [1.06,8.047,16.18,21.2,24.28],
		"B_SNR_dB": [2.135,6.382,14.02,19.43,23.01],
		"Gb_noise": [0.03533,0.03866,0.03007,0.02484,0.02268],
		"Gb_SNR_ratio": [1.578,3.164,7.559,13.79,19.81],
		"Gb_SNR_dB": [3.96,10,17.57,22.79,25.94],
		"Y_f_stop_SNR_ratio": [2.907,2.76,2.262,1.37,1.164],
		"Y_f_stop_SNR_dB": [9.27,8.819,7.088,2.736,1.318],
		"quality_levels_for_DR": [
				"Low,",
				"Medium,",
				"M-H,",
				"High,"
		],
		"SigNoise_levels_for_DR": [1,0.5,0.25,0.1],
		"Dynamic_Range_f_stops": [0,3.565,0,0],
		"Dynamic_Range_dB": [0,21.46,0,0],
		"noise_ISO15739_pct": [0.3407,0.5103,0.9183,1.793,2.257],
		"snr_ISO15739": [1.332,2.712,4.604,5.363,7.542],
		"noise_pct_ISO15739_at_13pct_Lref": [2.077],
		"snr_ISO15739_at_13pct_Lref": [6.697],
		"snr_dB_ISO15739_at_13pct_Lref": [16.52],
		"DynamicRange_at_density_2": [1477],
		"DynamicRange_total": [0],
		"DynamicRange_from_slope_OD": [1.95],
		"DynamicRange_from_slope_EV": [6.474],
		"DynamicRange_from_slope_dB": [39],
		"SNR_BW_dB_RGBY": [16.14,20.81,18.73,22.39],
		"L_noise": [3.538,4.331,3.301,2.619,2.292],
		"a_noise": [9.279,11.63,8.922,7.188,6.068],
		"b_noise": [8.456,10.96,8.556,6.503,5.386],
		"Total_Lab_noise_unwtd": [13.04,16.56,12.79,10.04,8.431],
		"Total_ab_noise_unwtd": [12.55,15.98,12.36,9.693,8.113],
		"R_minus_Y_KK_noise": [0.05459,0.06404,0.05482,0.04392,0.03858],
		"B_minus_Y_KK_noise": [0.0565,0.06646,0.0516,0.04128,0.03575],
		"Y_Kelly_Keelan_noise": [0.03533,0.03866,0.03007,0.02484,0.02268],
		"Total_KK_noise": [0.04858,0.05502,0.04446,0.03613,0.03228],
		"Chroma_KK_noise": [0.03335,0.03915,0.03276,0.02623,0.02297],
		"Total_old_iso_noise": [0.06055,0.06947,0.05704,0.04609,0.04088],
		"Y_noise_from_YUV": [0.03532,0.03865,0.03007,0.02484,0.02268],
		"U_noise_from_YUV": [0.02655,0.03123,0.02425,0.0194,0.0168],