{
	"jsonResults": {
		"dateRun": "13-May-2025 10:11:17",
		"ini_time_size": "13-May-2025 10:00:00 19023B  MD5 = e705635ea7a200e2cedf18739f05ef41",
		"version": "Imatest 24.2.6 Master Color/Tone Auto",
		"build": "2025-03-20",
		"image_file": "potted plant_18.0 mm_25600ISO_-3EV_Dist2_OFF_Defocus2.tiff",
		"ColorSpace": "sRGB",
		"Reference": "Default values",
		"Ref_folder": "/usr/local/Imatest/v24.2/Master/",
		"Gamma": [0.3076],
		"patches_for_gamma_start_end": [1,5],
		"exposure_error_normalized_y_channel": [-0.271],
		"mean_camera_Saturation_Pct": ["_NaN_"],
		"mean_chroma_level_CPIQ_Pct": ["_NaN_"],
		"CPIQ_chroma_quality_loss_JND": ["_NaN_"],
		"CPIQ_exposure_quality_loss_JND": ["_NaN_"],
		"pixel_offset": [0],
		"mean_patch_size_pxls": [96,103],
		"roi_settings": "Recent ROI settings are in roi, nwid_save, nht_save, fillf, and distort (same names as ini file)",
		"roi": [3053,1801,3657,1925,3053,1927,3657,1793],
		"nwid_save": [6024],
		"nht_save": [4020],
		"fillf": [0.8],
		"distort": [0],
		"grayscale_zone": [1,2,3,4,5],
		"grayscale_minus_log_exposure": [2,1.513,1.025,0.5375,0.05],
		"grayscale_Y_reflectivity": [0.01,0.03073,0.09441,0.2901,0.8913],
		"grayscale_Y_Printer_pixel_gamma22": [33.13,55.18,91.91,153.1,255],
		"grayscale_Y_density": [0.6849,0.8301,0.9801,1.103,1.138],
		"grayscale_R_density": [0.7044,0.8138,0.8839,0.9464,0.9619],
		"grayscale_G_density": [0.6818,0.8399,1.019,1.175,1.221],
		"grayscale_B_density": [0.6603,0.7853,0.9312,1.006,1.039],
		"grayscale_Y_mean": [52.68,37.71,26.7,20.13,18.58],
		"grayscale_R_mean": [50.37,39.15,33.31,28.85,27.84],
		"grayscale_G_mean": [53.05,36.87,24.41,17.04,15.35],
		"grayscale_B_mean": [55.75,41.81,29.88,25.15,23.32],
		"White_Bal_error_Degrees": [870.6,735.6,-794.4,-1171,-1586],
		"White_Bal_error_Mired": [-18.17,-15.64,21.42,33.81,49.65],
		"White_Bal_error_S_HSV": [0.09651,0.1182,0.2672,0.4093,0.4487],
		"White_Bal_error_Delta_C_ab": [2.156,3.674,6.047,8.204,7.936],
		"White_Bal_error_Delta_C_94": [2.156,3.674,6.047,8.204,7.936],
		"White_Bal_error_Delta_C_00": [2.12,4.057,7.314,9.301,9.127],
		"n_Patch": [1,2,3,4,5],
		"n_Row": [1,1,1,1,1],
		"n_Column": [1,2,3,4,5],
		"width_pixels": [97,98,97,97,97],
		"height_pixels": [105,105,105,105,105],
		"Pixels_total": [10185,10290,10185,10185,10185],
		"R_reference": [242.4,146.6,86.6,49.01,25.46],
		"G_reference": [242.4,146.6,86.6,49.01,25.46],
		"B_reference": [242.4,146.6,86.6,49.01,25.46],
		"R_input": [50.37,39.15,33.31,28.85,27.84],
		"G_input": [53.05,36.87,24.41,17.04,15.35],
		"B_input": [55.75,41.81,29.88,25.15,23.32],
		"L_reference": [95.63,60.79,36.82,20.33,8.991],
		"a_reference": [0,0,0,0,0],
		"b_reference": [0,0,0,0,0],
		"L_input": [22.02,15.03,9.736,6.612,5.956],
		"a_input": [-0.4978,2.27,5.664,7.548,7.433],
		"b_input": [-2.098,-2.889,-2.117,-3.216,-2.78],
		"x_reference": [0.3127,0.3127,0.3127,0.3127,0.3127],
		"y_reference": [0.329,0.329,0.329,0.329,0.329],
		"Y_reference": [0.8913,0.2901,0.09441,0.03073,0.01],
		"x_input": [0.3001,0.3053,0.3289,0.3341,0.3396],
		"y_input": [0.3186,0.3054,0.298,0.2777,0.2771],
		"Y_input": [0.03521,0.01915,0.01092,0.00732,0.006593],
		"LUV_comment": "L2 is used to differentiate between the L in LAB and L in LUV.",
		"L2_reference": [805.1,262,85.28,27.75,9.033],
		"U_reference": [0.1978,0.1978,0.1978,0.1978,0.1978],
		"V_reference": [0.4683,0.4683,0.4683,0.4683,0.4683],
		"L2_input": [31.81,17.3,9.865,6.612,5.956],
		"U_input": [0.1929,0.2017,0.2223,0.2359,0.2406],
		"V_input": [0.4608,0.454,0.4532,0.4413,0.4417],
		"patch_numbers_for_all_Delta_E_C": [1,2,3,4,5],
		"Delta_E_all": [73.6,45.9,27.8,16,8.5],
		"Delta_C_all": [2.16,3.67,6.05,8.2,7.94],
		"Delta_E94_all": [73.6,45.9,27.8,16,8.5],
		"Delta_C94_all": [2.16,3.67,6.05,8.2,7.94],
		"Delta_E2000_all": [65.9,39.3,20.7,12.9,9.31],
		"Delta_C2000_all": [2.12,4.06,7.31,9.3,9.13],
		"Delta_L_all": [-73.6,-45.8,-27.1,-13.7,-3.04],
		"Delta_Chroma_all": [2.16,3.67,6.05,8.2,7.94],
		"Delta_Hue_Distance_all": [0,0,0,0,0],
		"Delta_Hue_Degrees_all": [0,0,0,0,0],
		"sat_corr_comment": "sat_corr explained on https://www.imatest.com/docs/colorcheck/#satcorr - not recommended.",
		"Delta_C_all_sat_corr": ["_NaN_","_NaN_","_NaN_","_NaN_","_NaN_"],
		"Delta_C94_all_sat_corr": ["_NaN_","_NaN_","_NaN_","_NaN_","_NaN_"],
		"Delta_C2000_all_sat_corr": ["_NaN_","_NaN_","_NaN_","_NaN_","_NaN_"],
		"grayscale_patch_numbers": [1,2,3,4,5],
		"Delta_E": [73.6,45.9,27.8,16,8.5],
		"Delta_C": [2.16,3.67,6.05,8.2,7.94],
		"Delta_E94": [73.6,45.9,27.8,16,8.5],
		"Delta_C94": [2.16,3.67,6.05,8.2,7.94],
		"Delta_E2000": [65.9,39.3,20.7,12.9,9.31],
		"Delta_C2000": [2.12,4.06,7.31,9.3,9.13],
		"Delta_L": [-73.6,-45.8,-27.1,-13.7,-3.04],
		"Delta_Chroma": [2.16,3.67,6.05,8.2,7.94],
		"Delta_Hue_Distance": [0,0,0,0,0],
		"Delta_Hue_Degrees": [0,0,0,0,0],
		"mean_Delta_E": [34.4],
		"mean_Delta_C": [5.6],
		"mean_Delta_E94": [34.4],
		"mean_Delta_C94": [5.6],
		"mean_Delta_E2000": [29.6],
		"mean_Delta_C2000": [6.38],
		"mean_Delta_L": [-32.6],
		"mean_Delta_Chroma": [5.6],
		"mean_Delta_Hue_Distance": [0],
		"mean_Delta_Hue_Degrees": [0],
		"mean_Delta_C_sat_corr": ["_NaN_"],
		"mean_Delta_C94_sat_corr": ["_NaN_"],
		"mean_Delta_C2000_sat_corr": ["_NaN_"],
		"max_Delta_E": [73.6],
		"max_Delta_C": [8.2],
		"max_Delta_E94": [73.6],
		"max_Delta_C94": [8.2],
		"max_Delta_E2000": [65.9],
		"max_Delta_C2000": [9.3],
		"max_Delta_L": [-3.04],
		"max_Delta_Chroma": [8.2],
		"max_Delta_Hue_Distance": [0],
		"max_Delta_Hue_Degrees": [0],
		"max_Delta_C_sat_corr": ["_NaN_"],
		"max_Delta_C94_sat_corr": ["_NaN_"],
		"max_Delta_C2000_sat_corr": ["_NaN_"],
		"mean_RegionSize": [10108.8],
		"Sequence_dark_to_light": [5,4,3,2,1],
		"Patch_number": [5,4,3,2,1],
		"R_noise": [0.09722,0.09935,0.1063,0.1167,0.1221],
		"G_noise": [0.07165,0.07448,0.08534,0.09357,0.08989],
		"B_noise": [0.0847,0.08851,0.09432,0.1038,0.1035],
		"R_SNR_ratio": [1.123,1.139,1.229,1.316,1.618],
		"G_SNR_ratio": [0.84,0.8972,1.122,1.545,2.314],
		"B_SNR_ratio": [1.08,1.114,1.242,1.58,2.113],
		"R_SNR_dB": [1.006,1.129,1.788,2.383,4.18],
		"G_SNR_dB": [-1.514,-0.9421,0.9982,3.779,7.289],
		"B_SNR_dB": [0.6659,0.9397,1.884,3.971,6.497],
		"Gb_noise": [0.05915,0.06157,0.06929,0.07583,0.07297],
		"Gb_SNR_ratio": [1.231,1.282,1.511,1.95,2.831],
		"Gb_SNR_dB": [1.809,2.16,3.585,5.801,9.038],
		"Y_f_stop_SNR_ratio": [0.4966,0.4147,0.307,0.1597,0.06377],
		"Y_f_stop_SNR_dB": [-6.079,-7.644,-10.26,-15.93,-23.91],
		"quality_levels_for_DR": [
				"Low,",
				"Medium,",
				"M-H,",
				"High,"
		],
		"SigNoise_levels_for_DR": [1,0.5,0.25,0.1],
		"Dynamic_Range_f_stops": [0,0,0,0],
		"Dynamic_Range_dB": [0,0,0,0],
		"noise_ISO15739_pct": [2.298,2.679,4.415,7.862,8.99],
		"snr_ISO15739": [0.287,0.2732,0.2474,0.2436,0.3917],
		"noise_pct_ISO15739_at_13pct_Lref": ["_NaN_"],
		"snr_ISO15739_at_13pct_Lref": ["_NaN_"],
		"snr_dB_ISO15739_at_13pct_Lref": ["_NaN_"],
		"DynamicRange_at_density_2": [0],
		"DynamicRange_total": [0],
		"DynamicRange_from_slope_OD": [1.95],
		"DynamicRange_from_slope_EV": [6.474],
		"DynamicRange_from_slope_dB": [39],
		"SNR_BW_dB_RGBY": [0.7764,2.695,1.794,4.521],
		"L_noise": [6.577,6.84,7.63,8.234,7.667],
		"a_noise": [14.78,15.15,16.56,17.72,17.67],
		"b_noise": [14.52,14.7,16.61,18.75,18.05],
		"Total_Lab_noise_unwtd": [21.74,22.19,24.67,27.08,26.4],
		"Total_ab_noise_unwtd": [20.72,21.11,23.46,25.8,25.26],
		"R_minus_Y_KK_noise": [0.08579,0.0879,0.09612,0.1045,0.1088],
		"B_minus_Y_KK_noise": [0.08996,0.09176,0.1037,0.1182,0.1159],
		"Y_Kelly_Keelan_noise": [0.05915,0.06157,0.06929,0.07583,0.07297],
		"Total_KK_noise": [0.07915,0.08178,0.09124,0.1001,0.09905],
		"Chroma_KK_noise": [0.05259,0.05382,0.05936,0.06541,0.06697],
		"Total_old_iso_noise": [0.09749,0.1004,0.1115,0.1224,0.1227],
		"Y_noise_from_YUV": [0.05915,0.06157,0.06928,0.07582,0.07296],
		"U_noise_from_YUV": [0.04227,0.04311,0.04871,0.05554,0.05446],
		"V_noise_from_YUV": [0.06699,0.06864,0.07506,0.08164,0.08497],