{
	"jsonResults": {
		"dateRun": "13-May-2025 10:11:17",
		"ini_time_size": "13-May-2025 10:00:00 19023B  MD5 = e705635ea7a200e2cedf18739f05ef41",
		"version": "Imatest 24.2.6 Master Color/Tone Auto",
		"build": "2025-03-20",
		"image_file": "potted plant_18.0 mm_6400ISO_-1EV_Dist2_OFF_Defocus1.tiff",
		"ColorSpace": "sRGB",
		"Reference": "Default values",
		"Ref_folder": "/usr/local/Imatest/v24.2/Master/",
		"Gamma": [0.367],
		"patches_for_gamma_start_end": [1,5],
		"exposure_error_normalized_y_channel": [-0.193],
		"mean_camera_Saturation_Pct": ["_NaN_"],
		"mean_chroma_level_CPIQ_Pct": ["_NaN_"],
		"CPIQ_chroma_quality_loss_JND": ["_NaN_"],
		"CPIQ_exposure_quality_loss_JND": ["_NaN_"],
		"pixel_offset": [0],
		"mean_patch_size_pxls": [96,103],
		"roi_settings": "Recent ROI settings are in roi, nwid_save, nht_save, fillf, and distort (same names as ini file)",
		"roi": [3053,1801,3657,1925,3053,1927,3657,1793],
		"nwid_save": [6024],
		"nht_save": [4020],
		"fillf": [0.8],
		"distort": [0],
		"grayscale_zone": [1,2,3,4,5],
		"grayscale_minus_log_exposure": [2,1.513,1.025,0.5375,0.05],
		"grayscale_Y_reflectivity": [0.01,0.03073,0.09441,0.2901,0.8913],
		"grayscale_Y_Printer_pixel_gamma22": [33.13,55.18,91.91,153.1,255],
		"grayscale_Y_density": [0.3471,0.4639,0.6428,0.9066,1.221],
		"grayscale_R_density": [0.3491,0.4669,0.656,0.9026,1.118],
		"grayscale_G_density": [0.3481,0.4641,0.6405,0.909,1.264],
		"grayscale_B_density": [0.3307,0.453,0.6277,0.894,1.162],
		"grayscale_Y_mean": [114.7,87.63,58.04,31.62,15.33],
		"grayscale_R_mean": [114.1,87.03,56.3,31.91,19.43],
		"grayscale_G_mean": [114.4,87.58,58.35,31.44,13.88],
		"grayscale_B_mean": [119.1,89.85,60.09,32.55,17.57],
		"White_Bal_error_Degrees": [432,298.7,542.3,170.1,-556.9],
		"White_Bal_error_Mired": [-9.587,-6.76,-11.85,-3.924,14.42],
		"White_Bal_error_S_HSV": [0.04142,0.03143,0.06308,0.03396,0.2858],
		"White_Bal_error_Delta_C_ab": [2.754,1.419,1.46,0.8385,2.971],
		"White_Bal_error_Delta_C_94": [2.754,1.419,1.46,0.8385,2.971],
		"White_Bal_error_Delta_C_00": [2.74,1.404,1.496,0.9834,3.89],
		"n_Patch": [1,2,3,4,5],
		"n_Row": [1,1,1,1,1],
		"n_Column": [1,2,3,4,5],
		"width_pixels": [97,98,97,97,97],
		"height_pixels": [105,105,105,105,105],
		"Pixels_total": [10185,10290,10185,10185,10185],
		"R_reference": [242.4,146.6,86.6,49.01,25.46],
		"G_reference": [242.4,146.6,86.6,49.01,25.46],
		"B_reference": [242.4,146.6,86.6,49.01,25.46],
		"R_input": [114.1,87.03,56.3,31.91,19.43],
		"G_input": [114.4,87.58,58.35,31.44,13.88],
		"B_input": [119.1,89.85,60.09,32.55,17.57],
		"L_reference": [95.63,60.79,36.82,20.33,8.991],
		"a_reference": [0,0,0,0,0],
		"b_reference": [0,0,0,0,0],
		"L_input": [48.32,37.25,24.44,12.07,4.48],
		"a_input": [0.8663,0.2674,-0.461,0.4966,2.735],
		"b_input": [-2.615,-1.394,-1.385,-0.6757,-1.161],
		"x_reference": [0.3127,0.3127,0.3127,0.3127,0.3127],
		"y_reference": [0.329,0.329,0.329,0.329,0.329],
		"Y_reference": [0.8913,0.2901,0.09441,0.03073,0.01],
		"x_input": [0.3068,0.3084,0.3044,0.3107,0.3251],
		"y_input": [0.3198,0.3233,0.3228,0.3229,0.2996],
		"Y_input": [0.1705,0.09674,0.04238,0.01416,0.00496],
		"LUV_comment": "L2 is used to differentiate between the L in LAB and L in LUV.",
		"L2_reference": [805.1,262,85.28,27.75,9.033],
		"U_reference": [0.1978,0.1978,0.1978,0.1978,0.1978],
		"V_reference": [0.4683,0.4683,0.4683,0.4683,0.4683],
		"L2_input": [154,87.39,38.28,12.79,4.48],
		"U_input": [0.1972,0.1969,0.1943,0.1987,0.2187],
		"V_input": [0.4624,0.4646,0.4637,0.4647,0.4536],
		"patch_numbers_for_all_Delta_E_C": [1,2,3,4,5],
		"Delta_E_all": [47.4,23.6,12.5,8.31,5.4],
		"Delta_C_all": [2.75,1.42,1.46,0.839,2.97],
		"Delta_E94_all": [47.4,23.6,12.5,8.31,5.4],
		"Delta_C94_all": [2.75,1.42,1.46,0.839,2.97],
		"Delta_E2000_all": [35.9,23.5,9.76,5.59,4.76],
		"Delta_C2000_all": [2.74,1.4,1.5,0.983,3.89],
		"Delta_L_all": [-47.3,-23.5,-12.4,-8.27,-4.51],
		"Delta_Chroma_all": [2.75,1.42,1.46,0.839,2.97],
		"Delta_Hue_Distance_all": [0,0,0,0,0],
		"Delta_Hue_Degrees_all": [0,0,0,0,0],
		"sat_corr_comment": "sat_corr explained on https://www.imatest.com/docs/colorcheck/#satcorr - not recommended.",
		"Delta_C_all_sat_corr": ["_NaN_","_NaN_","_NaN_","_NaN_","_NaN_"],
		"Delta_C94_all_sat_corr": ["_NaN_","_NaN_","_NaN_","_NaN_","_NaN_"],
		"Delta_C2000_all_sat_corr": ["_NaN_","_NaN_","_NaN_","_NaN_","_NaN_"],
		"grayscale_patch_numbers": [1,2,3,4,5],
		"Delta_E": [47.4,23.6,12.5,8.31,5.4],
		"Delta_C": [2.75,1.42,1.46,0.839,2.97],
		"Delta_E94": [47.4,23.6,12.5,8.31,5.4],
		"Delta_C94": [2.75,1.42,1.46,0.839,2.97],
		"Delta_E2000": [35.9,23.5,9.76,5.59,4.76],
		"Delta_C2000": [2.74,1.4,1.5,0.983,3.89],
		"Delta_L": [-47.3,-23.5,-12.4,-8.27,-4.51],
		"Delta_Chroma": [2.75,1.42,1.46,0.839,2.97],
		"Delta_Hue_Distance": [0,0,0,0,0],
		"Delta_Hue_Degrees": [0,0,0,0,0],
		"mean_Delta_E": [19.4],
		"mean_Delta_C": [1.89],
		"mean_Delta_E94": [19.4],
		"mean_Delta_C94": [1.89],
		"mean_Delta_E2000": [15.9],
		"mean_Delta_C2000": [2.1],
		"mean_Delta_L": [-19.2],
		"mean_Delta_Chroma": [1.89],
		"mean_Delta_Hue_Distance": [0],
		"mean_Delta_Hue_Degrees": [0],
		"mean_Delta_C_sat_corr": ["_NaN_"],
		"mean_Delta_C94_sat_corr": ["_NaN_"],
		"mean_Delta_C2000_sat_corr": ["_NaN_"],
		"max_Delta_E": [47.4],
		"max_Delta_C": [2.97],
		"max_Delta_E94": [47.4],
		"max_Delta_C94": [2.97],
		"max_Delta_E2000": [35.9],
		"max_Delta_C2000": [3.89],
		"max_Delta_L": [-4.51],
		"max_Delta_Chroma": [2.97],
		"max_Delta_Hue_Distance": [0],
		"max_Delta_Hue_Degrees": [0],
		"max_Delta_C_sat_corr": ["_NaN_"],
		"max_Delta_C94_sat_corr": ["_NaN_"],
		"max_Delta_C2000_sat_corr": ["_NaN_"],
		"mean_RegionSize": [10108.8],
		"Sequence_dark_to_light": [5,4,3,2,1],
		"Patch_number": [5,4,3,2,1],
		"R_noise": [0.06055,0.07136,0.06467,0.05042,0.04521],
		"G_noise": [0.0453,0.04733,0.035,0.02976,0.02731],
		"B_noise": [0.05185,0.05861,0.04588,0.03744,0.03311],
		"R_SNR_ratio": [1.259,1.754,3.414,6.768,9.9],
		"G_SNR_ratio": [1.202,2.605,6.538,11.54,16.43],
		"B_SNR_ratio": [1.329,2.178,5.136,9.412,14.1],
		"R_SNR_dB": [1.997,4.879,10.66,16.61,19.91],
		"G_SNR_dB": [1.595,8.317,16.31,21.24,24.31],
		"B_SNR_dB": [2.467,6.76,14.21,19.47,22.99],
		"Gb_noise": [0.03738,0.03827,0.02956,0.02497,0.0226],
		"Gb_SNR_ratio": [1.608,3.24,7.699,13.76,19.9],
		"Gb_SNR_dB": [4.126,10.21,17.73,22.77,25.98],
		"Y_f_stop_SNR_ratio": [2.899,2.746,2.294,1.351,1.056],
		"Y_f_stop_SNR_dB": [9.245,8.774,7.21,2.614,0.4709],
		"quality_levels_for_DR": [
				"Low,",
				"Medium,",
				"M-H,",
				"High,"
		],
		"SigNoise_levels_for_DR": [1,0.5,0.25,0.1],
		"Dynamic_Range_f_stops": [0,3.58,0,0],
		"Dynamic_Range_dB": [0,21.55,0,0],
		"noise_ISO15739_pct": [0.3746,0.522,0.9191,1.822,2.273],
		"snr_ISO15739": [1.324,2.713,4.611,5.308,7.498],
		"noise_pct_ISO15739_at_13pct_Lref": [2.095],
		"snr_ISO15739_at_13pct_Lref": [6.633],
		"snr_dB_ISO15739_at_13pct_Lref": [16.43],
		"DynamicRange_at_density_2": [1332],
		"DynamicRange_total": [0],
		"DynamicRange_from_slope_OD": [1.95],
		"DynamicRange_from_slope_EV": [6.474],
		"DynamicRange_from_slope_dB": [39],
		"SNR_BW_dB_RGBY": [16.2,20.78,18.79,22.31],
		"L_noise": [3.817,4.291,3.248,2.632,2.285],
		"a_noise": [9.067,11.49,8.969,6.989,6.186],
		"b_noise": [8.418,10.81,8.412,6.448,5.506],
		"Total_Lab_noise_unwtd": [12.95,16.34,12.72,9.866,8.591],
		"Total_ab_noise_unwtd": [12.37,15.77,12.3,9.509,8.282],
		"R_minus_Y_KK_noise": [0.05329,0.0632,0.05496,0.04318,0.03927],
		"B_minus_Y_KK_noise": [0.05575,0.06523,0.05085,0.04092,0.03655],
		"Y_Kelly_Keelan_noise": [0.03738,0.03827,0.02956,0.02497,0.0226],
		"Total_KK_noise": [0.04963,0.05435,0.04409,0.03593,0.03253],
		"Chroma_KK_noise": [0.03265,0.03859,0.03271,0.02584,0.0234],
		"Total_old_iso_noise": [0.06092,0.06857,0.05675,0.04566,0.04137],
		"Y_noise_from_YUV": [0.03737,0.03827,0.02956,0.02497,0.02259],
		"U_noise_from_YUV": [0.0262,0.03065,0.02389,0.01923,0.01717],