{
	"jsonResults": {
		"dateRun": "13-May-2025 10:11:17",
		"ini_time_size": "13-May-2025 10:00:00 19023B  MD5 = e705635ea7a200e2cedf18739f05ef41",
		"version": "Imatest 24.2.6 Master Color/Tone Auto",
		"build": "2025-03-20",
		"image_file": "potted plant_18.0 mm_6400ISO_-2EV_Dist2_ON_Defocus2.tiff",
		"ColorSpace": "sRGB",
		"Reference": "Default values",
		"Ref_folder": "/usr/local/Imatest/v24.2/Master/",
		"Gamma": [0.3971],
		"patches_for_gamma_start_end": [1,5],
		"exposure_error_normalized_y_channel": [-0.243],
		"mean_camera_Saturation_Pct": ["_NaN_"],
		"mean_chroma_level_CPIQ_Pct": ["_NaN_"],
		"CPIQ_chroma_quality_loss_JND": ["_NaN_"],
		"CPIQ_exposure_quality_loss_JND": ["_NaN_"],
		"pixel_offset": [0],
		"mean_patch_size_pxls": [96,103],
		"roi_settings": "Recent ROI settings are in roi, nwid_save, nht_save, fillf, and distort (same names as ini file)",
		"roi": [3053,1801,3657,1925,3053,1927,3657,1793],
		"nwid_save": [6024],
		"nht_save": [4020],
		"fillf": [0.8],
		"distort": [0],
		"grayscale_zone": [1,2,3,4,5],
		"grayscale_minus_log_exposure": [2,1.513,1.025,0.5375,0.05],
		"grayscale_Y_reflectivity": [0.01,0.03073,0.09441,0.2901,0.8913],
		"grayscale_Y_Printer_pixel_gamma22": [33.13,55.18,91.91,153.1,255],
		"grayscale_Y_density": [0.4977,0.6213,0.8148,1.084,1.267],
		"grayscale_R_density": [0.4961,0.6323,0.8272,1.045,1.144],
		"grayscale_G_density": [0.5001,0.6192,0.8119,1.1,1.323],
		"grayscale_B_density": [0.4793,0.6098,0.8083,1.058,1.175],
		"grayscale_Y_mean": [81.06,60.99,39.06,20.99,13.79],
		"grayscale_R_mean": [81.37,59.46,37.96,22.98,18.28],
		"grayscale_G_mean": [80.62,61.29,39.32,20.27,12.13],
		"grayscale_B_mean": [84.58,62.62,39.65,22.34,17.05],
		"White_Bal_error_Degrees": [398.5,426.4,303.5,-104.6,-295.4],
		"White_Bal_error_Mired": [-8.887,-9.472,-6.862,2.516,7.324],
		"White_Bal_error_S_HSV": [0.04687,0.0505,0.04248,0.1181,0.3366],
		"White_Bal_error_Delta_C_ab": [2.51,1.187,0.6872,1.95,3.408],
		"White_Bal_error_Delta_C_94": [2.51,1.187,0.6872,1.95,3.408],
		"White_Bal_error_Delta_C_00": [2.663,1.257,0.8927,2.583,4.312],
		"n_Patch": [1,2,3,4,5],
		"n_Row": [1,1,1,1,1],
		"n_Column": [1,2,3,4,5],
		"width_pixels": [97,98,97,97,97],
		"height_pixels": [105,105,105,105,105],
		"Pixels_total": [10185,10290,10185,10185,10185],
		"R_reference": [242.4,146.6,86.6,49.01,25.46],
		"G_reference": [242.4,146.6,86.6,49.01,25.46],
		"B_reference": [242.4,146.6,86.6,49.01,25.46],
		"R_input": [81.37,59.46,37.96,22.98,18.28],
		"G_input": [80.62,61.29,39.32,20.27,12.13],
		"B_input": [84.58,62.62,39.65,22.34,17.05],
		"L_reference": [95.63,60.79,36.82,20.33,8.991],
		"a_reference": [0,0,0,0,0],
		"b_reference": [0,0,0,0,0],
		"L_input": [34.48,25.76,15.67,6.783,3.957],
		"a_input": [1.174,-0.4582,-0.5349,1.724,2.991],
		"b_input": [-2.218,-1.095,-0.4315,-0.9103,-1.634],
		"x_reference": [0.3127,0.3127,0.3127,0.3127,0.3127],
		"y_reference": [0.329,0.329,0.329,0.329,0.329],
		"Y_reference": [0.8913,0.2901,0.09441,0.03073,0.01],
		"x_input": [0.3076,0.306,0.3076,0.3165,0.3223],
		"y_input": [0.3185,0.3244,0.3274,0.3145,0.2885],
		"Y_input": [0.08243,0.04667,0.02035,0.007509,0.004381],
		"LUV_comment": "L2 is used to differentiate between the L in LAB and L in LUV.",
		"L2_reference": [805.1,262,85.28,27.75,9.033],
		"U_reference": [0.1978,0.1978,0.1978,0.1978,0.1978],
		"V_reference": [0.4683,0.4683,0.4683,0.4683,0.4683],
		"L2_input": [74.46,42.15,18.38,6.783,3.957],
		"U_input": [0.1983,0.1949,0.1948,0.2062,0.2216],
		"V_input": [0.4618,0.4649,0.4667,0.4609,0.4463],
		"patch_numbers_for_all_Delta_E_C": [1,2,3,4,5],
		"Delta_E_all": [61.2,35,21.2,13.7,6.08],
		"Delta_C_all": [2.51,1.19,0.687,1.95,3.41],
		"Delta_E94_all": [61.2,35,21.2,13.7,6.08],
		"Delta_C94_all": [2.51,1.19,0.687,1.95,3.41],
		"Delta_E2000_all": [50.3,32.3,15.7,9.16,5.28],
		"Delta_C2000_all": [2.66,1.26,0.893,2.58,4.31],
		"Delta_L_all": [-61.1,-35,-21.2,-13.5,-5.03],
		"Delta_Chroma_all": [2.51,1.19,0.687,1.95,3.41],
		"Delta_Hue_Distance_all": [0,0,0,0,0],
		"Delta_Hue_Degrees_all": [0,0,0,0,0],
		"sat_corr_comment": "sat_corr explained on https://www.imatest.com/docs/colorcheck/#satcorr - not recommended.",
		"Delta_C_all_sat_corr": ["_NaN_","_NaN_","_NaN_","_NaN_","_NaN_"],
		"Delta_C94_all_sat_corr": ["_NaN_","_NaN_","_NaN_","_NaN_","_NaN_"],
		"Delta_C2000_all_sat_corr": ["_NaN_","_NaN_","_NaN_","_NaN_","_NaN_"],
		"grayscale_patch_numbers": [1,2,3,4,5],
		"Delta_E": [61.2,35,21.2,13.7,6.08],
		"Delta_C": [2.51,1.19,0.687,1.95,3.41],
		"Delta_E94": [61.2,35,21.2,13.7,6.08],
		"Delta_C94": [2.51,1.19,0.687,1.95,3.41],
		"Delta_E2000": [50.3,32.3,15.7,9.16,5.28],
		"Delta_C2000": [2.66,1.26,0.893,2.58,4.31],
		"Delta_L": [-61.1,-35,-21.2,-13.5,-5.03],
		"Delta_Chroma": [2.51,1.19,0.687,1.95,3.41],
		"Delta_Hue_Distance": [0,0,0,0,0],
		"Delta_Hue_Degrees": [0,0,0,0,0],
		"mean_Delta_E": [27.4],
		"mean_Delta_C": [1.95],
		"mean_Delta_E94": [27.4],
		"mean_Delta_C94": [1.95],
		"mean_Delta_E2000": [22.6],
		"mean_Delta_C2000": [2.34],
		"mean_Delta_L": [-27.2],
		"mean_Delta_Chroma": [1.95],
		"mean_Delta_Hue_Distance": [0],
		"mean_Delta_Hue_Degrees": [0],
		"mean_Delta_C_sat_corr": ["_NaN_"],
		"mean_Delta_C94_sat_corr": ["_NaN_"],
		"mean_Delta_C2000_sat_corr": ["_NaN_"],
		"max_Delta_E": [61.2],
		"max_Delta_C": [3.41],
		"max_Delta_E94": [61.2],
		"max_Delta_C94": [3.41],
		"max_Delta_E2000": [50.3],
		"max_Delta_C2000": [4.31],
		"max_Delta_L": [-5.03],
		"max_Delta_Chroma": [3.41],
		"max_Delta_Hue_Distance": [0],
		"max_Delta_Hue_Degrees": [0],
		"max_Delta_C_sat_corr": ["_NaN_"],
		"max_Delta_C94_sat_corr": ["_NaN_"],
		"max_Delta_C2000_sat_corr": ["_NaN_"],
		"mean_RegionSize": [10108.8],
		"Sequence_dark_to_light": [5,4,3,2,1],
		"Patch_number": [5,4,3,2,1],
		"R_noise": [0.05918,0.06533,0.07253,0.0633,0.05318],
		"G_noise": [0.04391,0.04924,0.04209,0.0338,0.03141],
		"B_noise": [0.05125,0.05726,0.05515,0.04469,0.03846],
		"R_SNR_ratio": [1.211,1.379,2.053,3.684,6],
		"G_SNR_ratio": [1.083,1.614,3.664,7.11,10.06],
		"B_SNR_ratio": [1.305,1.53,2.819,5.495,8.623],
		"R_SNR_dB": [1.666,2.794,6.247,11.33,15.56],
		"G_SNR_dB": [0.6954,4.159,11.28,17.04,20.06],
		"B_SNR_dB": [2.31,3.692,9.003,14.8,18.71],
		"Gb_noise": [0.03649,0.03967,0.03473,0.02863,0.02673],
		"Gb_SNR_ratio": [1.482,2.075,4.41,8.356,11.89],
		"Gb_SNR_dB": [3.418,6.341,12.89,18.44,21.51],
		"Y_f_stop_SNR_ratio": [1.818,1.776,1.394,0.7711,0.4778],
		"Y_f_stop_SNR_dB": [5.191,4.991,2.887,-2.258,-6.415],
		"quality_levels_for_DR": [
				"Low,",
				"Medium,",
				"M-H,",
				"High,"
		],
		"SigNoise_levels_for_DR": [1,0.5,0.25,0.1],
		"Dynamic_Range_f_stops": [4.029,0,0,0],
		"Dynamic_Range_dB": [24.25,0,0,0],
		"noise_ISO15739_pct": [0.7072,0.9779,1.666,2.977,3.779],
		"snr_ISO15739": [0.6194,0.7679,1.221,1.567,2.181],
		"noise_pct_ISO15739_at_13pct_Lref": [3.433],
		"snr_ISO15739_at_13pct_Lref": [1.916],
		"snr_dB_ISO15739_at_13pct_Lref": [5.647],
		"DynamicRange_at_density_2": [668.1],
		"DynamicRange_total": [86.54],
		"DynamicRange_from_slope_OD": [1.95],
		"DynamicRange_from_slope_EV": [6.474],
		"DynamicRange_from_slope_dB": [39],
		"SNR_BW_dB_RGBY": [11.42,16.86,14.44,18.31],
		"L_noise": [3.712,4.247,3.927,3.137,2.846],
		"a_noise": [8.747,10.67,10.85,8.686,7.315],
		"b_noise": [7.776,10,10.06,8.048,6.732],
		"Total_Lab_noise_unwtd": [12.28,15.23,15.31,12.25,10.34],
		"Total_ab_noise_unwtd": [11.7,14.62,14.8,11.84,9.941],
		"R_minus_Y_KK_noise": [0.0523,0.05886,0.06315,0.05392,0.04473],
		"B_minus_Y_KK_noise": [0.05184,0.0635,0.05986,0.04872,0.04225],
		"Y_Kelly_Keelan_noise": [0.03649,0.03967,0.03473,0.02863,0.02673],
		"Total_KK_noise": [0.04828,0.05381,0.05133,0.04289,0.03781],
		"Chroma_KK_noise": [0.03162,0.03635,0.03779,0.03194,0.02675],
		"Total_old_iso_noise": [0.05926,0.06661,0.06582,0.05532,0.04776],
		"Y_noise_from_YUV": [0.03649,0.03967,0.03473,0.02863,0.02673],
		"U_noise_from_YUV": [0.02436,0.02984,0.02813,0.02289,0.01985],