{
	"jsonResults": {
		"dateRun": "13-May-2025 10:11:17",
		"ini_time_size": "13-May-2025 10:00:00 19023B  MD5 = e705635ea7a200e2cedf18739f05ef41",
		"version": "Imatest 24.2.6 Master Color/Tone Auto",
		"build": "2025-03-20",
		"image_file": "potted plant_18.0 mm_1600ISO_-3EV_Dist2_OFF_Focused.tiff",
		"ColorSpace": "sRGB",
		"Reference": "Default values",
		"Ref_folder": "/usr/local/Imatest/v24.2/Master/",
		"Gamma": [0.4345],
		"patches_for_gamma_start_end": [1,5],
		"exposure_error_normalized_y_channel": [-0.265],
		"mean_camera_Saturation_Pct": ["_NaN_"],
		"mean_chroma_level_CPIQ_Pct": ["_NaN_"],
		"CPIQ_chroma_quality_loss_JND": ["_NaN_"],
		"CPIQ_exposure_quality_loss_JND": ["_NaN_"],
		"pixel_offset": [0],
		"mean_patch_size_pxls": [96,103],
		"roi_settings": "Recent ROI settings are in roi, nwid_save, nht_save, fillf, and distort (same names as ini file)",
		"roi": [3053,1801,3657,1925,3053,1927,3657,1793],
		"nwid_save": [6024],
		"nht_save": [4020],
		"fillf": [0.8],
		"distort": [0],
		"grayscale_zone": [1,2,3,4,5],
		"grayscale_minus_log_exposure": [2,1.513,1.025,0.5375,0.05],
		"grayscale_Y_reflectivity": [0.01,0.03073,0.09441,0.2901,0.8913],
		"grayscale_Y_Printer_pixel_gamma22": [33.13,55.18,91.91,153.1,255],
		"grayscale_Y_density": [0.6346,0.7647,0.9765,1.313,1.737],
		"grayscale_R_density": [0.6304,0.7615,0.9878,1.279,1.542],
		"grayscale_G_density": [0.6376,0.7667,0.9747,1.325,1.834],
		"grayscale_B_density": [0.6172,0.7545,0.9623,1.298,1.618],
		"grayscale_Y_mean": [59.15,43.84,26.92,12.41,4.672],
		"grayscale_R_mean": [59.73,44.16,26.23,13.43,7.328],
		"grayscale_G_mean": [58.74,43.63,27.03,12.06,3.735],
		"grayscale_B_mean": [61.56,44.88,27.81,12.84,6.148],
		"White_Bal_error_Degrees": [304.7,150.6,395.9,-172.4,-847.3],
		"White_Bal_error_Mired": [-6.89,-3.485,-8.832,4.192,23.06],
		"White_Bal_error_S_HSV": [0.04585,0.02786,0.05693,0.1021,0.4903],
		"White_Bal_error_Delta_C_ab": [1.922,0.9055,0.7002,0.5745,1.402],
		"White_Bal_error_Delta_C_94": [1.922,0.9055,0.7002,0.5745,1.402],
		"White_Bal_error_Delta_C_00": [2.155,1.061,0.7168,0.8189,1.913],
		"n_Patch": [1,2,3,4,5],
		"n_Row": [1,1,1,1,1],
		"n_Column": [1,2,3,4,5],
		"width_pixels": [97,98,97,97,97],
		"height_pixels": [105,105,105,105,105],
		"Pixels_total": [10185,10290,10185,10185,10185],
		"R_reference": [242.4,146.6,86.6,49.01,25.46],
		"G_reference": [242.4,146.6,86.6,49.01,25.46],
		"B_reference": [242.4,146.6,86.6,49.01,25.46],
		"R_input": [59.73,44.16,26.23,13.43,7.328],
		"G_input": [58.74,43.63,27.03,12.06,3.735],
		"B_input": [61.56,44.88,27.81,12.84,6.148],
		"L_reference": [95.63,60.79,36.82,20.33,8.991],
		"a_reference": [0,0,0,0,0],
		"b_reference": [0,0,0,0,0],
		"L_input": [24.94,17.93,9.727,3.449,1.281],
		"a_input": [1.071,0.5373,-0.1801,0.541,1.275],
		"b_input": [-1.596,-0.7288,-0.6766,-0.1932,-0.5827],
		"x_reference": [0.3127,0.3127,0.3127,0.3127,0.3127],
		"y_reference": [0.329,0.329,0.329,0.329,0.329],
		"Y_reference": [0.8913,0.2901,0.09441,0.03073,0.01],
		"x_input": [0.309,0.3109,0.3066,0.3168,0.3299],
		"y_input": [0.3193,0.3235,0.3241,0.3216,0.282],
		"Y_input": [0.04396,0.02502,0.01091,0.003818,0.001418],
		"LUV_comment": "L2 is used to differentiate between the L in LAB and L in LUV.",
		"L2_reference": [805.1,262,85.28,27.75,9.033],
		"U_reference": [0.1978,0.1978,0.1978,0.1978,0.1978],
		"V_reference": [0.4683,0.4683,0.4683,0.4683,0.4683],
		"L2_input": [39.71,22.6,9.854,3.449,1.281],
		"U_input": [0.1989,0.1986,0.1954,0.2035,0.2306],
		"V_input": [0.4625,0.4651,0.4648,0.4649,0.4434],
		"patch_numbers_for_all_Delta_E_C": [1,2,3,4,5],
		"Delta_E_all": [70.7,42.9,27.1,16.9,7.84],
		"Delta_C_all": [1.92,0.905,0.7,0.574,1.4],
		"Delta_E94_all": [70.7,42.9,27.1,16.9,7.84],
		"Delta_C94_all": [1.92,0.905,0.7,0.574,1.4],
		"Delta_E2000_all": [62,37.4,19.4,10.8,5],
		"Delta_C2000_all": [2.15,1.06,0.717,0.819,1.91],
		"Delta_L_all": [-70.7,-42.9,-27.1,-16.9,-7.71],
		"Delta_Chroma_all": [1.92,0.905,0.7,0.574,1.4],
		"Delta_Hue_Distance_all": [0,0,0,0,0],
		"Delta_Hue_Degrees_all": [0,0,0,0,0],
		"sat_corr_comment": "sat_corr explained on https://www.imatest.com/docs/colorcheck/#satcorr - not recommended.",
		"Delta_C_all_sat_corr": ["_NaN_","_NaN_","_NaN_","_NaN_","_NaN_"],
		"Delta_C94_all_sat_corr": ["_NaN_","_NaN_","_NaN_","_NaN_","_NaN_"],
		"Delta_C2000_all_sat_corr": ["_NaN_","_NaN_","_NaN_","_NaN_","_NaN_"],
		"grayscale_patch_numbers": [1,2,3,4,5],
		"Delta_E": [70.7,42.9,27.1,16.9,7.84],
		"Delta_C": [1.92,0.905,0.7,0.574,1.4],
		"Delta_E94": [70.7,42.9,27.1,16.9,7.84],
		"Delta_C94": [1.92,0.905,0.7,0.574,1.4],
		"Delta_E2000": [62,37.4,19.4,10.8,5],
		"Delta_C2000": [2.15,1.06,0.717,0.819,1.91],
		"Delta_L": [-70.7,-42.9,-27.1,-16.9,-7.71],
		"Delta_Chroma": [1.92,0.905,0.7,0.574,1.4],
		"Delta_Hue_Distance": [0,0,0,0,0],
		"Delta_Hue_Degrees": [0,0,0,0,0],
		"mean_Delta_E": [33.1],
		"mean_Delta_C": [1.1],
		"mean_Delta_E94": [33.1],
		"mean_Delta_C94": [1.1],
		"mean_Delta_E2000": [26.9],
		"mean_Delta_C2000": [1.33],
		"mean_Delta_L": [-33],
		"mean_Delta_Chroma": [1.1],
		"mean_Delta_Hue_Distance": [0],
		"mean_Delta_Hue_Degrees": [0],
		"mean_Delta_C_sat_corr": ["_NaN_"],
		"mean_Delta_C94_sat_corr": ["_NaN_"],
		"mean_Delta_C2000_sat_corr": ["_NaN_"],
		"max_Delta_E": [70.7],
		"max_Delta_C": [1.92],
		"max_Delta_E94": [70.7],
		"max_Delta_C94": [1.92],
		"max_Delta_E2000": [62],
		"max_Delta_C2000": [2.15],
		"max_Delta_L": [-7.71],
		"max_Delta_Chroma": [1.92],
		"max_Delta_Hue_Distance": [0],
		"max_Delta_Hue_Degrees": [0],
		"max_Delta_C_sat_corr": ["_NaN_"],
		"max_Delta_C94_sat_corr": ["_NaN_"],
		"max_Delta_C2000_sat_corr": ["_NaN_"],
		"mean_RegionSize": [10108.8],
		"Sequence_dark_to_light": [5,4,3,2,1],
		"Patch_number": [5,4,3,2,1],
		"R_noise": [0.02824,0.03527,0.03724,0.02914,0.0261],
		"G_noise": [0.0165,0.02466,0.02046,0.01693,0.01596],
		"B_noise": [0.02274,0.03038,0.02677,0.02254,0.0203],
		"R_SNR_ratio": [1.018,1.493,2.762,5.943,8.973],
		"G_SNR_ratio": [0.8878,1.917,5.181,10.1,14.44],
		"B_SNR_ratio": [1.06,1.657,4.074,7.809,11.89],
		"R_SNR_dB": [0.1527,3.48,8.825,15.48,19.06],
		"G_SNR_dB": [-1.034,5.654,14.29,20.09,23.19],
		"B_SNR_dB": [0.5074,4.388,12.2,17.85,21.51],
		"Gb_noise": [0.01412,0.02002,0.01727,0.01419,0.0131],
		"Gb_SNR_ratio": [1.297,2.43,6.111,12.11,17.71],
		"Gb_SNR_dB": [2.261,7.714,15.72,21.67,24.96],
		"Y_f_stop_SNR_ratio": [2.831,2.75,2.203,1.346,1.326],
		"Y_f_stop_SNR_dB": [9.04,8.787,6.86,2.578,2.448],
		"quality_levels_for_DR": [
				"Low,",
				"Medium,",
				"M-H,",
				"High,"
		],
		"SigNoise_levels_for_DR": [1,0.5,0.25,0.1],
		"Dynamic_Range_f_stops": [0,3.497,0,0],
		"Dynamic_Range_dB": [0,21.05,0,0],
		"noise_ISO15739_pct": [0.3257,0.6133,1.137,2.126,2.694],
		"snr_ISO15739": [0.4355,0.6226,0.9597,1.177,1.632],
		"noise_pct_ISO15739_at_13pct_Lref": [2.394],
		"snr_ISO15739_at_13pct_Lref": [1.391],
		"snr_dB_ISO15739_at_13pct_Lref": [2.869],
		"DynamicRange_at_density_2": [1288],
		"DynamicRange_total": [36.08],
		"DynamicRange_from_slope_OD": [1.95],
		"DynamicRange_from_slope_EV": [6.474],
		"DynamicRange_from_slope_dB": [39],
		"SNR_BW_dB_RGBY": [15.97,20.69,18.2,22.22],
		"L_noise": [1.045,1.722,2.088,1.675,1.482],
		"a_noise": [2.9,4.566,5.745,4.562,4.093],
		"b_noise": [2.664,4.381,5.208,4.267,3.778],
		"Total_Lab_noise_unwtd": [4.074,6.558,8.03,6.467,5.764],
		"Total_ab_noise_unwtd": [3.938,6.328,7.754,6.246,5.57],
		"R_minus_Y_KK_noise": [0.02393,0.03127,0.03172,0.02505,0.02276],
		"B_minus_Y_KK_noise": [0.02358,0.03373,0.02933,0.02419,0.02242],
		"Y_Kelly_Keelan_noise": [0.01412,0.02002,0.01727,0.01419,0.0131],
		"Total_KK_noise": [0.0202,0.02781,0.02559,0.02069,0.01898],
		"Chroma_KK_noise": [0.01444,0.01931,0.01888,0.01505,0.01374],
		"Total_old_iso_noise": [0.02559,0.03476,0.03286,0.02639,0.02416],
		"Y_noise_from_YUV": [0.01412,0.02001,0.01727,0.01419,0.0131],
		"U_noise_from_YUV": [0.01108,0.01585,0.01378,0.01137,0.01054],