{
	"jsonResults": {
		"dateRun": "13-May-2025 10:11:17",
		"ini_time_size": "13-May-2025 10:00:00 19023B  MD5 = e705635ea7a200e2cedf18739f05ef41",
		"version": "Imatest 24.2.6 Master Color/Tone Auto",
		"build": "2025-03-20",
		"image_file": "potted plant_18.0 mm_1600ISO_0EV_Dist2_OFF_Defocus2.tiff",
		"ColorSpace": "sRGB",
		"Reference": "Default values",
		"Ref_folder": "/usr/local/Imatest/v24.2/Master/",
		"Gamma": [0.3213],
		"patches_for_gamma_start_end": [1,5],
		"exposure_error_normalized_y_channel": [-0.0409],
		"mean_camera_Saturation_Pct": ["_NaN_"],
		"mean_chroma_level_CPIQ_Pct": ["_NaN_"],
		"CPIQ_chroma_quality_loss_JND": ["_NaN_"],
		"CPIQ_exposure_quality_loss_JND": ["_NaN_"],
		"pixel_offset": [0],
		"mean_patch_size_pxls": [96,103],
		"roi_settings": "Recent ROI settings are in roi, nwid_save, nht_save, fillf, and distort (same names as ini file)",
		"roi": [3053,1801,3657,1925,3053,1927,3657,1793],
		"nwid_save": [6024],
		"nht_save": [4020],
		"fillf": [0.8],
		"distort": [0],
		"grayscale_zone": [1,2,3,4,5],
		"grayscale_minus_log_exposure": [2,1.513,1.025,0.5375,0.05],
		"grayscale_Y_reflectivity": [0.01,0.03073,0.09441,0.2901,0.8913],
		"grayscale_Y_Printer_pixel_gamma22": [33.13,55.18,91.91,153.1,255],
		"grayscale_Y_density": [0.1632,0.2706,0.4272,0.6315,0.8253],
		"grayscale_R_density": [0.1635,0.2731,0.4307,0.6336,0.8393],
		"grayscale_G_density": [0.1642,0.2701,0.4265,0.6307,0.8205],
		"grayscale_B_density": [0.1532,0.2684,0.4243,0.6329,0.8322],
		"grayscale_Y_mean": [175.1,136.7,95.35,59.57,38.13],
		"grayscale_R_mean": [175,136,94.59,59.29,36.92],
		"grayscale_G_mean": [174.7,136.9,95.51,59.68,38.55],
		"grayscale_B_mean": [179.2,137.4,95.99,59.38,37.52],
		"White_Bal_error_Degrees": [249.3,97.4,126.2,9.168,79.14],
		"White_Bal_error_Mired": [-5.684,-2.271,-2.931,-0.2167,-1.851],
		"White_Bal_error_S_HSV": [0.02501,0.01076,0.01458,0.006498,0.04237],
		"White_Bal_error_Delta_C_ab": [2.454,0.4809,0.4824,0.2606,1.078],
		"White_Bal_error_Delta_C_94": [2.454,0.4809,0.4824,0.2606,1.078],
		"White_Bal_error_Delta_C_00": [2.52,0.5463,0.5556,0.3643,1.496],
		"n_Patch": [1,2,3,4,5],
		"n_Row": [1,1,1,1,1],
		"n_Column": [1,2,3,4,5],
		"width_pixels": [97,98,97,97,97],
		"height_pixels": [105,105,105,105,105],
		"Pixels_total": [10185,10290,10185,10185,10185],
		"R_reference": [242.4,146.6,86.6,49.01,25.46],
		"G_reference": [242.4,146.6,86.6,49.01,25.46],
		"B_reference": [242.4,146.6,86.6,49.01,25.46],
		"R_input": [175,136,94.59,59.29,36.92],
		"G_input": [174.7,136.9,95.51,59.68,38.55],
		"B_input": [179.2,137.4,95.99,59.38,37.52],
		"L_reference": [95.63,60.79,36.82,20.33,8.991],
		"a_reference": [0,0,0,0,0],
		"b_reference": [0,0,0,0,0],
		"L_input": [71.51,56.99,40.46,25.13,15.23],
		"a_input": [0.9425,-0.2444,-0.2591,-0.2316,-0.9938],
		"b_input": [-2.266,-0.4141,-0.4069,0.1195,0.4175],
		"x_reference": [0.3127,0.3127,0.3127,0.3127,0.3127],
		"y_reference": [0.329,0.329,0.329,0.329,0.329],
		"Y_reference": [0.8913,0.2901,0.09441,0.03073,0.01],
		"x_input": [0.3093,0.3111,0.3106,0.3125,0.3106],
		"y_input": [0.323,0.3281,0.3279,0.33,0.3341],
		"Y_input": [0.4293,0.2492,0.1153,0.04457,0.01951],
		"LUV_comment": "L2 is used to differentiate between the L in LAB and L in LUV.",
		"L2_reference": [805.1,262,85.28,27.75,9.033],
		"U_reference": [0.1978,0.1978,0.1978,0.1978,0.1978],
		"V_reference": [0.4683,0.4683,0.4683,0.4683,0.4683],
		"L2_input": [387.8,225.1,104.2,40.26,17.62],
		"U_input": [0.1977,0.1971,0.1968,0.1973,0.1945],
		"V_input": [0.4646,0.4676,0.4674,0.4688,0.4707],
		"patch_numbers_for_all_Delta_E_C": [1,2,3,4,5],
		"Delta_E_all": [24.2,3.82,3.67,4.8,6.33],
		"Delta_C_all": [2.45,0.481,0.482,0.261,1.08],
		"Delta_E94_all": [24.2,3.82,3.67,4.8,6.33],
		"Delta_C94_all": [2.45,0.481,0.482,0.261,1.08],
		"Delta_E2000_all": [16.3,3.43,3.19,3.44,4.26],
		"Delta_C2000_all": [2.52,0.546,0.556,0.364,1.5],
		"Delta_L_all": [-24.1,-3.79,3.64,4.79,6.23],
		"Delta_Chroma_all": [2.45,0.481,0.482,0.261,1.08],
		"Delta_Hue_Distance_all": [0,0,0,0,0],
		"Delta_Hue_Degrees_all": [0,0,0,0,0],
		"sat_corr_comment": "sat_corr explained on https://www.imatest.com/docs/colorcheck/#satcorr - not recommended.",
		"Delta_C_all_sat_corr": ["_NaN_","_NaN_","_NaN_","_NaN_","_NaN_"],
		"Delta_C94_all_sat_corr": ["_NaN_","_NaN_","_NaN_","_NaN_","_NaN_"],
		"Delta_C2000_all_sat_corr": ["_NaN_","_NaN_","_NaN_","_NaN_","_NaN_"],
		"grayscale_patch_numbers": [1,2,3,4,5],
		"Delta_E": [24.2,3.82,3.67,4.8,6.33],
		"Delta_C": [2.45,0.481,0.482,0.261,1.08],
		"Delta_E94": [24.2,3.82,3.67,4.8,6.33],
		"Delta_C94": [2.45,0.481,0.482,0.261,1.08],
		"Delta_E2000": [16.3,3.43,3.19,3.44,4.26],
		"Delta_C2000": [2.52,0.546,0.556,0.364,1.5],
		"Delta_L": [-24.1,-3.79,3.64,4.79,6.23],
		"Delta_Chroma": [2.45,0.481,0.482,0.261,1.08],
		"Delta_Hue_Distance": [0,0,0,0,0],
		"Delta_Hue_Degrees": [0,0,0,0,0],
		"mean_Delta_E": [8.57],
		"mean_Delta_C": [0.951],
		"mean_Delta_E94": [8.57],
		"mean_Delta_C94": [0.951],
		"mean_Delta_E2000": [6.12],
		"mean_Delta_C2000": [1.1],
		"mean_Delta_L": [-2.65],
		"mean_Delta_Chroma": [0.951],
		"mean_Delta_Hue_Distance": [0],
		"mean_Delta_Hue_Degrees": [0],
		"mean_Delta_C_sat_corr": ["_NaN_"],
		"mean_Delta_C94_sat_corr": ["_NaN_"],
		"mean_Delta_C2000_sat_corr": ["_NaN_"],
		"max_Delta_E": [24.2],
		"max_Delta_C": [2.45],
		"max_Delta_E94": [24.2],
		"max_Delta_C94": [2.45],
		"max_Delta_E2000": [16.3],
		"max_Delta_C2000": [2.52],
		"max_Delta_L": [6.23],
		"max_Delta_Chroma": [2.45],
		"max_Delta_Hue_Distance": [0],
		"max_Delta_Hue_Degrees": [0],
		"max_Delta_C_sat_corr": ["_NaN_"],
		"max_Delta_C94_sat_corr": ["_NaN_"],
		"max_Delta_C2000_sat_corr": ["_NaN_"],
		"mean_RegionSize": [10108.8],
		"Sequence_dark_to_light": [5,4,3,2,1],
		"Patch_number": [5,4,3,2,1],
		"R_noise": [0.05669,0.03673,0.02629,0.02468,0.02565],
		"G_noise": [0.04648,0.02787,0.01725,0.01658,0.01858],
		"B_noise": [0.05094,0.03225,0.02139,0.02075,0.02226],
		"R_SNR_ratio": [2.554,6.33,14.11,21.6,26.75],
		"G_SNR_ratio": [3.253,8.398,21.71,32.38,36.89],
		"B_SNR_ratio": [2.889,7.22,17.59,25.98,31.58],
		"R_SNR_dB": [8.145,16.03,22.99,26.69,28.55],
		"G_SNR_dB": [10.24,18.48,26.73,30.21,31.34],
		"B_SNR_dB": [9.215,17.17,24.91,28.29,29.99],
		"Gb_noise": [0.04471,0.02572,0.0149,0.01431,0.01703],
		"Gb_SNR_ratio": [3.344,9.084,25.09,37.48,40.33],
		"Gb_SNR_dB": [10.49,19.17,27.99,31.48,32.11],
		"Y_f_stop_SNR_ratio": [5.455,6.749,6.271,2.693,1.161],
		"Y_f_stop_SNR_dB": [14.74,16.58,15.95,8.606,1.298],
		"quality_levels_for_DR": [
				"Low,",
				"Medium,",
				"M-H,",
				"High,"
		],
		"SigNoise_levels_for_DR": [1,0.5,0.25,0.1],
		"Dynamic_Range_f_stops": [0,5.284,3.931,0],
		"Dynamic_Range_dB": [0,31.81,23.67,0],
		"noise_ISO15739_pct": [0.3851,0.2992,0.3866,0.8536,1.387],
		"snr_ISO15739": [5.065,14.9,29.83,29.19,30.94],
		"noise_pct_ISO15739_at_13pct_Lref": [1.112],
		"snr_ISO15739_at_13pct_Lref": [30.04],
		"snr_dB_ISO15739_at_13pct_Lref": [29.55],
		"DynamicRange_at_density_2": [1173],
		"DynamicRange_total": [0],
		"DynamicRange_from_slope_OD": [1.95],
		"DynamicRange_from_slope_EV": [6.474],
		"DynamicRange_from_slope_dB": [39],
		"SNR_BW_dB_RGBY": [25.28,28.73,26.78,30.01],
		"L_noise": [5.16,2.848,1.563,1.412,1.611],
		"a_noise": [6.221,4.713,3.589,3.214,2.83],
		"b_noise": [5.724,4.461,3.567,3.158,2.773],
		"Total_Lab_noise_unwtd": [9.904,7.087,5.296,4.722,4.277],
		"Total_ab_noise_unwtd": [8.454,6.489,5.06,4.506,3.962],
		"R_minus_Y_KK_noise": [0.03431,0.02684,0.02155,0.02033,0.01911],
		"B_minus_Y_KK_noise": [0.03338,0.02643,0.02284,0.02156,0.01981],
		"Y_Kelly_Keelan_noise": [0.04471,0.02572,0.0149,0.01431,0.01703],
		"Total_KK_noise": [0.04925,0.0304,0.01994,0.019,0.02065],
		"Chroma_KK_noise": [0.02065,0.0162,0.01325,0.0125,0.01168],
		"Total_old_iso_noise": [0.05414,0.03513,0.02455,0.02331,0.02422],
		"Y_noise_from_YUV": [0.04471,0.02572,0.0149,0.01431,0.01703],
		"U_noise_from_YUV": [0.01568,0.01242,0.01073,0.01013,0.009307],