{
	"jsonResults": {
		"dateRun": "13-May-2025 10:11:17",
		"ini_time_size": "13-May-2025 10:00:00 19023B  MD5 = e705635ea7a200e2cedf18739f05ef41",
		"version": "Imatest 24.2.6 Master Color/Tone Auto",
		"build": "2025-03-20",
		"image_file": "potted plant_18.0 mm_6400ISO_-3EV_Dist2_ON_Defocus1.tiff",
		"ColorSpace": "sRGB",
		"Reference": "Default values",
		"Ref_folder": "/usr/local/Imatest/v24.2/Master/",
		"Gamma": [0.4525],
		"patches_for_gamma_start_end": [1,5],
		"exposure_error_normalized_y_channel": [-0.267],
		"mean_camera_Saturation_Pct": ["_NaN_"],
		"mean_chroma_level_CPIQ_Pct": ["_NaN_"],
		"CPIQ_chroma_quality_loss_JND": ["_NaN_"],
		"CPIQ_exposure_quality_loss_JND": ["_NaN_"],
		"pixel_offset": [0],
		"mean_patch_size_pxls": [96,103],
		"roi_settings": "Recent ROI settings are in roi, nwid_save, nht_save, fillf, and distort (same names as ini file)",
		"roi": [3053,1801,3657,1925,3053,1927,3657,1793],
		"nwid_save": [6024],
		"nht_save": [4020],
		"fillf": [0.8],
		"distort": [0],
		"grayscale_zone": [1,2,3,4,5],
		"grayscale_minus_log_exposure": [2,1.513,1.025,0.5375,0.05],
		"grayscale_Y_reflectivity": [0.01,0.03073,0.09441,0.2901,0.8913],
		"grayscale_Y_Printer_pixel_gamma22": [33.13,55.18,91.91,153.1,255],
		"grayscale_Y_density": [0.6449,0.7844,1.005,1.286,1.476],
		"grayscale_R_density": [0.6534,0.7909,0.983,1.158,1.273],
		"grayscale_G_density": [0.6441,0.7837,1.013,1.341,1.58],
		"grayscale_B_density": [0.6288,0.7722,0.9893,1.214,1.343],
		"grayscale_Y_mean": [57.76,41.9,25.21,13.2,8.523],
		"grayscale_R_mean": [56.65,41.27,26.52,17.73,13.61],
		"grayscale_G_mean": [57.87,41.96,24.73,11.62,6.703],
		"grayscale_B_mean": [59.95,43.08,26.13,15.56,11.59],
		"White_Bal_error_Degrees": [490.3,339.1,-44.37,-741.9,-929.4],
		"White_Bal_error_Mired": [-10.79,-7.628,1.058,19.82,25.67],
		"White_Bal_error_S_HSV": [0.0551,0.04216,0.0674,0.3445,0.5076],
		"White_Bal_error_Delta_C_ab": [1.474,0.8438,1.4,2.925,2.861],
		"White_Bal_error_Delta_C_94": [1.474,0.8438,1.4,2.925,2.861],
		"White_Bal_error_Delta_C_00": [1.427,0.8291,1.877,3.849,3.732],
		"n_Patch": [1,2,3,4,5],
		"n_Row": [1,1,1,1,1],
		"n_Column": [1,2,3,4,5],
		"width_pixels": [97,98,97,97,97],
		"height_pixels": [105,105,105,105,105],
		"Pixels_total": [10185,10290,10185,10185,10185],
		"R_reference": [242.4,146.6,86.6,49.01,25.46],
		"G_reference": [242.4,146.6,86.6,49.01,25.46],
		"B_reference": [242.4,146.6,86.6,49.01,25.46],
		"R_input": [56.65,41.27,26.52,17.73,13.61],
		"G_input": [57.87,41.96,24.73,11.62,6.703],
		"B_input": [59.95,43.08,26.13,15.56,11.59],
		"L_reference": [95.63,60.79,36.82,20.33,8.991],
		"a_reference": [0,0,0,0,0],
		"b_reference": [0,0,0,0,0],
		"L_input": [24.32,17.01,8.87,3.757,2.361],
		"a_input": [-0.035,-0.03822,1.227,2.713,2.595],
		"b_input": [-1.474,-0.8429,-0.6738,-1.092,-1.203],
		"x_reference": [0.3127,0.3127,0.3127,0.3127,0.3127],
		"y_reference": [0.329,0.329,0.329,0.329,0.329],
		"Y_reference": [0.8913,0.2901,0.09441,0.03073,0.01],
		"x_input": [0.3055,0.3076,0.3148,0.3281,0.331],
		"y_input": [0.3216,0.3239,0.3201,0.2957,0.2775],
		"Y_input": [0.04198,0.02305,0.009854,0.004159,0.002614],
		"LUV_comment": "L2 is used to differentiate between the L in LAB and L in LUV.",
		"L2_reference": [805.1,262,85.28,27.75,9.033],
		"U_reference": [0.1978,0.1978,0.1978,0.1978,0.1978],
		"V_reference": [0.4683,0.4683,0.4683,0.4683,0.4683],
		"L2_input": [37.92,20.82,8.902,3.757,2.361],
		"U_input": [0.1956,0.1962,0.2027,0.2228,0.2336],
		"V_input": [0.4632,0.4648,0.4638,0.4517,0.4406],
		"patch_numbers_for_all_Delta_E_C": [1,2,3,4,5],
		"Delta_E_all": [71.3,43.8,28,16.8,7.22],
		"Delta_C_all": [1.47,0.844,1.4,2.92,2.86],
		"Delta_E94_all": [71.3,43.8,28,16.8,7.22],
		"Delta_C94_all": [1.47,0.844,1.4,2.92,2.86],
		"Delta_E2000_all": [62.8,37.9,20,11.3,5.46],
		"Delta_C2000_all": [1.43,0.829,1.88,3.85,3.73],
		"Delta_L_all": [-71.3,-43.8,-27.9,-16.6,-6.63],
		"Delta_Chroma_all": [1.47,0.844,1.4,2.92,2.86],
		"Delta_Hue_Distance_all": [0,0,0,0,0],
		"Delta_Hue_Degrees_all": [0,0,0,0,0],
		"sat_corr_comment": "sat_corr explained on https://www.imatest.com/docs/colorcheck/#satcorr - not recommended.",
		"Delta_C_all_sat_corr": ["_NaN_","_NaN_","_NaN_","_NaN_","_NaN_"],
		"Delta_C94_all_sat_corr": ["_NaN_","_NaN_","_NaN_","_NaN_","_NaN_"],
		"Delta_C2000_all_sat_corr": ["_NaN_","_NaN_","_NaN_","_NaN_","_NaN_"],
		"grayscale_patch_numbers": [1,2,3,4,5],
		"Delta_E": [71.3,43.8,28,16.8,7.22],
		"Delta_C": [1.47,0.844,1.4,2.92,2.86],
		"Delta_E94": [71.3,43.8,28,16.8,7.22],
		"Delta_C94": [1.47,0.844,1.4,2.92,2.86],
		"Delta_E2000": [62.8,37.9,20,11.3,5.46],
		"Delta_C2000": [1.43,0.829,1.88,3.85,3.73],
		"Delta_L": [-71.3,-43.8,-27.9,-16.6,-6.63],
		"Delta_Chroma": [1.47,0.844,1.4,2.92,2.86],
		"Delta_Hue_Distance": [0,0,0,0,0],
		"Delta_Hue_Degrees": [0,0,0,0,0],
		"mean_Delta_E": [33.4],
		"mean_Delta_C": [1.9],
		"mean_Delta_E94": [33.4],
		"mean_Delta_C94": [1.9],
		"mean_Delta_E2000": [27.5],
		"mean_Delta_C2000": [2.34],
		"mean_Delta_L": [-33.2],
		"mean_Delta_Chroma": [1.9],
		"mean_Delta_Hue_Distance": [0],
		"mean_Delta_Hue_Degrees": [0],
		"mean_Delta_C_sat_corr": ["_NaN_"],
		"mean_Delta_C94_sat_corr": ["_NaN_"],
		"mean_Delta_C2000_sat_corr": ["_NaN_"],
		"max_Delta_E": [71.3],
		"max_Delta_C": [2.92],
		"max_Delta_E94": [71.3],
		"max_Delta_C94": [2.92],
		"max_Delta_E2000": [62.8],
		"max_Delta_C2000": [3.85],
		"max_Delta_L": [-6.63],
		"max_Delta_Chroma": [2.92],
		"max_Delta_Hue_Distance": [0],
		"max_Delta_Hue_Degrees": [0],
		"max_Delta_C_sat_corr": ["_NaN_"],
		"max_Delta_C94_sat_corr": ["_NaN_"],
		"max_Delta_C2000_sat_corr": ["_NaN_"],
		"mean_RegionSize": [10108.8],
		"Sequence_dark_to_light": [5,4,3,2,1],
		"Patch_number": [5,4,3,2,1],
		"R_noise": [0.05141,0.05907,0.06686,0.06964,0.0635],
		"G_noise": [0.03347,0.042,0.04928,0.04092,0.03553],
		"B_noise": [0.04327,0.04999,0.05766,0.05327,0.04617],
		"R_SNR_ratio": [1.038,1.177,1.555,2.324,3.498],
		"G_SNR_ratio": [0.7854,1.085,1.968,4.021,6.387],
		"B_SNR_ratio": [1.05,1.221,1.777,3.172,5.091],
		"R_SNR_dB": [0.3272,1.415,3.836,7.324,10.88],
		"G_SNR_dB": [-2.098,0.7084,5.881,12.09,16.11],
		"B_SNR_dB": [0.4243,1.732,4.996,10.03,14.14],
		"Gb_noise": [0.02851,0.03425,0.03958,0.03418,0.02978],
		"Gb_SNR_ratio": [1.172,1.512,2.498,4.807,7.607],
		"Gb_SNR_dB": [1.381,3.59,7.95,13.64,17.62],
		"Y_f_stop_SNR_ratio": [1.29,1.153,0.8775,0.5899,0.3973],
		"Y_f_stop_SNR_dB": [2.212,1.236,-1.135,-4.584,-8.017],
		"quality_levels_for_DR": [
				"Low,",
				"Medium,",
				"M-H,",
				"High,"
		],
		"SigNoise_levels_for_DR": [1,0.5,0.25,0.1],
		"Dynamic_Range_f_stops": [2.409,0,0,0],
		"Dynamic_Range_dB": [14.5,0,0,0],
		"noise_ISO15739_pct": [0.9951,1.484,3.15,5.553,6.38],
		"snr_ISO15739": [0.2626,0.2802,0.3129,0.4151,0.6581],
		"noise_pct_ISO15739_at_13pct_Lref": [5.898],
		"snr_ISO15739_at_13pct_Lref": [0.5165],
		"snr_dB_ISO15739_at_13pct_Lref": [-5.739],
		"DynamicRange_at_density_2": [395.2],
		"DynamicRange_total": [0],
		"DynamicRange_from_slope_OD": [1.95],
		"DynamicRange_from_slope_EV": [6.474],
		"DynamicRange_from_slope_dB": [39],
		"SNR_BW_dB_RGBY": [7.991,12.61,10.32,14.17],
		"L_noise": [2.618,3.375,4.337,3.852,3.278],
		"a_noise": [6.771,8.887,11.05,10.19,8.98],
		"b_noise": [6.251,8.113,10.49,9.817,8.419],
		"Total_Lab_noise_unwtd": [9.58,12.5,15.84,14.66,12.74],
		"Total_ab_noise_unwtd": [9.215,12.03,15.24,14.15,12.31],
		"R_minus_Y_KK_noise": [0.04372,0.05243,0.06008,0.05983,0.05443],
		"B_minus_Y_KK_noise": [0.04443,0.05474,0.06509,0.05829,0.05062],
		"Y_Kelly_Keelan_noise": [0.02851,0.03425,0.03958,0.03418,0.02978],
		"Total_KK_noise": [0.03899,0.04694,0.05429,0.04966,0.04403],
		"Chroma_KK_noise": [0.02659,0.03211,0.03715,0.03602,0.03243],
		"Total_old_iso_noise": [0.0485,0.05841,0.06749,0.06327,0.0565],
		"Y_noise_from_YUV": [0.02851,0.03424,0.03958,0.03418,0.02977],
		"U_noise_from_YUV": [0.02088,0.02572,0.03058,0.02739,0.02378],