{
	"jsonResults": {
		"dateRun": "13-May-2025 10:11:17",
		"ini_time_size": "13-May-2025 10:00:00 19023B  MD5 = e705635ea7a200e2cedf18739f05ef41",
		"version": "Imatest 24.2.6 Master Color/Tone Auto",
		"build": "2025-03-20",
		"image_file": "potted plant_18.0 mm_6400ISO_-3EV_Dist2_OFF_Defocus2.tiff",
		"ColorSpace": "sRGB",
		"Reference": "Default values",
		"Ref_folder": "/usr/local/Imatest/v24.2/Master/",
		"Gamma": [0.4348],
		"patches_for_gamma_start_end": [1,5],
		"exposure_error_normalized_y_channel": [-0.267],
		"mean_camera_Saturation_Pct": ["_NaN_"],
		"mean_chroma_level_CPIQ_Pct": ["_NaN_"],
		"CPIQ_chroma_quality_loss_JND": ["_NaN_"],
		"CPIQ_exposure_quality_loss_JND": ["_NaN_"],
		"pixel_offset": [0],
		"mean_patch_size_pxls": [96,103],
		"roi_settings": "Recent ROI settings are in roi, nwid_save, nht_save, fillf, and distort (same names as ini file)",
		"roi": [3053,1801,3657,1925,3053,1927,3657,1793],
		"nwid_save": [6024],
		"nht_save": [4020],
		"fillf": [0.8],
		"distort": [0],
		"grayscale_zone": [1,2,3,4,5],
		"grayscale_minus_log_exposure": [2,1.513,1.025,0.5375,0.05],
		"grayscale_Y_reflectivity": [0.01,0.03073,0.09441,0.2901,0.8913],
		"grayscale_Y_Printer_pixel_gamma22": [33.13,55.18,91.91,153.1,255],
		"grayscale_Y_density": [0.6455,0.7818,0.9938,1.262,1.386],
		"grayscale_R_density": [0.6427,0.7917,0.9679,1.154,1.225],
		"grayscale_G_density": [0.6478,0.7791,1.002,1.307,1.457],
		"grayscale_B_density": [0.6315,0.7806,0.9895,1.205,1.317],
		"grayscale_Y_mean": [57.68,42.14,25.87,13.94,10.49],
		"grayscale_R_mean": [58.06,41.19,27.46,17.88,15.18],
		"grayscale_G_mean": [57.38,42.41,25.37,12.57,8.909],
		"grayscale_B_mean": [59.57,42.26,26.12,15.91,12.3],
		"White_Bal_error_Degrees": [249.7,171.4,-286.6,-633.1,-1178],
		"White_Bal_error_Mired": [-5.691,-3.952,7.097,16.6,34.07],
		"White_Bal_error_S_HSV": [0.0367,0.02875,0.07599,0.2971,0.4132],
		"White_Bal_error_Delta_C_ab": [1.486,0.5903,1.215,2.59,2.441],
		"White_Bal_error_Delta_C_94": [1.486,0.5903,1.215,2.59,2.441],
		"White_Bal_error_Delta_C_00": [1.665,0.8618,1.742,3.448,3.313],
		"n_Patch": [1,2,3,4,5],
		"n_Row": [1,1,1,1,1],
		"n_Column": [1,2,3,4,5],
		"width_pixels": [97,98,97,97,97],
		"height_pixels": [105,105,105,105,105],
		"Pixels_total": [10185,10290,10185,10185,10185],
		"R_reference": [242.4,146.6,86.6,49.01,25.46],
		"G_reference": [242.4,146.6,86.6,49.01,25.46],
		"B_reference": [242.4,146.6,86.6,49.01,25.46],
		"R_input": [58.06,41.19,27.46,17.88,15.18],
		"G_input": [57.38,42.41,25.37,12.57,8.909],
		"B_input": [59.57,42.26,26.12,15.91,12.3],
		"L_reference": [95.63,60.79,36.82,20.33,8.991],
		"a_reference": [0,0,0,0,0],
		"b_reference": [0,0,0,0,0],
		"L_input": [24.28,17.13,9.203,3.987,2.925],
		"a_input": [0.7929,-0.5824,1.204,2.411,2.341],
		"b_input": [-1.257,-0.09594,-0.1642,-0.9449,-0.6915],
		"x_reference": [0.3127,0.3127,0.3127,0.3127,0.3127],
		"y_reference": [0.329,0.329,0.329,0.329,0.329],
		"Y_reference": [0.8913,0.2901,0.09441,0.03073,0.01],
		"x_input": [0.3096,0.3095,0.3186,0.3262,0.3349],
		"y_input": [0.3213,0.3297,0.3243,0.301,0.2972],
		"Y_input": [0.04187,0.0233,0.01026,0.004414,0.003238],
		"LUV_comment": "L2 is used to differentiate between the L in LAB and L in LUV.",
		"L2_reference": [805.1,262,85.28,27.75,9.033],
		"U_reference": [0.1978,0.1978,0.1978,0.1978,0.1978],
		"V_reference": [0.4683,0.4683,0.4683,0.4683,0.4683],
		"L2_input": [37.82,21.04,9.265,3.987,2.925],
		"U_input": [0.1986,0.1954,0.2038,0.219,0.2272],
		"V_input": [0.4637,0.4682,0.4667,0.4546,0.4536],
		"patch_numbers_for_all_Delta_E_C": [1,2,3,4,5],
		"Delta_E_all": [71.4,43.7,27.6,16.5,6.54],
		"Delta_C_all": [1.49,0.59,1.21,2.59,2.44],
		"Delta_E94_all": [71.4,43.7,27.6,16.5,6.54],
		"Delta_C94_all": [1.49,0.59,1.21,2.59,2.44],
		"Delta_E2000_all": [62.8,37.9,19.8,11,4.94],
		"Delta_C2000_all": [1.67,0.862,1.74,3.45,3.31],
		"Delta_L_all": [-71.4,-43.7,-27.6,-16.3,-6.07],
		"Delta_Chroma_all": [1.49,0.59,1.21,2.59,2.44],
		"Delta_Hue_Distance_all": [0,0,0,0,0],
		"Delta_Hue_Degrees_all": [0,0,0,0,0],
		"sat_corr_comment": "sat_corr explained on https://www.imatest.com/docs/colorcheck/#satcorr - not recommended.",
		"Delta_C_all_sat_corr": ["_NaN_","_NaN_","_NaN_","_NaN_","_NaN_"],
		"Delta_C94_all_sat_corr": ["_NaN_","_NaN_","_NaN_","_NaN_","_NaN_"],
		"Delta_C2000_all_sat_corr": ["_NaN_","_NaN_","_NaN_","_NaN_","_NaN_"],
		"grayscale_patch_numbers": [1,2,3,4,5],
		"Delta_E": [71.4,43.7,27.6,16.5,6.54],
		"Delta_C": [1.49,0.59,1.21,2.59,2.44],
		"Delta_E94": [71.4,43.7,27.6,16.5,6.54],
		"Delta_C94": [1.49,0.59,1.21,2.59,2.44],
		"Delta_E2000": [62.8,37.9,19.8,11,4.94],
		"Delta_C2000": [1.67,0.862,1.74,3.45,3.31],
		"Delta_L": [-71.4,-43.7,-27.6,-16.3,-6.07],
		"Delta_Chroma": [1.49,0.59,1.21,2.59,2.44],
		"Delta_Hue_Distance": [0,0,0,0,0],
		"Delta_Hue_Degrees": [0,0,0,0,0],
		"mean_Delta_E": [33.2],
		"mean_Delta_C": [1.66],
		"mean_Delta_E94": [33.2],
		"mean_Delta_C94": [1.66],
		"mean_Delta_E2000": [27.3],
		"mean_Delta_C2000": [2.21],
		"mean_Delta_L": [-33],
		"mean_Delta_Chroma": [1.66],
		"mean_Delta_Hue_Distance": [0],
		"mean_Delta_Hue_Degrees": [0],
		"mean_Delta_C_sat_corr": ["_NaN_"],
		"mean_Delta_C94_sat_corr": ["_NaN_"],
		"mean_Delta_C2000_sat_corr": ["_NaN_"],
		"max_Delta_E": [71.4],
		"max_Delta_C": [2.59],
		"max_Delta_E94": [71.4],
		"max_Delta_C94": [2.59],
		"max_Delta_E2000": [62.8],
		"max_Delta_C2000": [3.45],
		"max_Delta_L": [-6.07],
		"max_Delta_Chroma": [2.59],
		"max_Delta_Hue_Distance": [0],
		"max_Delta_Hue_Degrees": [0],
		"max_Delta_C_sat_corr": ["_NaN_"],
		"max_Delta_C94_sat_corr": ["_NaN_"],
		"max_Delta_C2000_sat_corr": ["_NaN_"],
		"mean_RegionSize": [10108.8],
		"Sequence_dark_to_light": [5,4,3,2,1],
		"Patch_number": [5,4,3,2,1],
		"R_noise": [0.05491,0.06025,0.0675,0.07033,0.0635],
		"G_noise": [0.03811,0.04335,0.04807,0.04068,0.03531],
		"B_noise": [0.04536,0.05104,0.05932,0.05451,0.04543],
		"R_SNR_ratio": [1.084,1.164,1.595,2.297,3.586],
		"G_SNR_ratio": [0.9166,1.137,2.07,4.089,6.372],
		"B_SNR_ratio": [1.064,1.222,1.727,3.04,5.142],
		"R_SNR_dB": [0.7029,1.316,4.056,7.223,11.09],
		"G_SNR_dB": [-0.7562,1.112,6.318,12.23,16.09],
		"B_SNR_dB": [0.5358,1.745,4.746,9.658,14.22],
		"Gb_noise": [0.03184,0.03562,0.03873,0.03387,0.02987],
		"Gb_SNR_ratio": [1.292,1.534,2.619,4.879,7.573],
		"Gb_SNR_dB": [2.222,3.718,8.364,13.77,17.59],
		"Y_f_stop_SNR_ratio": [1.26,1.137,0.8817,0.5228,0.2623],
		"Y_f_stop_SNR_dB": [2.006,1.117,-1.093,-5.633,-11.63],
		"quality_levels_for_DR": [
				"Low,",
				"Medium,",
				"M-H,",
				"High,"
		],
		"SigNoise_levels_for_DR": [1,0.5,0.25,0.1],
		"Dynamic_Range_f_stops": [2.386,0,0,0],
		"Dynamic_Range_dB": [14.37,0,0,0],
		"noise_ISO15739_pct": [1.201,1.609,3.008,5.276,6.146],
		"snr_ISO15739": [0.2696,0.2744,0.341,0.4415,0.6812],
		"noise_pct_ISO15739_at_13pct_Lref": [5.688],
		"snr_ISO15739_at_13pct_Lref": [0.5549],
		"snr_dB_ISO15739_at_13pct_Lref": [-5.116],
		"DynamicRange_at_density_2": [349.8],
		"DynamicRange_total": [0],
		"DynamicRange_from_slope_OD": [1.95],
		"DynamicRange_from_slope_EV": [6.474],
		"DynamicRange_from_slope_dB": [39],
		"SNR_BW_dB_RGBY": [7.746,12.5,9.959,14.09],
		"L_noise": [3.093,3.558,4.279,3.834,3.284],
		"a_noise": [7.636,8.989,11.11,10.37,8.834],
		"b_noise": [6.887,8.156,10.81,9.908,8.166],
		"Total_Lab_noise_unwtd": [10.74,12.65,16.08,14.84,12.47],
		"Total_ab_noise_unwtd": [10.28,12.14,15.5,14.34,12.03],
		"R_minus_Y_KK_noise": [0.04774,0.05317,0.05998,0.06075,0.05416],
		"B_minus_Y_KK_noise": [0.04775,0.05492,0.06688,0.05883,0.04921],
		"Y_Kelly_Keelan_noise": [0.03184,0.03562,0.03873,0.03387,0.02987],
		"Total_KK_noise": [0.04301,0.0482,0.05383,0.04981,0.04386],
		"Chroma_KK_noise": [0.02892,0.03247,0.03738,0.03653,0.03212],
		"Total_old_iso_noise": [0.05326,0.05967,0.06722,0.06374,0.05619],
		"Y_noise_from_YUV": [0.03184,0.03562,0.03872,0.03387,0.02987],
		"U_noise_from_YUV": [0.02244,0.02581,0.03143,0.02764,0.02312],