{
	"jsonResults": {
		"dateRun": "13-May-2025 10:11:17",
		"ini_time_size": "13-May-2025 10:00:00 19023B  MD5 = e705635ea7a200e2cedf18739f05ef41",
		"version": "Imatest 24.2.6 Master Color/Tone Auto",
		"build": "2025-03-20",
		"image_file": "potted plant_18.0 mm_1600ISO_-1EV_Dist2_OFF_Defocus1.tiff",
		"ColorSpace": "sRGB",
		"Reference": "Default values",
		"Ref_folder": "/usr/local/Imatest/v24.2/Master/",
		"Gamma": [0.346],
		"patches_for_gamma_start_end": [1,5],
		"exposure_error_normalized_y_channel": [-0.162],
		"mean_camera_Saturation_Pct": ["_NaN_"],
		"mean_chroma_level_CPIQ_Pct": ["_NaN_"],
		"CPIQ_chroma_quality_loss_JND": ["_NaN_"],
		"CPIQ_exposure_quality_loss_JND": ["_NaN_"],
		"pixel_offset": [0],
		"mean_patch_size_pxls": [96,103],
		"roi_settings": "Recent ROI settings are in roi, nwid_save, nht_save, fillf, and distort (same names as ini file)",
		"roi": [3053,1801,3657,1925,3053,1927,3657,1793],
		"nwid_save": [6024],
		"nht_save": [4020],
		"fillf": [0.8],
		"distort": [0],
		"grayscale_zone": [1,2,3,4,5],
		"grayscale_minus_log_exposure": [2,1.513,1.025,0.5375,0.05],
		"grayscale_Y_reflectivity": [0.01,0.03073,0.09441,0.2901,0.8913],
		"grayscale_Y_Printer_pixel_gamma22": [33.13,55.18,91.91,153.1,255],
		"grayscale_Y_density": [0.2928,0.4057,0.5743,0.8114,1.144],
		"grayscale_R_density": [0.2905,0.4055,0.5764,0.8118,1.137],
		"grayscale_G_density": [0.2946,0.4061,0.5745,0.8118,1.146],
		"grayscale_B_density": [0.2815,0.4015,0.5668,0.8054,1.148],
		"grayscale_Y_mean": [129.9,100.2,67.95,39.37,18.3],
		"grayscale_R_mean": [130.6,100.2,67.63,39.33,18.59],
		"grayscale_G_mean": [129.4,100.1,67.93,39.33,18.23],
		"grayscale_B_mean": [133.4,101.2,69.14,39.91,18.13],
		"White_Bal_error_Degrees": [224.1,88.89,195.8,119.2,-127.8],
		"White_Bal_error_Mired": [-5.127,-2.075,-4.498,-2.771,3.086],
		"White_Bal_error_S_HSV": [0.02975,0.01049,0.02183,0.01462,0.02457],
		"White_Bal_error_Delta_C_ab": [2.347,0.6496,0.7934,0.4119,0.1613],
		"White_Bal_error_Delta_C_94": [2.347,0.6496,0.7934,0.4119,0.1613],
		"White_Bal_error_Delta_C_00": [2.576,0.7107,0.7959,0.4369,0.2118],
		"n_Patch": [1,2,3,4,5],
		"n_Row": [1,1,1,1,1],
		"n_Column": [1,2,3,4,5],
		"width_pixels": [97,98,97,97,97],
		"height_pixels": [105,105,105,105,105],
		"Pixels_total": [10185,10290,10185,10185,10185],
		"R_reference": [242.4,146.6,86.6,49.01,25.46],
		"G_reference": [242.4,146.6,86.6,49.01,25.46],
		"B_reference": [242.4,146.6,86.6,49.01,25.46],
		"R_input": [130.6,100.2,67.63,39.33,18.59],
		"G_input": [129.4,100.1,67.93,39.33,18.23],
		"B_input": [133.4,101.2,69.14,39.91,18.13],
		"L_reference": [95.63,60.79,36.82,20.33,8.991],
		"a_reference": [0,0,0,0,0],
		"b_reference": [0,0,0,0,0],
		"L_input": [54.35,42.46,28.83,15.82,5.586],
		"a_input": [1.254,0.2823,0.1478,0.1415,0.1242],
		"b_input": [-1.984,-0.585,-0.7795,-0.3868,0.1029],
		"x_reference": [0.3127,0.3127,0.3127,0.3127,0.3127],
		"y_reference": [0.329,0.329,0.329,0.329,0.329],
		"Y_reference": [0.8913,0.2901,0.09441,0.03073,0.01],
		"x_input": [0.3099,0.3115,0.3098,0.311,0.315],
		"y_input": [0.322,0.3266,0.3252,0.3262,0.3298],
		"Y_input": [0.223,0.128,0.05772,0.02063,0.006184],
		"LUV_comment": "L2 is used to differentiate between the L in LAB and L in LUV.",
		"L2_reference": [805.1,262,85.28,27.75,9.033],
		"U_reference": [0.1978,0.1978,0.1978,0.1978,0.1978],
		"V_reference": [0.4683,0.4683,0.4683,0.4683,0.4683],
		"L2_input": [201.5,115.6,52.14,18.64,5.586],
		"U_input": [0.1985,0.1979,0.1972,0.1977,0.1992],
		"V_input": [0.4641,0.4669,0.4659,0.4666,0.4691],
		"patch_numbers_for_all_Delta_E_C": [1,2,3,4,5],
		"Delta_E_all": [41.4,18.3,8.03,4.54,3.41],
		"Delta_C_all": [2.35,0.65,0.793,0.412,0.161],
		"Delta_E94_all": [41.4,18.3,8.03,4.54,3.41],
		"Delta_C94_all": [2.35,0.65,0.793,0.412,0.161],
		"Delta_E2000_all": [30.3,18.2,6.44,3.09,2.09],
		"Delta_C2000_all": [2.58,0.711,0.796,0.437,0.212],
		"Delta_L_all": [-41.3,-18.3,-7.99,-4.52,-3.41],
		"Delta_Chroma_all": [2.35,0.65,0.793,0.412,0.161],
		"Delta_Hue_Distance_all": [0,0,0,0,0],
		"Delta_Hue_Degrees_all": [0,0,0,0,0],
		"sat_corr_comment": "sat_corr explained on https://www.imatest.com/docs/colorcheck/#satcorr - not recommended.",
		"Delta_C_all_sat_corr": ["_NaN_","_NaN_","_NaN_","_NaN_","_NaN_"],
		"Delta_C94_all_sat_corr": ["_NaN_","_NaN_","_NaN_","_NaN_","_NaN_"],
		"Delta_C2000_all_sat_corr": ["_NaN_","_NaN_","_NaN_","_NaN_","_NaN_"],
		"grayscale_patch_numbers": [1,2,3,4,5],
		"Delta_E": [41.4,18.3,8.03,4.54,3.41],
		"Delta_C": [2.35,0.65,0.793,0.412,0.161],
		"Delta_E94": [41.4,18.3,8.03,4.54,3.41],
		"Delta_C94": [2.35,0.65,0.793,0.412,0.161],
		"Delta_E2000": [30.3,18.2,6.44,3.09,2.09],
		"Delta_C2000": [2.58,0.711,0.796,0.437,0.212],
		"Delta_L": [-41.3,-18.3,-7.99,-4.52,-3.41],
		"Delta_Chroma": [2.35,0.65,0.793,0.412,0.161],
		"Delta_Hue_Distance": [0,0,0,0,0],
		"Delta_Hue_Degrees": [0,0,0,0,0],
		"mean_Delta_E": [15.1],
		"mean_Delta_C": [0.873],
		"mean_Delta_E94": [15.1],
		"mean_Delta_C94": [0.873],
		"mean_Delta_E2000": [12],
		"mean_Delta_C2000": [0.946],
		"mean_Delta_L": [-15.1],
		"mean_Delta_Chroma": [0.873],
		"mean_Delta_Hue_Distance": [0],
		"mean_Delta_Hue_Degrees": [0],
		"mean_Delta_C_sat_corr": ["_NaN_"],
		"mean_Delta_C94_sat_corr": ["_NaN_"],
		"mean_Delta_C2000_sat_corr": ["_NaN_"],
		"max_Delta_E": [41.4],
		"max_Delta_C": [2.35],
		"max_Delta_E94": [41.4],
		"max_Delta_C94": [2.35],
		"max_Delta_E2000": [30.3],
		"max_Delta_C2000": [2.58],
		"max_Delta_L": [-3.41],
		"max_Delta_Chroma": [2.35],
		"max_Delta_Hue_Distance": [0],
		"max_Delta_Hue_Degrees": [0],
		"max_Delta_C_sat_corr": ["_NaN_"],
		"max_Delta_C94_sat_corr": ["_NaN_"],
		"max_Delta_C2000_sat_corr": ["_NaN_"],
		"mean_RegionSize": [10108.8],
		"Sequence_dark_to_light": [5,4,3,2,1],
		"Patch_number": [5,4,3,2,1],
		"R_noise": [0.04511,0.0382,0.02926,0.02585,0.02445],
		"G_noise": [0.03224,0.02208,0.01791,0.01642,0.01591],
		"B_noise": [0.03789,0.0289,0.02341,0.02103,0.01942],
		"R_SNR_ratio": [1.616,4.038,9.062,15.21,20.95],
		"G_SNR_ratio": [2.217,6.986,14.87,23.91,31.89],
		"B_SNR_ratio": [1.877,5.415,11.58,18.86,26.92],
		"R_SNR_dB": [4.169,12.12,19.14,23.64,26.42],
		"G_SNR_dB": [6.916,16.89,23.45,27.57,30.07],
		"B_SNR_dB": [5.467,14.67,21.27,25.51,28.6],
		"Gb_noise": [0.02718,0.01845,0.01491,0.01352,0.01323],
		"Gb_SNR_ratio": [2.64,8.368,17.87,29.05,38.52],
		"Gb_SNR_dB": [8.43,18.45,25.04,29.26,31.71],
		"Y_f_stop_SNR_ratio": [5.443,5.549,4.938,3.258,1.877],
		"Y_f_stop_SNR_dB": [14.72,14.88,13.87,10.26,5.47],
		"quality_levels_for_DR": [
				"Low,",
				"Medium,",
				"M-H,",
				"High,"
		],
		"SigNoise_levels_for_DR": [1,0.5,0.25,0.1],
		"Dynamic_Range_f_stops": [0,6.243,3.975,0],
		"Dynamic_Range_dB": [0,37.58,23.93,0],
		"noise_ISO15739_pct": [0.2146,0.2026,0.3953,0.8599,1.155],
		"snr_ISO15739": [2.881,10.18,14.6,14.88,19.3],
		"noise_pct_ISO15739_at_13pct_Lref": [1.052],
		"snr_ISO15739_at_13pct_Lref": [17.75],
		"snr_dB_ISO15739_at_13pct_Lref": [24.98],
		"DynamicRange_at_density_2": [2467],
		"DynamicRange_total": [0],
		"DynamicRange_from_slope_OD": [1.95],
		"DynamicRange_from_slope_EV": [6.474],
		"DynamicRange_from_slope_dB": [39],
		"SNR_BW_dB_RGBY": [22.76,26.7,24.55,28.39],
		"L_noise": [2.873,2.18,1.651,1.407,1.314],
		"a_noise": [6.367,5.992,4.406,3.753,3.365],
		"b_noise": [5.966,5.609,4.232,3.528,3.171],
		"Total_Lab_noise_unwtd": [9.187,8.492,6.328,5.339,4.807],
		"Total_ab_noise_unwtd": [8.726,8.207,6.109,5.15,4.624],
		"R_minus_Y_KK_noise": [0.03836,0.03271,0.02512,0.02255,0.02099],
		"B_minus_Y_KK_noise": [0.04013,0.0317,0.02566,0.02282,0.02149],
		"Y_Kelly_Keelan_noise": [0.02718,0.01845,0.01491,0.01352,0.01323],
		"Total_KK_noise": [0.03593,0.02697,0.02136,0.01925,0.0184],
		"Chroma_KK_noise": [0.0235,0.01967,0.0153,0.0137,0.01279],
		"Total_old_iso_noise": [0.04403,0.03444,0.02705,0.02432,0.02304],
		"Y_noise_from_YUV": [0.02718,0.01845,0.01491,0.01352,0.01323],