{
	"jsonResults": {
		"dateRun": "13-May-2025 10:11:17",
		"ini_time_size": "13-May-2025 10:00:00 19023B  MD5 = e705635ea7a200e2cedf18739f05ef41",
		"version": "Imatest 24.2.6 Master Color/Tone Auto",
		"build": "2025-03-20",
		"image_file": "potted plant_18.0 mm_100ISO_0EV_Dist2_ON_Defocus2.tiff",
		"ColorSpace": "sRGB",
		"Reference": "Default values",
		"Ref_folder": "/usr/local/Imatest/v24.2/Master/",
		"Gamma": [0.3329],
		"patches_for_gamma_start_end": [1,5],
		"exposure_error_normalized_y_channel": [-0.115],
		"mean_camera_Saturation_Pct": ["_NaN_"],
		"mean_chroma_level_CPIQ_Pct": ["_NaN_"],
		"CPIQ_chroma_quality_loss_JND": ["_NaN_"],
		"CPIQ_exposure_quality_loss_JND": ["_NaN_"],
		"pixel_offset": [0],
		"mean_patch_size_pxls": [96,103],
		"roi_settings": "Recent ROI settings are in roi, nwid_save, nht_save, fillf, and distort (same names as ini file)",
		"roi": [3053,1801,3657,1925,3053,1927,3657,1793],
		"nwid_save": [6024],
		"nht_save": [4020],
		"fillf": [0.8],
		"distort": [0],
		"grayscale_zone": [1,2,3,4,5],
		"grayscale_minus_log_exposure": [2,1.513,1.025,0.5375,0.05],
		"grayscale_Y_reflectivity": [0.01,0.03073,0.09441,0.2901,0.8913],
		"grayscale_Y_Printer_pixel_gamma22": [33.13,55.18,91.91,153.1,255],
		"grayscale_Y_density": [0.2292,0.3412,0.5035,0.7145,0.9132],
		"grayscale_R_density": [0.2326,0.3456,0.5062,0.7118,0.9117],
		"grayscale_G_density": [0.2291,0.3401,0.5031,0.7156,0.9138],
		"grayscale_B_density": [0.2203,0.3394,0.5,0.7124,0.9112],
		"grayscale_Y_mean": [150.4,116.2,79.99,49.2,31.14],
		"grayscale_R_mean": [149.3,115.1,79.49,49.51,31.25],
		"grayscale_G_mean": [150.5,116.5,80.07,49.09,31.1],
		"grayscale_B_mean": [153.5,116.7,80.63,49.45,31.28],
		"White_Bal_error_Degrees": [275.3,121.2,123.2,1.367,15.21],
		"White_Bal_error_Mired": [-6.251,-2.816,-2.861,-0.03235,-0.3592],
		"White_Bal_error_S_HSV": [0.02792,0.01422,0.0142,0.008537,0.005875],
		"White_Bal_error_Delta_C_ab": [1.784,0.6004,0.4348,0.3185,0.156],
		"White_Bal_error_Delta_C_94": [1.784,0.6004,0.4348,0.3185,0.156],
		"White_Bal_error_Delta_C_00": [1.724,0.8158,0.4477,0.4351,0.2025],
		"n_Patch": [1,2,3,4,5],
		"n_Row": [1,1,1,1,1],
		"n_Column": [1,2,3,4,5],
		"width_pixels": [97,98,97,97,97],
		"height_pixels": [105,105,105,105,105],
		"Pixels_total": [10185,10290,10185,10185,10185],
		"R_reference": [242.4,146.6,86.6,49.01,25.46],
		"G_reference": [242.4,146.6,86.6,49.01,25.46],
		"B_reference": [242.4,146.6,86.6,49.01,25.46],
		"R_input": [149.3,115.1,79.49,49.51,31.25],
		"G_input": [150.5,116.5,80.07,49.09,31.1],
		"B_input": [153.5,116.7,80.63,49.45,31.28],
		"L_reference": [95.63,60.79,36.82,20.33,8.991],
		"a_reference": [0,0,0,0,0],
		"b_reference": [0,0,0,0,0],
		"L_input": [62.25,48.93,34.02,20.42,11.83],
		"a_input": [0.1643,-0.514,-0.1114,0.2707,0.1168],
		"b_input": [-1.777,-0.3102,-0.4203,-0.1678,-0.1034],
		"x_reference": [0.3127,0.3127,0.3127,0.3127,0.3127],
		"y_reference": [0.329,0.329,0.329,0.329,0.329],
		"Y_reference": [0.8913,0.2901,0.09441,0.03073,0.01],
		"x_input": [0.3086,0.3106,0.3108,0.3129,0.3126],
		"y_input": [0.3242,0.3286,0.3275,0.3276,0.328],
		"Y_input": [0.3069,0.1754,0.08019,0.03095,0.01381],
		"LUV_comment": "L2 is used to differentiate between the L in LAB and L in LUV.",
		"L2_reference": [805.1,262,85.28,27.75,9.033],
		"U_reference": [0.1978,0.1978,0.1978,0.1978,0.1978],
		"V_reference": [0.4683,0.4683,0.4683,0.4683,0.4683],
		"L2_input": [277.2,158.4,72.44,27.96,12.47],
		"U_input": [0.1968,0.1965,0.1971,0.1985,0.1982],
		"V_input": [0.4651,0.4678,0.4672,0.4676,0.4678],
		"patch_numbers_for_all_Delta_E_C": [1,2,3,4,5],
		"Delta_E_all": [33.4,11.9,2.83,0.331,2.84],
		"Delta_C_all": [1.78,0.6,0.435,0.318,0.156],
		"Delta_E94_all": [33.4,11.9,2.83,0.331,2.84],
		"Delta_C94_all": [1.78,0.6,0.435,0.318,0.156],
		"Delta_E2000_all": [23.4,11.3,2.36,0.439,1.8],
		"Delta_C2000_all": [1.72,0.816,0.448,0.435,0.202],
		"Delta_L_all": [-33.4,-11.9,-2.8,0.0889,2.84],
		"Delta_Chroma_all": [1.78,0.6,0.435,0.318,0.156],
		"Delta_Hue_Distance_all": [0,0,0,0,0],
		"Delta_Hue_Degrees_all": [0,0,0,0,0],
		"sat_corr_comment": "sat_corr explained on https://www.imatest.com/docs/colorcheck/#satcorr - not recommended.",
		"Delta_C_all_sat_corr": ["_NaN_","_NaN_","_NaN_","_NaN_","_NaN_"],
		"Delta_C94_all_sat_corr": ["_NaN_","_NaN_","_NaN_","_NaN_","_NaN_"],
		"Delta_C2000_all_sat_corr": ["_NaN_","_NaN_","_NaN_","_NaN_","_NaN_"],
		"grayscale_patch_numbers": [1,2,3,4,5],
		"Delta_E": [33.4,11.9,2.83,0.331,2.84],
		"Delta_C": [1.78,0.6,0.435,0.318,0.156],
		"Delta_E94": [33.4,11.9,2.83,0.331,2.84],
		"Delta_C94": [1.78,0.6,0.435,0.318,0.156],
		"Delta_E2000": [23.4,11.3,2.36,0.439,1.8],
		"Delta_C2000": [1.72,0.816,0.448,0.435,0.202],
		"Delta_L": [-33.4,-11.9,-2.8,0.0889,2.84],
		"Delta_Chroma": [1.78,0.6,0.435,0.318,0.156],
		"Delta_Hue_Distance": [0,0,0,0,0],
		"Delta_Hue_Degrees": [0,0,0,0,0],
		"mean_Delta_E": [10.3],
		"mean_Delta_C": [0.659],
		"mean_Delta_E94": [10.3],
		"mean_Delta_C94": [0.659],
		"mean_Delta_E2000": [7.86],
		"mean_Delta_C2000": [0.725],
		"mean_Delta_L": [-9.02],
		"mean_Delta_Chroma": [0.659],
		"mean_Delta_Hue_Distance": [0],
		"mean_Delta_Hue_Degrees": [0],
		"mean_Delta_C_sat_corr": ["_NaN_"],
		"mean_Delta_C94_sat_corr": ["_NaN_"],
		"mean_Delta_C2000_sat_corr": ["_NaN_"],
		"max_Delta_E": [33.4],
		"max_Delta_C": [1.78],
		"max_Delta_E94": [33.4],
		"max_Delta_C94": [1.78],
		"max_Delta_E2000": [23.4],
		"max_Delta_C2000": [1.72],
		"max_Delta_L": [2.84],
		"max_Delta_Chroma": [1.78],
		"max_Delta_Hue_Distance": [0],
		"max_Delta_Hue_Degrees": [0],
		"max_Delta_C_sat_corr": ["_NaN_"],
		"max_Delta_C94_sat_corr": ["_NaN_"],
		"max_Delta_C2000_sat_corr": ["_NaN_"],
		"mean_RegionSize": [10108.8],
		"Sequence_dark_to_light": [5,4,3,2,1],
		"Patch_number": [5,4,3,2,1],
		"R_noise": [0.03417,0.01855,0.008085,0.007549,0.01197],
		"G_noise": [0.03464,0.01849,0.007079,0.006526,0.01168],
		"B_noise": [0.03501,0.01807,0.007222,0.007467,0.01229],
		"R_SNR_ratio": [3.586,10.47,38.55,59.78,48.88],
		"G_SNR_ratio": [3.521,10.41,44.36,70.02,50.5],
		"B_SNR_ratio": [3.505,10.73,43.79,61.3,48.98],
		"R_SNR_dB": [11.09,20.4,31.72,35.53,33.78],
		"G_SNR_dB": [10.93,20.35,32.94,36.9,34.07],
		"B_SNR_dB": [10.89,20.62,32.83,35.75,33.8],
		"Gb_noise": [0.03436,0.01819,0.006619,0.006148,0.01141],
		"Gb_SNR_ratio": [3.555,10.61,47.39,74.14,51.69],
		"Gb_SNR_dB": [11.02,20.51,33.51,37.4,34.27],
		"Y_f_stop_SNR_ratio": [7.256,13.87,12.26,3.251,1.273],
		"Y_f_stop_SNR_dB": [17.21,22.84,21.77,10.24,2.093],
		"quality_levels_for_DR": [
				"Low,",
				"Medium,",
				"M-H,",
				"High,"
		],
		"SigNoise_levels_for_DR": [1,0.5,0.25,0.1],
		"Dynamic_Range_f_stops": [0,5.51,4.446,3.371],
		"Dynamic_Range_dB": [0,33.17,26.76,20.29],
		"noise_ISO15739_pct": [0.3026,0.2152,0.1722,0.3621,0.9112],
		"snr_ISO15739": [4.564,14.38,46.56,48.44,33.68],
		"noise_pct_ISO15739_at_13pct_Lref": [0.6973],
		"snr_ISO15739_at_13pct_Lref": [39.43],
		"snr_dB_ISO15739_at_13pct_Lref": [31.92],
		"DynamicRange_at_density_2": [1693],
		"DynamicRange_total": [0],
		"DynamicRange_from_slope_OD": [1.95],
		"DynamicRange_from_slope_EV": [6.474],
		"DynamicRange_from_slope_dB": [39],
		"SNR_BW_dB_RGBY": [34.42,35.68,34.51,36.2],
		"L_noise": [4.091,2.062,0.7135,0.6266,1.116],
		"a_noise": [1.232,1.025,0.8974,0.7926,0.7562],
		"b_noise": [1.248,1.003,0.8969,0.8092,0.7829],
		"Total_Lab_noise_unwtd": [4.451,2.511,1.456,1.294,1.559],
		"Total_ab_noise_unwtd": [1.754,1.434,1.269,1.133,1.088],
		"R_minus_Y_KK_noise": [0.00613,0.005247,0.005072,0.004832,0.004792],
		"B_minus_Y_KK_noise": [0.006845,0.005764,0.00557,0.005361,0.005439],
		"Y_Kelly_Keelan_noise": [0.03436,0.01819,0.006619,0.006148,0.01141],
		"Total_KK_noise": [0.03457,0.01848,0.00733,0.006844,0.0118],
		"Chroma_KK_noise": [0.003822,0.003256,0.003148,0.003007,0.003002],
		"Total_old_iso_noise": [0.03482,0.01881,0.008077,0.007572,0.01223],