{
	"jsonResults": {
		"dateRun": "07-May-2025 14:09:43",
		"ini_time_size": "07-May-2025 14:02:49 9689B  MD5 = 505468a170c62fe282109ed2ce2c9617",
		"version": "Imatest 24.2.6 Master Color/Tone Auto",
		"build": "2025-03-20",
		"image_file": "potted plant_18.0 mm_6400ISO_+1EV_Dist2_ON_Focused.tiff",
		"ColorSpace": "sRGB",
		"Reference": "Default values",
		"Ref_folder": "/usr/local/Imatest/v24.2/Master/",
		"Gamma": [0.3783],
		"patches_for_gamma_start_end": [1,5],
		"exposure_error_normalized_y_channel": [0.09],
		"mean_camera_Saturation_Pct": ["_NaN_"],
		"mean_chroma_level_CPIQ_Pct": ["_NaN_"],
		"CPIQ_chroma_quality_loss_JND": ["_NaN_"],
		"CPIQ_exposure_quality_loss_JND": ["_NaN_"],
		"pixel_offset": [0],
		"mean_patch_size_pxls": [98,108],
		"roi_settings": "Recent ROI settings are in roi, nwid_save, nht_save, fillf, and distort (same names as ini file)",
		"roi": [3039,1790,3653,1926,3039,1926,3653,1790],
		"nwid_save": [6024],
		"nht_save": [4020],
		"fillf": [0.8],
		"distort": [0],
		"grayscale_zone": [1,2,3,4,5],
		"grayscale_minus_log_exposure": [2,1.513,1.025,0.5375,0.05],
		"grayscale_Y_reflectivity": [0.01,0.03073,0.09441,0.2901,0.8913],
		"grayscale_Y_Printer_pixel_gamma22": [33.13,55.18,91.91,153.1,255],
		"grayscale_Y_density": [0.08245,0.1871,0.3433,0.5559,0.864],
		"grayscale_R_density": [0.0825,0.1895,0.3475,0.5602,0.8646],
		"grayscale_G_density": [0.08355,0.1869,0.3426,0.555,0.8641],
		"grayscale_B_density": [0.07159,0.1822,0.3383,0.5517,0.8606],
		"grayscale_Y_mean": [210.9,165.8,115.7,70.9,34.88],
		"grayscale_R_mean": [210.9,164.8,114.6,70.19,34.83],
		"grayscale_G_mean": [210.4,165.8,115.9,71.04,34.87],
		"grayscale_B_mean": [216.2,167.6,117,71.58,35.15],
		"White_Bal_error_Degrees": [268.5,160.7,189.8,162.3,69.75],
		"White_Bal_error_Mired": [-6.102,-3.712,-4.364,-3.748,-1.633],
		"White_Bal_error_S_HSV": [0.02715,0.01664,0.0209,0.0194,0.008969],
		"White_Bal_error_Delta_C_ab": [3.108,1.065,0.854,0.5073,0.2032],
		"White_Bal_error_Delta_C_94": [3.108,1.065,0.854,0.5073,0.2032],
		"White_Bal_error_Delta_C_00": [3.166,1.04,0.881,0.5606,0.2106],
		"n_Patch": [1,2,3,4,5],
		"n_Row": [1,1,1,1,1],
		"n_Column": [1,2,3,4,5],
		"width_pixels": [100,99,99,99,100],
		"height_pixels": [110,110,110,110,110],
		"Pixels_total": [11000,10890,10890,10890,11000],
		"R_reference": [242.4,146.6,86.6,49.01,25.46],
		"G_reference": [242.4,146.6,86.6,49.01,25.46],
		"B_reference": [242.4,146.6,86.6,49.01,25.46],
		"R_input": [210.9,164.8,114.6,70.19,34.83],
		"G_input": [210.4,165.8,115.9,71.04,34.87],
		"B_input": [216.2,167.6,117,71.58,35.15],
		"L_reference": [95.63,60.79,36.82,20.33,8.991],
		"a_reference": [0,0,0,0,0],
		"b_reference": [0,0,0,0,0],
		"L_input": [84.53,68.03,48.71,30.12,13.66],
		"a_input": [1.251,-0.002539,-0.2506,-0.228,0.05284],
		"b_input": [-2.845,-1.065,-0.8165,-0.4531,-0.1962],
		"x_reference": [0.3127,0.3127,0.3127,0.3127,0.3127],
		"y_reference": [0.329,0.329,0.329,0.329,0.329],
		"Y_reference": [0.8913,0.2901,0.09441,0.03073,0.01],
		"x_input": [0.3091,0.3103,0.3097,0.3101,0.3117],
		"y_input": [0.3224,0.3264,0.3267,0.3274,0.3275],
		"Y_input": [0.6508,0.3801,0.1736,0.06283,0.01671],
		"LUV_comment": "L2 is used to differentiate between the L in LAB and L in LUV.",
		"L2_reference": [805.1,262,85.28,27.75,9.033],
		"U_reference": [0.1978,0.1978,0.1978,0.1978,0.1978],
		"V_reference": [0.4683,0.4683,0.4683,0.4683,0.4683],
		"L2_input": [587.9,343.3,156.8,56.76,15.09],
		"U_input": [0.1978,0.1971,0.1966,0.1966,0.1977],
		"V_input": [0.4642,0.4666,0.4667,0.4671,0.4674],
		"patch_numbers_for_all_Delta_E_C": [1,2,3,4,5],
		"Delta_E_all": [11.5,7.32,11.9,9.8,4.67],
		"Delta_C_all": [3.11,1.06,0.854,0.507,0.203],
		"Delta_E94_all": [11.5,7.32,11.9,9.8,4.67],
		"Delta_C94_all": [3.11,1.06,0.854,0.507,0.203],
		"Delta_E2000_all": [7.64,6.09,10.9,7.19,2.97],
		"Delta_C2000_all": [3.17,1.04,0.881,0.561,0.211],
		"Delta_L_all": [-11.1,7.24,11.9,9.78,4.66],
		"Delta_Chroma_all": [3.11,1.06,0.854,0.507,0.203],
		"Delta_Hue_Distance_all": [0,0,0,0,0],
		"Delta_Hue_Degrees_all": [0,0,0,0,0],
		"sat_corr_comment": "sat_corr explained on https://www.imatest.com/docs/colorcheck/#satcorr - not recommended.",
		"Delta_C_all_sat_corr": ["_NaN_","_NaN_","_NaN_","_NaN_","_NaN_"],
		"Delta_C94_all_sat_corr": ["_NaN_","_NaN_","_NaN_","_NaN_","_NaN_"],
		"Delta_C2000_all_sat_corr": ["_NaN_","_NaN_","_NaN_","_NaN_","_NaN_"],
		"grayscale_patch_numbers": [1,2,3,4,5],
		"Delta_E": [11.5,7.32,11.9,9.8,4.67],
		"Delta_C": [3.11,1.06,0.854,0.507,0.203],
		"Delta_E94": [11.5,7.32,11.9,9.8,4.67],
		"Delta_C94": [3.11,1.06,0.854,0.507,0.203],
		"Delta_E2000": [7.64,6.09,10.9,7.19,2.97],
		"Delta_C2000": [3.17,1.04,0.881,0.561,0.211],
		"Delta_L": [-11.1,7.24,11.9,9.78,4.66],
		"Delta_Chroma": [3.11,1.06,0.854,0.507,0.203],
		"Delta_Hue_Distance": [0,0,0,0,0],
		"Delta_Hue_Degrees": [0,0,0,0,0],
		"mean_Delta_E": [9.05],
		"mean_Delta_C": [1.15],
		"mean_Delta_E94": [9.05],
		"mean_Delta_C94": [1.15],
		"mean_Delta_E2000": [6.96],
		"mean_Delta_C2000": [1.17],
		"mean_Delta_L": [4.49],
		"mean_Delta_Chroma": [1.15],
		"mean_Delta_Hue_Distance": [0],
		"mean_Delta_Hue_Degrees": [0],
		"mean_Delta_C_sat_corr": ["_NaN_"],
		"mean_Delta_C94_sat_corr": ["_NaN_"],
		"mean_Delta_C2000_sat_corr": ["_NaN_"],
		"max_Delta_E": [11.9],
		"max_Delta_C": [3.11],
		"max_Delta_E94": [11.9],
		"max_Delta_C94": [3.11],
		"max_Delta_E2000": [10.9],
		"max_Delta_C2000": [3.17],
		"max_Delta_L": [11.9],
		"max_Delta_Chroma": [3.11],
		"max_Delta_Hue_Distance": [0],
		"max_Delta_Hue_Degrees": [0],
		"max_Delta_C_sat_corr": ["_NaN_"],
		"max_Delta_C94_sat_corr": ["_NaN_"],
		"max_Delta_C2000_sat_corr": ["_NaN_"],
		"mean_RegionSize": [10834.6],
		"Sequence_dark_to_light": [5,4,3,2,1],
		"Patch_number": [5,4,3,2,1],
		"R_noise": [0.08429,0.06567,0.04633,0.04414,0.06001],
		"G_noise": [0.05768,0.03731,0.02809,0.03412,0.05739],
		"B_noise": [0.06925,0.04749,0.03549,0.03572,0.05756],
		"R_SNR_ratio": [1.621,4.192,9.698,14.64,13.78],
		"G_SNR_ratio": [2.371,7.467,16.18,19.06,14.37],
		"B_SNR_ratio": [1.99,5.911,12.93,18.4,14.73],
		"R_SNR_dB": [4.193,12.45,19.73,23.31,22.79],
		"G_SNR_dB": [7.498,17.46,24.18,25.6,23.15],
		"B_SNR_dB": [5.978,15.43,22.23,25.3,23.37],
		"Gb_noise": [0.04825,0.03226,0.02345,0.03069,0.05487],
		"Gb_SNR_ratio": [2.835,8.617,19.35,21.18,15.07],
		"Gb_SNR_dB": [9.051,18.71,25.73,26.52,23.56],
		"Y_f_stop_SNR_ratio": [1.993,3.757,4.897,3.031,1.807],
		"Y_f_stop_SNR_dB": [5.988,11.5,13.8,9.633,5.141],
		"quality_levels_for_DR": [
				"Low,",
				"Medium,",
				"M-H,",
				"High,"
		],
		"SigNoise_levels_for_DR": [1,0.5,0.25,0.1],
		"Dynamic_Range_f_stops": [0,6.092,3.829,0],
		"Dynamic_Range_dB": [0,36.67,23.05,0],
		"noise_ISO15739_pct": [0.5901,0.5554,1.009,3.252,8.047],
		"snr_ISO15739": [2.832,11.31,17.2,11.69,8.088],
		"noise_pct_ISO15739_at_13pct_Lref": [2.823],
		"snr_ISO15739_at_13pct_Lref": [12.74],
		"snr_dB_ISO15739_at_13pct_Lref": [22.1],
		"DynamicRange_at_density_2": [360.5],
		"DynamicRange_total": [0],
		"DynamicRange_from_slope_OD": [1.95],
		"DynamicRange_from_slope_EV": [6.474],
		"DynamicRange_from_slope_dB": [39],
		"SNR_BW_dB_RGBY": [21.89,24.13,23.73,25.05],
		"L_noise": [5.352,3.453,2.37,2.961,5.161],
		"a_noise": [12.75,8.787,6.295,5.047,4.556],
		"b_noise": [12.02,8.061,5.834,4.698,4.146],
		"Total_Lab_noise_unwtd": [18.32,12.41,8.904,7.504,8.036],
		"Total_ab_noise_unwtd": [17.52,11.92,8.583,6.895,6.16],
		"R_minus_Y_KK_noise": [0.07242,0.05486,0.03983,0.03322,0.03137],
		"B_minus_Y_KK_noise": [0.07364,0.05,0.03875,0.03324,0.03054],
		"Y_Kelly_Keelan_noise": [0.04825,0.03226,0.02345,0.03069,0.05487],
		"Total_KK_noise": [0.06533,0.04583,0.03353,0.0367,0.05803],
		"Chroma_KK_noise": [0.04405,0.03255,0.02398,0.02013,0.01888],
		"Total_old_iso_noise": [0.08095,0.05803,0.04249,0.04272,0.06156],
		"Y_noise_from_YUV": [0.04825,0.03226,0.02345,0.03069,0.05487],
		"U_noise_from_YUV": [0.0346,0.02349,0.01821,0.01562,0.01435],