{
	"jsonResults": {
		"dateRun": "13-May-2025 10:11:17",
		"ini_time_size": "13-May-2025 10:00:00 19023B  MD5 = e705635ea7a200e2cedf18739f05ef41",
		"version": "Imatest 24.2.6 Master Color/Tone Auto",
		"build": "2025-03-20",
		"image_file": "potted plant_18.0 mm_6400ISO_-2EV_Dist2_OFF_Focused.tiff",
		"ColorSpace": "sRGB",
		"Reference": "Default values",
		"Ref_folder": "/usr/local/Imatest/v24.2/Master/",
		"Gamma": [0.41],
		"patches_for_gamma_start_end": [1,5],
		"exposure_error_normalized_y_channel": [-0.243],
		"mean_camera_Saturation_Pct": ["_NaN_"],
		"mean_chroma_level_CPIQ_Pct": ["_NaN_"],
		"CPIQ_chroma_quality_loss_JND": ["_NaN_"],
		"CPIQ_exposure_quality_loss_JND": ["_NaN_"],
		"pixel_offset": [0],
		"mean_patch_size_pxls": [96,103],
		"roi_settings": "Recent ROI settings are in roi, nwid_save, nht_save, fillf, and distort (same names as ini file)",
		"roi": [3053,1801,3657,1925,3053,1927,3657,1793],
		"nwid_save": [6024],
		"nht_save": [4020],
		"fillf": [0.8],
		"distort": [0],
		"grayscale_zone": [1,2,3,4,5],
		"grayscale_minus_log_exposure": [2,1.513,1.025,0.5375,0.05],
		"grayscale_Y_reflectivity": [0.01,0.03073,0.09441,0.2901,0.8913],
		"grayscale_Y_Printer_pixel_gamma22": [33.13,55.18,91.91,153.1,255],
		"grayscale_Y_density": [0.4942,0.6186,0.8185,1.111,1.39],
		"grayscale_R_density": [0.493,0.6206,0.8252,1.054,1.201],
		"grayscale_G_density": [0.4962,0.6187,0.8172,1.132,1.478],
		"grayscale_B_density": [0.4778,0.6124,0.8117,1.091,1.301],
		"grayscale_Y_mean": [81.73,61.36,38.73,19.76,10.4],
		"grayscale_R_mean": [81.94,61.09,38.14,22.54,16.06],
		"grayscale_G_mean": [81.34,61.35,38.84,18.84,8.483],
		"grayscale_B_mean": [84.88,62.25,39.34,20.69,12.74],
		"White_Bal_error_Degrees": [357.4,162.8,227.7,-476.2,-1441],
		"White_Bal_error_Mired": [-8.018,-3.76,-5.208,12.16,43.84],
		"White_Bal_error_S_HSV": [0.04162,0.01866,0.03064,0.1644,0.4719],
		"White_Bal_error_Delta_C_ab": [2.229,0.6035,0.4869,2.112,3.025],
		"White_Bal_error_Delta_C_94": [2.229,0.6035,0.4869,2.112,3.025],
		"White_Bal_error_Delta_C_00": [2.367,0.6044,0.5282,2.903,4.025],
		"n_Patch": [1,2,3,4,5],
		"n_Row": [1,1,1,1,1],
		"n_Column": [1,2,3,4,5],
		"width_pixels": [97,98,97,97,97],
		"height_pixels": [105,105,105,105,105],
		"Pixels_total": [10185,10290,10185,10185,10185],
		"R_reference": [242.4,146.6,86.6,49.01,25.46],
		"G_reference": [242.4,146.6,86.6,49.01,25.46],
		"B_reference": [242.4,146.6,86.6,49.01,25.46],
		"R_input": [81.94,61.09,38.14,22.54,16.06],
		"G_input": [81.34,61.35,38.84,18.84,8.483],
		"B_input": [84.88,62.25,39.34,20.69,12.74],
		"L_reference": [95.63,60.79,36.82,20.33,8.991],
		"a_reference": [0,0,0,0,0],
		"b_reference": [0,0,0,0,0],
		"L_input": [34.76,25.92,15.51,6.233,2.92],
		"a_input": [1.012,0.09452,-0.1973,2.036,2.89],
		"b_input": [-1.986,-0.5961,-0.4451,-0.5618,-0.8948],
		"x_reference": [0.3127,0.3127,0.3127,0.3127,0.3127],
		"y_reference": [0.329,0.329,0.329,0.329,0.329],
		"Y_reference": [0.8913,0.2901,0.09441,0.03073,0.01],
		"x_input": [0.3081,0.3103,0.309,0.3227,0.3387],
		"y_input": [0.3197,0.326,0.3266,0.3156,0.2898],
		"Y_input": [0.08381,0.04721,0.02004,0.0069,0.003232],
		"LUV_comment": "L2 is used to differentiate between the L in LAB and L in LUV.",
		"L2_reference": [805.1,262,85.28,27.75,9.033],
		"U_reference": [0.1978,0.1978,0.1978,0.1978,0.1978],
		"V_reference": [0.4683,0.4683,0.4683,0.4683,0.4683],
		"L2_input": [75.71,42.64,18.1,6.233,2.92],
		"U_input": [0.1981,0.1973,0.1962,0.2102,0.2336],
		"V_input": [0.4625,0.4663,0.4665,0.4625,0.4497],
		"patch_numbers_for_all_Delta_E_C": [1,2,3,4,5],
		"Delta_E_all": [60.9,34.9,21.3,14.3,6.78],
		"Delta_C_all": [2.23,0.604,0.487,2.11,3.03],
		"Delta_E94_all": [60.9,34.9,21.3,14.3,6.78],
		"Delta_C94_all": [2.23,0.604,0.487,2.11,3.03],
		"Delta_E2000_all": [50,32.2,15.8,9.57,5.44],
		"Delta_C2000_all": [2.37,0.604,0.528,2.9,4.03],
		"Delta_L_all": [-60.9,-34.9,-21.3,-14.1,-6.07],
		"Delta_Chroma_all": [2.23,0.604,0.487,2.11,3.03],
		"Delta_Hue_Distance_all": [0,0,0,0,0],
		"Delta_Hue_Degrees_all": [0,0,0,0,0],
		"sat_corr_comment": "sat_corr explained on https://www.imatest.com/docs/colorcheck/#satcorr - not recommended.",
		"Delta_C_all_sat_corr": ["_NaN_","_NaN_","_NaN_","_NaN_","_NaN_"],
		"Delta_C94_all_sat_corr": ["_NaN_","_NaN_","_NaN_","_NaN_","_NaN_"],
		"Delta_C2000_all_sat_corr": ["_NaN_","_NaN_","_NaN_","_NaN_","_NaN_"],
		"grayscale_patch_numbers": [1,2,3,4,5],
		"Delta_E": [60.9,34.9,21.3,14.3,6.78],
		"Delta_C": [2.23,0.604,0.487,2.11,3.03],
		"Delta_E94": [60.9,34.9,21.3,14.3,6.78],
		"Delta_C94": [2.23,0.604,0.487,2.11,3.03],
		"Delta_E2000": [50,32.2,15.8,9.57,5.44],
		"Delta_C2000": [2.37,0.604,0.528,2.9,4.03],
		"Delta_L": [-60.9,-34.9,-21.3,-14.1,-6.07],
		"Delta_Chroma": [2.23,0.604,0.487,2.11,3.03],
		"Delta_Hue_Distance": [0,0,0,0,0],
		"Delta_Hue_Degrees": [0,0,0,0,0],
		"mean_Delta_E": [27.6],
		"mean_Delta_C": [1.69],
		"mean_Delta_E94": [27.6],
		"mean_Delta_C94": [1.69],
		"mean_Delta_E2000": [22.6],
		"mean_Delta_C2000": [2.09],
		"mean_Delta_L": [-27.4],
		"mean_Delta_Chroma": [1.69],
		"mean_Delta_Hue_Distance": [0],
		"mean_Delta_Hue_Degrees": [0],
		"mean_Delta_C_sat_corr": ["_NaN_"],
		"mean_Delta_C94_sat_corr": ["_NaN_"],
		"mean_Delta_C2000_sat_corr": ["_NaN_"],
		"max_Delta_E": [60.9],
		"max_Delta_C": [3.03],
		"max_Delta_E94": [60.9],
		"max_Delta_C94": [3.03],
		"max_Delta_E2000": [50],
		"max_Delta_C2000": [4.03],
		"max_Delta_L": [-6.07],
		"max_Delta_Chroma": [3.03],
		"max_Delta_Hue_Distance": [0],
		"max_Delta_Hue_Degrees": [0],
		"max_Delta_C_sat_corr": ["_NaN_"],
		"max_Delta_C94_sat_corr": ["_NaN_"],
		"max_Delta_C2000_sat_corr": ["_NaN_"],
		"mean_RegionSize": [10108.8],
		"Sequence_dark_to_light": [5,4,3,2,1],
		"Patch_number": [5,4,3,2,1],
		"R_noise": [0.05567,0.06427,0.07009,0.06314,0.05294],
		"G_noise": [0.0367,0.04798,0.04187,0.03466,0.03147],
		"B_noise": [0.0457,0.05654,0.05479,0.04511,0.03778],
		"R_SNR_ratio": [1.131,1.375,2.134,3.794,6.069],
		"G_SNR_ratio": [0.9065,1.539,3.638,6.941,10.14],
		"B_SNR_ratio": [1.093,1.435,2.816,5.412,8.811],
		"R_SNR_dB": [1.072,2.769,6.583,11.58,15.66],
		"G_SNR_dB": [-0.8522,3.747,11.22,16.83,20.12],
		"B_SNR_dB": [0.7736,3.138,8.992,14.67,18.9],
		"Gb_noise": [0.03065,0.03874,0.03484,0.02904,0.02594],
		"Gb_SNR_ratio": [1.331,2,4.359,8.285,12.35],
		"Gb_SNR_dB": [2.481,6.021,12.79,18.37,21.84],
		"Y_f_stop_SNR_ratio": [1.901,1.792,1.446,0.8854,0.7392],
		"Y_f_stop_SNR_dB": [5.578,5.068,3.201,-1.057,-2.624],
		"quality_levels_for_DR": [
				"Low,",
				"Medium,",
				"M-H,",
				"High,"
		],
		"SigNoise_levels_for_DR": [1,0.5,0.25,0.1],
		"Dynamic_Range_f_stops": [4.38,0,0,0],
		"Dynamic_Range_dB": [26.37,0,0,0],
		"noise_ISO15739_pct": [0.5367,0.8894,1.666,3.115,3.809],
		"snr_ISO15739": [0.6023,0.7758,1.203,1.516,2.201],
		"noise_pct_ISO15739_at_13pct_Lref": [3.473],
		"snr_ISO15739_at_13pct_Lref": [1.869],
		"snr_dB_ISO15739_at_13pct_Lref": [5.434],
		"DynamicRange_at_density_2": [828.5],
		"DynamicRange_total": [80.32],
		"DynamicRange_from_slope_OD": [1.95],
		"DynamicRange_from_slope_EV": [6.474],
		"DynamicRange_from_slope_dB": [39],
		"SNR_BW_dB_RGBY": [11.71,16.91,14.63,18.45],
		"L_noise": [2.901,4.112,3.954,3.174,2.753],
		"a_noise": [7.729,10.27,10.43,8.872,7.526],
		"b_noise": [6.945,9.945,10.14,8.072,6.767],
		"Total_Lab_noise_unwtd": [10.79,14.88,15.07,12.41,10.49],
		"Total_ab_noise_unwtd": [10.39,14.3,14.55,11.99,10.12],
		"R_minus_Y_KK_noise": [0.04835,0.05758,0.06039,0.05422,0.04598],
		"B_minus_Y_KK_noise": [0.04827,0.06363,0.06009,0.0492,0.04255],
		"Y_Kelly_Keelan_noise": [0.03065,0.03874,0.03484,0.02904,0.02594],
		"Total_KK_noise": [0.04239,0.05274,0.05049,0.04332,0.03771],
		"Chroma_KK_noise": [0.02928,0.03579,0.03654,0.03214,0.02737],
		"Total_old_iso_noise": [0.05299,0.06534,0.06423,0.05579,0.04812],
		"Y_noise_from_YUV": [0.03065,0.03873,0.03484,0.02904,0.02594],
		"U_noise_from_YUV": [0.02268,0.0299,0.02823,0.02312,0.01999],