{
	"jsonResults": {
		"dateRun": "07-May-2025 14:09:43",
		"ini_time_size": "07-May-2025 14:02:49 9689B  MD5 = 505468a170c62fe282109ed2ce2c9617",
		"version": "Imatest 24.2.6 Master Color/Tone Auto",
		"build": "2025-03-20",
		"image_file": "potted plant_18.0 mm_25600ISO_+1EV_Dist2_ON_Defocus1.tiff",
		"ColorSpace": "sRGB",
		"Reference": "Default values",
		"Ref_folder": "/usr/local/Imatest/v24.2/Master/",
		"Gamma": [0.326],
		"patches_for_gamma_start_end": [1,5],
		"exposure_error_normalized_y_channel": [0.0801],
		"mean_camera_Saturation_Pct": ["_NaN_"],
		"mean_chroma_level_CPIQ_Pct": ["_NaN_"],
		"CPIQ_chroma_quality_loss_JND": ["_NaN_"],
		"CPIQ_exposure_quality_loss_JND": ["_NaN_"],
		"pixel_offset": [0],
		"mean_patch_size_pxls": [98,108],
		"roi_settings": "Recent ROI settings are in roi, nwid_save, nht_save, fillf, and distort (same names as ini file)",
		"roi": [3039,1790,3653,1926,3039,1926,3653,1790],
		"nwid_save": [6024],
		"nht_save": [4020],
		"fillf": [0.8],
		"distort": [0],
		"grayscale_zone": [1,2,3,4,5],
		"grayscale_minus_log_exposure": [2,1.513,1.025,0.5375,0.05],
		"grayscale_Y_reflectivity": [0.01,0.03073,0.09441,0.2901,0.8913],
		"grayscale_Y_Printer_pixel_gamma22": [33.13,55.18,91.91,153.1,255],
		"grayscale_Y_density": [0.09008,0.1922,0.3512,0.5728,0.8477],
		"grayscale_R_density": [0.08973,0.1953,0.3614,0.5931,0.7738],
		"grayscale_G_density": [0.09188,0.1922,0.3496,0.5664,0.8754],
		"grayscale_B_density": [0.07368,0.1837,0.3375,0.5783,0.8202],
		"grayscale_Y_mean": [207.2,163.8,113.6,68.2,36.21],
		"grayscale_R_mean": [207.4,162.6,110.9,65.08,42.93],
		"grayscale_G_mean": [206.4,163.8,114,69.21,33.97],
		"grayscale_B_mean": [215.2,167,117.2,67.34,38.58],
		"White_Bal_error_Degrees": [410.3,262.6,511.3,211.3,-803.4],
		"White_Bal_error_Mired": [-9.134,-5.975,-11.22,-4.844,21.7],
		"White_Bal_error_S_HSV": [0.04104,0.02644,0.05352,0.05965,0.2086],
		"White_Bal_error_Delta_C_ab": [4.694,1.841,2.236,2.194,5.469],
		"White_Bal_error_Delta_C_94": [4.694,1.841,2.236,2.194,5.469],
		"White_Bal_error_Delta_C_00": [4.649,1.781,2.19,3.017,6.804],
		"n_Patch": [1,2,3,4,5],
		"n_Row": [1,1,1,1,1],
		"n_Column": [1,2,3,4,5],
		"width_pixels": [100,99,99,99,100],
		"height_pixels": [110,110,110,110,110],
		"Pixels_total": [11000,10890,10890,10890,11000],
		"R_reference": [242.4,146.6,86.6,49.01,25.46],
		"G_reference": [242.4,146.6,86.6,49.01,25.46],
		"B_reference": [242.4,146.6,86.6,49.01,25.46],
		"R_input": [207.4,162.6,110.9,65.08,42.93],
		"G_input": [206.4,163.8,114,69.21,33.97],
		"B_input": [215.2,167,117.2,67.34,38.58],
		"L_reference": [95.63,60.79,36.82,20.33,8.991],
		"a_reference": [0,0,0,0,0],
		"b_reference": [0,0,0,0,0],
		"L_input": [83.21,67.29,47.89,28.95,14.39],
		"a_input": [1.984,0.2041,-0.4945,-2.128,5.265],
		"b_input": [-4.254,-1.829,-2.181,0.534,-1.482],
		"x_reference": [0.3127,0.3127,0.3127,0.3127,0.3127],
		"y_reference": [0.329,0.329,0.329,0.329,0.329],
		"Y_reference": [0.8913,0.2901,0.09441,0.03073,0.01],
		"x_input": [0.3073,0.3088,0.3049,0.3079,0.3288],
		"y_input": [0.3189,0.3244,0.3226,0.3349,0.3074],
		"Y_input": [0.6257,0.3702,0.167,0.05818,0.01798],
		"LUV_comment": "L2 is used to differentiate between the L in LAB and L in LUV.",
		"L2_reference": [805.1,262,85.28,27.75,9.033],
		"U_reference": [0.1978,0.1978,0.1978,0.1978,0.1978],
		"V_reference": [0.4683,0.4683,0.4683,0.4683,0.4683],
		"L2_input": [565.2,334.4,150.9,52.55,16.24],
		"U_input": [0.1979,0.1969,0.1948,0.1924,0.2181],
		"V_input": [0.462,0.4652,0.4637,0.4707,0.4587],
		"patch_numbers_for_all_Delta_E_C": [1,2,3,4,5],
		"Delta_E_all": [13.3,6.76,11.3,8.89,7.69],
		"Delta_C_all": [4.69,1.84,2.24,2.19,5.47],
		"Delta_E94_all": [13.3,6.76,11.3,8.89,7.69],
		"Delta_C94_all": [4.69,1.84,2.24,2.19,5.47],
		"Delta_E2000_all": [9.1,5.7,10.3,6.96,7.62],
		"Delta_C2000_all": [4.65,1.78,2.19,3.02,6.8],
		"Delta_L_all": [-12.4,6.51,11.1,8.62,5.4],
		"Delta_Chroma_all": [4.69,1.84,2.24,2.19,5.47],
		"Delta_Hue_Distance_all": [0,0,0,0,0],
		"Delta_Hue_Degrees_all": [0,0,0,0,0],
		"sat_corr_comment": "sat_corr explained on https://www.imatest.com/docs/colorcheck/#satcorr - not recommended.",
		"Delta_C_all_sat_corr": ["_NaN_","_NaN_","_NaN_","_NaN_","_NaN_"],
		"Delta_C94_all_sat_corr": ["_NaN_","_NaN_","_NaN_","_NaN_","_NaN_"],
		"Delta_C2000_all_sat_corr": ["_NaN_","_NaN_","_NaN_","_NaN_","_NaN_"],
		"grayscale_patch_numbers": [1,2,3,4,5],
		"Delta_E": [13.3,6.76,11.3,8.89,7.69],
		"Delta_C": [4.69,1.84,2.24,2.19,5.47],
		"Delta_E94": [13.3,6.76,11.3,8.89,7.69],
		"Delta_C94": [4.69,1.84,2.24,2.19,5.47],
		"Delta_E2000": [9.1,5.7,10.3,6.96,7.62],
		"Delta_C2000": [4.65,1.78,2.19,3.02,6.8],
		"Delta_L": [-12.4,6.51,11.1,8.62,5.4],
		"Delta_Chroma": [4.69,1.84,2.24,2.19,5.47],
		"Delta_Hue_Distance": [0,0,0,0,0],
		"Delta_Hue_Degrees": [0,0,0,0,0],
		"mean_Delta_E": [9.58],
		"mean_Delta_C": [3.29],
		"mean_Delta_E94": [9.58],
		"mean_Delta_C94": [3.29],
		"mean_Delta_E2000": [7.94],
		"mean_Delta_C2000": [3.69],
		"mean_Delta_L": [3.83],
		"mean_Delta_Chroma": [3.29],
		"mean_Delta_Hue_Distance": [0],
		"mean_Delta_Hue_Degrees": [0],
		"mean_Delta_C_sat_corr": ["_NaN_"],
		"mean_Delta_C94_sat_corr": ["_NaN_"],
		"mean_Delta_C2000_sat_corr": ["_NaN_"],
		"max_Delta_E": [13.3],
		"max_Delta_C": [5.47],
		"max_Delta_E94": [13.3],
		"max_Delta_C94": [5.47],
		"max_Delta_E2000": [10.3],
		"max_Delta_C2000": [6.8],
		"max_Delta_L": [11.1],
		"max_Delta_Chroma": [5.47],
		"max_Delta_Hue_Distance": [0],
		"max_Delta_Hue_Degrees": [0],
		"max_Delta_C_sat_corr": ["_NaN_"],
		"max_Delta_C94_sat_corr": ["_NaN_"],
		"max_Delta_C2000_sat_corr": ["_NaN_"],
		"mean_RegionSize": [10834.6],
		"Sequence_dark_to_light": [5,4,3,2,1],
		"Patch_number": [5,4,3,2,1],
		"R_noise": [0.1219,0.1299,0.09427,0.0681,0.07578],
		"G_noise": [0.1022,0.08577,0.0569,0.05237,0.06411],
		"B_noise": [0.1081,0.1044,0.06346,0.05738,0.07007],
		"R_SNR_ratio": [1.381,1.965,4.615,9.366,10.73],
		"G_SNR_ratio": [1.304,3.164,7.858,12.27,12.62],
		"B_SNR_ratio": [1.399,2.529,7.244,11.42,12.04],
		"R_SNR_dB": [2.806,5.869,13.28,19.43,20.61],
		"G_SNR_dB": [2.304,10.01,17.91,21.77,22.02],
		"B_SNR_dB": [2.919,8.06,17.2,21.15,21.62],
		"Gb_noise": [0.0853,0.07322,0.04857,0.04396,0.05947],
		"Gb_SNR_ratio": [1.665,3.652,9.173,14.61,13.67],
		"Gb_SNR_dB": [4.427,11.25,19.25,23.29,22.71],
		"Y_f_stop_SNR_ratio": [1.769,2.578,2.383,1.28,0.908],
		"Y_f_stop_SNR_dB": [4.953,8.227,7.542,2.141,-0.8382],
		"quality_levels_for_DR": [
				"Low,",
				"Medium,",
				"M-H,",
				"High,"
		],
		"SigNoise_levels_for_DR": [1,0.5,0.25,0.1],
		"Dynamic_Range_f_stops": [5.965,3.599,0,0],
		"Dynamic_Range_dB": [35.91,21.66,0,0],
		"noise_ISO15739_pct": [0.8413,1.001,1.596,3.544,6.718],
		"snr_ISO15739": [2.138,5.813,10.47,10.45,9.313],
		"noise_pct_ISO15739_at_13pct_Lref": [3.747],
		"snr_ISO15739_at_13pct_Lref": [10.37],
		"snr_dB_ISO15739_at_13pct_Lref": [20.32],
		"DynamicRange_at_density_2": [342.3],
		"DynamicRange_total": [0],
		"DynamicRange_from_slope_OD": [1.95],
		"DynamicRange_from_slope_EV": [6.474],
		"DynamicRange_from_slope_dB": [39],
		"SNR_BW_dB_RGBY": [18.07,20.35,19.56,21.87],
		"L_noise": [9.207,7.52,4.824,4.179,5.505],
		"a_noise": [18.01,16.52,11.68,8.986,7.573],
		"b_noise": [17.61,16.17,10.27,8.375,7.263],
		"Total_Lab_noise_unwtd": [26.82,24.31,16.28,12.98,11.85],
		"Total_ab_noise_unwtd": [25.19,23.12,15.55,12.28,10.49],
		"R_minus_Y_KK_noise": [0.1066,0.1105,0.07969,0.05883,0.05173],
		"B_minus_Y_KK_noise": [0.1111,0.1055,0.06873,0.05921,0.05355],
		"Y_Kelly_Keelan_noise": [0.0853,0.07322,0.04857,0.04396,0.05947],
		"Total_KK_noise": [0.1074,0.09874,0.06742,0.05663,0.06735],
		"Chroma_KK_noise": [0.06524,0.06624,0.04677,0.0357,0.03161],
		"Total_old_iso_noise": [0.1285,0.1223,0.08473,0.06862,0.07555],
		"Y_noise_from_YUV": [0.08529,0.07322,0.04856,0.04396,0.05947],
		"U_noise_from_YUV": [0.0522,0.04958,0.03229,0.02782,0.02516],