{
	"jsonResults": {
		"dateRun": "13-May-2025 10:11:17",
		"ini_time_size": "13-May-2025 10:00:00 19023B  MD5 = e705635ea7a200e2cedf18739f05ef41",
		"version": "Imatest 24.2.6 Master Color/Tone Auto",
		"build": "2025-03-20",
		"image_file": "potted plant_18.0 mm_100ISO_-2EV_Dist2_ON_Focused.tiff",
		"ColorSpace": "sRGB",
		"Reference": "Default values",
		"Ref_folder": "/usr/local/Imatest/v24.2/Master/",
		"Gamma": [0.3837],
		"patches_for_gamma_start_end": [1,5],
		"exposure_error_normalized_y_channel": [-0.246],
		"mean_camera_Saturation_Pct": ["_NaN_"],
		"mean_chroma_level_CPIQ_Pct": ["_NaN_"],
		"CPIQ_chroma_quality_loss_JND": ["_NaN_"],
		"CPIQ_exposure_quality_loss_JND": ["_NaN_"],
		"pixel_offset": [0],
		"mean_patch_size_pxls": [96,103],
		"roi_settings": "Recent ROI settings are in roi, nwid_save, nht_save, fillf, and distort (same names as ini file)",
		"roi": [3053,1801,3657,1925,3053,1927,3657,1793],
		"nwid_save": [6024],
		"nht_save": [4020],
		"fillf": [0.8],
		"distort": [0],
		"grayscale_zone": [1,2,3,4,5],
		"grayscale_minus_log_exposure": [2,1.513,1.025,0.5375,0.05],
		"grayscale_Y_reflectivity": [0.01,0.03073,0.09441,0.2901,0.8913],
		"grayscale_Y_Printer_pixel_gamma22": [33.13,55.18,91.91,153.1,255],
		"grayscale_Y_density": [0.5109,0.6336,0.8206,1.1,1.587],
		"grayscale_R_density": [0.5101,0.6332,0.8212,1.091,1.563],
		"grayscale_G_density": [0.5125,0.6344,0.8215,1.103,1.598],
		"grayscale_B_density": [0.4977,0.6269,0.8101,1.087,1.546],
		"grayscale_Y_mean": [78.64,59.28,38.54,20.27,6.606],
		"grayscale_R_mean": [78.79,59.34,38.49,20.66,6.976],
		"grayscale_G_mean": [78.35,59.18,38.46,20.1,6.432],
		"grayscale_B_mean": [81.06,60.21,39.49,20.88,7.246],
		"White_Bal_error_Degrees": [281.5,133.3,209.1,94.67,239.7],
		"White_Bal_error_Mired": [-6.385,-3.091,-4.795,-2.209,-5.472],
		"White_Bal_error_S_HSV": [0.03343,0.01715,0.02599,0.03733,0.1123],
		"White_Bal_error_Delta_C_ab": [1.721,0.6889,0.7259,0.5856,0.3636],
		"White_Bal_error_Delta_C_94": [1.721,0.6889,0.7259,0.5856,0.3636],
		"White_Bal_error_Delta_C_00": [1.844,0.7555,0.7708,0.7393,0.4577],
		"n_Patch": [1,2,3,4,5],
		"n_Row": [1,1,1,1,1],
		"n_Column": [1,2,3,4,5],
		"width_pixels": [97,98,97,97,97],
		"height_pixels": [105,105,105,105,105],
		"Pixels_total": [10185,10290,10185,10185,10185],
		"R_reference": [242.4,146.6,86.6,49.01,25.46],
		"G_reference": [242.4,146.6,86.6,49.01,25.46],
		"B_reference": [242.4,146.6,86.6,49.01,25.46],
		"R_input": [78.79,59.34,38.49,20.66,6.976],
		"G_input": [78.35,59.18,38.46,20.1,6.432],
		"B_input": [81.06,60.21,39.49,20.88,7.246],
		"L_reference": [95.63,60.79,36.82,20.33,8.991],
		"a_reference": [0,0,0,0,0],
		"b_reference": [0,0,0,0,0],
		"L_input": [33.45,25,15.42,6.442,1.811],
		"a_input": [0.7706,0.3049,0.2659,0.4217,0.2556],
		"b_input": [-1.538,-0.6177,-0.6755,-0.4063,-0.2586],
		"x_reference": [0.3127,0.3127,0.3127,0.3127,0.3127],
		"y_reference": [0.329,0.329,0.329,0.329,0.329],
		"Y_reference": [0.8913,0.2901,0.09441,0.03073,0.01],
		"x_input": [0.309,0.3109,0.3098,0.3119,0.3106],
		"y_input": [0.3216,0.3254,0.324,0.3233,0.3164],
		"Y_input": [0.07748,0.04415,0.01987,0.007132,0.002005],
		"LUV_comment": "L2 is used to differentiate between the L in LAB and L in LUV.",
		"L2_reference": [805.1,262,85.28,27.75,9.033],
		"U_reference": [0.1978,0.1978,0.1978,0.1978,0.1978],
		"V_reference": [0.4683,0.4683,0.4683,0.4683,0.4683],
		"L2_input": [69.98,39.88,17.95,6.442,1.811],
		"U_input": [0.198,0.1979,0.1977,0.1995,0.2012],
		"V_input": [0.4637,0.4661,0.4652,0.4651,0.4611],
		"patch_numbers_for_all_Delta_E_C": [1,2,3,4,5],
		"Delta_E_all": [62.2,35.8,21.4,13.9,7.19],
		"Delta_C_all": [1.72,0.689,0.726,0.586,0.364],
		"Delta_E94_all": [62.2,35.8,21.4,13.9,7.19],
		"Delta_C94_all": [1.72,0.689,0.726,0.586,0.364],
		"Delta_E2000_all": [51.5,32.8,15.8,9.02,4.33],
		"Delta_C2000_all": [1.84,0.756,0.771,0.739,0.458],
		"Delta_L_all": [-62.2,-35.8,-21.4,-13.9,-7.18],
		"Delta_Chroma_all": [1.72,0.689,0.726,0.586,0.364],
		"Delta_Hue_Distance_all": [0,0,0,0,0],
		"Delta_Hue_Degrees_all": [0,0,0,0,0],
		"sat_corr_comment": "sat_corr explained on https://www.imatest.com/docs/colorcheck/#satcorr - not recommended.",
		"Delta_C_all_sat_corr": ["_NaN_","_NaN_","_NaN_","_NaN_","_NaN_"],
		"Delta_C94_all_sat_corr": ["_NaN_","_NaN_","_NaN_","_NaN_","_NaN_"],
		"Delta_C2000_all_sat_corr": ["_NaN_","_NaN_","_NaN_","_NaN_","_NaN_"],
		"grayscale_patch_numbers": [1,2,3,4,5],
		"Delta_E": [62.2,35.8,21.4,13.9,7.19],
		"Delta_C": [1.72,0.689,0.726,0.586,0.364],
		"Delta_E94": [62.2,35.8,21.4,13.9,7.19],
		"Delta_C94": [1.72,0.689,0.726,0.586,0.364],
		"Delta_E2000": [51.5,32.8,15.8,9.02,4.33],
		"Delta_C2000": [1.84,0.756,0.771,0.739,0.458],
		"Delta_L": [-62.2,-35.8,-21.4,-13.9,-7.18],
		"Delta_Chroma": [1.72,0.689,0.726,0.586,0.364],
		"Delta_Hue_Distance": [0,0,0,0,0],
		"Delta_Hue_Degrees": [0,0,0,0,0],
		"mean_Delta_E": [28.1],
		"mean_Delta_C": [0.817],
		"mean_Delta_E94": [28.1],
		"mean_Delta_C94": [0.817],
		"mean_Delta_E2000": [22.7],
		"mean_Delta_C2000": [0.914],
		"mean_Delta_L": [-28.1],
		"mean_Delta_Chroma": [0.817],
		"mean_Delta_Hue_Distance": [0],
		"mean_Delta_Hue_Degrees": [0],
		"mean_Delta_C_sat_corr": ["_NaN_"],
		"mean_Delta_C94_sat_corr": ["_NaN_"],
		"mean_Delta_C2000_sat_corr": ["_NaN_"],
		"max_Delta_E": [62.2],
		"max_Delta_C": [1.72],
		"max_Delta_E94": [62.2],
		"max_Delta_C94": [1.72],
		"max_Delta_E2000": [51.5],
		"max_Delta_C2000": [1.84],
		"max_Delta_L": [-7.18],
		"max_Delta_Chroma": [1.72],
		"max_Delta_Hue_Distance": [0],
		"max_Delta_Hue_Degrees": [0],
		"max_Delta_C_sat_corr": ["_NaN_"],
		"max_Delta_C94_sat_corr": ["_NaN_"],
		"max_Delta_C2000_sat_corr": ["_NaN_"],
		"mean_RegionSize": [10108.8],
		"Sequence_dark_to_light": [5,4,3,2,1],
		"Patch_number": [5,4,3,2,1],
		"R_noise": [0.008302,0.007346,0.006405,0.005821,0.005904],
		"G_noise": [0.004933,0.004797,0.00409,0.003967,0.004003],
		"B_noise": [0.00671,0.006064,0.005327,0.005113,0.005064],
		"R_SNR_ratio": [3.295,11.03,23.57,39.97,52.33],
		"G_SNR_ratio": [5.113,16.43,36.88,58.5,76.75],
		"B_SNR_ratio": [4.235,13.5,29.07,46.18,62.78],
		"R_SNR_dB": [10.36,20.85,27.45,32.04,34.38],
		"G_SNR_dB": [14.17,24.31,31.33,35.34,37.7],
		"B_SNR_dB": [12.54,22.61,29.27,33.29,35.96],
		"Gb_noise": [0.004153,0.003952,0.003424,0.00335,0.00338],
		"Gb_SNR_ratio": [6.238,20.12,44.14,69.39,91.24],
		"Gb_SNR_dB": [15.9,26.07,32.9,36.83,39.2],
		"Y_f_stop_SNR_ratio": [13.87,14.49,13.79,9.782,7.968],
		"Y_f_stop_SNR_dB": [22.84,23.22,22.79,19.81,18.03],
		"quality_levels_for_DR": [
				"Low,",
				"Medium,",
				"M-H,",
				"High,"
		],
		"SigNoise_levels_for_DR": [1,0.5,0.25,0.1],
		"Dynamic_Range_f_stops": [0,0,0,4.737],
		"Dynamic_Range_dB": [0,0,0,28.52],
		"noise_ISO15739_pct": [0.05205,0.06897,0.1445,0.3377,0.4661],
		"snr_ISO15739": [3.853,10.34,13.75,13.07,16.62],
		"noise_pct_ISO15739_at_13pct_Lref": [0.4183],
		"snr_ISO15739_at_13pct_Lref": [15.3],
		"snr_dB_ISO15739_at_13pct_Lref": [23.69],
		"DynamicRange_at_density_2": [9742],
		"DynamicRange_total": [0],
		"DynamicRange_from_slope_OD": [1.95],
		"DynamicRange_from_slope_EV": [6.474],
		"DynamicRange_from_slope_dB": [39],
		"SNR_BW_dB_RGBY": [31.89,35.22,33.02,36.69],
		"L_noise": [0.2907,0.4529,0.4167,0.3818,0.3671],
		"a_noise": [0.7842,1.197,1.061,0.9042,0.8684],
		"b_noise": [0.7618,1.142,1.048,0.925,0.886],
		"Total_Lab_noise_unwtd": [1.131,1.716,1.549,1.349,1.294],
		"Total_ab_noise_unwtd": [1.093,1.655,1.491,1.293,1.241],
		"R_minus_Y_KK_noise": [0.007034,0.006379,0.005469,0.004917,0.004978],
		"B_minus_Y_KK_noise": [0.007321,0.006648,0.005796,0.005466,0.00549],
		"Y_Kelly_Keelan_noise": [0.004153,0.003952,0.003424,0.00335,0.00338],
		"Total_KK_noise": [0.005981,0.005555,0.004799,0.004539,0.004582],
		"Chroma_KK_noise": [0.004304,0.003904,0.003362,0.003062,0.003093],
		"Total_old_iso_noise": [0.007583,0.006981,0.00602,0.00561,0.005666],