{
	"jsonResults": {
		"dateRun": "13-May-2025 10:11:17",
		"ini_time_size": "13-May-2025 10:00:00 19023B  MD5 = e705635ea7a200e2cedf18739f05ef41",
		"version": "Imatest 24.2.6 Master Color/Tone Auto",
		"build": "2025-03-20",
		"image_file": "potted plant_18.0 mm_25600ISO_-2EV_Dist2_ON_Focused.tiff",
		"ColorSpace": "sRGB",
		"Reference": "Default values",
		"Ref_folder": "/usr/local/Imatest/v24.2/Master/",
		"Gamma": [0.4129],
		"patches_for_gamma_start_end": [1,5],
		"exposure_error_normalized_y_channel": [-0.25],
		"mean_camera_Saturation_Pct": ["_NaN_"],
		"mean_chroma_level_CPIQ_Pct": ["_NaN_"],
		"CPIQ_chroma_quality_loss_JND": ["_NaN_"],
		"CPIQ_exposure_quality_loss_JND": ["_NaN_"],
		"pixel_offset": [0],
		"mean_patch_size_pxls": [96,103],
		"roi_settings": "Recent ROI settings are in roi, nwid_save, nht_save, fillf, and distort (same names as ini file)",
		"roi": [3053,1801,3657,1925,3053,1927,3657,1793],
		"nwid_save": [6024],
		"nht_save": [4020],
		"fillf": [0.8],
		"distort": [0],
		"grayscale_zone": [1,2,3,4,5],
		"grayscale_minus_log_exposure": [2,1.513,1.025,0.5375,0.05],
		"grayscale_Y_reflectivity": [0.01,0.03073,0.09441,0.2901,0.8913],
		"grayscale_Y_Printer_pixel_gamma22": [33.13,55.18,91.91,153.1,255],
		"grayscale_Y_density": [0.5129,0.6562,0.8575,1.03,1.14],
		"grayscale_R_density": [0.5182,0.6627,0.7838,0.8665,0.9245],
		"grayscale_G_density": [0.5136,0.6554,0.8881,1.1,1.246],
		"grayscale_B_density": [0.4912,0.6454,0.804,0.9836,1.036],
		"grayscale_Y_mean": [78.28,56.28,35.4,23.78,18.49],
		"grayscale_R_mean": [77.33,55.44,41.95,34.68,30.34],
		"grayscale_G_mean": [78.16,56.38,32.99,20.28,14.47],
		"grayscale_B_mean": [82.29,57.7,40.04,26.48,23.45],
		"White_Bal_error_Degrees": [609.4,332.7,-250,-2268,-2545],
		"White_Bal_error_Mired": [-13.19,-7.49,6.153,82.45,99.01],
		"White_Bal_error_S_HSV": [0.06027,0.03911,0.2135,0.4153,0.5232],
		"White_Bal_error_Delta_C_ab": [2.623,0.9687,6.634,8.732,9.771],
		"White_Bal_error_Delta_C_94": [2.623,0.9687,6.634,8.732,9.771],
		"White_Bal_error_Delta_C_00": [2.549,0.9537,7.705,10.05,10.84],
		"n_Patch": [1,2,3,4,5],
		"n_Row": [1,1,1,1,1],
		"n_Column": [1,2,3,4,5],
		"width_pixels": [97,98,97,97,97],
		"height_pixels": [105,105,105,105,105],
		"Pixels_total": [10185,10290,10185,10185,10185],
		"R_reference": [242.4,146.6,86.6,49.01,25.46],
		"G_reference": [242.4,146.6,86.6,49.01,25.46],
		"B_reference": [242.4,146.6,86.6,49.01,25.46],
		"R_input": [77.33,55.44,41.95,34.68,30.34],
		"G_input": [78.16,56.38,32.99,20.28,14.47],
		"B_input": [82.29,57.7,40.04,26.48,23.45],
		"L_reference": [95.63,60.79,36.82,20.33,8.991],
		"a_reference": [0,0,0,0,0],
		"b_reference": [0,0,0,0,0],
		"L_input": [33.3,23.65,14.01,8.469,6.067],
		"a_input": [0.588,-0.09647,5.859,8.618,9.397],
		"b_input": [-2.556,-0.9639,-3.111,-1.406,-2.677],
		"x_reference": [0.3127,0.3127,0.3127,0.3127,0.3127],
		"y_reference": [0.329,0.329,0.329,0.329,0.329],
		"Y_reference": [0.8913,0.2901,0.09441,0.03073,0.01],
		"x_input": [0.3044,0.3076,0.3209,0.3534,0.3531],
		"y_input": [0.3176,0.3242,0.2956,0.2937,0.2732],
		"Y_input": [0.07677,0.03993,0.01732,0.009386,0.006717],
		"LUV_comment": "L2 is used to differentiate between the L in LAB and L in LUV.",
		"L2_reference": [805.1,262,85.28,27.75,9.033],
		"U_reference": [0.1978,0.1978,0.1978,0.1978,0.1978],
		"V_reference": [0.4683,0.4683,0.4683,0.4683,0.4683],
		"L2_input": [69.34,36.07,15.64,8.478,6.067],
		"U_input": [0.1963,0.1961,0.2174,0.2429,0.2535],
		"V_input": [0.4609,0.465,0.4505,0.4544,0.4413],
		"patch_numbers_for_all_Delta_E_C": [1,2,3,4,5],
		"Delta_E_all": [62.4,37.2,23.8,14.7,10.2],
		"Delta_C_all": [2.62,0.969,6.63,8.73,9.77],
		"Delta_E94_all": [62.4,37.2,23.8,14.7,10.2],
		"Delta_C94_all": [2.62,0.969,6.63,8.73,9.77],
		"Delta_E2000_all": [51.7,33.7,18.4,12.7,11],
		"Delta_C2000_all": [2.55,0.954,7.7,10.1,10.8],
		"Delta_L_all": [-62.3,-37.1,-22.8,-11.9,-2.92],
		"Delta_Chroma_all": [2.62,0.969,6.63,8.73,9.77],
		"Delta_Hue_Distance_all": [0,0,0,0,0],
		"Delta_Hue_Degrees_all": [0,0,0,0,0],
		"sat_corr_comment": "sat_corr explained on https://www.imatest.com/docs/colorcheck/#satcorr - not recommended.",
		"Delta_C_all_sat_corr": ["_NaN_","_NaN_","_NaN_","_NaN_","_NaN_"],
		"Delta_C94_all_sat_corr": ["_NaN_","_NaN_","_NaN_","_NaN_","_NaN_"],
		"Delta_C2000_all_sat_corr": ["_NaN_","_NaN_","_NaN_","_NaN_","_NaN_"],
		"grayscale_patch_numbers": [1,2,3,4,5],
		"Delta_E": [62.4,37.2,23.8,14.7,10.2],
		"Delta_C": [2.62,0.969,6.63,8.73,9.77],
		"Delta_E94": [62.4,37.2,23.8,14.7,10.2],
		"Delta_C94": [2.62,0.969,6.63,8.73,9.77],
		"Delta_E2000": [51.7,33.7,18.4,12.7,11],
		"Delta_C2000": [2.55,0.954,7.7,10.1,10.8],
		"Delta_L": [-62.3,-37.1,-22.8,-11.9,-2.92],
		"Delta_Chroma": [2.62,0.969,6.63,8.73,9.77],
		"Delta_Hue_Distance": [0,0,0,0,0],
		"Delta_Hue_Degrees": [0,0,0,0,0],
		"mean_Delta_E": [29.6],
		"mean_Delta_C": [5.75],
		"mean_Delta_E94": [29.6],
		"mean_Delta_C94": [5.75],
		"mean_Delta_E2000": [25.5],
		"mean_Delta_C2000": [6.42],
		"mean_Delta_L": [-27.4],
		"mean_Delta_Chroma": [5.75],
		"mean_Delta_Hue_Distance": [0],
		"mean_Delta_Hue_Degrees": [0],
		"mean_Delta_C_sat_corr": ["_NaN_"],
		"mean_Delta_C94_sat_corr": ["_NaN_"],
		"mean_Delta_C2000_sat_corr": ["_NaN_"],
		"max_Delta_E": [62.4],
		"max_Delta_C": [9.77],
		"max_Delta_E94": [62.4],
		"max_Delta_C94": [9.77],
		"max_Delta_E2000": [51.7],
		"max_Delta_C2000": [10.8],
		"max_Delta_L": [-2.92],
		"max_Delta_Chroma": [9.77],
		"max_Delta_Hue_Distance": [0],
		"max_Delta_Hue_Degrees": [0],
		"max_Delta_C_sat_corr": ["_NaN_"],
		"max_Delta_C94_sat_corr": ["_NaN_"],
		"max_Delta_C2000_sat_corr": ["_NaN_"],
		"mean_RegionSize": [10108.8],
		"Sequence_dark_to_light": [5,4,3,2,1],
		"Patch_number": [5,4,3,2,1],
		"R_noise": [0.1027,0.1071,0.1184,0.1293,0.1218],
		"G_noise": [0.0711,0.08068,0.09386,0.09122,0.07314],
		"B_noise": [0.08425,0.0915,0.1037,0.1043,0.0862],
		"R_SNR_ratio": [1.158,1.27,1.39,1.681,2.49],
		"G_SNR_ratio": [0.7978,0.9856,1.378,2.424,4.19],
		"B_SNR_ratio": [1.092,1.135,1.514,2.169,3.744],
		"R_SNR_dB": [1.277,2.075,2.858,4.51,7.924],
		"G_SNR_dB": [-1.962,-0.1263,2.788,7.69,12.45],
		"B_SNR_dB": [0.7612,1.1,3.603,6.726,11.47],
		"Gb_noise": [0.05908,0.06542,0.07431,0.0735,0.0614],
		"Gb_SNR_ratio": [1.227,1.426,1.868,3.003,5],
		"Gb_SNR_dB": [1.778,3.081,5.428,9.55,13.98],
		"Y_f_stop_SNR_ratio": [0.8678,0.7062,0.5294,0.3131,0.217],
		"Y_f_stop_SNR_dB": [-1.232,-3.021,-5.525,-10.09,-13.27],
		"quality_levels_for_DR": [
				"Low,",
				"Medium,",
				"M-H,",
				"High,"
		],
		"SigNoise_levels_for_DR": [1,0.5,0.25,0.1],
		"Dynamic_Range_f_stops": [0,0,0,0],
		"Dynamic_Range_dB": [0,0,0,0],
		"noise_ISO15739_pct": [1.769,2.377,4.634,8.435,8.782],
		"snr_ISO15739": [0.3797,0.3948,0.3737,0.4733,0.8741],
		"noise_pct_ISO15739_at_13pct_Lref": [8.613],
		"snr_ISO15739_at_13pct_Lref": [0.6789],
		"snr_dB_ISO15739_at_13pct_Lref": [-3.364],
		"DynamicRange_at_density_2": [250.1],
		"DynamicRange_total": [0],
		"DynamicRange_from_slope_OD": [1.95],
		"DynamicRange_from_slope_EV": [6.474],
		"DynamicRange_from_slope_dB": [39],
		"SNR_BW_dB_RGBY": [4.362,7.395,6.23,9.271],
		"L_noise": [6.656,7.252,8.002,7.607,6.172],
		"a_noise": [14.99,16.41,18.62,18.46,15.37],
		"b_noise": [14.6,15.95,18.55,17.95,14.49],
		"Total_Lab_noise_unwtd": [21.96,24.01,27.47,26.85,22],
		"Total_ab_noise_unwtd": [20.92,22.89,26.28,25.75,21.12],
		"R_minus_Y_KK_noise": [0.09003,0.09674,0.1102,0.1162,0.1047],
		"B_minus_Y_KK_noise": [0.08943,0.09979,0.1174,0.1168,0.09429],
		"Y_Kelly_Keelan_noise": [0.05908,0.06542,0.07431,0.0735,0.0614],
		"Total_KK_noise": [0.08035,0.08813,0.1006,0.1018,0.08725],
		"Chroma_KK_noise": [0.05446,0.05905,0.06782,0.07046,0.06199],
		"Total_old_iso_noise": [0.09979,0.1089,0.1245,0.1274,0.1105],
		"Y_noise_from_YUV": [0.05907,0.06541,0.0743,0.07349,0.06139],
		"U_noise_from_YUV": [0.04202,0.04689,0.05514,0.05486,0.0443],