{
	"jsonResults": {
		"dateRun": "13-May-2025 09:30:52",
		"ini_time_size": "13-May-2025 09:29:52 10457B  MD5 = 3ca079c137729e9f66b2dcdb59342df6",
		"version": "Imatest 24.2.6 Master Color/Tone Auto",
		"build": "2025-03-20",
		"image_file": "sports ball_18.0 mm_6400ISO_0EV_Dist2_OFF_Defocus1.tiff",
		"ColorSpace": "sRGB",
		"Reference": "Default values",
		"Ref_folder": "/usr/local/Imatest/v24.2/Master/",
		"Gamma": [0.3403],
		"patches_for_gamma_start_end": [1,5],
		"exposure_error_normalized_y_channel": [-0.0923],
		"mean_camera_Saturation_Pct": ["_NaN_"],
		"mean_chroma_level_CPIQ_Pct": ["_NaN_"],
		"CPIQ_chroma_quality_loss_JND": ["_NaN_"],
		"CPIQ_exposure_quality_loss_JND": ["_NaN_"],
		"pixel_offset": [0],
		"mean_patch_size_pxls": [97,103],
		"roi_settings": "Recent ROI settings are in roi, nwid_save, nht_save, fillf, and distort (same names as ini file)",
		"roi": [3038,1783,3647,1907,3038,1909,3647,1775],
		"nwid_save": [6024],
		"nht_save": [4020],
		"fillf": [0.8],
		"distort": [0],
		"grayscale_zone": [1,2,3,4,5],
		"grayscale_minus_log_exposure": [2,1.513,1.025,0.5375,0.05],
		"grayscale_Y_reflectivity": [0.01,0.03073,0.09441,0.2901,0.8913],
		"grayscale_Y_Printer_pixel_gamma22": [33.13,55.18,91.91,153.1,255],
		"grayscale_Y_density": [0.2067,0.3169,0.4828,0.7172,1.017],
		"grayscale_R_density": [0.2061,0.3205,0.4865,0.7244,0.975],
		"grayscale_G_density": [0.2082,0.3163,0.4822,0.7154,1.031],
		"grayscale_B_density": [0.1941,0.3133,0.4786,0.7143,1.007],
		"grayscale_Y_mean": [158.4,122.9,83.89,48.9,24.52],
		"grayscale_R_mean": [158.7,121.9,83.18,48.1,27.01],
		"grayscale_G_mean": [157.9,123.1,84.02,49.1,23.73],
		"grayscale_B_mean": [163.1,123.9,84.71,49.24,25.08],
		"White_Bal_error_Degrees": [295.7,148.1,156.3,170.5,-435.1],
		"White_Bal_error_Mired": [-6.695,-3.426,-3.613,-3.933,11.04],
		"White_Bal_error_S_HSV": [0.0321,0.01641,0.01802,0.02303,0.1214],
		"White_Bal_error_Delta_C_ab": [2.933,0.6821,0.5575,0.4727,1.984],
		"White_Bal_error_Delta_C_94": [2.933,0.6821,0.5575,0.4727,1.984],
		"White_Bal_error_Delta_C_00": [3.048,0.7367,0.5874,0.6453,2.765],
		"n_Patch": [1,2,3,4,5],
		"n_Row": [1,1,1,1,1],
		"n_Column": [1,2,3,4,5],
		"width_pixels": [98,99,98,98,98],
		"height_pixels": [105,105,105,105,105],
		"Pixels_total": [10290,10395,10290,10290,10290],
		"R_reference": [242.4,146.6,86.6,49.01,25.46],
		"G_reference": [242.4,146.6,86.6,49.01,25.46],
		"B_reference": [242.4,146.6,86.6,49.01,25.46],
		"R_input": [158.7,121.9,83.18,48.1,27.01],
		"G_input": [157.9,123.1,84.02,49.1,23.73],
		"B_input": [163.1,123.9,84.71,49.24,25.08],
		"L_reference": [95.63,60.79,36.82,20.33,8.991],
		"a_reference": [0,0,0,0,0],
		"b_reference": [0,0,0,0,0],
		"L_input": [65.27,51.59,35.68,20.28,8.532],
		"a_input": [1.297,-0.2771,-0.1866,-0.4053,1.95],
		"b_input": [-2.631,-0.6233,-0.5254,-0.2433,-0.3678],
		"x_reference": [0.3127,0.3127,0.3127,0.3127,0.3127],
		"y_reference": [0.329,0.329,0.329,0.329,0.329],
		"Y_reference": [0.8913,0.2901,0.09441,0.03073,0.01],
		"x_input": [0.3088,0.3103,0.3102,0.3098,0.3217],
		"y_input": [0.3213,0.3274,0.3272,0.3285,0.3204],
		"Y_input": [0.3439,0.1978,0.08842,0.0306,0.009458],
		"LUV_comment": "L2 is used to differentiate between the L in LAB and L in LUV.",
		"L2_reference": [805.1,262,85.28,27.75,9.033],
		"U_reference": [0.1978,0.1978,0.1978,0.1978,0.1978],
		"V_reference": [0.4683,0.4683,0.4683,0.4683,0.4683],
		"L2_input": [310.7,178.7,79.87,27.64,8.544],
		"U_input": [0.198,0.1968,0.1968,0.196,0.2075],
		"V_input": [0.4636,0.4671,0.467,0.4676,0.465],
		"patch_numbers_for_all_Delta_E_C": [1,2,3,4,5],
		"Delta_E_all": [30.5,9.23,1.27,0.475,2.04],
		"Delta_C_all": [2.93,0.682,0.558,0.473,1.98],
		"Delta_E94_all": [30.5,9.23,1.27,0.475,2.04],
		"Delta_C94_all": [2.93,0.682,0.558,0.473,1.98],
		"Delta_E2000_all": [21.1,8.59,1.12,0.646,2.78],
		"Delta_C2000_all": [3.05,0.737,0.587,0.645,2.76],
		"Delta_L_all": [-30.4,-9.2,-1.14,-0.0507,-0.46],
		"Delta_Chroma_all": [2.93,0.682,0.558,0.473,1.98],
		"Delta_Hue_Distance_all": [0,0,0,0,0],
		"Delta_Hue_Degrees_all": [0,0,0,0,0],
		"sat_corr_comment": "sat_corr explained on https://www.imatest.com/docs/colorcheck/#satcorr - not recommended.",
		"Delta_C_all_sat_corr": ["_NaN_","_NaN_","_NaN_","_NaN_","_NaN_"],
		"Delta_C94_all_sat_corr": ["_NaN_","_NaN_","_NaN_","_NaN_","_NaN_"],
		"Delta_C2000_all_sat_corr": ["_NaN_","_NaN_","_NaN_","_NaN_","_NaN_"],
		"grayscale_patch_numbers": [1,2,3,4,5],
		"Delta_E": [30.5,9.23,1.27,0.475,2.04],
		"Delta_C": [2.93,0.682,0.558,0.473,1.98],
		"Delta_E94": [30.5,9.23,1.27,0.475,2.04],
		"Delta_C94": [2.93,0.682,0.558,0.473,1.98],
		"Delta_E2000": [21.1,8.59,1.12,0.646,2.78],
		"Delta_C2000": [3.05,0.737,0.587,0.645,2.76],
		"Delta_L": [-30.4,-9.2,-1.14,-0.0507,-0.46],
		"Delta_Chroma": [2.93,0.682,0.558,0.473,1.98],
		"Delta_Hue_Distance": [0,0,0,0,0],
		"Delta_Hue_Degrees": [0,0,0,0,0],
		"mean_Delta_E": [8.7],
		"mean_Delta_C": [1.33],
		"mean_Delta_E94": [8.7],
		"mean_Delta_C94": [1.33],
		"mean_Delta_E2000": [6.85],
		"mean_Delta_C2000": [1.56],
		"mean_Delta_L": [-8.24],
		"mean_Delta_Chroma": [1.33],
		"mean_Delta_Hue_Distance": [0],
		"mean_Delta_Hue_Degrees": [0],
		"mean_Delta_C_sat_corr": ["_NaN_"],
		"mean_Delta_C94_sat_corr": ["_NaN_"],
		"mean_Delta_C2000_sat_corr": ["_NaN_"],
		"max_Delta_E": [30.5],
		"max_Delta_C": [2.93],
		"max_Delta_E94": [30.5],
		"max_Delta_C94": [2.93],
		"max_Delta_E2000": [21.1],
		"max_Delta_C2000": [3.05],
		"max_Delta_L": [-0.0507],
		"max_Delta_Chroma": [2.93],
		"max_Delta_Hue_Distance": [0],
		"max_Delta_Hue_Degrees": [0],
		"max_Delta_C_sat_corr": ["_NaN_"],
		"max_Delta_C94_sat_corr": ["_NaN_"],
		"max_Delta_C2000_sat_corr": ["_NaN_"],
		"mean_RegionSize": [10212.8],
		"Sequence_dark_to_light": [5,4,3,2,1],
		"Patch_number": [5,4,3,2,1],
		"R_noise": [0.06951,0.07,0.05116,0.04312,0.03729],
		"G_noise": [0.05314,0.03841,0.02989,0.02701,0.02573],
		"B_noise": [0.06122,0.05287,0.03808,0.03369,0.02891],
		"R_SNR_ratio": [1.524,2.695,6.376,11.09,16.68],
		"G_SNR_ratio": [1.751,5.013,11.02,17.87,24.06],
		"B_SNR_ratio": [1.607,3.652,8.725,14.43,22.13],
		"R_SNR_dB": [3.658,8.611,16.09,20.9,24.45],
		"G_SNR_dB": [4.867,14,20.85,25.04,27.63],
		"B_SNR_dB": [4.119,11.25,18.81,23.18,26.9],
		"Gb_noise": [0.04485,0.03289,0.02451,0.02245,0.02102],
		"Gb_SNR_ratio": [2.144,5.831,13.42,21.47,29.55],
		"Gb_SNR_dB": [6.625,15.31,22.56,26.64,29.41],
		"Y_f_stop_SNR_ratio": [4.089,4.019,3.656,2.185,1.316],
		"Y_f_stop_SNR_dB": [12.23,12.08,11.26,6.791,2.384],
		"quality_levels_for_DR": [
				"Low,",
				"Medium,",
				"M-H,",
				"High,"
		],
		"SigNoise_levels_for_DR": [1,0.5,0.25,0.1],
		"Dynamic_Range_f_stops": [0,5.086,1.697,0],
		"Dynamic_Range_dB": [0,30.62,10.22,0],
		"noise_ISO15739_pct": [0.3487,0.3536,0.6266,1.377,1.781],
		"snr_ISO15739": [2.712,8.654,14.11,14.36,19.31],
		"noise_pct_ISO15739_at_13pct_Lref": [1.585],
		"snr_ISO15739_at_13pct_Lref": [16.91],
		"snr_dB_ISO15739_at_13pct_Lref": [24.56],
		"DynamicRange_at_density_2": [1319],
		"DynamicRange_total": [0],
		"DynamicRange_from_slope_OD": [1.95],
		"DynamicRange_from_slope_EV": [6.474],
		"DynamicRange_from_slope_dB": [39],
		"SNR_BW_dB_RGBY": [19.97,24.03,22.11,25.63],
		"L_noise": [4.94,3.656,2.596,2.249,2.012],
		"a_noise": [10.54,9.771,7.383,5.896,5.043],
		"b_noise": [10.1,9.529,6.527,5.457,4.695],
		"Total_Lab_noise_unwtd": [15.41,14.13,10.19,8.343,7.178],
		"Total_ab_noise_unwtd": [14.59,13.65,9.855,8.034,6.89],
		"R_minus_Y_KK_noise": [0.05926,0.05887,0.04497,0.03728,0.03276],
		"B_minus_Y_KK_noise": [0.06346,0.05692,0.04111,0.03661,0.03298],
		"Y_Kelly_Keelan_noise": [0.04485,0.03289,0.02451,0.02245,0.02102],
		"Total_KK_noise": [0.05784,0.04831,0.03624,0.03177,0.02893],
		"Chroma_KK_noise": [0.03653,0.03538,0.0267,0.02249,0.01988],
		"Total_old_iso_noise": [0.07003,0.06179,0.04653,0.0401,0.0361],
		"Y_noise_from_YUV": [0.04485,0.03289,0.0245,0.02245,0.02102],