{
	"jsonResults": {
		"dateRun": "13-May-2025 09:34:29",
		"ini_time_size": "13-May-2025 09:30:52 16089B  MD5 = 832528cd4efa725c3e1b26fde484c296",
		"version": "Imatest 24.2.6 Master Color/Tone Auto",
		"build": "2025-03-20",
		"image_file": "sports ball_18.0 mm_1600ISO_-3EV_Dist2_ON_Defocus1.tiff",
		"ColorSpace": "sRGB",
		"Reference": "Default values",
		"Ref_folder": "/usr/local/Imatest/v24.2/Master/",
		"Gamma": [0.4111],
		"patches_for_gamma_start_end": [1,5],
		"exposure_error_normalized_y_channel": [-0.257],
		"mean_camera_Saturation_Pct": ["_NaN_"],
		"mean_chroma_level_CPIQ_Pct": ["_NaN_"],
		"CPIQ_chroma_quality_loss_JND": ["_NaN_"],
		"CPIQ_exposure_quality_loss_JND": ["_NaN_"],
		"pixel_offset": [0],
		"mean_patch_size_pxls": [97,103],
		"roi_settings": "Recent ROI settings are in roi, nwid_save, nht_save, fillf, and distort (same names as ini file)",
		"roi": [3038,1783,3647,1907,3038,1909,3647,1775],
		"nwid_save": [6024],
		"nht_save": [4020],
		"fillf": [0.8],
		"distort": [0],
		"grayscale_zone": [1,2,3,4,5],
		"grayscale_minus_log_exposure": [2,1.513,1.025,0.5375,0.05],
		"grayscale_Y_reflectivity": [0.01,0.03073,0.09441,0.2901,0.8913],
		"grayscale_Y_Printer_pixel_gamma22": [33.13,55.18,91.91,153.1,255],
		"grayscale_Y_density": [0.5704,0.6964,0.8969,1.213,1.551],
		"grayscale_R_density": [0.5656,0.6939,0.9032,1.186,1.399],
		"grayscale_G_density": [0.5732,0.698,0.8954,1.221,1.619],
		"grayscale_B_density": [0.5568,0.6883,0.8923,1.208,1.478],
		"grayscale_Y_mean": [68.58,51.3,32.34,15.63,7.162],
		"grayscale_R_mean": [69.33,51.6,31.87,16.6,10.18],
		"grayscale_G_mean": [68.13,51.11,32.44,15.32,6.131],
		"grayscale_B_mean": [70.75,52.27,32.67,15.8,8.49],
		"White_Bal_error_Degrees": [214.3,124.5,169.8,-229.5,-803.5],
		"White_Bal_error_Mired": [-4.909,-2.892,-3.916,5.63,21.7],
		"White_Bal_error_S_HSV": [0.03702,0.02217,0.0247,0.07691,0.3979],
		"White_Bal_error_Delta_C_ab": [1.776,0.8185,0.3293,0.549,1.482],
		"White_Bal_error_Delta_C_94": [1.776,0.8185,0.3293,0.549,1.482],
		"White_Bal_error_Delta_C_00": [2.051,0.9587,0.4001,0.8037,2.047],
		"n_Patch": [1,2,3,4,5],
		"n_Row": [1,1,1,1,1],
		"n_Column": [1,2,3,4,5],
		"width_pixels": [98,99,98,98,98],
		"height_pixels": [105,105,105,105,105],
		"Pixels_total": [10290,10395,10290,10290,10290],
		"R_reference": [242.4,146.6,86.6,49.01,25.46],
		"G_reference": [242.4,146.6,86.6,49.01,25.46],
		"B_reference": [242.4,146.6,86.6,49.01,25.46],
		"R_input": [69.33,51.6,31.87,16.6,10.18],
		"G_input": [68.13,51.11,32.44,15.32,6.131],
		"B_input": [70.75,52.27,32.67,15.8,8.49],
		"L_reference": [95.63,60.79,36.82,20.33,8.991],
		"a_reference": [0,0,0,0,0],
		"b_reference": [0,0,0,0,0],
		"L_input": [29.11,21.38,12.42,4.545,1.964],
		"a_input": [1.084,0.4817,-0.2089,0.543,1.388],
		"b_input": [-1.406,-0.6617,-0.2545,-0.08103,-0.5203],
		"x_reference": [0.3127,0.3127,0.3127,0.3127,0.3127],
		"y_reference": [0.329,0.329,0.329,0.329,0.329],
		"Y_reference": [0.8913,0.2901,0.09441,0.03073,0.01],
		"x_input": [0.3102,0.3112,0.3099,0.3175,0.329],
		"y_input": [0.321,0.3245,0.3277,0.325,0.2974],
		"Y_input": [0.05879,0.03347,0.0147,0.005031,0.002174],
		"LUV_comment": "L2 is used to differentiate between the L in LAB and L in LUV.",
		"L2_reference": [805.1,262,85.28,27.75,9.033],
		"U_reference": [0.1978,0.1978,0.1978,0.1978,0.1978],
		"V_reference": [0.4683,0.4683,0.4683,0.4683,0.4683],
		"L2_input": [53.11,30.24,13.28,4.545,1.964],
		"U_input": [0.1991,0.1985,0.1964,0.2027,0.2227],
		"V_input": [0.4636,0.4657,0.4672,0.4669,0.4528],
		"patch_numbers_for_all_Delta_E_C": [1,2,3,4,5],
		"Delta_E_all": [66.6,39.4,24.4,15.8,7.18],
		"Delta_C_all": [1.78,0.819,0.329,0.549,1.48],
		"Delta_E94_all": [66.6,39.4,24.4,15.8,7.18],
		"Delta_C94_all": [1.78,0.819,0.329,0.549,1.48],
		"Delta_E2000_all": [56.7,35.2,17.8,10.2,4.69],
		"Delta_C2000_all": [2.05,0.959,0.4,0.804,2.05],
		"Delta_L_all": [-66.5,-39.4,-24.4,-15.8,-7.03],
		"Delta_Chroma_all": [1.78,0.819,0.329,0.549,1.48],
		"Delta_Hue_Distance_all": [0,0,0,0,0],
		"Delta_Hue_Degrees_all": [0,0,0,0,0],
		"sat_corr_comment": "sat_corr explained on https://www.imatest.com/docs/colorcheck/#satcorr - not recommended.",
		"Delta_C_all_sat_corr": ["_NaN_","_NaN_","_NaN_","_NaN_","_NaN_"],
		"Delta_C94_all_sat_corr": ["_NaN_","_NaN_","_NaN_","_NaN_","_NaN_"],
		"Delta_C2000_all_sat_corr": ["_NaN_","_NaN_","_NaN_","_NaN_","_NaN_"],
		"grayscale_patch_numbers": [1,2,3,4,5],
		"Delta_E": [66.6,39.4,24.4,15.8,7.18],
		"Delta_C": [1.78,0.819,0.329,0.549,1.48],
		"Delta_E94": [66.6,39.4,24.4,15.8,7.18],
		"Delta_C94": [1.78,0.819,0.329,0.549,1.48],
		"Delta_E2000": [56.7,35.2,17.8,10.2,4.69],
		"Delta_C2000": [2.05,0.959,0.4,0.804,2.05],
		"Delta_L": [-66.5,-39.4,-24.4,-15.8,-7.03],
		"Delta_Chroma": [1.78,0.819,0.329,0.549,1.48],
		"Delta_Hue_Distance": [0,0,0,0,0],
		"Delta_Hue_Degrees": [0,0,0,0,0],
		"mean_Delta_E": [30.7],
		"mean_Delta_C": [0.991],
		"mean_Delta_E94": [30.7],
		"mean_Delta_C94": [0.991],
		"mean_Delta_E2000": [24.9],
		"mean_Delta_C2000": [1.25],
		"mean_Delta_L": [-30.6],
		"mean_Delta_Chroma": [0.991],
		"mean_Delta_Hue_Distance": [0],
		"mean_Delta_Hue_Degrees": [0],
		"mean_Delta_C_sat_corr": ["_NaN_"],
		"mean_Delta_C94_sat_corr": ["_NaN_"],
		"mean_Delta_C2000_sat_corr": ["_NaN_"],
		"max_Delta_E": [66.6],
		"max_Delta_C": [1.78],
		"max_Delta_E94": [66.6],
		"max_Delta_C94": [1.78],
		"max_Delta_E2000": [56.7],
		"max_Delta_C2000": [2.05],
		"max_Delta_L": [-7.03],
		"max_Delta_Chroma": [1.78],
		"max_Delta_Hue_Distance": [0],
		"max_Delta_Hue_Degrees": [0],
		"max_Delta_C_sat_corr": ["_NaN_"],
		"max_Delta_C94_sat_corr": ["_NaN_"],
		"max_Delta_C2000_sat_corr": ["_NaN_"],
		"mean_RegionSize": [10212.8],
		"Sequence_dark_to_light": [5,4,3,2,1],
		"Patch_number": [5,4,3,2,1],
		"R_noise": [0.0358,0.04274,0.04224,0.03312,0.02945],
		"G_noise": [0.02432,0.03173,0.02325,0.01924,0.01805],
		"B_noise": [0.03006,0.03786,0.03215,0.02496,0.02295],
		"R_SNR_ratio": [1.115,1.523,2.958,6.11,9.231],
		"G_SNR_ratio": [0.9887,1.894,5.473,10.42,14.8],
		"B_SNR_ratio": [1.108,1.636,3.985,8.212,12.09],
		"R_SNR_dB": [0.949,3.654,9.42,15.72,19.31],
		"G_SNR_dB": [-0.09883,5.548,14.76,20.36,23.41],
		"B_SNR_dB": [0.8883,4.277,12.01,18.29,21.65],
		"Gb_noise": [0.02068,0.02555,0.01961,0.01608,0.01485],
		"Gb_SNR_ratio": [1.358,2.399,6.467,12.51,18.1],
		"Gb_SNR_dB": [2.66,7.6,16.21,21.94,25.16],
		"Y_f_stop_SNR_ratio": [2.816,2.728,2.203,1.193,0.9913],
		"Y_f_stop_SNR_dB": [8.993,8.717,6.859,1.532,-0.07571],
		"quality_levels_for_DR": [
				"Low,",
				"Medium,",
				"M-H,",
				"High,"
		],
		"SigNoise_levels_for_DR": [1,0.5,0.25,0.1],
		"Dynamic_Range_f_stops": [6.395,3.433,0,0],
		"Dynamic_Range_dB": [38.5,20.67,0,0],
		"noise_ISO15739_pct": [0.3957,0.6475,1.06,1.983,2.521],
		"snr_ISO15739": [0.5495,0.7771,1.386,1.688,2.333],
		"noise_pct_ISO15739_at_13pct_Lref": [2.272],
		"snr_ISO15739_at_13pct_Lref": [2.035],
		"snr_dB_ISO15739_at_13pct_Lref": [6.17],
		"DynamicRange_at_density_2": [1149],
		"DynamicRange_total": [98.11],
		"DynamicRange_from_slope_OD": [1.95],
		"DynamicRange_from_slope_EV": [6.474],
		"DynamicRange_from_slope_dB": [39],
		"SNR_BW_dB_RGBY": [15.95,20.66,18.4,22.22],
		"L_noise": [1.734,2.514,2.35,1.852,1.641],
		"a_noise": [4.115,6.251,6.536,5.074,4.475],
		"b_noise": [3.801,5.734,6.172,4.674,4.175],
		"Total_Lab_noise_unwtd": [5.864,8.847,9.292,7.143,6.337],
		"Total_ab_noise_unwtd": [5.602,8.482,8.99,6.899,6.121],
		"R_minus_Y_KK_noise": [0.03039,0.03902,0.03597,0.02847,0.02562],
		"B_minus_Y_KK_noise": [0.0309,0.0404,0.0349,0.02715,0.0254],
		"Y_Kelly_Keelan_noise": [0.02068,0.02555,0.01961,0.01608,0.01485],
		"Total_KK_noise": [0.02774,0.03494,0.0292,0.02344,0.02146],
		"Chroma_KK_noise": [0.01849,0.02384,0.02164,0.01706,0.01549],
		"Total_old_iso_noise": [0.03423,0.04345,0.03752,0.02992,0.02728],
		"Y_noise_from_YUV": [0.02068,0.02554,0.01961,0.01608,0.01485],
		"U_noise_from_YUV": [0.01452,0.01898,0.0164,0.01276,0.01193],