{
	"jsonResults": {
		"dateRun": "13-May-2025 09:34:29",
		"ini_time_size": "13-May-2025 09:30:52 16089B  MD5 = 832528cd4efa725c3e1b26fde484c296",
		"version": "Imatest 24.2.6 Master Color/Tone Auto",
		"build": "2025-03-20",
		"image_file": "sports ball_18.0 mm_6400ISO_-3EV_Dist2_OFF_Defocus1.tiff",
		"ColorSpace": "sRGB",
		"Reference": "Default values",
		"Ref_folder": "/usr/local/Imatest/v24.2/Master/",
		"Gamma": [0.446],
		"patches_for_gamma_start_end": [1,5],
		"exposure_error_normalized_y_channel": [-0.266],
		"mean_camera_Saturation_Pct": ["_NaN_"],
		"mean_chroma_level_CPIQ_Pct": ["_NaN_"],
		"CPIQ_chroma_quality_loss_JND": ["_NaN_"],
		"CPIQ_exposure_quality_loss_JND": ["_NaN_"],
		"pixel_offset": [0],
		"mean_patch_size_pxls": [97,103],
		"roi_settings": "Recent ROI settings are in roi, nwid_save, nht_save, fillf, and distort (same names as ini file)",
		"roi": [3038,1783,3647,1907,3038,1909,3647,1775],
		"nwid_save": [6024],
		"nht_save": [4020],
		"fillf": [0.8],
		"distort": [0],
		"grayscale_zone": [1,2,3,4,5],
		"grayscale_minus_log_exposure": [2,1.513,1.025,0.5375,0.05],
		"grayscale_Y_reflectivity": [0.01,0.03073,0.09441,0.2901,0.8913],
		"grayscale_Y_Printer_pixel_gamma22": [33.13,55.18,91.91,153.1,255],
		"grayscale_Y_density": [0.6375,0.776,0.9934,1.27,1.448],
		"grayscale_R_density": [0.6423,0.7891,0.9848,1.15,1.246],
		"grayscale_G_density": [0.6379,0.7727,0.9956,1.32,1.546],
		"grayscale_B_density": [0.619,0.771,0.9981,1.211,1.343],
		"grayscale_Y_mean": [58.76,42.71,25.89,13.7,9.095],
		"grayscale_R_mean": [58.11,41.44,26.41,18.05,14.47],
		"grayscale_G_mean": [58.7,43.03,25.76,12.21,7.249],
		"grayscale_B_mean": [61.31,43.21,25.61,15.68,11.58],
		"White_Bal_error_Degrees": [487.6,292.2,-180.8,-805.7,-1352],
		"White_Bal_error_Mired": [-10.73,-6.618,4.402,21.77,40.41],
		"White_Bal_error_S_HSV": [0.05222,0.0409,0.03019,0.3234,0.4989],
		"White_Bal_error_Delta_C_ab": [1.743,0.7607,0.3486,2.753,2.816],
		"White_Bal_error_Delta_C_94": [1.743,0.7607,0.3486,2.753,2.816],
		"White_Bal_error_Delta_C_00": [1.72,1.041,0.4615,3.671,3.745],
		"n_Patch": [1,2,3,4,5],
		"n_Row": [1,1,1,1,1],
		"n_Column": [1,2,3,4,5],
		"width_pixels": [98,99,98,98,98],
		"height_pixels": [105,105,105,105,105],
		"Pixels_total": [10290,10395,10290,10290,10290],
		"R_reference": [242.4,146.6,86.6,49.01,25.46],
		"G_reference": [242.4,146.6,86.6,49.01,25.46],
		"B_reference": [242.4,146.6,86.6,49.01,25.46],
		"R_input": [58.11,41.44,26.41,18.05,14.47],
		"G_input": [58.7,43.03,25.76,12.21,7.249],
		"B_input": [61.31,43.21,25.61,15.68,11.58],
		"L_reference": [95.63,60.79,36.82,20.33,8.991],
		"a_reference": [0,0,0,0,0],
		"b_reference": [0,0,0,0,0],
		"L_input": [24.76,17.4,9.207,3.918,2.53],
		"a_input": [0.3586,-0.6674,0.277,2.596,2.652],
		"b_input": [-1.706,-0.3652,0.2117,-0.9169,-0.9464],
		"x_reference": [0.3127,0.3127,0.3127,0.3127,0.3127],
		"y_reference": [0.329,0.329,0.329,0.329,0.329],
		"Y_reference": [0.8913,0.2901,0.09441,0.03073,0.01],
		"x_input": [0.3059,0.3076,0.316,0.329,0.337],
		"y_input": [0.3199,0.3282,0.33,0.3,0.2852],
		"Y_input": [0.0434,0.02387,0.01026,0.004337,0.0028],
		"LUV_comment": "L2 is used to differentiate between the L in LAB and L in LUV.",
		"L2_reference": [805.1,262,85.28,27.75,9.033],
		"U_reference": [0.1978,0.1978,0.1978,0.1978,0.1978],
		"V_reference": [0.4683,0.4683,0.4683,0.4683,0.4683],
		"L2_input": [39.2,21.56,9.269,3.918,2.53],
		"U_input": [0.1965,0.1946,0.1998,0.2215,0.2345],
		"V_input": [0.4623,0.4671,0.4693,0.4544,0.4465],
		"patch_numbers_for_all_Delta_E_C": [1,2,3,4,5],
		"Delta_E_all": [70.9,43.4,27.6,16.6,7.05],
		"Delta_C_all": [1.74,0.761,0.349,2.75,2.82],
		"Delta_E94_all": [70.9,43.4,27.6,16.6,7.05],
		"Delta_C94_all": [1.74,0.761,0.349,2.75,2.82],
		"Delta_E2000_all": [62.2,37.7,19.7,11.1,5.4],
		"Delta_C2000_all": [1.72,1.04,0.461,3.67,3.75],
		"Delta_L_all": [-70.9,-43.4,-27.6,-16.4,-6.46],
		"Delta_Chroma_all": [1.74,0.761,0.349,2.75,2.82],
		"Delta_Hue_Distance_all": [0,0,0,0,0],
		"Delta_Hue_Degrees_all": [0,0,0,0,0],
		"sat_corr_comment": "sat_corr explained on https://www.imatest.com/docs/colorcheck/#satcorr - not recommended.",
		"Delta_C_all_sat_corr": ["_NaN_","_NaN_","_NaN_","_NaN_","_NaN_"],
		"Delta_C94_all_sat_corr": ["_NaN_","_NaN_","_NaN_","_NaN_","_NaN_"],
		"Delta_C2000_all_sat_corr": ["_NaN_","_NaN_","_NaN_","_NaN_","_NaN_"],
		"grayscale_patch_numbers": [1,2,3,4,5],
		"Delta_E": [70.9,43.4,27.6,16.6,7.05],
		"Delta_C": [1.74,0.761,0.349,2.75,2.82],
		"Delta_E94": [70.9,43.4,27.6,16.6,7.05],
		"Delta_C94": [1.74,0.761,0.349,2.75,2.82],
		"Delta_E2000": [62.2,37.7,19.7,11.1,5.4],
		"Delta_C2000": [1.72,1.04,0.461,3.67,3.75],
		"Delta_L": [-70.9,-43.4,-27.6,-16.4,-6.46],
		"Delta_Chroma": [1.74,0.761,0.349,2.75,2.82],
		"Delta_Hue_Distance": [0,0,0,0,0],
		"Delta_Hue_Degrees": [0,0,0,0,0],
		"mean_Delta_E": [33.1],
		"mean_Delta_C": [1.68],
		"mean_Delta_E94": [33.1],
		"mean_Delta_C94": [1.68],
		"mean_Delta_E2000": [27.2],
		"mean_Delta_C2000": [2.13],
		"mean_Delta_L": [-32.9],
		"mean_Delta_Chroma": [1.68],
		"mean_Delta_Hue_Distance": [0],
		"mean_Delta_Hue_Degrees": [0],
		"mean_Delta_C_sat_corr": ["_NaN_"],
		"mean_Delta_C94_sat_corr": ["_NaN_"],
		"mean_Delta_C2000_sat_corr": ["_NaN_"],
		"max_Delta_E": [70.9],
		"max_Delta_C": [2.82],
		"max_Delta_E94": [70.9],
		"max_Delta_C94": [2.82],
		"max_Delta_E2000": [62.2],
		"max_Delta_C2000": [3.75],
		"max_Delta_L": [-6.46],
		"max_Delta_Chroma": [2.82],
		"max_Delta_Hue_Distance": [0],
		"max_Delta_Hue_Degrees": [0],
		"max_Delta_C_sat_corr": ["_NaN_"],
		"max_Delta_C94_sat_corr": ["_NaN_"],
		"max_Delta_C2000_sat_corr": ["_NaN_"],
		"mean_RegionSize": [10212.8],
		"Sequence_dark_to_light": [5,4,3,2,1],
		"Patch_number": [5,4,3,2,1],
		"R_noise": [0.05342,0.05963,0.06865,0.07064,0.06233],
		"G_noise": [0.03491,0.04269,0.04717,0.04047,0.03451],
		"B_noise": [0.04286,0.05025,0.05964,0.05579,0.04375],
		"R_SNR_ratio": [1.062,1.187,1.509,2.3,3.656],
		"G_SNR_ratio": [0.8143,1.122,2.142,4.17,6.67],
		"B_SNR_ratio": [1.059,1.223,1.684,3.037,5.496],
		"R_SNR_dB": [0.5226,1.49,3.572,7.236,11.26],
		"G_SNR_dB": [-1.785,0.9986,6.615,12.4,16.48],
		"B_SNR_dB": [0.5005,1.752,4.527,9.649,14.8],
		"Gb_noise": [0.02919,0.03449,0.03832,0.03386,0.02921],
		"Gb_SNR_ratio": [1.222,1.558,2.649,4.946,7.889],
		"Gb_SNR_dB": [1.74,3.852,8.462,13.89,17.94],
		"Y_f_stop_SNR_ratio": [1.331,1.175,0.9163,0.5894,0.3823],
		"Y_f_stop_SNR_dB": [2.482,1.403,-0.7592,-4.591,-8.353],
		"quality_levels_for_DR": [
				"Low,",
				"Medium,",
				"M-H,",
				"High,"
		],
		"SigNoise_levels_for_DR": [1,0.5,0.25,0.1],
		"Dynamic_Range_f_stops": [2.624,0,0,0],
		"Dynamic_Range_dB": [15.8,0,0,0],
		"noise_ISO15739_pct": [0.9979,1.46,2.96,5.332,6.065],
		"snr_ISO15739": [0.2806,0.2971,0.3466,0.4476,0.7155],
		"noise_pct_ISO15739_at_13pct_Lref": [5.652],
		"snr_ISO15739_at_13pct_Lref": [0.5643],
		"snr_dB_ISO15739_at_13pct_Lref": [-4.97],
		"DynamicRange_at_density_2": [402.9],
		"DynamicRange_total": [0],
		"DynamicRange_from_slope_OD": [1.95],
		"DynamicRange_from_slope_EV": [6.474],
		"DynamicRange_from_slope_dB": [39],
		"SNR_BW_dB_RGBY": [7.963,12.8,10.01,14.35],
		"L_noise": [2.726,3.418,4.262,3.823,3.212],
		"a_noise": [7.345,9.026,10.96,10.4,8.703],
		"b_noise": [6.217,8.146,10.53,10.14,7.976],
		"Total_Lab_noise_unwtd": [10,12.63,15.79,15.02,12.23],
		"Total_ab_noise_unwtd": [9.623,12.16,15.2,14.52,11.8],
		"R_minus_Y_KK_noise": [0.04672,0.05386,0.06103,0.06051,0.05299],
		"B_minus_Y_KK_noise": [0.04388,0.05485,0.0651,0.06039,0.04796],
		"Y_Kelly_Keelan_noise": [0.02919,0.03449,0.03832,0.03386,0.02921],
		"Total_KK_noise": [0.04038,0.04758,0.05367,0.04989,0.04288],
		"Chroma_KK_noise": [0.0279,0.03277,0.03758,0.03664,0.0314],
		"Total_old_iso_noise": [0.05057,0.05939,0.06731,0.06382,0.05494],
		"Y_noise_from_YUV": [0.02919,0.03449,0.03832,0.03386,0.02921],
		"U_noise_from_YUV": [0.02062,0.02577,0.03059,0.02837,0.02254],