{
	"jsonResults": {
		"dateRun": "07-May-2025 13:47:58",
		"ini_time_size": "07-May-2025 13:46:16 9647B  MD5 = 308ec4ab452c16f1007557ae8bd834c3",
		"version": "Imatest 24.2.6 Master Color/Tone Auto",
		"build": "2025-03-20",
		"image_file": "sports ball_18.0 mm_25600ISO_+1EV_Dist2_ON_Focused.tiff",
		"ColorSpace": "sRGB",
		"Reference": "Default values",
		"Ref_folder": "/usr/local/Imatest/v24.2/Master/",
		"Gamma": [0.3379],
		"patches_for_gamma_start_end": [1,5],
		"exposure_error_normalized_y_channel": [0.0927],
		"mean_camera_Saturation_Pct": ["_NaN_"],
		"mean_chroma_level_CPIQ_Pct": ["_NaN_"],
		"CPIQ_chroma_quality_loss_JND": ["_NaN_"],
		"CPIQ_exposure_quality_loss_JND": ["_NaN_"],
		"pixel_offset": [0],
		"mean_patch_size_pxls": [98,102],
		"roi_settings": "Recent ROI settings are in roi, nwid_save, nht_save, fillf, and distort (same names as ini file)",
		"roi": [3034,1778,3644,1906,3034,1906,3644,1778],
		"nwid_save": [6024],
		"nht_save": [4020],
		"fillf": [0.8],
		"distort": [0],
		"grayscale_zone": [1,2,3,4,5],
		"grayscale_minus_log_exposure": [2,1.513,1.025,0.5375,0.05],
		"grayscale_Y_reflectivity": [0.01,0.03073,0.09441,0.2901,0.8913],
		"grayscale_Y_Printer_pixel_gamma22": [33.13,55.18,91.91,153.1,255],
		"grayscale_Y_density": [0.07601,0.1857,0.3504,0.5843,0.8954],
		"grayscale_R_density": [0.07491,0.19,0.3628,0.6027,0.834],
		"grayscale_G_density": [0.07788,0.1853,0.3481,0.5789,0.9186],
		"grayscale_B_density": [0.06105,0.1768,0.3376,0.5844,0.8666],
		"grayscale_Y_mean": [214.1,166.3,113.8,66.42,32.45],
		"grayscale_R_mean": [214.6,164.6,110.6,63.66,37.37],
		"grayscale_G_mean": [213.1,166.4,114.4,67.24,30.76],
		"grayscale_B_mean": [221.6,169.7,117.2,66.4,34.67],
		"White_Bal_error_Degrees": [355.9,296.1,529.3,292.4,-503.3],
		"White_Bal_error_Mired": [-7.986,-6.702,-11.58,-6.623,12.91],
		"White_Bal_error_S_HSV": [0.03802,0.03008,0.05652,0.05319,0.1769],
		"White_Bal_error_Delta_C_ab": [4.47,1.94,2.232,1.673,4.332],
		"White_Bal_error_Delta_C_94": [4.47,1.94,2.232,1.673,4.332],
		"White_Bal_error_Delta_C_00": [4.51,1.859,2.301,2.375,5.505],
		"n_Patch": [1,2,3,4,5],
		"n_Row": [1,1,1,1,1],
		"n_Column": [1,2,3,4,5],
		"width_pixels": [99,99,99,99,99],
		"height_pixels": [104,104,104,104,104],
		"Pixels_total": [10296,10296,10296,10296,10296],
		"R_reference": [242.4,146.6,86.6,49.01,25.46],
		"G_reference": [242.4,146.6,86.6,49.01,25.46],
		"B_reference": [242.4,146.6,86.6,49.01,25.46],
		"R_input": [214.6,164.6,110.6,63.66,37.37],
		"G_input": [213.1,166.4,114.4,67.24,30.76],
		"B_input": [221.6,169.7,117.2,66.4,34.67],
		"L_reference": [95.63,60.79,36.82,20.33,8.991],
		"a_reference": [0,0,0,0,0],
		"b_reference": [0,0,0,0,0],
		"L_input": [85.65,68.23,47.96,28.17,12.53],
		"a_input": [2.043,0.002361,-0.8534,-1.673,4.072],
		"b_input": [-3.976,-1.94,-2.062,-0.01516,-1.478],
		"x_reference": [0.3127,0.3127,0.3127,0.3127,0.3127],
		"y_reference": [0.329,0.329,0.329,0.329,0.329],
		"Y_reference": [0.8913,0.2901,0.09441,0.03073,0.01],
		"x_input": [0.3081,0.3082,0.3045,0.307,0.3237],
		"y_input": [0.3197,0.3243,0.3233,0.3317,0.3088],
		"Y_input": [0.6729,0.3828,0.1677,0.05519,0.01487],
		"LUV_comment": "L2 is used to differentiate between the L in LAB and L in LUV.",
		"L2_reference": [805.1,262,85.28,27.75,9.033],
		"U_reference": [0.1978,0.1978,0.1978,0.1978,0.1978],
		"V_reference": [0.4683,0.4683,0.4683,0.4683,0.4683],
		"L2_input": [607.9,345.8,151.5,49.85,13.43],
		"U_input": [0.1981,0.1965,0.1942,0.1929,0.2137],
		"V_input": [0.4625,0.4651,0.464,0.4689,0.4588],
		"patch_numbers_for_all_Delta_E_C": [1,2,3,4,5],
		"Delta_E_all": [10.9,7.69,11.4,8.01,5.59],
		"Delta_C_all": [4.47,1.94,2.23,1.67,4.33],
		"Delta_E94_all": [10.9,7.69,11.4,8.01,5.59],
		"Delta_C94_all": [4.47,1.94,2.23,1.67,4.33],
		"Delta_E2000_all": [7.68,6.43,10.4,6.15,5.94],
		"Delta_C2000_all": [4.51,1.86,2.3,2.38,5.51],
		"Delta_L_all": [-9.98,7.44,11.1,7.83,3.53],
		"Delta_Chroma_all": [4.47,1.94,2.23,1.67,4.33],
		"Delta_Hue_Distance_all": [0,0,0,0,0],
		"Delta_Hue_Degrees_all": [0,0,0,0,0],
		"sat_corr_comment": "sat_corr explained on https://www.imatest.com/docs/colorcheck/#satcorr - not recommended.",
		"Delta_C_all_sat_corr": ["_NaN_","_NaN_","_NaN_","_NaN_","_NaN_"],
		"Delta_C94_all_sat_corr": ["_NaN_","_NaN_","_NaN_","_NaN_","_NaN_"],
		"Delta_C2000_all_sat_corr": ["_NaN_","_NaN_","_NaN_","_NaN_","_NaN_"],
		"grayscale_patch_numbers": [1,2,3,4,5],
		"Delta_E": [10.9,7.69,11.4,8.01,5.59],
		"Delta_C": [4.47,1.94,2.23,1.67,4.33],
		"Delta_E94": [10.9,7.69,11.4,8.01,5.59],
		"Delta_C94": [4.47,1.94,2.23,1.67,4.33],
		"Delta_E2000": [7.68,6.43,10.4,6.15,5.94],
		"Delta_C2000": [4.51,1.86,2.3,2.38,5.51],
		"Delta_L": [-9.98,7.44,11.1,7.83,3.53],
		"Delta_Chroma": [4.47,1.94,2.23,1.67,4.33],
		"Delta_Hue_Distance": [0,0,0,0,0],
		"Delta_Hue_Degrees": [0,0,0,0,0],
		"mean_Delta_E": [8.72],
		"mean_Delta_C": [2.93],
		"mean_Delta_E94": [8.72],
		"mean_Delta_C94": [2.93],
		"mean_Delta_E2000": [7.32],
		"mean_Delta_C2000": [3.31],
		"mean_Delta_L": [3.99],
		"mean_Delta_Chroma": [2.93],
		"mean_Delta_Hue_Distance": [0],
		"mean_Delta_Hue_Degrees": [0],
		"mean_Delta_C_sat_corr": ["_NaN_"],
		"mean_Delta_C94_sat_corr": ["_NaN_"],
		"mean_Delta_C2000_sat_corr": ["_NaN_"],
		"max_Delta_E": [11.4],
		"max_Delta_C": [4.47],
		"max_Delta_E94": [11.4],
		"max_Delta_C94": [4.47],
		"max_Delta_E2000": [10.4],
		"max_Delta_C2000": [5.51],
		"max_Delta_L": [11.1],
		"max_Delta_Chroma": [4.47],
		"max_Delta_Hue_Distance": [0],
		"max_Delta_Hue_Degrees": [0],
		"max_Delta_C_sat_corr": ["_NaN_"],
		"max_Delta_C94_sat_corr": ["_NaN_"],
		"max_Delta_C2000_sat_corr": ["_NaN_"],
		"mean_RegionSize": [10197],
		"Sequence_dark_to_light": [5,4,3,2,1],
		"Patch_number": [5,4,3,2,1],
		"R_noise": [0.114,0.1264,0.09357,0.06965,0.05834],
		"G_noise": [0.092,0.08174,0.05695,0.04783,0.04469],
		"B_noise": [0.1008,0.1007,0.06417,0.05277,0.04826],
		"R_SNR_ratio": [1.286,1.975,4.635,9.269,14.43],
		"G_SNR_ratio": [1.311,3.226,7.877,13.64,18.7],
		"B_SNR_ratio": [1.349,2.585,7.163,12.61,18],
		"R_SNR_dB": [2.183,5.91,13.32,19.34,23.18],
		"G_SNR_dB": [2.354,10.17,17.93,22.7,25.44],
		"B_SNR_dB": [2.601,8.249,17.1,22.02,25.11],
		"Gb_noise": [0.07332,0.06811,0.04898,0.03988,0.03726],
		"Gb_SNR_ratio": [1.736,3.824,9.111,16.35,22.53],
		"Gb_SNR_dB": [4.789,11.65,19.19,24.27,27.06],
		"Y_f_stop_SNR_ratio": [3.105,3.044,2.468,1.446,1.122],
		"Y_f_stop_SNR_dB": [9.841,9.668,7.848,3.203,0.9987],
		"quality_levels_for_DR": [
				"Low,",
				"Medium,",
				"M-H,",
				"High,"
		],
		"SigNoise_levels_for_DR": [1,0.5,0.25,0.1],
		"Dynamic_Range_f_stops": [0,3.775,0,0],
		"Dynamic_Range_dB": [0,22.73,0,0],
		"noise_ISO15739_pct": [0.8212,1.059,1.834,3.607,4.659],
		"snr_ISO15739": [1.811,5.209,9.142,10.61,14.44],
		"noise_pct_ISO15739_at_13pct_Lref": [3.435],
		"snr_ISO15739_at_13pct_Lref": [10.47],
		"snr_dB_ISO15739_at_13pct_Lref": [20.4],
		"DynamicRange_at_density_2": [293.3],
		"DynamicRange_total": [0],
		"DynamicRange_from_slope_OD": [1.95],
		"DynamicRange_from_slope_EV": [6.474],
		"DynamicRange_from_slope_dB": [39],
		"SNR_BW_dB_RGBY": [18.39,21.66,20.81,23.24],
		"L_noise": [7.999,7.009,4.879,3.775,3.37],
		"a_noise": [18.12,16.63,11.33,8.807,7.249],
		"b_noise": [18.01,16.6,10.46,8.111,7.133],
		"Total_Lab_noise_unwtd": [26.77,24.52,16.17,12.55,10.71],
		"Total_ab_noise_unwtd": [25.55,23.5,15.42,11.97,10.17],
		"R_minus_Y_KK_noise": [0.1057,0.1095,0.07839,0.06045,0.05047],
		"B_minus_Y_KK_noise": [0.1131,0.1083,0.06979,0.0575,0.05297],
		"Y_Kelly_Keelan_noise": [0.07332,0.06811,0.04898,0.03988,0.03726],
		"Total_KK_noise": [0.09807,0.09495,0.06739,0.05386,0.04843],
		"Chroma_KK_noise": [0.06513,0.06615,0.04629,0.0362,0.03094],
		"Total_old_iso_noise": [0.1207,0.1191,0.08432,0.06677,0.05888],
		"Y_noise_from_YUV": [0.07331,0.0681,0.04898,0.03988,0.03725],
		"U_noise_from_YUV": [0.05314,0.0509,0.03279,0.02702,0.02489],
		"V_noise_from_YUV": [0.08253,0.08549,0.06121,0.04721,0.03941],