{
	"jsonResults": {
		"dateRun": "13-May-2025 09:34:29",
		"ini_time_size": "13-May-2025 09:30:52 16089B  MD5 = 832528cd4efa725c3e1b26fde484c296",
		"version": "Imatest 24.2.6 Master Color/Tone Auto",
		"build": "2025-03-20",
		"image_file": "sports ball_18.0 mm_100ISO_-1EV_Dist2_ON_Defocus1.tiff",
		"ColorSpace": "sRGB",
		"Reference": "Default values",
		"Ref_folder": "/usr/local/Imatest/v24.2/Master/",
		"Gamma": [0.3588],
		"patches_for_gamma_start_end": [1,5],
		"exposure_error_normalized_y_channel": [-0.202],
		"mean_camera_Saturation_Pct": ["_NaN_"],
		"mean_chroma_level_CPIQ_Pct": ["_NaN_"],
		"CPIQ_chroma_quality_loss_JND": ["_NaN_"],
		"CPIQ_exposure_quality_loss_JND": ["_NaN_"],
		"pixel_offset": [0],
		"mean_patch_size_pxls": [97,103],
		"roi_settings": "Recent ROI settings are in roi, nwid_save, nht_save, fillf, and distort (same names as ini file)",
		"roi": [3038,1783,3647,1907,3038,1909,3647,1775],
		"nwid_save": [6024],
		"nht_save": [4020],
		"fillf": [0.8],
		"distort": [0],
		"grayscale_zone": [1,2,3,4,5],
		"grayscale_minus_log_exposure": [2,1.513,1.025,0.5375,0.05],
		"grayscale_Y_reflectivity": [0.01,0.03073,0.09441,0.2901,0.8913],
		"grayscale_Y_Printer_pixel_gamma22": [33.13,55.18,91.91,153.1,255],
		"grayscale_Y_density": [0.3668,0.4838,0.6587,0.9049,1.239],
		"grayscale_R_density": [0.3696,0.4873,0.6616,0.9023,1.232],
		"grayscale_G_density": [0.367,0.4831,0.6585,0.9067,1.242],
		"grayscale_B_density": [0.3566,0.4803,0.6521,0.896,1.223],
		"grayscale_Y_mean": [109.6,83.71,55.96,31.74,14.72],
		"grayscale_R_mean": [108.9,83.04,55.58,31.93,14.95],
		"grayscale_G_mean": [109.5,83.85,55.99,31.61,14.6],
		"grayscale_B_mean": [112.2,84.37,56.82,32.4,15.25],
		"White_Bal_error_Degrees": [288.8,136.1,183.5,121.5,132.7],
		"White_Bal_error_Mired": [-6.545,-3.155,-4.224,-2.824,-3.078],
		"White_Bal_error_S_HSV": [0.02962,0.01585,0.02172,0.02417,0.04261],
		"White_Bal_error_Delta_C_ab": [1.609,0.477,0.5842,0.593,0.365],
		"White_Bal_error_Delta_C_94": [1.609,0.477,0.5842,0.593,0.365],
		"White_Bal_error_Delta_C_00": [1.586,0.5253,0.5771,0.6971,0.4456],
		"n_Patch": [1,2,3,4,5],
		"n_Row": [1,1,1,1,1],
		"n_Column": [1,2,3,4,5],
		"width_pixels": [98,99,98,98,98],
		"height_pixels": [105,105,105,105,105],
		"Pixels_total": [10290,10395,10290,10290,10290],
		"R_reference": [242.4,146.6,86.6,49.01,25.46],
		"G_reference": [242.4,146.6,86.6,49.01,25.46],
		"B_reference": [242.4,146.6,86.6,49.01,25.46],
		"R_input": [108.9,83.04,55.58,31.93,14.95],
		"G_input": [109.5,83.85,55.99,31.61,14.6],
		"B_input": [112.2,84.37,56.82,32.4,15.25],
		"L_reference": [95.63,60.79,36.82,20.33,8.991],
		"a_reference": [0,0,0,0,0],
		"b_reference": [0,0,0,0,0],
		"L_input": [46.27,35.6,23.5,12.12,4.217],
		"a_input": [0.305,-0.2097,0.02086,0.3462,0.2357],
		"b_input": [-1.579,-0.4285,-0.5838,-0.4815,-0.2787],
		"x_reference": [0.3127,0.3127,0.3127,0.3127,0.3127],
		"y_reference": [0.329,0.329,0.329,0.329,0.329],
		"Y_reference": [0.8913,0.2901,0.09441,0.03073,0.01],
		"x_input": [0.3085,0.3105,0.3099,0.3112,0.3112],
		"y_input": [0.3235,0.3276,0.326,0.3247,0.3233],
		"Y_input": [0.1547,0.08803,0.03949,0.01425,0.004669],
		"LUV_comment": "L2 is used to differentiate between the L in LAB and L in LUV.",
		"L2_reference": [805.1,262,85.28,27.75,9.033],
		"U_reference": [0.1978,0.1978,0.1978,0.1978,0.1978],
		"V_reference": [0.4683,0.4683,0.4683,0.4683,0.4683],
		"L2_input": [139.7,79.52,35.67,12.87,4.217],
		"U_input": [0.197,0.1968,0.197,0.1984,0.199],
		"V_input": [0.4647,0.4673,0.4663,0.4658,0.465],
		"patch_numbers_for_all_Delta_E_C": [1,2,3,4,5],
		"Delta_E_all": [49.4,25.2,13.3,8.23,4.79],
		"Delta_C_all": [1.61,0.477,0.584,0.593,0.365],
		"Delta_E94_all": [49.4,25.2,13.3,8.23,4.79],
		"Delta_C94_all": [1.61,0.477,0.584,0.593,0.365],
		"Delta_E2000_all": [37.8,24.9,10.3,5.51,2.93],
		"Delta_C2000_all": [1.59,0.525,0.577,0.697,0.446],
		"Delta_L_all": [-49.4,-25.2,-13.3,-8.21,-4.77],
		"Delta_Chroma_all": [1.61,0.477,0.584,0.593,0.365],
		"Delta_Hue_Distance_all": [0,0,0,0,0],
		"Delta_Hue_Degrees_all": [0,0,0,0,0],
		"sat_corr_comment": "sat_corr explained on https://www.imatest.com/docs/colorcheck/#satcorr - not recommended.",
		"Delta_C_all_sat_corr": ["_NaN_","_NaN_","_NaN_","_NaN_","_NaN_"],
		"Delta_C94_all_sat_corr": ["_NaN_","_NaN_","_NaN_","_NaN_","_NaN_"],
		"Delta_C2000_all_sat_corr": ["_NaN_","_NaN_","_NaN_","_NaN_","_NaN_"],
		"grayscale_patch_numbers": [1,2,3,4,5],
		"Delta_E": [49.4,25.2,13.3,8.23,4.79],
		"Delta_C": [1.61,0.477,0.584,0.593,0.365],
		"Delta_E94": [49.4,25.2,13.3,8.23,4.79],
		"Delta_C94": [1.61,0.477,0.584,0.593,0.365],
		"Delta_E2000": [37.8,24.9,10.3,5.51,2.93],
		"Delta_C2000": [1.59,0.525,0.577,0.697,0.446],
		"Delta_L": [-49.4,-25.2,-13.3,-8.21,-4.77],
		"Delta_Chroma": [1.61,0.477,0.584,0.593,0.365],
		"Delta_Hue_Distance": [0,0,0,0,0],
		"Delta_Hue_Degrees": [0,0,0,0,0],
		"mean_Delta_E": [20.2],
		"mean_Delta_C": [0.726],
		"mean_Delta_E94": [20.2],
		"mean_Delta_C94": [0.726],
		"mean_Delta_E2000": [16.3],
		"mean_Delta_C2000": [0.766],
		"mean_Delta_L": [-20.2],
		"mean_Delta_Chroma": [0.726],
		"mean_Delta_Hue_Distance": [0],
		"mean_Delta_Hue_Degrees": [0],
		"mean_Delta_C_sat_corr": ["_NaN_"],
		"mean_Delta_C94_sat_corr": ["_NaN_"],
		"mean_Delta_C2000_sat_corr": ["_NaN_"],
		"max_Delta_E": [49.4],
		"max_Delta_C": [1.61],
		"max_Delta_E94": [49.4],
		"max_Delta_C94": [1.61],
		"max_Delta_E2000": [37.8],
		"max_Delta_C2000": [1.59],
		"max_Delta_L": [-4.77],
		"max_Delta_Chroma": [1.61],
		"max_Delta_Hue_Distance": [0],
		"max_Delta_Hue_Degrees": [0],
		"max_Delta_C_sat_corr": ["_NaN_"],
		"max_Delta_C94_sat_corr": ["_NaN_"],
		"max_Delta_C2000_sat_corr": ["_NaN_"],
		"mean_RegionSize": [10212.8],
		"Sequence_dark_to_light": [5,4,3,2,1],
		"Patch_number": [5,4,3,2,1],
		"R_noise": [0.01659,0.007322,0.006096,0.005791,0.006005],
		"G_noise": [0.01704,0.005459,0.003938,0.003939,0.003915],
		"B_noise": [0.01746,0.006459,0.005152,0.005003,0.00511],
		"R_SNR_ratio": [3.535,17.1,35.76,56.23,71.1],
		"G_SNR_ratio": [3.361,22.71,55.75,83.47,109.7],
		"B_SNR_ratio": [3.426,19.67,43.25,66.13,86.11],
		"R_SNR_dB": [10.97,24.66,31.07,35,37.04],
		"G_SNR_dB": [10.53,27.12,34.92,38.43,40.81],
		"B_SNR_dB": [10.7,25.88,32.72,36.41,38.7],
		"Gb_noise": [0.0164,0.004652,0.003297,0.003354,0.003403],
		"Gb_SNR_ratio": [3.522,26.76,66.57,97.87,126.3],
		"Gb_SNR_dB": [10.93,28.55,36.47,39.81,42.03],
		"Y_f_stop_SNR_ratio": [18.4,19.35,19.09,10.73,2.513],
		"Y_f_stop_SNR_dB": [25.3,25.74,25.61,20.61,8.004],
		"quality_levels_for_DR": [
				"Low,",
				"Medium,",
				"M-H,",
				"High,"
		],
		"SigNoise_levels_for_DR": [1,0.5,0.25,0.1],
		"Dynamic_Range_f_stops": [0,0,5.692,4.895],
		"Dynamic_Range_dB": [0,0,34.26,29.47],
		"noise_ISO15739_pct": [0.1551,0.06073,0.1015,0.2435,0.3376],
		"snr_ISO15739": [3.01,23.46,38.9,36.15,45.82],
		"noise_pct_ISO15739_at_13pct_Lref": [0.3058],
		"snr_ISO15739_at_13pct_Lref": [42.56],
		"snr_dB_ISO15739_at_13pct_Lref": [32.58],
		"DynamicRange_at_density_2": [3439],
		"DynamicRange_total": [0],
		"DynamicRange_from_slope_OD": [1.95],
		"DynamicRange_from_slope_EV": [6.474],
		"DynamicRange_from_slope_dB": [39],
		"SNR_BW_dB_RGBY": [34.44,37.79,35.71,39.18],
		"L_noise": [1.924,0.5649,0.3792,0.3611,0.3492],
		"a_noise": [1.025,1.219,0.9735,0.8453,0.8002],
		"b_noise": [0.9633,1.224,0.9553,0.8316,0.829],
		"Total_Lab_noise_unwtd": [2.384,1.818,1.416,1.24,1.204],
		"Total_ab_noise_unwtd": [1.407,1.728,1.364,1.186,1.152],
		"R_minus_Y_KK_noise": [0.007347,0.006077,0.005181,0.004865,0.004862],
		"B_minus_Y_KK_noise": [0.007323,0.0068,0.005597,0.005205,0.005439],
		"Y_Kelly_Keelan_noise": [0.0164,0.004652,0.003297,0.003354,0.003403],
		"Total_KK_noise": [0.01699,0.006001,0.004595,0.004498,0.004559],
		"Chroma_KK_noise": [0.004447,0.003791,0.003201,0.002998,0.003033],
		"Total_old_iso_noise": [0.01766,0.007258,0.00575,0.005543,0.005607],
		"Y_noise_from_YUV": [0.0164,0.004651,0.003296,0.003354,0.003403],