{
	"jsonResults": {
		"dateRun": "07-May-2025 13:47:58",
		"ini_time_size": "07-May-2025 13:46:16 9647B  MD5 = 308ec4ab452c16f1007557ae8bd834c3",
		"version": "Imatest 24.2.6 Master Color/Tone Auto",
		"build": "2025-03-20",
		"image_file": "sports ball_18.0 mm_100ISO_+1EV_Dist2_OFF_Focused.tiff",
		"ColorSpace": "sRGB",
		"Reference": "Default values",
		"Ref_folder": "/usr/local/Imatest/v24.2/Master/",
		"Gamma": [0.3337],
		"patches_for_gamma_start_end": [1,5],
		"exposure_error_normalized_y_channel": [0.0763],
		"mean_camera_Saturation_Pct": ["_NaN_"],
		"mean_chroma_level_CPIQ_Pct": ["_NaN_"],
		"CPIQ_chroma_quality_loss_JND": ["_NaN_"],
		"CPIQ_exposure_quality_loss_JND": ["_NaN_"],
		"pixel_offset": [0],
		"mean_patch_size_pxls": [98,102],
		"roi_settings": "Recent ROI settings are in roi, nwid_save, nht_save, fillf, and distort (same names as ini file)",
		"roi": [3034,1778,3644,1906,3034,1906,3644,1778],
		"nwid_save": [6024],
		"nht_save": [4020],
		"fillf": [0.8],
		"distort": [0],
		"grayscale_zone": [1,2,3,4,5],
		"grayscale_minus_log_exposure": [2,1.513,1.025,0.5375,0.05],
		"grayscale_Y_reflectivity": [0.01,0.03073,0.09441,0.2901,0.8913],
		"grayscale_Y_Printer_pixel_gamma22": [33.13,55.18,91.91,153.1,255],
		"grayscale_Y_density": [0.08285,0.1943,0.357,0.5732,0.8641],
		"grayscale_R_density": [0.08553,0.199,0.3607,0.57,0.8551],
		"grayscale_G_density": [0.08296,0.1931,0.3562,0.5744,0.8674],
		"grayscale_B_density": [0.07406,0.1929,0.3539,0.571,0.8585],
		"grayscale_Y_mean": [210.7,163,112.1,68.13,34.87],
		"grayscale_R_mean": [209.4,161.3,111.1,68.64,35.6],
		"grayscale_G_mean": [210.7,163.5,112.3,67.95,34.61],
		"grayscale_B_mean": [215,163.5,112.9,68.48,35.32],
		"White_Bal_error_Degrees": [265.9,121.4,136.6,-6.737,-31.2],
		"White_Bal_error_Mired": [-6.047,-2.821,-3.166,0.1596,0.742],
		"White_Bal_error_S_HSV": [0.02607,0.01403,0.01547,0.01002,0.02788],
		"White_Bal_error_Delta_C_ab": [2.341,0.8437,0.5846,0.4612,0.7108],
		"White_Bal_error_Delta_C_94": [2.341,0.8437,0.5846,0.4612,0.7108],
		"White_Bal_error_Delta_C_00": [2.258,1.181,0.6703,0.6367,0.9829],
		"n_Patch": [1,2,3,4,5],
		"n_Row": [1,1,1,1,1],
		"n_Column": [1,2,3,4,5],
		"width_pixels": [99,99,99,99,99],
		"height_pixels": [104,104,104,104,104],
		"Pixels_total": [10296,10296,10296,10296,10296],
		"R_reference": [242.4,146.6,86.6,49.01,25.46],
		"G_reference": [242.4,146.6,86.6,49.01,25.46],
		"B_reference": [242.4,146.6,86.6,49.01,25.46],
		"R_input": [209.4,161.3,111.1,68.64,35.6],
		"G_input": [210.7,163.5,112.3,67.95,34.61],
		"B_input": [215,163.5,112.9,68.48,35.32],
		"L_reference": [95.63,60.79,36.82,20.33,8.991],
		"a_reference": [0,0,0,0,0],
		"b_reference": [0,0,0,0,0],
		"L_input": [84.45,67,47.27,28.91,13.65],
		"a_input": [0.3792,-0.7793,-0.3117,0.4046,0.6357],
		"b_input": [-2.31,-0.3234,-0.4946,-0.2215,-0.318],
		"x_reference": [0.3127,0.3127,0.3127,0.3127,0.3127],
		"y_reference": [0.329,0.329,0.329,0.329,0.329],
		"Y_reference": [0.8913,0.2901,0.09441,0.03073,0.01],
		"x_input": [0.3088,0.3106,0.3105,0.3131,0.3138],
		"y_input": [0.3241,0.3289,0.3278,0.3274,0.3253],
		"Y_input": [0.6494,0.3663,0.1623,0.05803,0.0167],
		"LUV_comment": "L2 is used to differentiate between the L in LAB and L in LUV.",
		"L2_reference": [805.1,262,85.28,27.75,9.033],
		"U_reference": [0.1978,0.1978,0.1978,0.1978,0.1978],
		"V_reference": [0.4683,0.4683,0.4683,0.4683,0.4683],
		"L2_input": [586.6,330.9,146.6,52.42,15.09],
		"U_input": [0.197,0.1964,0.1967,0.1987,0.2],
		"V_input": [0.4651,0.468,0.4673,0.4675,0.4665],
		"patch_numbers_for_all_Delta_E_C": [1,2,3,4,5],
		"Delta_E_all": [11.4,6.27,10.5,8.59,4.71],
		"Delta_C_all": [2.34,0.844,0.585,0.461,0.711],
		"Delta_E94_all": [11.4,6.27,10.5,8.59,4.71],
		"Delta_C94_all": [2.34,0.844,0.585,0.461,0.711],
		"Delta_E2000_all": [7.35,5.32,9.49,6.27,3.12],
		"Delta_C2000_all": [2.26,1.18,0.67,0.637,0.983],
		"Delta_L_all": [-11.2,6.21,10.5,8.58,4.66],
		"Delta_Chroma_all": [2.34,0.844,0.585,0.461,0.711],
		"Delta_Hue_Distance_all": [0,0,0,0,0],
		"Delta_Hue_Degrees_all": [0,0,0,0,0],
		"sat_corr_comment": "sat_corr explained on https://www.imatest.com/docs/colorcheck/#satcorr - not recommended.",
		"Delta_C_all_sat_corr": ["_NaN_","_NaN_","_NaN_","_NaN_","_NaN_"],
		"Delta_C94_all_sat_corr": ["_NaN_","_NaN_","_NaN_","_NaN_","_NaN_"],
		"Delta_C2000_all_sat_corr": ["_NaN_","_NaN_","_NaN_","_NaN_","_NaN_"],
		"grayscale_patch_numbers": [1,2,3,4,5],
		"Delta_E": [11.4,6.27,10.5,8.59,4.71],
		"Delta_C": [2.34,0.844,0.585,0.461,0.711],
		"Delta_E94": [11.4,6.27,10.5,8.59,4.71],
		"Delta_C94": [2.34,0.844,0.585,0.461,0.711],
		"Delta_E2000": [7.35,5.32,9.49,6.27,3.12],
		"Delta_C2000": [2.26,1.18,0.67,0.637,0.983],
		"Delta_L": [-11.2,6.21,10.5,8.58,4.66],
		"Delta_Chroma": [2.34,0.844,0.585,0.461,0.711],
		"Delta_Hue_Distance": [0,0,0,0,0],
		"Delta_Hue_Degrees": [0,0,0,0,0],
		"mean_Delta_E": [8.29],
		"mean_Delta_C": [0.988],
		"mean_Delta_E94": [8.29],
		"mean_Delta_C94": [0.988],
		"mean_Delta_E2000": [6.31],
		"mean_Delta_C2000": [1.15],
		"mean_Delta_L": [3.75],
		"mean_Delta_Chroma": [0.988],
		"mean_Delta_Hue_Distance": [0],
		"mean_Delta_Hue_Degrees": [0],
		"mean_Delta_C_sat_corr": ["_NaN_"],
		"mean_Delta_C94_sat_corr": ["_NaN_"],
		"mean_Delta_C2000_sat_corr": ["_NaN_"],
		"max_Delta_E": [11.4],
		"max_Delta_C": [2.34],
		"max_Delta_E94": [11.4],
		"max_Delta_C94": [2.34],
		"max_Delta_E2000": [9.49],
		"max_Delta_C2000": [2.26],
		"max_Delta_L": [10.5],
		"max_Delta_Chroma": [2.34],
		"max_Delta_Hue_Distance": [0],
		"max_Delta_Hue_Degrees": [0],
		"max_Delta_C_sat_corr": ["_NaN_"],
		"max_Delta_C94_sat_corr": ["_NaN_"],
		"max_Delta_C2000_sat_corr": ["_NaN_"],
		"mean_RegionSize": [10197],
		"Sequence_dark_to_light": [5,4,3,2,1],
		"Patch_number": [5,4,3,2,1],
		"R_noise": [0.00708,0.008789,0.005918,0.006037,0.005973],
		"G_noise": [0.005155,0.00689,0.004082,0.004072,0.004206],
		"B_noise": [0.006063,0.008151,0.005104,0.00546,0.005534],
		"R_SNR_ratio": [19.72,30.63,73.65,104.8,137.5],
		"G_SNR_ratio": [26.33,38.67,107.9,157.4,196.4],
		"B_SNR_ratio": [22.85,32.94,86.72,117.5,152.4],
		"R_SNR_dB": [25.9,29.72,37.34,40.4,42.77],
		"G_SNR_dB": [28.41,31.75,40.66,43.94,45.86],
		"B_SNR_dB": [27.18,30.36,38.76,41.4,43.66],
		"Gb_noise": [0.004563,0.006121,0.003498,0.00362,0.003683],
		"Gb_SNR_ratio": [29.97,43.65,125.6,176.6,224.4],
		"Gb_SNR_dB": [29.53,32.8,41.98,44.94,47.02],
		"Y_f_stop_SNR_ratio": [31.36,32.98,32.84,15.27,17.65],
		"Y_f_stop_SNR_dB": [29.93,30.37,30.33,23.68,24.93],
		"quality_levels_for_DR": [
				"Low,",
				"Medium,",
				"M-H,",
				"High,"
		],
		"SigNoise_levels_for_DR": [1,0.5,0.25,0.1],
		"Dynamic_Range_f_stops": [0,0,0,0],
		"Dynamic_Range_dB": [0,0,0,0],
		"noise_ISO15739_pct": [0.04912,0.09169,0.1263,0.3101,0.4296],
		"snr_ISO15739": [34,63.29,128.5,118.1,151.2],
		"noise_pct_ISO15739_at_13pct_Lref": [0.3053],
		"snr_ISO15739_at_13pct_Lref": [118.4],
		"snr_dB_ISO15739_at_13pct_Lref": [41.47],
		"DynamicRange_at_density_2": [5303],
		"DynamicRange_total": [0],
		"DynamicRange_from_slope_OD": [1.95],
		"DynamicRange_from_slope_EV": [6.474],
		"DynamicRange_from_slope_dB": [39],
		"SNR_BW_dB_RGBY": [39.33,42.75,40.21,43.77],
		"L_noise": [0.563,0.6526,0.358,0.3462,0.3355],
		"a_noise": [1.108,1.075,0.8062,0.7273,0.7063],
		"b_noise": [1.076,1.346,0.817,0.7752,0.7705],
		"Total_Lab_noise_unwtd": [1.644,1.842,1.202,1.118,1.098],
		"Total_ab_noise_unwtd": [1.545,1.722,1.148,1.063,1.045],
		"R_minus_Y_KK_noise": [0.0056,0.006305,0.004902,0.00476,0.004761],
		"B_minus_Y_KK_noise": [0.005864,0.009048,0.005378,0.005458,0.005696],
		"Y_Kelly_Keelan_noise": [0.004563,0.006121,0.003498,0.00362,0.003683],
		"Total_KK_noise": [0.005709,0.007467,0.004635,0.004696,0.004769],
		"Chroma_KK_noise": [0.003431,0.004277,0.003041,0.00299,0.00303],
		"Total_old_iso_noise": [0.006811,0.008718,0.005678,0.00569,0.005767],
		"Y_noise_from_YUV": [0.004563,0.00612,0.003498,0.00362,0.003683],