{
	"jsonResults": {
		"dateRun": "13-May-2025 09:30:52",
		"ini_time_size": "13-May-2025 09:29:52 10457B  MD5 = 3ca079c137729e9f66b2dcdb59342df6",
		"version": "Imatest 24.2.6 Master Color/Tone Auto",
		"build": "2025-03-20",
		"image_file": "sports ball_18.0 mm_100ISO_0EV_Dist2_ON_Focused.tiff",
		"ColorSpace": "sRGB",
		"Reference": "Default values",
		"Ref_folder": "/usr/local/Imatest/v24.2/Master/",
		"Gamma": [0.3434],
		"patches_for_gamma_start_end": [1,5],
		"exposure_error_normalized_y_channel": [-0.109],
		"mean_camera_Saturation_Pct": ["_NaN_"],
		"mean_chroma_level_CPIQ_Pct": ["_NaN_"],
		"CPIQ_chroma_quality_loss_JND": ["_NaN_"],
		"CPIQ_exposure_quality_loss_JND": ["_NaN_"],
		"pixel_offset": [0],
		"mean_patch_size_pxls": [97,103],
		"roi_settings": "Recent ROI settings are in roi, nwid_save, nht_save, fillf, and distort (same names as ini file)",
		"roi": [3038,1783,3647,1907,3038,1909,3647,1775],
		"nwid_save": [6024],
		"nht_save": [4020],
		"fillf": [0.8],
		"distort": [0],
		"grayscale_zone": [1,2,3,4,5],
		"grayscale_minus_log_exposure": [2,1.513,1.025,0.5375,0.05],
		"grayscale_Y_reflectivity": [0.01,0.03073,0.09441,0.2901,0.8913],
		"grayscale_Y_Printer_pixel_gamma22": [33.13,55.18,91.91,153.1,255],
		"grayscale_Y_density": [0.2211,0.3349,0.5023,0.7297,1.053],
		"grayscale_R_density": [0.2248,0.3393,0.5054,0.7266,1.045],
		"grayscale_G_density": [0.2208,0.3337,0.5018,0.731,1.055],
		"grayscale_B_density": [0.2133,0.3339,0.499,0.7271,1.049],
		"grayscale_Y_mean": [153.3,117.9,80.21,47.51,22.59],
		"grayscale_R_mean": [152,116.7,79.65,47.86,22.98],
		"grayscale_G_mean": [153.4,118.2,80.31,47.38,22.45],
		"grayscale_B_mean": [156.1,118.2,80.83,47.8,22.79],
		"White_Bal_error_Degrees": [254.5,101.9,125.1,2.293,-31.63],
		"White_Bal_error_Mired": [-5.798,-2.375,-2.904,-0.05424,0.7524],
		"White_Bal_error_S_HSV": [0.02615,0.01269,0.01455,0.01008,0.02287],
		"White_Bal_error_Delta_C_ab": [1.596,0.6042,0.4315,0.3688,0.3656],
		"White_Bal_error_Delta_C_94": [1.596,0.6042,0.4315,0.3688,0.3656],
		"White_Bal_error_Delta_C_00": [1.541,0.8673,0.4592,0.502,0.517],
		"n_Patch": [1,2,3,4,5],
		"n_Row": [1,1,1,1,1],
		"n_Column": [1,2,3,4,5],
		"width_pixels": [98,99,98,98,98],
		"height_pixels": [105,105,105,105,105],
		"Pixels_total": [10290,10395,10290,10290,10290],
		"R_reference": [242.4,146.6,86.6,49.01,25.46],
		"G_reference": [242.4,146.6,86.6,49.01,25.46],
		"B_reference": [242.4,146.6,86.6,49.01,25.46],
		"R_input": [152,116.7,79.65,47.86,22.98],
		"G_input": [153.4,118.2,80.31,47.38,22.45],
		"B_input": [156.1,118.2,80.83,47.8,22.79],
		"L_reference": [95.63,60.79,36.82,20.33,8.991],
		"a_reference": [0,0,0,0,0],
		"b_reference": [0,0,0,0,0],
		"L_input": [63.32,49.61,34.12,19.64,7.535],
		"a_input": [0.0285,-0.5779,-0.1525,0.3122,0.3346],
		"b_input": [-1.595,-0.1765,-0.4037,-0.1963,-0.1475],
		"x_reference": [0.3127,0.3127,0.3127,0.3127,0.3127],
		"y_reference": [0.329,0.329,0.329,0.329,0.329],
		"Y_reference": [0.8913,0.2901,0.09441,0.03073,0.01],
		"x_input": [0.3089,0.3109,0.3107,0.313,0.3137],
		"y_input": [0.3249,0.3291,0.3276,0.3273,0.3267],
		"Y_input": [0.3198,0.1809,0.08064,0.029,0.008341],
		"LUV_comment": "L2 is used to differentiate between the L in LAB and L in LUV.",
		"L2_reference": [805.1,262,85.28,27.75,9.033],
		"U_reference": [0.1978,0.1978,0.1978,0.1978,0.1978],
		"V_reference": [0.4683,0.4683,0.4683,0.4683,0.4683],
		"L2_input": [288.8,163.4,72.84,26.2,7.535],
		"U_input": [0.1967,0.1965,0.197,0.1987,0.1994],
		"V_input": [0.4655,0.4681,0.4673,0.4674,0.4672],
		"patch_numbers_for_all_Delta_E_C": [1,2,3,4,5],
		"Delta_E_all": [32.3,11.2,2.74,0.785,1.5],
		"Delta_C_all": [1.6,0.604,0.432,0.369,0.366],
		"Delta_E94_all": [32.3,11.2,2.74,0.785,1.5],
		"Delta_C94_all": [1.6,0.604,0.432,0.369,0.366],
		"Delta_E2000_all": [22.5,10.6,2.28,0.694,1.04],
		"Delta_C2000_all": [1.54,0.867,0.459,0.502,0.517],
		"Delta_L_all": [-32.3,-11.2,-2.7,-0.692,-1.46],
		"Delta_Chroma_all": [1.6,0.604,0.432,0.369,0.366],
		"Delta_Hue_Distance_all": [0,0,0,0,0],
		"Delta_Hue_Degrees_all": [0,0,0,0,0],
		"sat_corr_comment": "sat_corr explained on https://www.imatest.com/docs/colorcheck/#satcorr - not recommended.",
		"Delta_C_all_sat_corr": ["_NaN_","_NaN_","_NaN_","_NaN_","_NaN_"],
		"Delta_C94_all_sat_corr": ["_NaN_","_NaN_","_NaN_","_NaN_","_NaN_"],
		"Delta_C2000_all_sat_corr": ["_NaN_","_NaN_","_NaN_","_NaN_","_NaN_"],
		"grayscale_patch_numbers": [1,2,3,4,5],
		"Delta_E": [32.3,11.2,2.74,0.785,1.5],
		"Delta_C": [1.6,0.604,0.432,0.369,0.366],
		"Delta_E94": [32.3,11.2,2.74,0.785,1.5],
		"Delta_C94": [1.6,0.604,0.432,0.369,0.366],
		"Delta_E2000": [22.5,10.6,2.28,0.694,1.04],
		"Delta_C2000": [1.54,0.867,0.459,0.502,0.517],
		"Delta_L": [-32.3,-11.2,-2.7,-0.692,-1.46],
		"Delta_Chroma": [1.6,0.604,0.432,0.369,0.366],
		"Delta_Hue_Distance": [0,0,0,0,0],
		"Delta_Hue_Degrees": [0,0,0,0,0],
		"mean_Delta_E": [9.71],
		"mean_Delta_C": [0.673],
		"mean_Delta_E94": [9.71],
		"mean_Delta_C94": [0.673],
		"mean_Delta_E2000": [7.43],
		"mean_Delta_C2000": [0.777],
		"mean_Delta_L": [-9.67],
		"mean_Delta_Chroma": [0.673],
		"mean_Delta_Hue_Distance": [0],
		"mean_Delta_Hue_Degrees": [0],
		"mean_Delta_C_sat_corr": ["_NaN_"],
		"mean_Delta_C94_sat_corr": ["_NaN_"],
		"mean_Delta_C2000_sat_corr": ["_NaN_"],
		"max_Delta_E": [32.3],
		"max_Delta_C": [1.6],
		"max_Delta_E94": [32.3],
		"max_Delta_C94": [1.6],
		"max_Delta_E2000": [22.5],
		"max_Delta_C2000": [1.54],
		"max_Delta_L": [-0.692],
		"max_Delta_Chroma": [1.6],
		"max_Delta_Hue_Distance": [0],
		"max_Delta_Hue_Degrees": [0],
		"max_Delta_C_sat_corr": ["_NaN_"],
		"max_Delta_C94_sat_corr": ["_NaN_"],
		"max_Delta_C2000_sat_corr": ["_NaN_"],
		"mean_RegionSize": [10212.8],
		"Sequence_dark_to_light": [5,4,3,2,1],
		"Patch_number": [5,4,3,2,1],
		"R_noise": [0.007125,0.008017,0.00589,0.005852,0.005846],
		"G_noise": [0.00504,0.005907,0.003974,0.003909,0.003952],
		"B_noise": [0.006197,0.006479,0.005097,0.005257,0.005351],
		"R_SNR_ratio": [12.65,23.41,53.03,78.23,101.9],
		"G_SNR_ratio": [17.47,31.45,79.25,118.6,152.2],
		"B_SNR_ratio": [14.42,28.93,62.18,88.16,114.4],
		"R_SNR_dB": [22.04,27.39,34.49,37.87,40.17],
		"G_SNR_dB": [24.85,29.95,37.98,41.48,43.65],
		"B_SNR_dB": [23.18,29.23,35.87,38.91,41.17],
		"Gb_noise": [0.004346,0.005193,0.00336,0.003386,0.00344],
		"Gb_SNR_ratio": [20.38,35.88,93.6,136.6,174.7],
		"Gb_SNR_dB": [26.19,31.1,39.43,42.71,44.85],
		"Y_f_stop_SNR_ratio": [24.87,26.12,25.37,13.43,13.89],
		"Y_f_stop_SNR_dB": [27.91,28.34,28.09,22.56,22.85],
		"quality_levels_for_DR": [
				"Low,",
				"Medium,",
				"M-H,",
				"High,"
		],
		"SigNoise_levels_for_DR": [1,0.5,0.25,0.1],
		"Dynamic_Range_f_stops": [0,0,0,0],
		"Dynamic_Range_dB": [0,0,0,0],
		"noise_ISO15739_pct": [0.03344,0.05568,0.08721,0.209,0.2894],
		"snr_ISO15739": [24.95,52.08,92.47,86.57,110.5],
		"noise_pct_ISO15739_at_13pct_Lref": [0.2518],
		"snr_ISO15739_at_13pct_Lref": [99.32],
		"snr_dB_ISO15739_at_13pct_Lref": [39.94],
		"DynamicRange_at_density_2": [14011],
		"DynamicRange_total": [0],
		"DynamicRange_from_slope_OD": [1.95],
		"DynamicRange_from_slope_EV": [6.474],
		"DynamicRange_from_slope_dB": [39],
		"SNR_BW_dB_RGBY": [37.01,40.51,37.94,41.76],
		"L_noise": [0.5438,0.5875,0.3645,0.3435,0.3324],
		"a_noise": [1.188,1.11,0.87,0.7822,0.7383],
		"b_noise": [1.172,1.189,0.8749,0.828,0.7928],
		"Total_Lab_noise_unwtd": [1.755,1.729,1.287,1.19,1.133],
		"Total_ab_noise_unwtd": [1.668,1.626,1.234,1.139,1.083],
		"R_minus_Y_KK_noise": [0.00588,0.006151,0.004968,0.004768,0.004743],
		"B_minus_Y_KK_noise": [0.006321,0.007152,0.005436,0.005499,0.005523],
		"Y_Kelly_Keelan_noise": [0.004346,0.005193,0.00336,0.003386,0.00344],
		"Total_KK_noise": [0.005661,0.006482,0.004559,0.004524,0.00456],
		"Chroma_KK_noise": [0.003628,0.00388,0.00308,0.003001,0.002993],
		"Total_old_iso_noise": [0.006885,0.007705,0.005641,0.005555,0.005578],
		"Y_noise_from_YUV": [0.004345,0.005193,0.00336,0.003386,0.00344],