{
	"jsonResults": {
		"dateRun": "13-May-2025 09:34:29",
		"ini_time_size": "13-May-2025 09:30:52 16089B  MD5 = 832528cd4efa725c3e1b26fde484c296",
		"version": "Imatest 24.2.6 Master Color/Tone Auto",
		"build": "2025-03-20",
		"image_file": "sports ball_18.0 mm_25600ISO_-3EV_Dist2_ON_Defocus1.tiff",
		"ColorSpace": "sRGB",
		"Reference": "Default values",
		"Ref_folder": "/usr/local/Imatest/v24.2/Master/",
		"Gamma": [0.3548],
		"patches_for_gamma_start_end": [1,5],
		"exposure_error_normalized_y_channel": [-0.27],
		"mean_camera_Saturation_Pct": ["_NaN_"],
		"mean_chroma_level_CPIQ_Pct": ["_NaN_"],
		"CPIQ_chroma_quality_loss_JND": ["_NaN_"],
		"CPIQ_exposure_quality_loss_JND": ["_NaN_"],
		"pixel_offset": [0],
		"mean_patch_size_pxls": [97,103],
		"roi_settings": "Recent ROI settings are in roi, nwid_save, nht_save, fillf, and distort (same names as ini file)",
		"roi": [3038,1783,3647,1907,3038,1909,3647,1775],
		"nwid_save": [6024],
		"nht_save": [4020],
		"fillf": [0.8],
		"distort": [0],
		"grayscale_zone": [1,2,3,4,5],
		"grayscale_minus_log_exposure": [2,1.513,1.025,0.5375,0.05],
		"grayscale_Y_reflectivity": [0.01,0.03073,0.09441,0.2901,0.8913],
		"grayscale_Y_Printer_pixel_gamma22": [33.13,55.18,91.91,153.1,255],
		"grayscale_Y_density": [0.675,0.8192,0.9922,1.102,1.163],
		"grayscale_R_density": [0.691,0.7995,0.8657,0.9275,0.9433],
		"grayscale_G_density": [0.6711,0.826,1.047,1.185,1.278],
		"grayscale_B_density": [0.6682,0.8122,0.9197,1.001,1.033],
		"grayscale_Y_mean": [53.89,38.67,25.96,20.14,17.5],
		"grayscale_R_mean": [51.95,40.46,34.74,30.13,29.06],
		"grayscale_G_mean": [54.38,38.07,22.88,16.64,13.45],
		"grayscale_B_mean": [54.74,39.3,30.68,25.46,23.64],
		"White_Bal_error_Degrees": [388.1,-176.6,-1041,-1587,-2214],
		"White_Bal_error_Mired": [-8.669,4.296,29.33,49.68,79.45],
		"White_Bal_error_S_HSV": [0.05098,0.05913,0.3414,0.4476,0.537],
		"White_Bal_error_Delta_C_ab": [1.128,1.454,8.27,9.193,9.805],
		"White_Bal_error_Delta_C_94": [1.128,1.454,8.27,9.193,9.805],
		"White_Bal_error_Delta_C_00": [1.504,2.032,9.389,10.22,10.75],
		"n_Patch": [1,2,3,4,5],
		"n_Row": [1,1,1,1,1],
		"n_Column": [1,2,3,4,5],
		"width_pixels": [98,99,98,98,98],
		"height_pixels": [105,105,105,105,105],
		"Pixels_total": [10290,10395,10290,10290,10290],
		"R_reference": [242.4,146.6,86.6,49.01,25.46],
		"G_reference": [242.4,146.6,86.6,49.01,25.46],
		"B_reference": [242.4,146.6,86.6,49.01,25.46],
		"R_input": [51.95,40.46,34.74,30.13,29.06],
		"G_input": [54.38,38.07,22.88,16.64,13.45],
		"B_input": [54.74,39.3,30.68,25.46,23.64],
		"L_reference": [95.63,60.79,36.82,20.33,8.991],
		"a_reference": [0,0,0,0,0],
		"b_reference": [0,0,0,0,0],
		"L_input": [22.57,15.48,9.466,6.685,5.656],
		"a_input": [-0.9594,1.392,7.667,8.569,9.182],
		"b_input": [-0.5924,-0.4206,-3.099,-3.33,-3.441],
		"x_reference": [0.3127,0.3127,0.3127,0.3127,0.3127],
		"y_reference": [0.329,0.329,0.329,0.329,0.329],
		"Y_reference": [0.8913,0.2901,0.09441,0.03073,0.01],
		"x_input": [0.306,0.3167,0.3325,0.3394,0.346],
		"y_input": [0.3276,0.3232,0.2857,0.2746,0.2645],
		"Y_input": [0.03676,0.01999,0.01058,0.007401,0.006261],
		"LUV_comment": "L2 is used to differentiate between the L in LAB and L in LUV.",
		"L2_reference": [805.1,262,85.28,27.75,9.033],
		"U_reference": [0.1978,0.1978,0.1978,0.1978,0.1978],
		"V_reference": [0.4683,0.4683,0.4683,0.4683,0.4683],
		"L2_input": [33.2,18.06,9.558,6.685,5.656],
		"U_input": [0.1937,0.2029,0.2308,0.2417,0.2525],
		"V_input": [0.4666,0.4658,0.4462,0.44,0.4342],
		"patch_numbers_for_all_Delta_E_C": [1,2,3,4,5],
		"Delta_E_all": [73.1,45.3,28.6,16.5,10.4],
		"Delta_C_all": [1.13,1.45,8.27,9.19,9.81],
		"Delta_E94_all": [73.1,45.3,28.6,16.5,10.4],
		"Delta_C94_all": [1.13,1.45,8.27,9.19,9.81],
		"Delta_E2000_all": [65.1,38.9,21.7,13.5,10.9],
		"Delta_C2000_all": [1.5,2.03,9.39,10.2,10.8],
		"Delta_L_all": [-73.1,-45.3,-27.4,-13.6,-3.34],
		"Delta_Chroma_all": [1.13,1.45,8.27,9.19,9.81],
		"Delta_Hue_Distance_all": [0,0,0,0,0],
		"Delta_Hue_Degrees_all": [0,0,0,0,0],
		"sat_corr_comment": "sat_corr explained on https://www.imatest.com/docs/colorcheck/#satcorr - not recommended.",
		"Delta_C_all_sat_corr": ["_NaN_","_NaN_","_NaN_","_NaN_","_NaN_"],
		"Delta_C94_all_sat_corr": ["_NaN_","_NaN_","_NaN_","_NaN_","_NaN_"],
		"Delta_C2000_all_sat_corr": ["_NaN_","_NaN_","_NaN_","_NaN_","_NaN_"],
		"grayscale_patch_numbers": [1,2,3,4,5],
		"Delta_E": [73.1,45.3,28.6,16.5,10.4],
		"Delta_C": [1.13,1.45,8.27,9.19,9.81],
		"Delta_E94": [73.1,45.3,28.6,16.5,10.4],
		"Delta_C94": [1.13,1.45,8.27,9.19,9.81],
		"Delta_E2000": [65.1,38.9,21.7,13.5,10.9],
		"Delta_C2000": [1.5,2.03,9.39,10.2,10.8],
		"Delta_L": [-73.1,-45.3,-27.4,-13.6,-3.34],
		"Delta_Chroma": [1.13,1.45,8.27,9.19,9.81],
		"Delta_Hue_Distance": [0,0,0,0,0],
		"Delta_Hue_Degrees": [0,0,0,0,0],
		"mean_Delta_E": [34.8],
		"mean_Delta_C": [5.97],
		"mean_Delta_E94": [34.8],
		"mean_Delta_C94": [5.97],
		"mean_Delta_E2000": [30],
		"mean_Delta_C2000": [6.78],
		"mean_Delta_L": [-32.5],
		"mean_Delta_Chroma": [5.97],
		"mean_Delta_Hue_Distance": [0],
		"mean_Delta_Hue_Degrees": [0],
		"mean_Delta_C_sat_corr": ["_NaN_"],
		"mean_Delta_C94_sat_corr": ["_NaN_"],
		"mean_Delta_C2000_sat_corr": ["_NaN_"],
		"max_Delta_E": [73.1],
		"max_Delta_C": [9.81],
		"max_Delta_E94": [73.1],
		"max_Delta_C94": [9.81],
		"max_Delta_E2000": [65.1],
		"max_Delta_C2000": [10.8],
		"max_Delta_L": [-3.34],
		"max_Delta_Chroma": [9.81],
		"max_Delta_Hue_Distance": [0],
		"max_Delta_Hue_Degrees": [0],
		"max_Delta_C_sat_corr": ["_NaN_"],
		"max_Delta_C94_sat_corr": ["_NaN_"],
		"max_Delta_C2000_sat_corr": ["_NaN_"],
		"mean_RegionSize": [10212.8],
		"Sequence_dark_to_light": [5,4,3,2,1],
		"Patch_number": [5,4,3,2,1],
		"R_noise": [0.09915,0.1022,0.1076,0.1156,0.1238],
		"G_noise": [0.0678,0.07447,0.0857,0.09399,0.09008],
		"B_noise": [0.08384,0.08837,0.09654,0.1034,0.1044],
		"R_SNR_ratio": [1.149,1.156,1.266,1.373,1.646],
		"G_SNR_ratio": [0.7782,0.8764,1.047,1.588,2.367],
		"B_SNR_ratio": [1.106,1.13,1.246,1.49,2.056],
		"R_SNR_dB": [1.208,1.262,2.049,2.752,4.327],
		"G_SNR_dB": [-2.179,-1.146,0.3979,4.019,7.486],
		"B_SNR_dB": [0.8724,1.06,1.912,3.465,6.259],
		"Gb_noise": [0.05696,0.06114,0.06897,0.07476,0.07299],
		"Gb_SNR_ratio": [1.205,1.292,1.476,2.028,2.895],
		"Gb_SNR_dB": [1.621,2.225,3.383,6.142,9.234],
		"Y_f_stop_SNR_ratio": [0.505,0.4523,0.3251,0.1675,0.1123],
		"Y_f_stop_SNR_dB": [-5.934,-6.892,-9.76,-15.52,-18.99],
		"quality_levels_for_DR": [
				"Low,",
				"Medium,",
				"M-H,",
				"High,"
		],
		"SigNoise_levels_for_DR": [1,0.5,0.25,0.1],
		"Dynamic_Range_f_stops": [0,0,0,0],
		"Dynamic_Range_dB": [0,0,0,0],
		"noise_ISO15739_pct": [2.499,3.124,5.484,9.845,11.44],
		"snr_ISO15739": [0.2505,0.2369,0.1929,0.2031,0.3214],
		"noise_pct_ISO15739_at_13pct_Lref": [11.1],
		"snr_ISO15739_at_13pct_Lref": [0.2966],
		"snr_dB_ISO15739_at_13pct_Lref": [-10.56],
		"DynamicRange_at_density_2": [245.4],
		"DynamicRange_total": [0],
		"DynamicRange_from_slope_OD": [1.95],
		"DynamicRange_from_slope_EV": [6.474],
		"DynamicRange_from_slope_dB": [39],
		"SNR_BW_dB_RGBY": [1.175,2.972,2.143,4.96],
		"L_noise": [6.385,6.816,7.602,8.108,7.645],
		"a_noise": [14.42,15.4,16.87,18.32,17.95],
		"b_noise": [14.01,15.15,17.16,17.98,18.12],
		"Total_Lab_noise_unwtd": [21.09,22.65,25.24,26.92,26.63],
		"Total_ab_noise_unwtd": [20.1,21.6,24.07,25.67,25.5],
		"R_minus_Y_KK_noise": [0.08584,0.09113,0.09802,0.1077,0.1103],
		"B_minus_Y_KK_noise": [0.08645,0.09358,0.1076,0.1145,0.1169],
		"Y_Kelly_Keelan_noise": [0.05696,0.06114,0.06897,0.07476,0.07299],
		"Total_KK_noise": [0.07719,0.08262,0.09195,0.0999,0.09963],
		"Chroma_KK_noise": [0.05209,0.05556,0.06081,0.06626,0.06781],
		"Total_old_iso_noise": [0.09569,0.1022,0.1129,0.1229,0.1237],
		"Y_noise_from_YUV": [0.05695,0.06114,0.06896,0.07475,0.07298],
		"U_noise_from_YUV": [0.04062,0.04397,0.05053,0.05381,0.05494],