{
	"jsonResults": {
		"dateRun": "07-May-2025 13:47:58",
		"ini_time_size": "07-May-2025 13:46:16 9647B  MD5 = 308ec4ab452c16f1007557ae8bd834c3",
		"version": "Imatest 24.2.6 Master Color/Tone Auto",
		"build": "2025-03-20",
		"image_file": "sports ball_18.0 mm_25600ISO_+1EV_Dist2_ON_Defocus2.tiff",
		"ColorSpace": "sRGB",
		"Reference": "Default values",
		"Ref_folder": "/usr/local/Imatest/v24.2/Master/",
		"Gamma": [0.3271],
		"patches_for_gamma_start_end": [1,5],
		"exposure_error_normalized_y_channel": [0.0842],
		"mean_camera_Saturation_Pct": ["_NaN_"],
		"mean_chroma_level_CPIQ_Pct": ["_NaN_"],
		"CPIQ_chroma_quality_loss_JND": ["_NaN_"],
		"CPIQ_exposure_quality_loss_JND": ["_NaN_"],
		"pixel_offset": [0],
		"mean_patch_size_pxls": [98,102],
		"roi_settings": "Recent ROI settings are in roi, nwid_save, nht_save, fillf, and distort (same names as ini file)",
		"roi": [3034,1778,3644,1906,3034,1906,3644,1778],
		"nwid_save": [6024],
		"nht_save": [4020],
		"fillf": [0.8],
		"distort": [0],
		"grayscale_zone": [1,2,3,4,5],
		"grayscale_minus_log_exposure": [2,1.513,1.025,0.5375,0.05],
		"grayscale_Y_reflectivity": [0.01,0.03073,0.09441,0.2901,0.8913],
		"grayscale_Y_Printer_pixel_gamma22": [33.13,55.18,91.91,153.1,255],
		"grayscale_Y_density": [0.08892,0.1901,0.3496,0.5596,0.6587],
		"grayscale_R_density": [0.09124,0.1969,0.3593,0.5832,0.6385],
		"grayscale_G_density": [0.08974,0.1888,0.3475,0.5519,0.6663],
		"grayscale_B_density": [0.07426,0.1842,0.3422,0.5687,0.6451],
		"grayscale_Y_mean": [207.8,164.6,114,70.3,55.96],
		"grayscale_R_mean": [206.7,162.1,111.5,66.58,58.62],
		"grayscale_G_mean": [207.4,165.1,114.6,71.56,54.99],
		"grayscale_B_mean": [214.9,166.9,116,68.84,57.73],
		"White_Bal_error_Degrees": [414.9,266.2,345,189.4,-69.54],
		"White_Bal_error_Mired": [-9.231,-6.053,-7.755,-4.356,1.664],
		"White_Bal_error_S_HSV": [0.03834,0.02882,0.03875,0.06955,0.0619],
		"White_Bal_error_Delta_C_ab": [3.986,1.495,1.481,2.81,2.474],
		"White_Bal_error_Delta_C_94": [3.986,1.495,1.481,2.81,2.474],
		"White_Bal_error_Delta_C_00": [3.829,1.65,1.705,3.743,3.23],
		"n_Patch": [1,2,3,4,5],
		"n_Row": [1,1,1,1,1],
		"n_Column": [1,2,3,4,5],
		"width_pixels": [99,99,99,99,99],
		"height_pixels": [104,104,104,104,104],
		"Pixels_total": [10296,10296,10296,10296,10296],
		"R_reference": [242.4,146.6,86.6,49.01,25.46],
		"G_reference": [242.4,146.6,86.6,49.01,25.46],
		"B_reference": [242.4,146.6,86.6,49.01,25.46],
		"R_input": [206.7,162.1,111.5,66.58,58.62],
		"G_input": [207.4,165.1,114.6,71.56,54.99],
		"B_input": [214.9,166.9,116,68.84,57.73],
		"L_reference": [95.63,60.79,36.82,20.33,8.991],
		"a_reference": [0,0,0,0,0],
		"b_reference": [0,0,0,0,0],
		"L_input": [83.41,67.59,48.05,29.87,23.51],
		"a_input": [1.153,-0.7488,-0.8713,-2.655,2.193],
		"b_input": [-3.816,-1.294,-1.198,0.9218,-1.146],
		"x_reference": [0.3127,0.3127,0.3127,0.3127,0.3127],
		"y_reference": [0.329,0.329,0.329,0.329,0.329],
		"Y_reference": [0.8913,0.2901,0.09441,0.03073,0.01],
		"x_input": [0.307,0.3084,0.3071,0.3079,0.3153],
		"y_input": [0.3204,0.3265,0.3262,0.3374,0.3193],
		"Y_input": [0.6294,0.3742,0.1683,0.06184,0.03952],
		"LUV_comment": "L2 is used to differentiate between the L in LAB and L in LUV.",
		"L2_reference": [805.1,262,85.28,27.75,9.033],
		"U_reference": [0.1978,0.1978,0.1978,0.1978,0.1978],
		"V_reference": [0.4683,0.4683,0.4683,0.4683,0.4683],
		"L2_input": [568.5,338,152,55.86,35.7],
		"U_input": [0.1971,0.1958,0.195,0.1915,0.2034],
		"V_input": [0.4628,0.4663,0.466,0.472,0.4634],
		"patch_numbers_for_all_Delta_E_C": [1,2,3,4,5],
		"Delta_E_all": [12.9,6.97,11.3,9.95,14.7],
		"Delta_C_all": [3.99,1.49,1.48,2.81,2.47],
		"Delta_E94_all": [12.9,6.97,11.3,9.95,14.7],
		"Delta_C94_all": [3.99,1.49,1.48,2.81,2.47],
		"Delta_E2000_all": [8.59,5.89,10.4,7.92,10.2],
		"Delta_C2000_all": [3.83,1.65,1.7,3.74,3.23],
		"Delta_L_all": [-12.2,6.81,11.2,9.54,14.5],
		"Delta_Chroma_all": [3.99,1.49,1.48,2.81,2.47],
		"Delta_Hue_Distance_all": [0,0,0,0,0],
		"Delta_Hue_Degrees_all": [0,0,0,0,0],
		"sat_corr_comment": "sat_corr explained on https://www.imatest.com/docs/colorcheck/#satcorr - not recommended.",
		"Delta_C_all_sat_corr": ["_NaN_","_NaN_","_NaN_","_NaN_","_NaN_"],
		"Delta_C94_all_sat_corr": ["_NaN_","_NaN_","_NaN_","_NaN_","_NaN_"],
		"Delta_C2000_all_sat_corr": ["_NaN_","_NaN_","_NaN_","_NaN_","_NaN_"],
		"grayscale_patch_numbers": [1,2,3,4,5],
		"Delta_E": [12.9,6.97,11.3,9.95,14.7],
		"Delta_C": [3.99,1.49,1.48,2.81,2.47],
		"Delta_E94": [12.9,6.97,11.3,9.95,14.7],
		"Delta_C94": [3.99,1.49,1.48,2.81,2.47],
		"Delta_E2000": [8.59,5.89,10.4,7.92,10.2],
		"Delta_C2000": [3.83,1.65,1.7,3.74,3.23],
		"Delta_L": [-12.2,6.81,11.2,9.54,14.5],
		"Delta_Chroma": [3.99,1.49,1.48,2.81,2.47],
		"Delta_Hue_Distance": [0,0,0,0,0],
		"Delta_Hue_Degrees": [0,0,0,0,0],
		"mean_Delta_E": [11.2],
		"mean_Delta_C": [2.45],
		"mean_Delta_E94": [11.2],
		"mean_Delta_C94": [2.45],
		"mean_Delta_E2000": [8.59],
		"mean_Delta_C2000": [2.83],
		"mean_Delta_L": [5.97],
		"mean_Delta_Chroma": [2.45],
		"mean_Delta_Hue_Distance": [0],
		"mean_Delta_Hue_Degrees": [0],
		"mean_Delta_C_sat_corr": ["_NaN_"],
		"mean_Delta_C94_sat_corr": ["_NaN_"],
		"mean_Delta_C2000_sat_corr": ["_NaN_"],
		"max_Delta_E": [14.7],
		"max_Delta_C": [3.99],
		"max_Delta_E94": [14.7],
		"max_Delta_C94": [3.99],
		"max_Delta_E2000": [10.4],
		"max_Delta_C2000": [3.83],
		"max_Delta_L": [14.5],
		"max_Delta_Chroma": [3.99],
		"max_Delta_Hue_Distance": [0],
		"max_Delta_Hue_Degrees": [0],
		"max_Delta_C_sat_corr": ["_NaN_"],
		"max_Delta_C94_sat_corr": ["_NaN_"],
		"max_Delta_C2000_sat_corr": ["_NaN_"],
		"mean_RegionSize": [10197],
		"Sequence_dark_to_light": [5,4,3,2,1],
		"Patch_number": [5,4,3,2,1],
		"R_noise": [0.1222,0.1286,0.09043,0.07145,0.06326],
		"G_noise": [0.09238,0.08289,0.05747,0.05005,0.04983],
		"B_noise": [0.1027,0.1008,0.06727,0.05587,0.05337],
		"R_SNR_ratio": [1.882,2.03,4.834,8.894,12.81],
		"G_SNR_ratio": [2.334,3.385,7.817,12.94,16.32],
		"B_SNR_ratio": [2.204,2.677,6.761,11.71,15.79],
		"R_SNR_dB": [5.491,6.148,13.69,18.98,22.15],
		"G_SNR_dB": [7.363,10.59,17.86,22.24,24.26],
		"B_SNR_dB": [6.863,8.554,16.6,21.37,23.97],
		"Gb_noise": [0.07794,0.07041,0.04931,0.04233,0.04274],
		"Gb_SNR_ratio": [2.816,3.916,9.066,15.25,19.06],
		"Gb_SNR_dB": [8.992,11.86,19.15,23.67,25.6],
		"Y_f_stop_SNR_ratio": [2.447,2.682,2.315,0.9981,0.4457],
		"Y_f_stop_SNR_dB": [7.772,8.57,7.29,-0.01673,-7.019],
		"quality_levels_for_DR": [
				"Low,",
				"Medium,",
				"M-H,",
				"High,"
		],
		"SigNoise_levels_for_DR": [1,0.5,0.25,0.1],
		"Dynamic_Range_f_stops": [4.853,3.432,0,0],
		"Dynamic_Range_dB": [29.21,20.66,0,0],
		"noise_ISO15739_pct": [1.222,1.38,1.831,3.487,4.911],
		"snr_ISO15739": [3.234,4.481,9.192,10.73,12.82],
		"noise_pct_ISO15739_at_13pct_Lref": [3.558],
		"snr_ISO15739_at_13pct_Lref": [10.84],
		"snr_dB_ISO15739_at_13pct_Lref": [20.7],
		"DynamicRange_at_density_2": [232],
		"DynamicRange_total": [0],
		"DynamicRange_from_slope_OD": [1.95],
		"DynamicRange_from_slope_EV": [6.474],
		"DynamicRange_from_slope_dB": [39],
		"SNR_BW_dB_RGBY": [17.55,20.65,19.69,22.1],
		"L_noise": [8.288,7.238,4.939,4.021,3.9],
		"a_noise": [16.82,16.43,11.48,8.908,7.576],
		"b_noise": [16.5,15.93,10.68,8.431,7.566],
		"Total_Lab_noise_unwtd": [24.98,24,16.44,12.91,11.4],
		"Total_ab_noise_unwtd": [23.56,22.88,15.68,12.27,10.71],
		"R_minus_Y_KK_noise": [0.1052,0.11,0.07565,0.0609,0.05214],
		"B_minus_Y_KK_noise": [0.1048,0.1035,0.07115,0.05959,0.05582],
		"Y_Kelly_Keelan_noise": [0.07794,0.07041,0.04931,0.04233,0.04274],
		"Total_KK_noise": [0.1006,0.09633,0.06689,0.05602,0.05348],
		"Chroma_KK_noise": [0.06367,0.06573,0.04519,0.03671,0.03214],
		"Total_old_iso_noise": [0.1221,0.1201,0.08309,0.0688,0.06376],
		"Y_noise_from_YUV": [0.07793,0.07041,0.04931,0.04232,0.04274],
		"U_noise_from_YUV": [0.04923,0.04863,0.03343,0.028,0.02623],
		"V_noise_from_YUV": [0.08216,0.08593,0.05908,0.04756,0.04072],