{
	"jsonResults": {
		"dateRun": "13-May-2025 09:34:29",
		"ini_time_size": "13-May-2025 09:30:52 16089B  MD5 = 832528cd4efa725c3e1b26fde484c296",
		"version": "Imatest 24.2.6 Master Color/Tone Auto",
		"build": "2025-03-20",
		"image_file": "sports ball_18.0 mm_1600ISO_-1EV_Dist2_ON_Focused.tiff",
		"ColorSpace": "sRGB",
		"Reference": "Default values",
		"Ref_folder": "/usr/local/Imatest/v24.2/Master/",
		"Gamma": [0.3469],
		"patches_for_gamma_start_end": [1,5],
		"exposure_error_normalized_y_channel": [-0.16],
		"mean_camera_Saturation_Pct": ["_NaN_"],
		"mean_chroma_level_CPIQ_Pct": ["_NaN_"],
		"CPIQ_chroma_quality_loss_JND": ["_NaN_"],
		"CPIQ_exposure_quality_loss_JND": ["_NaN_"],
		"pixel_offset": [0],
		"mean_patch_size_pxls": [97,103],
		"roi_settings": "Recent ROI settings are in roi, nwid_save, nht_save, fillf, and distort (same names as ini file)",
		"roi": [3038,1783,3647,1907,3038,1909,3647,1775],
		"nwid_save": [6024],
		"nht_save": [4020],
		"fillf": [0.8],
		"distort": [0],
		"grayscale_zone": [1,2,3,4,5],
		"grayscale_minus_log_exposure": [2,1.513,1.025,0.5375,0.05],
		"grayscale_Y_reflectivity": [0.01,0.03073,0.09441,0.2901,0.8913],
		"grayscale_Y_Printer_pixel_gamma22": [33.13,55.18,91.91,153.1,255],
		"grayscale_Y_density": [0.2901,0.403,0.5721,0.8092,1.181],
		"grayscale_R_density": [0.2892,0.4034,0.574,0.8146,1.164],
		"grayscale_G_density": [0.2915,0.4033,0.5721,0.8076,1.188],
		"grayscale_B_density": [0.279,0.399,0.5669,0.8104,1.167],
		"grayscale_Y_mean": [130.8,100.8,68.3,39.56,16.8],
		"grayscale_R_mean": [131,100.7,68,39.08,17.5],
		"grayscale_G_mean": [130.3,100.8,68.31,39.72,16.54],
		"grayscale_B_mean": [134.1,101.7,69.13,39.46,17.38],
		"White_Bal_error_Degrees": [244.5,95.74,144.2,59.59,1.845],
		"White_Bal_error_Mired": [-5.577,-2.233,-3.339,-1.398,-0.04364],
		"White_Bal_error_S_HSV": [0.02832,0.009927,0.01639,0.01599,0.05486],
		"White_Bal_error_Delta_C_ab": [2.212,0.5996,0.5497,0.3568,0.62],
		"White_Bal_error_Delta_C_94": [2.212,0.5996,0.5497,0.3568,0.62],
		"White_Bal_error_Delta_C_00": [2.359,0.6297,0.5464,0.5237,0.8383],
		"n_Patch": [1,2,3,4,5],
		"n_Row": [1,1,1,1,1],
		"n_Column": [1,2,3,4,5],
		"width_pixels": [98,99,98,98,98],
		"height_pixels": [105,105,105,105,105],
		"Pixels_total": [10290,10395,10290,10290,10290],
		"R_reference": [242.4,146.6,86.6,49.01,25.46],
		"G_reference": [242.4,146.6,86.6,49.01,25.46],
		"B_reference": [242.4,146.6,86.6,49.01,25.46],
		"R_input": [131,100.7,68,39.08,17.5],
		"G_input": [130.3,100.8,68.31,39.72,16.54],
		"B_input": [134.1,101.7,69.13,39.46,17.38],
		"L_reference": [95.63,60.79,36.82,20.33,8.991],
		"a_reference": [0,0,0,0,0],
		"b_reference": [0,0,0,0,0],
		"L_input": [54.66,42.71,28.98,15.91,4.988],
		"a_input": [1.024,0.197,0.05563,-0.3505,0.5258],
		"b_input": [-1.96,-0.5663,-0.5468,0.06657,-0.3286],
		"x_reference": [0.3127,0.3127,0.3127,0.3127,0.3127],
		"y_reference": [0.329,0.329,0.329,0.329,0.329],
		"Y_reference": [0.8913,0.2901,0.09441,0.03073,0.01],
		"x_input": [0.3095,0.3114,0.3105,0.3115,0.3137],
		"y_input": [0.3223,0.3268,0.3265,0.3302,0.3222],
		"Y_input": [0.2261,0.1297,0.05832,0.02081,0.005522],
		"LUV_comment": "L2 is used to differentiate between the L in LAB and L in LUV.",
		"L2_reference": [805.1,262,85.28,27.75,9.033],
		"U_reference": [0.1978,0.1978,0.1978,0.1978,0.1978],
		"V_reference": [0.4683,0.4683,0.4683,0.4683,0.4683],
		"L2_input": [204.2,117.1,52.68,18.8,4.988],
		"U_input": [0.1981,0.1977,0.1973,0.1965,0.2011],
		"V_input": [0.4642,0.4669,0.4666,0.4688,0.4648],
		"patch_numbers_for_all_Delta_E_C": [1,2,3,4,5],
		"Delta_E_all": [41,18.1,7.85,4.44,4.05],
		"Delta_C_all": [2.21,0.6,0.55,0.357,0.62],
		"Delta_E94_all": [41,18.1,7.85,4.44,4.05],
		"Delta_C94_all": [2.21,0.6,0.55,0.357,0.62],
		"Delta_E2000_all": [30,17.9,6.3,3.05,2.58],
		"Delta_C2000_all": [2.36,0.63,0.546,0.524,0.838],
		"Delta_L_all": [-41,-18.1,-7.83,-4.43,-4],
		"Delta_Chroma_all": [2.21,0.6,0.55,0.357,0.62],
		"Delta_Hue_Distance_all": [0,0,0,0,0],
		"Delta_Hue_Degrees_all": [0,0,0,0,0],
		"sat_corr_comment": "sat_corr explained on https://www.imatest.com/docs/colorcheck/#satcorr - not recommended.",
		"Delta_C_all_sat_corr": ["_NaN_","_NaN_","_NaN_","_NaN_","_NaN_"],
		"Delta_C94_all_sat_corr": ["_NaN_","_NaN_","_NaN_","_NaN_","_NaN_"],
		"Delta_C2000_all_sat_corr": ["_NaN_","_NaN_","_NaN_","_NaN_","_NaN_"],
		"grayscale_patch_numbers": [1,2,3,4,5],
		"Delta_E": [41,18.1,7.85,4.44,4.05],
		"Delta_C": [2.21,0.6,0.55,0.357,0.62],
		"Delta_E94": [41,18.1,7.85,4.44,4.05],
		"Delta_C94": [2.21,0.6,0.55,0.357,0.62],
		"Delta_E2000": [30,17.9,6.3,3.05,2.58],
		"Delta_C2000": [2.36,0.63,0.546,0.524,0.838],
		"Delta_L": [-41,-18.1,-7.83,-4.43,-4],
		"Delta_Chroma": [2.21,0.6,0.55,0.357,0.62],
		"Delta_Hue_Distance": [0,0,0,0,0],
		"Delta_Hue_Degrees": [0,0,0,0,0],
		"mean_Delta_E": [15.1],
		"mean_Delta_C": [0.868],
		"mean_Delta_E94": [15.1],
		"mean_Delta_C94": [0.868],
		"mean_Delta_E2000": [12],
		"mean_Delta_C2000": [0.979],
		"mean_Delta_L": [-15.1],
		"mean_Delta_Chroma": [0.868],
		"mean_Delta_Hue_Distance": [0],
		"mean_Delta_Hue_Degrees": [0],
		"mean_Delta_C_sat_corr": ["_NaN_"],
		"mean_Delta_C94_sat_corr": ["_NaN_"],
		"mean_Delta_C2000_sat_corr": ["_NaN_"],
		"max_Delta_E": [41],
		"max_Delta_C": [2.21],
		"max_Delta_E94": [41],
		"max_Delta_C94": [2.21],
		"max_Delta_E2000": [30],
		"max_Delta_C2000": [2.36],
		"max_Delta_L": [-4],
		"max_Delta_Chroma": [2.21],
		"max_Delta_Hue_Distance": [0],
		"max_Delta_Hue_Degrees": [0],
		"max_Delta_C_sat_corr": ["_NaN_"],
		"max_Delta_C94_sat_corr": ["_NaN_"],
		"max_Delta_C2000_sat_corr": ["_NaN_"],
		"mean_RegionSize": [10212.8],
		"Sequence_dark_to_light": [5,4,3,2,1],
		"Patch_number": [5,4,3,2,1],
		"R_noise": [0.04304,0.03907,0.02846,0.02564,0.02402],
		"G_noise": [0.0294,0.02314,0.01758,0.01611,0.0153],
		"B_noise": [0.03565,0.03053,0.02273,0.02083,0.0194],
		"R_SNR_ratio": [1.594,3.923,9.37,15.4,21.39],
		"G_SNR_ratio": [2.206,6.73,15.24,24.52,33.4],
		"B_SNR_ratio": [1.911,5.069,11.93,19.15,27.12],
		"R_SNR_dB": [4.052,11.87,19.43,23.75,26.61],
		"G_SNR_dB": [6.871,16.56,23.66,27.79,30.47],
		"B_SNR_dB": [5.627,14.1,21.53,25.65,28.67],
		"Gb_noise": [0.02357,0.01967,0.01473,0.0135,0.01275],
		"Gb_SNR_ratio": [2.796,7.886,18.19,29.29,40.21],
		"Gb_SNR_dB": [8.93,17.94,25.2,29.34,32.09],
		"Y_f_stop_SNR_ratio": [5.683,5.601,5.036,3.169,2.338],
		"Y_f_stop_SNR_dB": [15.09,14.97,14.04,10.02,7.377],
		"quality_levels_for_DR": [
				"Low,",
				"Medium,",
				"M-H,",
				"High,"
		],
		"SigNoise_levels_for_DR": [1,0.5,0.25,0.1],
		"Dynamic_Range_f_stops": [0,0,3.951,0],
		"Dynamic_Range_dB": [0,0,23.79,0],
		"noise_ISO15739_pct": [0.1784,0.2089,0.3867,0.8602,1.116],
		"snr_ISO15739": [3.096,9.962,15.08,15.07,20.25],
		"noise_pct_ISO15739_at_13pct_Lref": [1.024],
		"snr_ISO15739_at_13pct_Lref": [18.39],
		"snr_dB_ISO15739_at_13pct_Lref": [25.29],
		"DynamicRange_at_density_2": [2940],
		"DynamicRange_total": [0],
		"DynamicRange_from_slope_OD": [1.95],
		"DynamicRange_from_slope_EV": [6.474],
		"DynamicRange_from_slope_dB": [39],
		"SNR_BW_dB_RGBY": [22.89,26.92,24.69,28.46],
		"L_noise": [2.322,2.298,1.633,1.404,1.266],
		"a_noise": [6.424,5.732,4.259,3.607,3.255],
		"b_noise": [5.921,5.547,4.121,3.528,3.14],
		"Total_Lab_noise_unwtd": [9.04,8.3,6.147,5.238,4.697],
		"Total_ab_noise_unwtd": [8.737,7.976,5.926,5.046,4.523],
		"R_minus_Y_KK_noise": [0.03847,0.03358,0.02424,0.02188,0.02062],
		"B_minus_Y_KK_noise": [0.04043,0.0314,0.02499,0.02281,0.02129],
		"Y_Kelly_Keelan_noise": [0.02357,0.01967,0.01473,0.0135,0.01275],
		"Total_KK_noise": [0.03335,0.02808,0.02087,0.01901,0.01792],
		"Chroma_KK_noise": [0.02359,0.02003,0.01479,0.01339,0.01259],
		"Total_old_iso_noise": [0.042,0.03558,0.02632,0.02391,0.02252],
		"Y_noise_from_YUV": [0.02357,0.01967,0.01472,0.0135,0.01275],
		"U_noise_from_YUV": [0.019,0.01475,0.01174,0.01072,0.01],
		"V_noise_from_YUV": [0.03004,0.02622,0.01893,0.01709,0.0161],