{
	"jsonResults": {
		"dateRun": "13-May-2025 09:34:29",
		"ini_time_size": "13-May-2025 09:30:52 16089B  MD5 = 832528cd4efa725c3e1b26fde484c296",
		"version": "Imatest 24.2.6 Master Color/Tone Auto",
		"build": "2025-03-20",
		"image_file": "sports ball_18.0 mm_6400ISO_-1EV_Dist2_ON_Defocus1.tiff",
		"ColorSpace": "sRGB",
		"Reference": "Default values",
		"Ref_folder": "/usr/local/Imatest/v24.2/Master/",
		"Gamma": [0.368],
		"patches_for_gamma_start_end": [1,5],
		"exposure_error_normalized_y_channel": [-0.191],
		"mean_camera_Saturation_Pct": ["_NaN_"],
		"mean_chroma_level_CPIQ_Pct": ["_NaN_"],
		"CPIQ_chroma_quality_loss_JND": ["_NaN_"],
		"CPIQ_exposure_quality_loss_JND": ["_NaN_"],
		"pixel_offset": [0],
		"mean_patch_size_pxls": [97,103],
		"roi_settings": "Recent ROI settings are in roi, nwid_save, nht_save, fillf, and distort (same names as ini file)",
		"roi": [3038,1783,3647,1907,3038,1909,3647,1775],
		"nwid_save": [6024],
		"nht_save": [4020],
		"fillf": [0.8],
		"distort": [0],
		"grayscale_zone": [1,2,3,4,5],
		"grayscale_minus_log_exposure": [2,1.513,1.025,0.5375,0.05],
		"grayscale_Y_reflectivity": [0.01,0.03073,0.09441,0.2901,0.8913],
		"grayscale_Y_Printer_pixel_gamma22": [33.13,55.18,91.91,153.1,255],
		"grayscale_Y_density": [0.344,0.4593,0.6388,0.8998,1.218],
		"grayscale_R_density": [0.3417,0.4647,0.6546,0.9164,1.126],
		"grayscale_G_density": [0.3463,0.4585,0.6351,0.894,1.258],
		"grayscale_B_density": [0.3287,0.4515,0.6298,0.9094,1.148],
		"grayscale_Y_mean": [115.5,88.55,58.59,32.12,15.45],
		"grayscale_R_mean": [116.1,87.46,56.49,30.91,19.1],
		"grayscale_G_mean": [114.9,88.72,59.09,32.55,14.09],
		"grayscale_B_mean": [119.6,90.16,59.8,31.41,18.13],
		"White_Bal_error_Degrees": [324.3,268.8,441.4,65.35,-184.5],
		"White_Bal_error_Mired": [-7.311,-6.109,-9.783,-1.531,4.493],
		"White_Bal_error_S_HSV": [0.03977,0.02995,0.05549,0.05033,0.2622],
		"White_Bal_error_Delta_C_ab": [2.852,1.031,1.25,1.163,2.986],
		"White_Bal_error_Delta_C_94": [2.852,1.031,1.25,1.163,2.986],
		"White_Bal_error_Delta_C_00": [3.049,1.028,1.571,1.592,3.816],
		"n_Patch": [1,2,3,4,5],
		"n_Row": [1,1,1,1,1],
		"n_Column": [1,2,3,4,5],
		"width_pixels": [98,99,98,98,98],
		"height_pixels": [105,105,105,105,105],
		"Pixels_total": [10290,10395,10290,10290,10290],
		"R_reference": [242.4,146.6,86.6,49.01,25.46],
		"G_reference": [242.4,146.6,86.6,49.01,25.46],
		"B_reference": [242.4,146.6,86.6,49.01,25.46],
		"R_input": [116.1,87.46,56.49,30.91,19.1],
		"G_input": [114.9,88.72,59.09,32.55,14.09],
		"B_input": [119.6,90.16,59.8,31.41,18.13],
		"L_reference": [95.63,60.79,36.82,20.33,8.991],
		"a_reference": [0,0,0,0,0],
		"b_reference": [0,0,0,0,0],
		"L_input": [48.64,37.64,24.69,12.31,4.518],
		"a_input": [1.437,-0.188,-0.933,-1.048,2.609],
		"b_input": [-2.463,-1.014,-0.8319,0.5029,-1.453],
		"x_reference": [0.3127,0.3127,0.3127,0.3127,0.3127],
		"y_reference": [0.329,0.329,0.329,0.329,0.329],
		"Y_reference": [0.8913,0.2901,0.09441,0.03073,0.01],
		"x_input": [0.3086,0.3085,0.3053,0.3106,0.3199],
		"y_input": [0.3197,0.3254,0.3264,0.3354,0.2968],
		"Y_input": [0.173,0.09887,0.04316,0.01454,0.005001],
		"LUV_comment": "L2 is used to differentiate between the L in LAB and L in LUV.",
		"L2_reference": [805.1,262,85.28,27.75,9.033],
		"U_reference": [0.1978,0.1978,0.1978,0.1978,0.1978],
		"V_reference": [0.4683,0.4683,0.4683,0.4683,0.4683],
		"L2_input": [156.3,89.31,38.98,13.13,4.518],
		"U_input": [0.1985,0.1963,0.1937,0.194,0.2161],
		"V_input": [0.4627,0.4658,0.4659,0.4714,0.451],
		"patch_numbers_for_all_Delta_E_C": [1,2,3,4,5],
		"Delta_E_all": [47.1,23.2,12.2,8.1,5.38],
		"Delta_C_all": [2.85,1.03,1.25,1.16,2.99],
		"Delta_E94_all": [47.1,23.2,12.2,8.1,5.38],
		"Delta_C94_all": [2.85,1.03,1.25,1.16,2.99],
		"Delta_E2000_all": [35.6,23.1,9.6,5.58,4.69],
		"Delta_C2000_all": [3.05,1.03,1.57,1.59,3.82],
		"Delta_L_all": [-47,-23.1,-12.1,-8.02,-4.47],
		"Delta_Chroma_all": [2.85,1.03,1.25,1.16,2.99],
		"Delta_Hue_Distance_all": [0,0,0,0,0],
		"Delta_Hue_Degrees_all": [0,0,0,0,0],
		"sat_corr_comment": "sat_corr explained on https://www.imatest.com/docs/colorcheck/#satcorr - not recommended.",
		"Delta_C_all_sat_corr": ["_NaN_","_NaN_","_NaN_","_NaN_","_NaN_"],
		"Delta_C94_all_sat_corr": ["_NaN_","_NaN_","_NaN_","_NaN_","_NaN_"],
		"Delta_C2000_all_sat_corr": ["_NaN_","_NaN_","_NaN_","_NaN_","_NaN_"],
		"grayscale_patch_numbers": [1,2,3,4,5],
		"Delta_E": [47.1,23.2,12.2,8.1,5.38],
		"Delta_C": [2.85,1.03,1.25,1.16,2.99],
		"Delta_E94": [47.1,23.2,12.2,8.1,5.38],
		"Delta_C94": [2.85,1.03,1.25,1.16,2.99],
		"Delta_E2000": [35.6,23.1,9.6,5.58,4.69],
		"Delta_C2000": [3.05,1.03,1.57,1.59,3.82],
		"Delta_L": [-47,-23.1,-12.1,-8.02,-4.47],
		"Delta_Chroma": [2.85,1.03,1.25,1.16,2.99],
		"Delta_Hue_Distance": [0,0,0,0,0],
		"Delta_Hue_Degrees": [0,0,0,0,0],
		"mean_Delta_E": [19.2],
		"mean_Delta_C": [1.86],
		"mean_Delta_E94": [19.2],
		"mean_Delta_C94": [1.86],
		"mean_Delta_E2000": [15.7],
		"mean_Delta_C2000": [2.21],
		"mean_Delta_L": [-19],
		"mean_Delta_Chroma": [1.86],
		"mean_Delta_Hue_Distance": [0],
		"mean_Delta_Hue_Degrees": [0],
		"mean_Delta_C_sat_corr": ["_NaN_"],
		"mean_Delta_C94_sat_corr": ["_NaN_"],
		"mean_Delta_C2000_sat_corr": ["_NaN_"],
		"max_Delta_E": [47.1],
		"max_Delta_C": [2.99],
		"max_Delta_E94": [47.1],
		"max_Delta_C94": [2.99],
		"max_Delta_E2000": [35.6],
		"max_Delta_C2000": [3.82],
		"max_Delta_L": [-4.47],
		"max_Delta_Chroma": [2.99],
		"max_Delta_Hue_Distance": [0],
		"max_Delta_Hue_Degrees": [0],
		"max_Delta_C_sat_corr": ["_NaN_"],
		"max_Delta_C94_sat_corr": ["_NaN_"],
		"max_Delta_C2000_sat_corr": ["_NaN_"],
		"mean_RegionSize": [10212.8],
		"Sequence_dark_to_light": [5,4,3,2,1],
		"Patch_number": [5,4,3,2,1],
		"R_noise": [0.06258,0.07177,0.06456,0.05129,0.04344],
		"G_noise": [0.04732,0.04588,0.03398,0.02957,0.02713],
		"B_noise": [0.05409,0.06049,0.04587,0.03858,0.03343],
		"R_SNR_ratio": [1.197,1.689,3.431,6.687,10.48],
		"G_SNR_ratio": [1.168,2.782,6.819,11.76,16.6],
		"B_SNR_ratio": [1.315,2.037,5.113,9.163,14.03],
		"R_SNR_dB": [1.56,4.553,10.71,16.5,20.41],
		"G_SNR_dB": [1.348,8.888,16.67,21.41,24.4],
		"B_SNR_dB": [2.376,6.178,14.17,19.24,22.94],
		"Gb_noise": [0.03917,0.03807,0.02851,0.02506,0.02262],
		"Gb_SNR_ratio": [1.547,3.309,8.058,13.86,20.02],
		"Gb_SNR_dB": [3.787,10.39,18.12,22.84,26.03],
		"Y_f_stop_SNR_ratio": [2.883,2.749,2.396,1.372,1.031],
		"Y_f_stop_SNR_dB": [9.195,8.784,7.591,2.747,0.2622],
		"quality_levels_for_DR": [
				"Low,",
				"Medium,",
				"M-H,",
				"High,"
		],
		"SigNoise_levels_for_DR": [1,0.5,0.25,0.1],
		"Dynamic_Range_f_stops": [0,3.669,0,0],
		"Dynamic_Range_dB": [0,22.09,0,0],
		"noise_ISO15739_pct": [0.3904,0.5171,0.8867,1.839,2.294],
		"snr_ISO15739": [1.281,2.812,4.867,5.377,7.542],
		"noise_pct_ISO15739_at_13pct_Lref": [2.11],
		"snr_ISO15739_at_13pct_Lref": [6.67],
		"snr_dB_ISO15739_at_13pct_Lref": [16.48],
		"DynamicRange_at_density_2": [1267],
		"DynamicRange_total": [0],
		"DynamicRange_from_slope_OD": [1.95],
		"DynamicRange_from_slope_EV": [6.474],
		"DynamicRange_from_slope_dB": [39],
		"SNR_BW_dB_RGBY": [16.09,20.87,18.56,22.31],
		"L_noise": [4.062,4.319,3.124,2.635,2.285],
		"a_noise": [9.38,11.01,9.053,7.005,5.927],
		"b_noise": [8.752,11.01,8.261,6.705,5.551],
		"Total_Lab_noise_unwtd": [13.46,16.16,12.65,10.05,8.436],
		"Total_ab_noise_unwtd": [12.83,15.57,12.26,9.696,8.12],
		"R_minus_Y_KK_noise": [0.05493,0.06163,0.05531,0.04327,0.03735],
		"B_minus_Y_KK_noise": [0.05757,0.06675,0.04988,0.04261,0.03686],
		"Y_Kelly_Keelan_noise": [0.03917,0.03807,0.02851,0.02506,0.02262],
		"Total_KK_noise": [0.05165,0.05386,0.04342,0.03619,0.03194],
		"Chroma_KK_noise": [0.03367,0.0381,0.03275,0.02612,0.02256],
		"Total_old_iso_noise": [0.06321,0.06777,0.05629,0.046,0.04027],
		"Y_noise_from_YUV": [0.03917,0.03806,0.02851,0.02505,0.02262],
		"U_noise_from_YUV": [0.02705,0.03136,0.02343,0.02002,0.01732],