{
	"jsonResults": {
		"dateRun": "13-May-2025 09:30:52",
		"ini_time_size": "13-May-2025 09:29:52 10457B  MD5 = 3ca079c137729e9f66b2dcdb59342df6",
		"version": "Imatest 24.2.6 Master Color/Tone Auto",
		"build": "2025-03-20",
		"image_file": "sports ball_18.0 mm_1600ISO_0EV_Dist2_OFF_Focused.tiff",
		"ColorSpace": "sRGB",
		"Reference": "Default values",
		"Ref_folder": "/usr/local/Imatest/v24.2/Master/",
		"Gamma": [0.3326],
		"patches_for_gamma_start_end": [1,5],
		"exposure_error_normalized_y_channel": [-0.0392],
		"mean_camera_Saturation_Pct": ["_NaN_"],
		"mean_chroma_level_CPIQ_Pct": ["_NaN_"],
		"CPIQ_chroma_quality_loss_JND": ["_NaN_"],
		"CPIQ_exposure_quality_loss_JND": ["_NaN_"],
		"pixel_offset": [0],
		"mean_patch_size_pxls": [97,103],
		"roi_settings": "Recent ROI settings are in roi, nwid_save, nht_save, fillf, and distort (same names as ini file)",
		"roi": [3038,1783,3647,1907,3038,1909,3647,1775],
		"nwid_save": [6024],
		"nht_save": [4020],
		"fillf": [0.8],
		"distort": [0],
		"grayscale_zone": [1,2,3,4,5],
		"grayscale_minus_log_exposure": [2,1.513,1.025,0.5375,0.05],
		"grayscale_Y_reflectivity": [0.01,0.03073,0.09441,0.2901,0.8913],
		"grayscale_Y_Printer_pixel_gamma22": [33.13,55.18,91.91,153.1,255],
		"grayscale_Y_density": [0.1599,0.2693,0.4314,0.6523,0.9696],
		"grayscale_R_density": [0.1603,0.2715,0.4337,0.6548,0.9701],
		"grayscale_G_density": [0.1607,0.2688,0.4312,0.652,0.9695],
		"grayscale_B_density": [0.1513,0.2671,0.4268,0.6483,0.9692],
		"grayscale_Y_mean": [176.4,137.2,94.44,56.78,27.35],
		"grayscale_R_mean": [176.3,136.5,93.93,56.46,27.32],
		"grayscale_G_mean": [176.1,137.3,94.48,56.83,27.35],
		"grayscale_B_mean": [180,137.8,95.45,57.32,27.38],
		"White_Bal_error_Degrees": [215,90.78,144.7,124.3,17.05],
		"White_Bal_error_Mired": [-4.926,-2.119,-3.351,-2.887,-0.4024],
		"White_Bal_error_S_HSV": [0.02143,0.009969,0.01592,0.01501,0.002211],
		"White_Bal_error_Delta_C_ab": [2.109,0.4501,0.6349,0.3677,0.0279],
		"White_Bal_error_Delta_C_94": [2.109,0.4501,0.6349,0.3677,0.0279],
		"White_Bal_error_Delta_C_00": [2.174,0.5004,0.6261,0.3682,0.03052],
		"n_Patch": [1,2,3,4,5],
		"n_Row": [1,1,1,1,1],
		"n_Column": [1,2,3,4,5],
		"width_pixels": [98,99,98,98,98],
		"height_pixels": [105,105,105,105,105],
		"Pixels_total": [10290,10395,10290,10290,10290],
		"R_reference": [242.4,146.6,86.6,49.01,25.46],
		"G_reference": [242.4,146.6,86.6,49.01,25.46],
		"B_reference": [242.4,146.6,86.6,49.01,25.46],
		"R_input": [176.3,136.5,93.93,56.46,27.32],
		"G_input": [176.1,137.3,94.48,56.83,27.35],
		"B_input": [180,137.8,95.45,57.32,27.38],
		"L_reference": [95.63,60.79,36.82,20.33,8.991],
		"a_reference": [0,0,0,0,0],
		"b_reference": [0,0,0,0,0],
		"L_input": [72,57.16,40.08,23.87,9.941],
		"a_input": [0.7876,-0.207,-0.012,-0.04575,-0.0111],
		"b_input": [-1.957,-0.3996,-0.6348,-0.3649,-0.0256],
		"x_reference": [0.3127,0.3127,0.3127,0.3127,0.3127],
		"y_reference": [0.329,0.329,0.329,0.329,0.329],
		"Y_reference": [0.8913,0.2901,0.09441,0.03073,0.01],
		"x_input": [0.3097,0.3112,0.3105,0.3108,0.3125],
		"y_input": [0.3239,0.3281,0.3267,0.3272,0.3289],
		"Y_input": [0.4366,0.2509,0.113,0.04062,0.01118],
		"LUV_comment": "L2 is used to differentiate between the L in LAB and L in LUV.",
		"L2_reference": [805.1,262,85.28,27.75,9.033],
		"U_reference": [0.1978,0.1978,0.1978,0.1978,0.1978],
		"V_reference": [0.4683,0.4683,0.4683,0.4683,0.4683],
		"L2_input": [394.4,226.6,102.1,36.69,10.1],
		"U_input": [0.1977,0.1971,0.1971,0.1972,0.1977],
		"V_input": [0.4651,0.4676,0.4668,0.4671,0.4682],
		"patch_numbers_for_all_Delta_E_C": [1,2,3,4,5],
		"Delta_E_all": [23.7,3.66,3.33,3.56,0.95],
		"Delta_C_all": [2.11,0.45,0.635,0.368,0.0279],
		"Delta_E94_all": [23.7,3.66,3.33,3.56,0.95],
		"Delta_C94_all": [2.11,0.45,0.635,0.368,0.0279],
		"Delta_E2000_all": [15.9,3.28,2.88,2.53,0.592],
		"Delta_C2000_all": [2.17,0.5,0.626,0.368,0.0305],
		"Delta_L_all": [-23.6,-3.63,3.27,3.54,0.949],
		"Delta_Chroma_all": [2.11,0.45,0.635,0.368,0.0279],
		"Delta_Hue_Distance_all": [0,0,0,0,0],
		"Delta_Hue_Degrees_all": [0,0,0,0,0],
		"sat_corr_comment": "sat_corr explained on https://www.imatest.com/docs/colorcheck/#satcorr - not recommended.",
		"Delta_C_all_sat_corr": ["_NaN_","_NaN_","_NaN_","_NaN_","_NaN_"],
		"Delta_C94_all_sat_corr": ["_NaN_","_NaN_","_NaN_","_NaN_","_NaN_"],
		"Delta_C2000_all_sat_corr": ["_NaN_","_NaN_","_NaN_","_NaN_","_NaN_"],
		"grayscale_patch_numbers": [1,2,3,4,5],
		"Delta_E": [23.7,3.66,3.33,3.56,0.95],
		"Delta_C": [2.11,0.45,0.635,0.368,0.0279],
		"Delta_E94": [23.7,3.66,3.33,3.56,0.95],
		"Delta_C94": [2.11,0.45,0.635,0.368,0.0279],
		"Delta_E2000": [15.9,3.28,2.88,2.53,0.592],
		"Delta_C2000": [2.17,0.5,0.626,0.368,0.0305],
		"Delta_L": [-23.6,-3.63,3.27,3.54,0.949],
		"Delta_Chroma": [2.11,0.45,0.635,0.368,0.0279],
		"Delta_Hue_Distance": [0,0,0,0,0],
		"Delta_Hue_Degrees": [0,0,0,0,0],
		"mean_Delta_E": [7.04],
		"mean_Delta_C": [0.718],
		"mean_Delta_E94": [7.04],
		"mean_Delta_C94": [0.718],
		"mean_Delta_E2000": [5.03],
		"mean_Delta_C2000": [0.74],
		"mean_Delta_L": [-3.9],
		"mean_Delta_Chroma": [0.718],
		"mean_Delta_Hue_Distance": [0],
		"mean_Delta_Hue_Degrees": [0],
		"mean_Delta_C_sat_corr": ["_NaN_"],
		"mean_Delta_C94_sat_corr": ["_NaN_"],
		"mean_Delta_C2000_sat_corr": ["_NaN_"],
		"max_Delta_E": [23.7],
		"max_Delta_C": [2.11],
		"max_Delta_E94": [23.7],
		"max_Delta_C94": [2.11],
		"max_Delta_E2000": [15.9],
		"max_Delta_C2000": [2.17],
		"max_Delta_L": [3.54],
		"max_Delta_Chroma": [2.11],
		"max_Delta_Hue_Distance": [0],
		"max_Delta_Hue_Degrees": [0],
		"max_Delta_C_sat_corr": ["_NaN_"],
		"max_Delta_C94_sat_corr": ["_NaN_"],
		"max_Delta_C2000_sat_corr": ["_NaN_"],
		"mean_RegionSize": [10212.8],
		"Sequence_dark_to_light": [5,4,3,2,1],
		"Patch_number": [5,4,3,2,1],
		"R_noise": [0.04289,0.0319,0.02642,0.02404,0.02262],
		"G_noise": [0.02466,0.02133,0.01627,0.01511,0.01461],
		"B_noise": [0.03364,0.02658,0.02141,0.01938,0.01892],
		"R_SNR_ratio": [2.498,6.94,13.94,22.26,30.56],
		"G_SNR_ratio": [4.349,10.45,22.77,35.65,47.29],
		"B_SNR_ratio": [3.191,8.457,17.49,27.9,37.31],
		"R_SNR_dB": [7.951,16.83,22.89,26.95,29.7],
		"G_SNR_dB": [12.77,20.38,27.15,31.04,33.5],
		"B_SNR_dB": [10.08,18.54,24.85,28.91,31.44],
		"Gb_noise": [0.02061,0.01751,0.01352,0.01275,0.01223],
		"Gb_SNR_ratio": [5.203,12.72,27.4,42.21,56.56],
		"Gb_SNR_dB": [14.33,22.09,28.75,32.51,35.05],
		"Y_f_stop_SNR_ratio": [7.772,7.79,7.2,4.639,3.458],
		"Y_f_stop_SNR_dB": [17.81,17.83,17.15,13.33,10.78],
		"quality_levels_for_DR": [
				"Low,",
				"Medium,",
				"M-H,",
				"High,"
		],
		"SigNoise_levels_for_DR": [1,0.5,0.25,0.1],
		"Dynamic_Range_f_stops": [0,0,5.616,0],
		"Dynamic_Range_dB": [0,0,33.81,0],
		"noise_ISO15739_pct": [0.156,0.1856,0.3525,0.8043,1.06],
		"snr_ISO15739": [7.167,21.88,32.06,31.19,41.17],
		"noise_pct_ISO15739_at_13pct_Lref": [0.9085],
		"snr_ISO15739_at_13pct_Lref": [35.25],
		"snr_dB_ISO15739_at_13pct_Lref": [30.94],
		"DynamicRange_at_density_2": [2643],
		"DynamicRange_total": [0],
		"DynamicRange_from_slope_OD": [1.95],
		"DynamicRange_from_slope_EV": [6.474],
		"DynamicRange_from_slope_dB": [39],
		"SNR_BW_dB_RGBY": [25.81,29.84,27.68,31.32],
		"L_noise": [2.45,1.983,1.422,1.256,1.151],
		"a_noise": [6.703,4.909,3.818,3.156,2.911],
		"b_noise": [6.354,4.576,3.627,3.089,2.884],
		"Total_Lab_noise_unwtd": [9.555,6.998,5.455,4.591,4.256],
		"Total_ab_noise_unwtd": [9.236,6.711,5.266,4.416,4.098],
		"R_minus_Y_KK_noise": [0.03676,0.02862,0.02278,0.02039,0.01926],
		"B_minus_Y_KK_noise": [0.03692,0.027,0.02322,0.0211,0.02065],
		"Y_Kelly_Keelan_noise": [0.02061,0.01751,0.01352,0.01275,0.01223],
		"Total_KK_noise": [0.03036,0.02448,0.01936,0.01782,0.01705],
		"Chroma_KK_noise": [0.02229,0.01711,0.01387,0.01245,0.01187],
		"Total_old_iso_noise": [0.03883,0.03078,0.02452,0.02235,0.02134],
		"Y_noise_from_YUV": [0.02061,0.01751,0.01352,0.01274,0.01223],