{
	"jsonResults": {
		"dateRun": "12-May-2025 19:44:17",
		"ini_time_size": "12-May-2025 19:42:30 10071B  MD5 = 10764df5e83b6914bfbfb2f5c064b1ed",
		"version": "Imatest 24.2.6 Master Color/Tone Auto",
		"build": "2025-03-20",
		"image_file": "car_18.0 mm_25600ISO_0EV_Dist1_OFF_Focused.tiff",
		"ColorSpace": "sRGB",
		"Reference": "Default values",
		"Ref_folder": "/usr/local/Imatest/v24.2/Master/",
		"Gamma": [0.3484],
		"patches_for_gamma_start_end": [1,5],
		"exposure_error_normalized_y_channel": [-0.0449],
		"mean_camera_Saturation_Pct": ["_NaN_"],
		"mean_chroma_level_CPIQ_Pct": ["_NaN_"],
		"CPIQ_chroma_quality_loss_JND": ["_NaN_"],
		"CPIQ_exposure_quality_loss_JND": ["_NaN_"],
		"pixel_offset": [0],
		"mean_patch_size_pxls": [69,76],
		"roi_settings": "Recent ROI settings are in roi, nwid_save, nht_save, fillf, and distort (same names as ini file)",
		"roi": [3081,1832,3511,1921,3081,1923,3511,1824],
		"nwid_save": [6024],
		"nht_save": [4020],
		"fillf": [0.8],
		"distort": [0],
		"grayscale_zone": [1,2,3,4,5],
		"grayscale_minus_log_exposure": [2,1.513,1.025,0.5375,0.05],
		"grayscale_Y_reflectivity": [0.01,0.03073,0.09441,0.2901,0.8913],
		"grayscale_Y_Printer_pixel_gamma22": [33.13,55.18,91.91,153.1,255],
		"grayscale_Y_density": [0.1649,0.2739,0.4438,0.7045,0.9796],
		"grayscale_R_density": [0.1626,0.2786,0.4598,0.7042,0.8539],
		"grayscale_G_density": [0.1684,0.2743,0.4408,0.7078,1.031],
		"grayscale_B_density": [0.1375,0.2571,0.427,0.6742,0.9319],
		"grayscale_Y_mean": [174.4,135.7,91.79,50.35,26.73],
		"grayscale_R_mean": [175.4,134.3,88.47,50.39,35.7],
		"grayscale_G_mean": [173,135.6,92.41,49.98,23.75],
		"grayscale_B_mean": [185.8,141.1,95.4,53.99,29.83],
		"White_Bal_error_Degrees": [694.1,502.4,679.8,684.3,-1483],
		"White_Bal_error_Mired": [-14.84,-11.04,-14.57,-14.65,45.48],
		"White_Bal_error_S_HSV": [0.06869,0.04814,0.07266,0.07437,0.3347],
		"White_Bal_error_Delta_C_ab": [7.037,3.153,2.426,2.728,7.524],
		"White_Bal_error_Delta_C_94": [7.037,3.153,2.426,2.728,7.524],
		"White_Bal_error_Delta_C_00": [6.731,3.007,2.475,2.82,8.87],
		"n_Patch": [1,2,3,4,5],
		"n_Row": [1,1,1,1,1],
		"n_Column": [1,2,3,4,5],
		"width_pixels": [70,70,70,70,70],
		"height_pixels": [78,78,78,78,78],
		"Pixels_total": [5460,5460,5460,5460,5460],
		"R_reference": [242.4,146.6,86.6,49.01,25.46],
		"G_reference": [242.4,146.6,86.6,49.01,25.46],
		"B_reference": [242.4,146.6,86.6,49.01,25.46],
		"R_input": [175.4,134.3,88.47,50.39,35.7],
		"G_input": [173,135.6,92.41,49.98,23.75],
		"B_input": [185.8,141.1,95.4,53.99,29.83],
		"L_reference": [95.63,60.79,36.82,20.33,8.991],
		"a_reference": [0,0,0,0,0],
		"b_reference": [0,0,0,0,0],
		"L_input": [71.28,56.6,39,20.96,9.842],
		"a_input": [3.277,0.6066,-0.8883,1.139,7.284],
		"b_input": [-6.227,-3.094,-2.257,-2.479,-1.886],
		"x_reference": [0.3127,0.3127,0.3127,0.3127,0.3127],
		"y_reference": [0.329,0.329,0.329,0.329,0.329],
		"Y_reference": [0.8913,0.2901,0.09441,0.03073,0.01],
		"x_input": [0.3044,0.3057,0.3024,0.3042,0.3398],
		"y_input": [0.312,0.3197,0.3217,0.3133,0.2957],
		"Y_input": [0.4259,0.2451,0.1066,0.03234,0.01106],
		"LUV_comment": "L2 is used to differentiate between the L in LAB and L in LUV.",
		"L2_reference": [805.1,262,85.28,27.75,9.033],
		"U_reference": [0.1978,0.1978,0.1978,0.1978,0.1978],
		"V_reference": [0.4683,0.4683,0.4683,0.4683,0.4683],
		"L2_input": [384.7,221.4,96.26,29.21,9.987],
		"U_input": [0.1984,0.1964,0.1933,0.1978,0.2316],
		"V_input": [0.4577,0.4622,0.4628,0.4584,0.4534],
		"patch_numbers_for_all_Delta_E_C": [1,2,3,4,5],
		"Delta_E_all": [25.4,5.24,3.26,2.8,7.57],
		"Delta_C_all": [7.04,3.15,2.43,2.73,7.52],
		"Delta_E94_all": [25.4,5.24,3.26,2.8,7.57],
		"Delta_C94_all": [7.04,3.15,2.43,2.73,7.52],
		"Delta_E2000_all": [17.6,4.81,3.1,2.85,8.89],
		"Delta_C2000_all": [6.73,3.01,2.48,2.82,8.87],
		"Delta_L_all": [-24.4,-4.19,2.18,0.624,0.851],
		"Delta_Chroma_all": [7.04,3.15,2.43,2.73,7.52],
		"Delta_Hue_Distance_all": [0,0,0,0,0],
		"Delta_Hue_Degrees_all": [0,0,0,0,0],
		"sat_corr_comment": "sat_corr explained on https://www.imatest.com/docs/colorcheck/#satcorr - not recommended.",
		"Delta_C_all_sat_corr": ["_NaN_","_NaN_","_NaN_","_NaN_","_NaN_"],
		"Delta_C94_all_sat_corr": ["_NaN_","_NaN_","_NaN_","_NaN_","_NaN_"],
		"Delta_C2000_all_sat_corr": ["_NaN_","_NaN_","_NaN_","_NaN_","_NaN_"],
		"grayscale_patch_numbers": [1,2,3,4,5],
		"Delta_E": [25.4,5.24,3.26,2.8,7.57],
		"Delta_C": [7.04,3.15,2.43,2.73,7.52],
		"Delta_E94": [25.4,5.24,3.26,2.8,7.57],
		"Delta_C94": [7.04,3.15,2.43,2.73,7.52],
		"Delta_E2000": [17.6,4.81,3.1,2.85,8.89],
		"Delta_C2000": [6.73,3.01,2.48,2.82,8.87],
		"Delta_L": [-24.4,-4.19,2.18,0.624,0.851],
		"Delta_Chroma": [7.04,3.15,2.43,2.73,7.52],
		"Delta_Hue_Distance": [0,0,0,0,0],
		"Delta_Hue_Degrees": [0,0,0,0,0],
		"mean_Delta_E": [8.85],
		"mean_Delta_C": [4.57],
		"mean_Delta_E94": [8.85],
		"mean_Delta_C94": [4.57],
		"mean_Delta_E2000": [7.45],
		"mean_Delta_C2000": [4.78],
		"mean_Delta_L": [-4.98],
		"mean_Delta_Chroma": [4.57],
		"mean_Delta_Hue_Distance": [0],
		"mean_Delta_Hue_Degrees": [0],
		"mean_Delta_C_sat_corr": ["_NaN_"],
		"mean_Delta_C94_sat_corr": ["_NaN_"],
		"mean_Delta_C2000_sat_corr": ["_NaN_"],
		"max_Delta_E": [25.4],
		"max_Delta_C": [7.52],
		"max_Delta_E94": [25.4],
		"max_Delta_C94": [7.52],
		"max_Delta_E2000": [17.6],
		"max_Delta_C2000": [8.87],
		"max_Delta_L": [2.18],
		"max_Delta_Chroma": [7.52],
		"max_Delta_Hue_Distance": [0],
		"max_Delta_Hue_Degrees": [0],
		"max_Delta_C_sat_corr": ["_NaN_"],
		"max_Delta_C94_sat_corr": ["_NaN_"],
		"max_Delta_C2000_sat_corr": ["_NaN_"],
		"mean_RegionSize": [5390],
		"Sequence_dark_to_light": [5,4,3,2,1],
		"Patch_number": [5,4,3,2,1],
		"R_noise": [0.1097,0.1235,0.1129,0.07963,0.06631],
		"G_noise": [0.08548,0.09049,0.06528,0.05338,0.04855],
		"B_noise": [0.09516,0.1046,0.07629,0.05866,0.04979],
		"R_SNR_ratio": [1.276,1.6,3.073,6.612,10.37],
		"G_SNR_ratio": [1.09,2.166,5.551,9.963,13.98],
		"B_SNR_ratio": [1.229,2.023,4.904,9.429,14.63],
		"R_SNR_dB": [2.12,4.081,9.751,16.41,20.32],
		"G_SNR_dB": [0.7458,6.713,14.89,19.97,22.91],
		"B_SNR_dB": [1.792,6.122,13.81,19.49,23.31],
		"Gb_noise": [0.06902,0.07293,0.05544,0.04401,0.04006],
		"Gb_SNR_ratio": [1.519,2.708,6.493,12.09,17.07],
		"Gb_SNR_dB": [3.629,8.652,16.25,21.65,24.65],
		"Y_f_stop_SNR_ratio": [2.341,2.274,1.864,1.08,0.8288],
		"Y_f_stop_SNR_dB": [7.387,7.136,5.409,0.6685,-1.631],
		"quality_levels_for_DR": [
				"Low,",
				"Medium,",
				"M-H,",
				"High,"
		],
		"SigNoise_levels_for_DR": [1,0.5,0.25,0.1],
		"Dynamic_Range_f_stops": [5.286,2.628,0,0],
		"Dynamic_Range_dB": [31.82,15.82,0,0],
		"noise_ISO15739_pct": [0.6207,0.889,1.534,2.922,3.739],
		"snr_ISO15739": [1.781,3.637,6.946,8.389,11.39],
		"noise_pct_ISO15739_at_13pct_Lref": [3.201],
		"snr_ISO15739_at_13pct_Lref": [9.415],
		"snr_dB_ISO15739_at_13pct_Lref": [19.48],
		"DynamicRange_at_density_2": [613.6],
		"DynamicRange_total": [0],
		"DynamicRange_from_slope_OD": [1.95],
		"DynamicRange_from_slope_EV": [6.474],
		"DynamicRange_from_slope_dB": [39],
		"SNR_BW_dB_RGBY": [15.72,19.2,18.38,20.87],
		"L_noise": [7.596,7.623,5.583,4.283,3.741],
		"a_noise": [16.99,18.14,13.91,10.34,8.671],
		"b_noise": [16.88,18.26,12.74,9.418,7.866],
		"Total_Lab_noise_unwtd": [25.13,26.85,19.67,14.63,12.29],
		"Total_ab_noise_unwtd": [23.96,25.74,18.87,13.99,11.71],
		"R_minus_Y_KK_noise": [0.09941,0.1112,0.09592,0.07024,0.05788],
		"B_minus_Y_KK_noise": [0.1059,0.117,0.08374,0.06464,0.05641],
		"Y_Kelly_Keelan_noise": [0.06902,0.07293,0.05544,0.04401,0.04006],
		"Total_KK_noise": [0.09223,0.09986,0.0791,0.06067,0.0531],
		"Chroma_KK_noise": [0.06118,0.06821,0.05643,0.04177,0.03485],
		"Total_old_iso_noise": [0.1135,0.1242,0.1004,0.07592,0.06525],
		"Y_noise_from_YUV": [0.06901,0.07292,0.05544,0.044,0.04006],
		"U_noise_from_YUV": [0.04974,0.05497,0.03935,0.03037,0.0265],
		"V_noise_from_YUV": [0.07763,0.08682,0.0749,0.05486,0.0452],