{
	"jsonResults": {
		"dateRun": "12-May-2025 20:01:10",
		"ini_time_size": "12-May-2025 19:52:26 10119B  MD5 = 5390e26f019cb9702433ca886070d6b6",
		"version": "Imatest 24.2.6 Master Color/Tone Auto",
		"build": "2025-03-20",
		"image_file": "car_18.0 mm_100ISO_-2EV_Dist1_ON_Defocus2.tiff",
		"ColorSpace": "sRGB",
		"Reference": "Default values",
		"Ref_folder": "/usr/local/Imatest/v24.2/Master/",
		"Gamma": [0.3642],
		"patches_for_gamma_start_end": [1,5],
		"exposure_error_normalized_y_channel": [-0.231],
		"mean_camera_Saturation_Pct": ["_NaN_"],
		"mean_chroma_level_CPIQ_Pct": ["_NaN_"],
		"CPIQ_chroma_quality_loss_JND": ["_NaN_"],
		"CPIQ_exposure_quality_loss_JND": ["_NaN_"],
		"pixel_offset": [0],
		"mean_patch_size_pxls": [69,76],
		"roi_settings": "Recent ROI settings are in roi, nwid_save, nht_save, fillf, and distort (same names as ini file)",
		"roi": [3081,1832,3511,1921,3081,1923,3511,1824],
		"nwid_save": [6024],
		"nht_save": [4020],
		"fillf": [0.8],
		"distort": [0],
		"grayscale_zone": [1,2,3,4,5],
		"grayscale_minus_log_exposure": [2,1.513,1.025,0.5375,0.05],
		"grayscale_Y_reflectivity": [0.01,0.03073,0.09441,0.2901,0.8913],
		"grayscale_Y_Printer_pixel_gamma22": [33.13,55.18,91.91,153.1,255],
		"grayscale_Y_density": [0.4511,0.5678,0.7454,1.004,1.423],
		"grayscale_R_density": [0.4513,0.5686,0.7436,1,1.416],
		"grayscale_G_density": [0.4523,0.5683,0.7468,1.006,1.426],
		"grayscale_B_density": [0.4383,0.5614,0.7363,1.001,1.417],
		"grayscale_Y_mean": [90.25,68.98,45.83,25.25,9.63],
		"grayscale_R_mean": [90.21,68.85,46.02,25.49,9.785],
		"grayscale_G_mean": [90,68.91,45.68,25.16,9.57],
		"grayscale_B_mean": [92.95,70.01,46.8,25.45,9.762],
		"White_Bal_error_Degrees": [295.8,151.2,151.6,3.701,4.654],
		"White_Bal_error_Mired": [-6.696,-3.498,-3.507,-0.08754,-0.1101],
		"White_Bal_error_S_HSV": [0.03175,0.01653,0.02402,0.01296,0.02194],
		"White_Bal_error_Delta_C_ab": [1.82,0.7113,0.7934,0.2795,0.09877],
		"White_Bal_error_Delta_C_94": [1.82,0.7113,0.7934,0.2795,0.09877],
		"White_Bal_error_Delta_C_00": [1.904,0.7409,0.9038,0.3806,0.1351],
		"n_Patch": [1,2,3,4,5],
		"n_Row": [1,1,1,1,1],
		"n_Column": [1,2,3,4,5],
		"width_pixels": [70,70,70,70,70],
		"height_pixels": [78,78,78,78,78],
		"Pixels_total": [5460,5460,5460,5460,5460],
		"R_reference": [242.4,146.6,86.6,49.01,25.46],
		"G_reference": [242.4,146.6,86.6,49.01,25.46],
		"B_reference": [242.4,146.6,86.6,49.01,25.46],
		"R_input": [90.21,68.85,46.02,25.49,9.785],
		"G_input": [90,68.91,45.68,25.16,9.57],
		"B_input": [92.95,70.01,46.8,25.45,9.762],
		"L_reference": [95.63,60.79,36.82,20.33,8.991],
		"a_reference": [0,0,0,0,0],
		"b_reference": [0,0,0,0,0],
		"L_input": [38.35,29.28,18.86,8.884,2.64],
		"a_input": [0.7185,0.2222,0.4211,0.2353,0.08292],
		"b_input": [-1.672,-0.6757,-0.6724,-0.1507,-0.05367],
		"x_reference": [0.3127,0.3127,0.3127,0.3127,0.3127],
		"y_reference": [0.329,0.329,0.329,0.329,0.329],
		"Y_reference": [0.8913,0.2901,0.09441,0.03073,0.01],
		"x_input": [0.3087,0.3106,0.3108,0.313,0.313],
		"y_input": [0.3218,0.3256,0.3242,0.3271,0.3269],
		"Y_input": [0.1029,0.05947,0.02714,0.009872,0.002923],
		"LUV_comment": "L2 is used to differentiate between the L in LAB and L in LUV.",
		"L2_reference": [805.1,262,85.28,27.75,9.033],
		"U_reference": [0.1978,0.1978,0.1978,0.1978,0.1978],
		"V_reference": [0.4683,0.4683,0.4683,0.4683,0.4683],
		"L2_input": [92.91,53.72,24.51,8.917,2.64],
		"U_input": [0.1977,0.1976,0.1983,0.1987,0.1988],
		"V_input": [0.4638,0.4662,0.4655,0.4673,0.4672],
		"patch_numbers_for_all_Delta_E_C": [1,2,3,4,5],
		"Delta_E_all": [57.3,31.5,18,11.5,6.35],
		"Delta_C_all": [1.82,0.711,0.793,0.279,0.0988],
		"Delta_E94_all": [57.3,31.5,18,11.5,6.35],
		"Delta_C94_all": [1.82,0.711,0.793,0.279,0.0988],
		"Delta_E2000_all": [46,29.9,13.6,7.51,3.83],
		"Delta_C2000_all": [1.9,0.741,0.904,0.381,0.135],
		"Delta_L_all": [-57.3,-31.5,-18,-11.4,-6.35],
		"Delta_Chroma_all": [1.82,0.711,0.793,0.279,0.0988],
		"Delta_Hue_Distance_all": [0,0,0,0,0],
		"Delta_Hue_Degrees_all": [0,0,0,0,0],
		"sat_corr_comment": "sat_corr explained on https://www.imatest.com/docs/colorcheck/#satcorr - not recommended.",
		"Delta_C_all_sat_corr": ["_NaN_","_NaN_","_NaN_","_NaN_","_NaN_"],
		"Delta_C94_all_sat_corr": ["_NaN_","_NaN_","_NaN_","_NaN_","_NaN_"],
		"Delta_C2000_all_sat_corr": ["_NaN_","_NaN_","_NaN_","_NaN_","_NaN_"],
		"grayscale_patch_numbers": [1,2,3,4,5],
		"Delta_E": [57.3,31.5,18,11.5,6.35],
		"Delta_C": [1.82,0.711,0.793,0.279,0.0988],
		"Delta_E94": [57.3,31.5,18,11.5,6.35],
		"Delta_C94": [1.82,0.711,0.793,0.279,0.0988],
		"Delta_E2000": [46,29.9,13.6,7.51,3.83],
		"Delta_C2000": [1.9,0.741,0.904,0.381,0.135],
		"Delta_L": [-57.3,-31.5,-18,-11.4,-6.35],
		"Delta_Chroma": [1.82,0.711,0.793,0.279,0.0988],
		"Delta_Hue_Distance": [0,0,0,0,0],
		"Delta_Hue_Degrees": [0,0,0,0,0],
		"mean_Delta_E": [24.9],
		"mean_Delta_C": [0.741],
		"mean_Delta_E94": [24.9],
		"mean_Delta_C94": [0.741],
		"mean_Delta_E2000": [20.2],
		"mean_Delta_C2000": [0.813],
		"mean_Delta_L": [-24.9],
		"mean_Delta_Chroma": [0.741],
		"mean_Delta_Hue_Distance": [0],
		"mean_Delta_Hue_Degrees": [0],
		"mean_Delta_C_sat_corr": ["_NaN_"],
		"mean_Delta_C94_sat_corr": ["_NaN_"],
		"mean_Delta_C2000_sat_corr": ["_NaN_"],
		"max_Delta_E": [57.3],
		"max_Delta_C": [1.82],
		"max_Delta_E94": [57.3],
		"max_Delta_C94": [1.82],
		"max_Delta_E2000": [46],
		"max_Delta_C2000": [1.9],
		"max_Delta_L": [-6.35],
		"max_Delta_Chroma": [1.82],
		"max_Delta_Hue_Distance": [0],
		"max_Delta_Hue_Degrees": [0],
		"max_Delta_C_sat_corr": ["_NaN_"],
		"max_Delta_C94_sat_corr": ["_NaN_"],
		"max_Delta_C2000_sat_corr": ["_NaN_"],
		"mean_RegionSize": [5390],
		"Sequence_dark_to_light": [5,4,3,2,1],
		"Patch_number": [5,4,3,2,1],
		"R_noise": [0.01167,0.007736,0.006199,0.005905,0.006229],
		"G_noise": [0.009195,0.005035,0.004114,0.004037,0.00415],
		"B_noise": [0.009051,0.006316,0.005182,0.005047,0.004979],
		"R_SNR_ratio": [3.288,12.92,29.12,45.73,56.79],
		"G_SNR_ratio": [4.081,19.59,43.54,66.93,85.05],
		"B_SNR_ratio": [4.23,15.8,35.42,54.4,73.21],
		"R_SNR_dB": [10.34,22.23,29.28,33.2,35.09],
		"G_SNR_dB": [12.22,25.84,32.78,36.51,38.59],
		"B_SNR_dB": [12.53,23.97,30.98,34.71,37.29],
		"Gb_noise": [0.008675,0.004469,0.003431,0.00345,0.00357],
		"Gb_SNR_ratio": [4.353,22.16,52.38,78.41,99.15],
		"Gb_SNR_dB": [12.78,26.91,34.38,37.89,39.93],
		"Y_f_stop_SNR_ratio": [14.43,15.59,15.43,9.807,4.36],
		"Y_f_stop_SNR_dB": [23.19,23.86,23.77,19.83,12.79],
		"quality_levels_for_DR": [
				"Low,",
				"Medium,",
				"M-H,",
				"High,"
		],
		"SigNoise_levels_for_DR": [1,0.5,0.25,0.1],
		"Dynamic_Range_f_stops": [0,0,0,4.773],
		"Dynamic_Range_dB": [0,0,0,28.73],
		"noise_ISO15739_pct": [0.08912,0.06412,0.1202,0.2919,0.4155],
		"snr_ISO15739": [3.28,15.4,22.58,20.37,24.75],
		"noise_pct_ISO15739_at_13pct_Lref": [0.3772],
		"snr_ISO15739_at_13pct_Lref": [23.4],
		"snr_dB_ISO15739_at_13pct_Lref": [27.38],
		"DynamicRange_at_density_2": [6146],
		"DynamicRange_total": [0],
		"DynamicRange_from_slope_OD": [1.95],
		"DynamicRange_from_slope_EV": [6.474],
		"DynamicRange_from_slope_dB": [39],
		"SNR_BW_dB_RGBY": [32.7,36.01,34.07,37.37],
		"L_noise": [0.8107,0.5742,0.4067,0.3835,0.3787],
		"a_noise": [0.8654,1.269,1.014,0.8801,0.8694],
		"b_noise": [0.8459,1.217,1.015,0.896,0.8689],
		"Total_Lab_noise_unwtd": [1.457,1.85,1.491,1.313,1.286],
		"Total_ab_noise_unwtd": [1.21,1.758,1.434,1.256,1.229],
		"R_minus_Y_KK_noise": [0.007472,0.006133,0.005279,0.004882,0.005074],
		"B_minus_Y_KK_noise": [0.007532,0.006372,0.005764,0.005429,0.005513],
		"Y_Kelly_Keelan_noise": [0.008675,0.004469,0.003431,0.00345,0.00357],
		"Total_KK_noise": [0.009789,0.005834,0.00474,0.004598,0.004754],
		"Chroma_KK_noise": [0.004535,0.00375,0.003271,0.00304,0.00314],
		"Total_old_iso_noise": [0.01096,0.007109,0.00591,0.005646,0.005838],
		"Y_noise_from_YUV": [0.008675,0.004469,0.003431,0.003449,0.003569],