{
	"jsonResults": {
		"dateRun": "12-May-2025 19:52:26",
		"ini_time_size": "12-May-2025 19:44:17 10119B  MD5 = 65cb115b26c4a9a12b5ef69694c39d47",
		"version": "Imatest 24.2.6 Master Color/Tone Auto",
		"build": "2025-03-20",
		"image_file": "car_18.0 mm_6400ISO_-1EV_Dist1_OFF_Focused.tiff",
		"ColorSpace": "sRGB",
		"Reference": "Default values",
		"Ref_folder": "/usr/local/Imatest/v24.2/Master/",
		"Gamma": [0.3494],
		"patches_for_gamma_start_end": [1,5],
		"exposure_error_normalized_y_channel": [-0.163],
		"mean_camera_Saturation_Pct": ["_NaN_"],
		"mean_chroma_level_CPIQ_Pct": ["_NaN_"],
		"CPIQ_chroma_quality_loss_JND": ["_NaN_"],
		"CPIQ_exposure_quality_loss_JND": ["_NaN_"],
		"pixel_offset": [0],
		"mean_patch_size_pxls": [69,76],
		"roi_settings": "Recent ROI settings are in roi, nwid_save, nht_save, fillf, and distort (same names as ini file)",
		"roi": [3081,1832,3511,1921,3081,1923,3511,1824],
		"nwid_save": [6024],
		"nht_save": [4020],
		"fillf": [0.8],
		"distort": [0],
		"grayscale_zone": [1,2,3,4,5],
		"grayscale_minus_log_exposure": [2,1.513,1.025,0.5375,0.05],
		"grayscale_Y_reflectivity": [0.01,0.03073,0.09441,0.2901,0.8913],
		"grayscale_Y_Printer_pixel_gamma22": [33.13,55.18,91.91,153.1,255],
		"grayscale_Y_density": [0.2953,0.4064,0.5767,0.8295,1.179],
		"grayscale_R_density": [0.2971,0.4117,0.5781,0.849,1.107],
		"grayscale_G_density": [0.2967,0.4062,0.578,0.8253,1.206],
		"grayscale_B_density": [0.2769,0.3925,0.5593,0.8146,1.151],
		"grayscale_Y_mean": [129.2,100,67.59,37.76,16.88],
		"grayscale_R_mean": [128.7,98.83,67.36,36.11,19.93],
		"grayscale_G_mean": [128.8,100.1,67.37,38.12,15.86],
		"grayscale_B_mean": [134.8,103.3,70.34,39.08,18.01],
		"White_Bal_error_Degrees": [489.4,421.2,414.3,573.8,-544.6],
		"White_Bal_error_Mired": [-10.77,-9.363,-9.218,-12.48,14.07],
		"White_Bal_error_S_HSV": [0.04537,0.04321,0.04236,0.07611,0.2043],
		"White_Bal_error_Delta_C_ab": [3.46,2.003,1.919,1.166,2.101],
		"White_Bal_error_Delta_C_94": [3.46,2.003,1.919,1.166,2.101],
		"White_Bal_error_Delta_C_00": [3.416,1.928,1.968,1.345,2.877],
		"n_Patch": [1,2,3,4,5],
		"n_Row": [1,1,1,1,1],
		"n_Column": [1,2,3,4,5],
		"width_pixels": [70,70,70,70,70],
		"height_pixels": [78,78,78,78,78],
		"Pixels_total": [5460,5460,5460,5460,5460],
		"R_reference": [242.4,146.6,86.6,49.01,25.46],
		"G_reference": [242.4,146.6,86.6,49.01,25.46],
		"B_reference": [242.4,146.6,86.6,49.01,25.46],
		"R_input": [128.7,98.83,67.36,36.11,19.93],
		"G_input": [128.8,100.1,67.37,38.12,15.86],
		"B_input": [134.8,103.3,70.34,39.08,18.01],
		"L_reference": [95.63,60.79,36.82,20.33,8.991],
		"a_reference": [0,0,0,0,0],
		"b_reference": [0,0,0,0,0],
		"L_input": [54.06,42.39,28.67,15.05,5.04],
		"a_input": [1.172,0.1991,0.6683,-0.6716,2.011],
		"b_input": [-3.256,-1.993,-1.799,-0.9534,-0.6085],
		"x_reference": [0.3127,0.3127,0.3127,0.3127,0.3127],
		"y_reference": [0.329,0.329,0.329,0.329,0.329],
		"Y_reference": [0.8913,0.2901,0.09441,0.03073,0.01],
		"x_input": [0.3062,0.3066,0.3071,0.3036,0.3242],
		"y_input": [0.3184,0.3218,0.3198,0.3242,0.3122],
		"Y_input": [0.2203,0.1276,0.05712,0.01918,0.00558],
		"LUV_comment": "L2 is used to differentiate between the L in LAB and L in LUV.",
		"L2_reference": [805.1,262,85.28,27.75,9.033],
		"U_reference": [0.1978,0.1978,0.1978,0.1978,0.1978],
		"V_reference": [0.4683,0.4683,0.4683,0.4683,0.4683],
		"L2_input": [199,115.2,51.59,17.33,5.04],
		"U_input": [0.1973,0.1963,0.1974,0.1932,0.2126],
		"V_input": [0.4616,0.4635,0.4625,0.4644,0.4607],
		"patch_numbers_for_all_Delta_E_C": [1,2,3,4,5],
		"Delta_E_all": [41.7,18.5,8.37,5.41,4.47],
		"Delta_C_all": [3.46,2,1.92,1.17,2.1],
		"Delta_E94_all": [41.7,18.5,8.37,5.41,4.47],
		"Delta_C94_all": [3.46,2,1.92,1.17,2.1],
		"Delta_E2000_all": [30.6,18.3,6.8,3.81,3.75],
		"Delta_C2000_all": [3.42,1.93,1.97,1.35,2.88],
		"Delta_L_all": [-41.6,-18.4,-8.15,-5.28,-3.95],
		"Delta_Chroma_all": [3.46,2,1.92,1.17,2.1],
		"Delta_Hue_Distance_all": [0,0,0,0,0],
		"Delta_Hue_Degrees_all": [0,0,0,0,0],
		"sat_corr_comment": "sat_corr explained on https://www.imatest.com/docs/colorcheck/#satcorr - not recommended.",
		"Delta_C_all_sat_corr": ["_NaN_","_NaN_","_NaN_","_NaN_","_NaN_"],
		"Delta_C94_all_sat_corr": ["_NaN_","_NaN_","_NaN_","_NaN_","_NaN_"],
		"Delta_C2000_all_sat_corr": ["_NaN_","_NaN_","_NaN_","_NaN_","_NaN_"],
		"grayscale_patch_numbers": [1,2,3,4,5],
		"Delta_E": [41.7,18.5,8.37,5.41,4.47],
		"Delta_C": [3.46,2,1.92,1.17,2.1],
		"Delta_E94": [41.7,18.5,8.37,5.41,4.47],
		"Delta_C94": [3.46,2,1.92,1.17,2.1],
		"Delta_E2000": [30.6,18.3,6.8,3.81,3.75],
		"Delta_C2000": [3.42,1.93,1.97,1.35,2.88],
		"Delta_L": [-41.6,-18.4,-8.15,-5.28,-3.95],
		"Delta_Chroma": [3.46,2,1.92,1.17,2.1],
		"Delta_Hue_Distance": [0,0,0,0,0],
		"Delta_Hue_Degrees": [0,0,0,0,0],
		"mean_Delta_E": [15.7],
		"mean_Delta_C": [2.13],
		"mean_Delta_E94": [15.7],
		"mean_Delta_C94": [2.13],
		"mean_Delta_E2000": [12.7],
		"mean_Delta_C2000": [2.31],
		"mean_Delta_L": [-15.5],
		"mean_Delta_Chroma": [2.13],
		"mean_Delta_Hue_Distance": [0],
		"mean_Delta_Hue_Degrees": [0],
		"mean_Delta_C_sat_corr": ["_NaN_"],
		"mean_Delta_C94_sat_corr": ["_NaN_"],
		"mean_Delta_C2000_sat_corr": ["_NaN_"],
		"max_Delta_E": [41.7],
		"max_Delta_C": [3.46],
		"max_Delta_E94": [41.7],
		"max_Delta_C94": [3.46],
		"max_Delta_E2000": [30.6],
		"max_Delta_C2000": [3.42],
		"max_Delta_L": [-3.95],
		"max_Delta_Chroma": [3.46],
		"max_Delta_Hue_Distance": [0],
		"max_Delta_Hue_Degrees": [0],
		"max_Delta_C_sat_corr": ["_NaN_"],
		"max_Delta_C94_sat_corr": ["_NaN_"],
		"max_Delta_C2000_sat_corr": ["_NaN_"],
		"mean_RegionSize": [5390],
		"Sequence_dark_to_light": [5,4,3,2,1],
		"Patch_number": [5,4,3,2,1],
		"R_noise": [0.06144,0.07271,0.05814,0.04751,0.042],
		"G_noise": [0.0458,0.04455,0.03177,0.02898,0.02654],
		"B_noise": [0.05265,0.05621,0.04055,0.03621,0.03238],
		"R_SNR_ratio": [1.272,1.947,4.544,8.157,12.01],
		"G_SNR_ratio": [1.358,3.356,8.316,13.54,19.03],
		"B_SNR_ratio": [1.342,2.726,6.802,11.19,16.32],
		"R_SNR_dB": [2.088,5.789,13.15,18.23,21.59],
		"G_SNR_dB": [2.655,10.52,18.4,22.63,25.59],
		"B_SNR_dB": [2.554,8.712,16.65,20.97,24.26],
		"Gb_noise": [0.0377,0.03684,0.02684,0.02427,0.02207],
		"Gb_SNR_ratio": [1.756,4.02,9.874,16.16,22.96],
		"Gb_SNR_dB": [4.888,12.08,19.89,24.17,27.22],
		"Y_f_stop_SNR_ratio": [3.198,3.073,2.809,1.666,1.342],
		"Y_f_stop_SNR_dB": [10.1,9.75,8.97,4.436,2.553],
		"quality_levels_for_DR": [
				"Low,",
				"Medium,",
				"M-H,",
				"High,"
		],
		"SigNoise_levels_for_DR": [1,0.5,0.25,0.1],
		"Dynamic_Range_f_stops": [0,4.194,0,0],
		"Dynamic_Range_dB": [0,25.25,0,0],
		"noise_ISO15739_pct": [0.2995,0.406,0.7115,1.566,1.982],
		"snr_ISO15739": [1.863,4.724,8.028,8.146,11.12],
		"noise_pct_ISO15739_at_13pct_Lref": [1.83],
		"snr_ISO15739_at_13pct_Lref": [10.03],
		"snr_dB_ISO15739_at_13pct_Lref": [20.03],
		"DynamicRange_at_density_2": [1737],
		"DynamicRange_total": [0],
		"DynamicRange_from_slope_OD": [1.95],
		"DynamicRange_from_slope_EV": [6.474],
		"DynamicRange_from_slope_dB": [39],
		"SNR_BW_dB_RGBY": [17.55,21.85,19.91,23.39],
		"L_noise": [3.873,4.168,2.912,2.513,2.188],
		"a_noise": [9.345,10.82,8.029,6.545,5.579],
		"b_noise": [8.809,10.54,7.209,6.193,5.318],
		"Total_Lab_noise_unwtd": [13.41,15.67,11.18,9.354,8.012],
		"Total_ab_noise_unwtd": [12.84,15.11,10.79,9.01,7.707],
		"R_minus_Y_KK_noise": [0.05388,0.06284,0.04968,0.04057,0.03624],
		"B_minus_Y_KK_noise": [0.05773,0.06281,0.04405,0.0401,0.03601],
		"Y_Kelly_Keelan_noise": [0.0377,0.03684,0.02684,0.02427,0.02207],
		"Total_KK_noise": [0.05024,0.05297,0.03975,0.0345,0.0311],
		"Chroma_KK_noise": [0.03321,0.03806,0.02931,0.02451,0.02192],
		"Total_old_iso_noise": [0.06174,0.0672,0.05109,0.04359,0.03918],
		"Y_noise_from_YUV": [0.03769,0.03684,0.02684,0.02427,0.02206],
		"U_noise_from_YUV": [0.02713,0.02951,0.0207,0.01884,0.01692],
		"V_noise_from_YUV": [0.04207,0.04907,0.03879,0.03168,0.0283],