{
	"jsonResults": {
		"dateRun": "12-May-2025 20:11:21",
		"ini_time_size": "12-May-2025 20:01:10 10119B  MD5 = fced970c0abe98bb8801918aac2c212c",
		"version": "Imatest 24.2.6 Master Color/Tone Auto",
		"build": "2025-03-20",
		"image_file": "car_18.0 mm_100ISO_-3EV_Dist1_ON_Defocus1.tiff",
		"ColorSpace": "sRGB",
		"Reference": "Default values",
		"Ref_folder": "/usr/local/Imatest/v24.2/Master/",
		"Gamma": [0.3967],
		"patches_for_gamma_start_end": [1,5],
		"exposure_error_normalized_y_channel": [-0.26],
		"mean_camera_Saturation_Pct": ["_NaN_"],
		"mean_chroma_level_CPIQ_Pct": ["_NaN_"],
		"CPIQ_chroma_quality_loss_JND": ["_NaN_"],
		"CPIQ_exposure_quality_loss_JND": ["_NaN_"],
		"pixel_offset": [0],
		"mean_patch_size_pxls": [69,76],
		"roi_settings": "Recent ROI settings are in roi, nwid_save, nht_save, fillf, and distort (same names as ini file)",
		"roi": [3081,1832,3511,1921,3081,1923,3511,1824],
		"nwid_save": [6024],
		"nht_save": [4020],
		"fillf": [0.8],
		"distort": [0],
		"grayscale_zone": [1,2,3,4,5],
		"grayscale_minus_log_exposure": [2,1.513,1.025,0.5375,0.05],
		"grayscale_Y_reflectivity": [0.01,0.03073,0.09441,0.2901,0.8913],
		"grayscale_Y_Printer_pixel_gamma22": [33.13,55.18,91.91,153.1,255],
		"grayscale_Y_density": [0.595,0.7178,0.9112,1.217,1.75],
		"grayscale_R_density": [0.5975,0.7219,0.9173,1.222,1.767],
		"grayscale_G_density": [0.5971,0.7189,0.9123,1.219,1.748],
		"grayscale_B_density": [0.5676,0.6964,0.8839,1.186,1.72],
		"grayscale_Y_mean": [64.79,48.83,31.28,15.47,4.536],
		"grayscale_R_mean": [64.42,48.38,30.85,15.3,4.358],
		"grayscale_G_mean": [64.48,48.72,31.21,15.41,4.557],
		"grayscale_B_mean": [69.02,51.31,33.31,16.61,4.855],
		"White_Bal_error_Degrees": [695,526.7,621.1,501.3,477.8],
		"White_Bal_error_Mired": [-14.86,-11.53,-13.42,-11.02,-10.53],
		"White_Bal_error_S_HSV": [0.06664,0.05704,0.07401,0.07858,0.1024],
		"White_Bal_error_Delta_C_ab": [2.953,1.766,1.536,0.6586,0.1321],
		"White_Bal_error_Delta_C_94": [2.953,1.766,1.536,0.6586,0.1321],
		"White_Bal_error_Delta_C_00": [2.956,1.771,1.537,0.6806,0.1322],
		"n_Patch": [1,2,3,4,5],
		"n_Row": [1,1,1,1,1],
		"n_Column": [1,2,3,4,5],
		"width_pixels": [70,70,70,70,70],
		"height_pixels": [78,78,78,78,78],
		"Pixels_total": [5460,5460,5460,5460,5460],
		"R_reference": [242.4,146.6,86.6,49.01,25.46],
		"G_reference": [242.4,146.6,86.6,49.01,25.46],
		"B_reference": [242.4,146.6,86.6,49.01,25.46],
		"R_input": [64.42,48.38,30.85,15.3,4.358],
		"G_input": [64.48,48.72,31.21,15.41,4.557],
		"B_input": [69.02,51.31,33.31,16.61,4.855],
		"L_reference": [95.63,60.79,36.82,20.33,8.991],
		"a_reference": [0,0,0,0,0],
		"b_reference": [0,0,0,0,0],
		"L_input": [27.45,20.25,11.9,4.487,1.244],
		"a_input": [1.022,0.4736,0.3732,0.1876,-0.0104],
		"b_input": [-2.771,-1.702,-1.49,-0.6314,-0.1317],
		"x_reference": [0.3127,0.3127,0.3127,0.3127,0.3127],
		"y_reference": [0.329,0.329,0.329,0.329,0.329],
		"Y_reference": [0.8913,0.2901,0.09441,0.03073,0.01],
		"x_input": [0.3038,0.3055,0.3043,0.3059,0.3056],
		"y_input": [0.3144,0.3185,0.3172,0.3187,0.3221],
		"Y_input": [0.05255,0.03052,0.01391,0.004968,0.001377],
		"LUV_comment": "L2 is used to differentiate between the L in LAB and L in LUV.",
		"L2_reference": [805.1,262,85.28,27.75,9.033],
		"U_reference": [0.1978,0.1978,0.1978,0.1978,0.1978],
		"V_reference": [0.4683,0.4683,0.4683,0.4683,0.4683],
		"L2_input": [47.47,27.57,12.57,4.487,1.244],
		"U_input": [0.1971,0.1967,0.1964,0.1969,0.1954],
		"V_input": [0.459,0.4616,0.4606,0.4617,0.4635],
		"patch_numbers_for_all_Delta_E_C": [1,2,3,4,5],
		"Delta_E_all": [68.2,40.6,25,15.9,7.75],
		"Delta_C_all": [2.95,1.77,1.54,0.659,0.132],
		"Delta_E94_all": [68.2,40.6,25,15.9,7.75],
		"Delta_C94_all": [2.95,1.77,1.54,0.659,0.132],
		"Delta_E2000_all": [58.8,36,18.1,10.2,4.64],
		"Delta_C2000_all": [2.96,1.77,1.54,0.681,0.132],
		"Delta_L_all": [-68.2,-40.5,-24.9,-15.8,-7.75],
		"Delta_Chroma_all": [2.95,1.77,1.54,0.659,0.132],
		"Delta_Hue_Distance_all": [0,0,0,0,0],
		"Delta_Hue_Degrees_all": [0,0,0,0,0],
		"sat_corr_comment": "sat_corr explained on https://www.imatest.com/docs/colorcheck/#satcorr - not recommended.",
		"Delta_C_all_sat_corr": ["_NaN_","_NaN_","_NaN_","_NaN_","_NaN_"],
		"Delta_C94_all_sat_corr": ["_NaN_","_NaN_","_NaN_","_NaN_","_NaN_"],
		"Delta_C2000_all_sat_corr": ["_NaN_","_NaN_","_NaN_","_NaN_","_NaN_"],
		"grayscale_patch_numbers": [1,2,3,4,5],
		"Delta_E": [68.2,40.6,25,15.9,7.75],
		"Delta_C": [2.95,1.77,1.54,0.659,0.132],
		"Delta_E94": [68.2,40.6,25,15.9,7.75],
		"Delta_C94": [2.95,1.77,1.54,0.659,0.132],
		"Delta_E2000": [58.8,36,18.1,10.2,4.64],
		"Delta_C2000": [2.96,1.77,1.54,0.681,0.132],
		"Delta_L": [-68.2,-40.5,-24.9,-15.8,-7.75],
		"Delta_Chroma": [2.95,1.77,1.54,0.659,0.132],
		"Delta_Hue_Distance": [0,0,0,0,0],
		"Delta_Hue_Degrees": [0,0,0,0,0],
		"mean_Delta_E": [31.5],
		"mean_Delta_C": [1.41],
		"mean_Delta_E94": [31.5],
		"mean_Delta_C94": [1.41],
		"mean_Delta_E2000": [25.5],
		"mean_Delta_C2000": [1.42],
		"mean_Delta_L": [-31.4],
		"mean_Delta_Chroma": [1.41],
		"mean_Delta_Hue_Distance": [0],
		"mean_Delta_Hue_Degrees": [0],
		"mean_Delta_C_sat_corr": ["_NaN_"],
		"mean_Delta_C94_sat_corr": ["_NaN_"],
		"mean_Delta_C2000_sat_corr": ["_NaN_"],
		"max_Delta_E": [68.2],
		"max_Delta_C": [2.95],
		"max_Delta_E94": [68.2],
		"max_Delta_C94": [2.95],
		"max_Delta_E2000": [58.8],
		"max_Delta_C2000": [2.96],
		"max_Delta_L": [-7.75],
		"max_Delta_Chroma": [2.95],
		"max_Delta_Hue_Distance": [0],
		"max_Delta_Hue_Degrees": [0],
		"max_Delta_C_sat_corr": ["_NaN_"],
		"max_Delta_C94_sat_corr": ["_NaN_"],
		"max_Delta_C2000_sat_corr": ["_NaN_"],
		"mean_RegionSize": [5390],
		"Sequence_dark_to_light": [5,4,3,2,1],
		"Patch_number": [5,4,3,2,1],
		"R_noise": [0.007501,0.008096,0.006551,0.005975,0.005988],
		"G_noise": [0.004424,0.004906,0.004282,0.00409,0.004049],
		"B_noise": [0.006142,0.006517,0.00534,0.004955,0.004945],
		"R_SNR_ratio": [2.279,7.411,18.47,31.76,42.19],
		"G_SNR_ratio": [4.039,12.32,28.58,46.71,62.45],
		"B_SNR_ratio": [3.1,9.992,24.47,40.6,54.73],
		"R_SNR_dB": [7.153,17.4,25.33,30.04,32.5],
		"G_SNR_dB": [12.13,21.81,29.12,33.39,35.91],
		"B_SNR_dB": [9.827,19.99,27.77,32.17,34.76],
		"Gb_noise": [0.003732,0.004088,0.003533,0.003405,0.003407],
		"Gb_SNR_ratio": [4.766,14.84,34.72,56.24,74.58],
		"Gb_SNR_dB": [13.56,23.43,30.81,35,37.45],
		"Y_f_stop_SNR_ratio": [11.34,11.91,11.43,7.921,7.096],
		"Y_f_stop_SNR_dB": [21.09,21.52,21.16,17.98,17.02],
		"quality_levels_for_DR": [
				"Low,",
				"Medium,",
				"M-H,",
				"High,"
		],
		"SigNoise_levels_for_DR": [1,0.5,0.25,0.1],
		"Dynamic_Range_f_stops": [0,0,0,3.762],
		"Dynamic_Range_dB": [0,0,0,22.65],
		"noise_ISO15739_pct": [0.05872,0.08889,0.1826,0.4224,0.5843],
		"snr_ISO15739": [2.345,5.589,7.62,7.226,8.993],
		"noise_pct_ISO15739_at_13pct_Lref": [0.5192],
		"snr_ISO15739_at_13pct_Lref": [8.283],
		"snr_dB_ISO15739_at_13pct_Lref": [18.36],
		"DynamicRange_at_density_2": [8314],
		"DynamicRange_total": [0],
		"DynamicRange_from_slope_OD": [1.95],
		"DynamicRange_from_slope_EV": [6.474],
		"DynamicRange_from_slope_dB": [39],
		"SNR_BW_dB_RGBY": [30.2,33.49,31.83,35.09],
		"L_noise": [0.2609,0.378,0.4416,0.3992,0.3811],
		"a_noise": [0.7068,1.028,1.148,0.974,0.908],
		"b_noise": [0.6855,1.031,1.106,0.9535,0.9196],
		"Total_Lab_noise_unwtd": [1.019,1.504,1.654,1.42,1.347],
		"Total_ab_noise_unwtd": [0.9846,1.456,1.594,1.363,1.292],
		"R_minus_Y_KK_noise": [0.006361,0.006898,0.005659,0.005119,0.005039],
		"B_minus_Y_KK_noise": [0.006606,0.007248,0.00595,0.005473,0.005525],
		"Y_Kelly_Keelan_noise": [0.003732,0.004088,0.003533,0.003405,0.003407],
		"Total_KK_noise": [0.005391,0.005883,0.004953,0.004641,0.004623],
		"Chroma_KK_noise": [0.00389,0.004231,0.003471,0.003154,0.003126],
		"Total_old_iso_noise": [0.006842,0.007455,0.006217,0.005758,0.005722],
		"Y_noise_from_YUV": [0.003732,0.004088,0.003533,0.003405,0.003406],