{
	"jsonResults": {
		"dateRun": "12-May-2025 20:11:21",
		"ini_time_size": "12-May-2025 20:01:10 10119B  MD5 = fced970c0abe98bb8801918aac2c212c",
		"version": "Imatest 24.2.6 Master Color/Tone Auto",
		"build": "2025-03-20",
		"image_file": "car_18.0 mm_25600ISO_-3EV_Dist1_ON_Focused.tiff",
		"ColorSpace": "sRGB",
		"Reference": "Default values",
		"Ref_folder": "/usr/local/Imatest/v24.2/Master/",
		"Gamma": [0.3704],
		"patches_for_gamma_start_end": [1,5],
		"exposure_error_normalized_y_channel": [-0.264],
		"mean_camera_Saturation_Pct": ["_NaN_"],
		"mean_chroma_level_CPIQ_Pct": ["_NaN_"],
		"CPIQ_chroma_quality_loss_JND": ["_NaN_"],
		"CPIQ_exposure_quality_loss_JND": ["_NaN_"],
		"pixel_offset": [0],
		"mean_patch_size_pxls": [69,76],
		"roi_settings": "Recent ROI settings are in roi, nwid_save, nht_save, fillf, and distort (same names as ini file)",
		"roi": [3081,1832,3511,1921,3081,1923,3511,1824],
		"nwid_save": [6024],
		"nht_save": [4020],
		"fillf": [0.8],
		"distort": [0],
		"grayscale_zone": [1,2,3,4,5],
		"grayscale_minus_log_exposure": [2,1.513,1.025,0.5375,0.05],
		"grayscale_Y_reflectivity": [0.01,0.03073,0.09441,0.2901,0.8913],
		"grayscale_Y_Printer_pixel_gamma22": [33.13,55.18,91.91,153.1,255],
		"grayscale_Y_density": [0.6212,0.755,0.9356,1.079,1.157],
		"grayscale_R_density": [0.6479,0.7428,0.8443,0.8908,0.9346],
		"grayscale_G_density": [0.6164,0.7616,0.971,1.172,1.27],
		"grayscale_B_density": [0.5928,0.7279,0.8988,0.9604,1.046],
		"grayscale_Y_mean": [61.01,44.83,29.58,21.25,17.75],
		"grayscale_R_mean": [57.37,46.11,36.5,32.79,29.64],
		"grayscale_G_mean": [61.67,44.16,27.26,17.15,13.69],
		"grayscale_B_mean": [65.12,47.71,32.19,27.94,22.91],
		"White_Bal_error_Degrees": [1124,374.5,-945.8,-1693,-2586],
		"White_Bal_error_Mired": [-22.69,-8.381,26.2,54.19,101.7],
		"White_Bal_error_S_HSV": [0.119,0.07454,0.2531,0.4769,0.5381],
		"White_Bal_error_Delta_C_ab": [2.903,2.626,5.867,11.11,9.624],
		"White_Bal_error_Delta_C_94": [2.903,2.626,5.867,11.11,9.624],
		"White_Bal_error_Delta_C_00": [2.896,3.033,7.205,11.73,10.7],
		"n_Patch": [1,2,3,4,5],
		"n_Row": [1,1,1,1,1],
		"n_Column": [1,2,3,4,5],
		"width_pixels": [70,70,70,70,70],
		"height_pixels": [78,78,78,78,78],
		"Pixels_total": [5460,5460,5460,5460,5460],
		"R_reference": [242.4,146.6,86.6,49.01,25.46],
		"G_reference": [242.4,146.6,86.6,49.01,25.46],
		"B_reference": [242.4,146.6,86.6,49.01,25.46],
		"R_input": [57.37,46.11,36.5,32.79,29.64],
		"G_input": [61.67,44.16,27.26,17.15,13.69],
		"B_input": [65.12,47.71,32.19,27.94,22.91],
		"L_reference": [95.63,60.79,36.82,20.33,8.991],
		"a_reference": [0,0,0,0,0],
		"b_reference": [0,0,0,0,0],
		"L_input": [25.78,18.4,11.17,7.308,5.764],
		"a_input": [-0.9679,1.721,5.625,10.25,9.23],
		"b_input": [-2.736,-1.984,-1.667,-4.279,-2.727],
		"x_reference": [0.3127,0.3127,0.3127,0.3127,0.3127],
		"y_reference": [0.329,0.329,0.329,0.329,0.329],
		"Y_reference": [0.8913,0.2901,0.09441,0.03073,0.01],
		"x_input": [0.2966,0.3089,0.3312,0.3398,0.3532],
		"y_input": [0.3172,0.3139,0.3027,0.2663,0.2709],
		"Y_input": [0.04674,0.02607,0.01285,0.00809,0.006381],
		"LUV_comment": "L2 is used to differentiate between the L in LAB and L in LUV.",
		"L2_reference": [805.1,262,85.28,27.75,9.033],
		"U_reference": [0.1978,0.1978,0.1978,0.1978,0.1978],
		"V_reference": [0.4683,0.4683,0.4683,0.4683,0.4683],
		"L2_input": [42.22,23.55,11.61,7.308,5.764],
		"U_input": [0.191,0.2009,0.2219,0.2464,0.2548],
		"V_input": [0.4595,0.4594,0.4564,0.4345,0.4397],
		"patch_numbers_for_all_Delta_E_C": [1,2,3,4,5],
		"Delta_E_all": [69.9,42.5,26.3,17.1,10.2],
		"Delta_C_all": [2.9,2.63,5.87,11.1,9.62],
		"Delta_E94_all": [69.9,42.5,26.3,17.1,10.2],
		"Delta_C94_all": [2.9,2.63,5.87,11.1,9.62],
		"Delta_E2000_all": [60.9,37.2,19.9,14.5,10.9],
		"Delta_C2000_all": [2.9,3.03,7.21,11.7,10.7],
		"Delta_L_all": [-69.8,-42.4,-25.6,-13,-3.23],
		"Delta_Chroma_all": [2.9,2.63,5.87,11.1,9.62],
		"Delta_Hue_Distance_all": [0,0,0,0,0],
		"Delta_Hue_Degrees_all": [0,0,0,0,0],
		"sat_corr_comment": "sat_corr explained on https://www.imatest.com/docs/colorcheck/#satcorr - not recommended.",
		"Delta_C_all_sat_corr": ["_NaN_","_NaN_","_NaN_","_NaN_","_NaN_"],
		"Delta_C94_all_sat_corr": ["_NaN_","_NaN_","_NaN_","_NaN_","_NaN_"],
		"Delta_C2000_all_sat_corr": ["_NaN_","_NaN_","_NaN_","_NaN_","_NaN_"],
		"grayscale_patch_numbers": [1,2,3,4,5],
		"Delta_E": [69.9,42.5,26.3,17.1,10.2],
		"Delta_C": [2.9,2.63,5.87,11.1,9.62],
		"Delta_E94": [69.9,42.5,26.3,17.1,10.2],
		"Delta_C94": [2.9,2.63,5.87,11.1,9.62],
		"Delta_E2000": [60.9,37.2,19.9,14.5,10.9],
		"Delta_C2000": [2.9,3.03,7.21,11.7,10.7],
		"Delta_L": [-69.8,-42.4,-25.6,-13,-3.23],
		"Delta_Chroma": [2.9,2.63,5.87,11.1,9.62],
		"Delta_Hue_Distance": [0,0,0,0,0],
		"Delta_Hue_Degrees": [0,0,0,0,0],
		"mean_Delta_E": [33.2],
		"mean_Delta_C": [6.43],
		"mean_Delta_E94": [33.2],
		"mean_Delta_C94": [6.43],
		"mean_Delta_E2000": [28.7],
		"mean_Delta_C2000": [7.11],
		"mean_Delta_L": [-30.8],
		"mean_Delta_Chroma": [6.43],
		"mean_Delta_Hue_Distance": [0],
		"mean_Delta_Hue_Degrees": [0],
		"mean_Delta_C_sat_corr": ["_NaN_"],
		"mean_Delta_C94_sat_corr": ["_NaN_"],
		"mean_Delta_C2000_sat_corr": ["_NaN_"],
		"max_Delta_E": [69.9],
		"max_Delta_C": [11.1],
		"max_Delta_E94": [69.9],
		"max_Delta_C94": [11.1],
		"max_Delta_E2000": [60.9],
		"max_Delta_C2000": [11.7],
		"max_Delta_L": [-3.23],
		"max_Delta_Chroma": [11.1],
		"max_Delta_Hue_Distance": [0],
		"max_Delta_Hue_Degrees": [0],
		"max_Delta_C_sat_corr": ["_NaN_"],
		"max_Delta_C94_sat_corr": ["_NaN_"],
		"max_Delta_C2000_sat_corr": ["_NaN_"],
		"mean_RegionSize": [5390],
		"Sequence_dark_to_light": [5,4,3,2,1],
		"Patch_number": [5,4,3,2,1],
		"R_noise": [0.09829,0.1024,0.1106,0.1155,0.1233],
		"G_noise": [0.06823,0.07513,0.08927,0.09273,0.08466],
		"B_noise": [0.08259,0.09063,0.09936,0.1054,0.09633],
		"R_SNR_ratio": [1.183,1.256,1.294,1.565,1.824],
		"G_SNR_ratio": [0.7869,0.8953,1.198,1.867,2.857],
		"B_SNR_ratio": [1.088,1.209,1.271,1.776,2.651],
		"R_SNR_dB": [1.458,1.981,2.238,3.892,5.222],
		"G_SNR_dB": [-2.081,-0.9609,1.566,5.424,9.117],
		"B_SNR_dB": [0.733,1.647,2.08,4.988,8.468],
		"Gb_noise": [0.05631,0.06134,0.07156,0.0748,0.07009],
		"Gb_SNR_ratio": [1.236,1.359,1.621,2.35,3.414],
		"Gb_SNR_dB": [1.84,2.662,4.195,7.422,10.66],
		"Y_f_stop_SNR_ratio": [0.559,0.5087,0.3988,0.2335,0.1507],
		"Y_f_stop_SNR_dB": [-5.051,-5.871,-7.984,-12.63,-16.44],
		"quality_levels_for_DR": [
				"Low,",
				"Medium,",
				"M-H,",
				"High,"
		],
		"SigNoise_levels_for_DR": [1,0.5,0.25,0.1],
		"Dynamic_Range_f_stops": [0,0,0,0],
		"Dynamic_Range_dB": [0,0,0,0],
		"noise_ISO15739_pct": [1.959,2.549,4.95,9.383,10.92],
		"snr_ISO15739": [0.3257,0.3174,0.2597,0.2779,0.428],
		"noise_pct_ISO15739_at_13pct_Lref": [10.48],
		"snr_ISO15739_at_13pct_Lref": [0.3848],
		"snr_dB_ISO15739_at_13pct_Lref": [-8.295],
		"DynamicRange_at_density_2": [285.3],
		"DynamicRange_total": [0],
		"DynamicRange_from_slope_OD": [1.95],
		"DynamicRange_from_slope_EV": [6.474],
		"DynamicRange_from_slope_dB": [39],
		"SNR_BW_dB_RGBY": [2.605,4.513,3.404,6.379],
		"L_noise": [6.311,6.794,7.849,7.951,7.237],
		"a_noise": [14.54,15.62,17.52,17.76,16.58],
		"b_noise": [14.23,15.68,17.49,18.3,16.57],
		"Total_Lab_noise_unwtd": [21.3,23.15,25.97,26.71,24.53],
		"Total_ab_noise_unwtd": [20.35,22.13,24.75,25.5,23.44],
		"R_minus_Y_KK_noise": [0.08694,0.09175,0.1017,0.1047,0.1076],
		"B_minus_Y_KK_noise": [0.08758,0.09676,0.1104,0.1168,0.1063],
		"Y_Kelly_Keelan_noise": [0.05631,0.06134,0.07156,0.0748,0.07009],
		"Total_KK_noise": [0.07716,0.08327,0.09527,0.09926,0.09558],
		"Chroma_KK_noise": [0.05276,0.05632,0.0629,0.06525,0.06499],
		"Total_old_iso_noise": [0.0961,0.1032,0.117,0.1216,0.1189],
		"Y_noise_from_YUV": [0.0563,0.06133,0.07155,0.07479,0.07008],
		"U_noise_from_YUV": [0.04115,0.04547,0.05187,0.0549,0.04996],
		"V_noise_from_YUV": [0.06789,0.07165,0.07939,0.08174,0.08402],