{
	"jsonResults": {
		"dateRun": "12-May-2025 20:25:18",
		"ini_time_size": "12-May-2025 20:24:15 19113B  MD5 = f7b12789cb505dfcbef10a517f430881",
		"version": "Imatest 24.2.6 Master Color/Tone Auto",
		"build": "2025-03-20",
		"image_file": "cup_18.0 mm_1600ISO_-3EV_Dist1_OFF_Focused.tiff",
		"ColorSpace": "sRGB",
		"Reference": "Default values",
		"Ref_folder": "/usr/local/Imatest/v24.2/Master/",
		"Gamma": [0.4003],
		"patches_for_gamma_start_end": [1,5],
		"exposure_error_normalized_y_channel": [-0.256],
		"mean_camera_Saturation_Pct": ["_NaN_"],
		"mean_chroma_level_CPIQ_Pct": ["_NaN_"],
		"CPIQ_chroma_quality_loss_JND": ["_NaN_"],
		"CPIQ_exposure_quality_loss_JND": ["_NaN_"],
		"pixel_offset": [0],
		"mean_patch_size_pxls": [69,76],
		"roi_settings": "Recent ROI settings are in roi, nwid_save, nht_save, fillf, and distort (same names as ini file)",
		"roi": [3090,1813,3520,1902,3090,1904,3520,1805],
		"nwid_save": [6024],
		"nht_save": [4020],
		"fillf": [0.8],
		"distort": [0],
		"grayscale_zone": [1,2,3,4,5],
		"grayscale_minus_log_exposure": [2,1.513,1.025,0.5375,0.05],
		"grayscale_Y_reflectivity": [0.01,0.03073,0.09441,0.2901,0.8913],
		"grayscale_Y_Printer_pixel_gamma22": [33.13,55.18,91.91,153.1,255],
		"grayscale_Y_density": [0.5678,0.6907,0.8858,1.197,1.642],
		"grayscale_R_density": [0.5795,0.7049,0.9108,1.198,1.543],
		"grayscale_G_density": [0.5694,0.6909,0.8837,1.202,1.69],
		"grayscale_B_density": [0.5208,0.649,0.8383,1.142,1.528],
		"grayscale_Y_mean": [68.98,51.98,33.17,16.21,5.82],
		"grayscale_R_mean": [67.15,50.31,31.32,16.17,7.304],
		"grayscale_G_mean": [68.73,51.96,33.33,16.01,5.203],
		"grayscale_B_mean": [76.87,57.22,37,18.39,7.567],
		"White_Bal_error_Degrees": [1530,1292,1462,929.8,491.6],
		"White_Bal_error_Mired": [-29.32,-25.51,-28.25,-19.25,-10.82],
		"White_Bal_error_S_HSV": [0.1264,0.1208,0.1537,0.1294,0.3124],
		"White_Bal_error_Delta_C_ab": [5.26,3.605,2.787,1.386,1.124],
		"White_Bal_error_Delta_C_94": [5.26,3.605,2.787,1.386,1.124],
		"White_Bal_error_Delta_C_00": [4.852,3.384,2.623,1.46,1.444],
		"n_Patch": [1,2,3,4,5],
		"n_Row": [1,1,1,1,1],
		"n_Column": [1,2,3,4,5],
		"width_pixels": [70,70,70,70,70],
		"height_pixels": [78,78,78,78,78],
		"Pixels_total": [5460,5460,5460,5460,5460],
		"R_reference": [242.4,146.6,86.6,49.01,25.46],
		"G_reference": [242.4,146.6,86.6,49.01,25.46],
		"B_reference": [242.4,146.6,86.6,49.01,25.46],
		"R_input": [67.15,50.31,31.32,16.17,7.304],
		"G_input": [68.73,51.96,33.33,16.01,5.203],
		"B_input": [76.87,57.22,37,18.39,7.567],
		"L_reference": [95.63,60.79,36.82,20.33,8.991],
		"a_reference": [0,0,0,0,0],
		"b_reference": [0,0,0,0,0],
		"L_input": [29.3,21.71,12.84,4.764,1.596],
		"a_input": [1.262,0.5797,0.04669,0.5347,0.8782],
		"b_input": [-5.106,-3.558,-2.787,-1.279,-0.7017],
		"x_reference": [0.3127,0.3127,0.3127,0.3127,0.3127],
		"y_reference": [0.329,0.329,0.329,0.329,0.329],
		"Y_reference": [0.8913,0.2901,0.09441,0.03073,0.01],
		"x_input": [0.2949,0.2967,0.2942,0.3016,0.3117],
		"y_input": [0.3044,0.3088,0.3092,0.3093,0.2908],
		"Y_input": [0.05956,0.03436,0.01536,0.005274,0.001767],
		"LUV_comment": "L2 is used to differentiate between the L in LAB and L in LUV.",
		"L2_reference": [805.1,262,85.28,27.75,9.033],
		"U_reference": [0.1978,0.1978,0.1978,0.1978,0.1978],
		"V_reference": [0.4683,0.4683,0.4683,0.4683,0.4683],
		"L2_input": [53.8,31.03,13.88,4.764,1.596],
		"U_input": [0.1946,0.1941,0.1922,0.1975,0.2125],
		"V_input": [0.4518,0.4547,0.4546,0.4557,0.4462],
		"patch_numbers_for_all_Delta_E_C": [1,2,3,4,5],
		"Delta_E_all": [66.5,39.2,24.1,15.6,7.48],
		"Delta_C_all": [5.26,3.6,2.79,1.39,1.12],
		"Delta_E94_all": [66.5,39.2,24.1,15.6,7.48],
		"Delta_C94_all": [5.26,3.6,2.79,1.39,1.12],
		"Delta_E2000_all": [56.6,35.2,17.7,10.1,4.66],
		"Delta_C2000_all": [4.85,3.38,2.62,1.46,1.44],
		"Delta_L_all": [-66.3,-39.1,-24,-15.6,-7.4],
		"Delta_Chroma_all": [5.26,3.6,2.79,1.39,1.12],
		"Delta_Hue_Distance_all": [0,0,0,0,0],
		"Delta_Hue_Degrees_all": [0,0,0,0,0],
		"sat_corr_comment": "sat_corr explained on https://www.imatest.com/docs/colorcheck/#satcorr - not recommended.",
		"Delta_C_all_sat_corr": ["_NaN_","_NaN_","_NaN_","_NaN_","_NaN_"],
		"Delta_C94_all_sat_corr": ["_NaN_","_NaN_","_NaN_","_NaN_","_NaN_"],
		"Delta_C2000_all_sat_corr": ["_NaN_","_NaN_","_NaN_","_NaN_","_NaN_"],
		"grayscale_patch_numbers": [1,2,3,4,5],
		"Delta_E": [66.5,39.2,24.1,15.6,7.48],
		"Delta_C": [5.26,3.6,2.79,1.39,1.12],
		"Delta_E94": [66.5,39.2,24.1,15.6,7.48],
		"Delta_C94": [5.26,3.6,2.79,1.39,1.12],
		"Delta_E2000": [56.6,35.2,17.7,10.1,4.66],
		"Delta_C2000": [4.85,3.38,2.62,1.46,1.44],
		"Delta_L": [-66.3,-39.1,-24,-15.6,-7.4],
		"Delta_Chroma": [5.26,3.6,2.79,1.39,1.12],
		"Delta_Hue_Distance": [0,0,0,0,0],
		"Delta_Hue_Degrees": [0,0,0,0,0],
		"mean_Delta_E": [30.6],
		"mean_Delta_C": [2.83],
		"mean_Delta_E94": [30.6],
		"mean_Delta_C94": [2.83],
		"mean_Delta_E2000": [24.8],
		"mean_Delta_C2000": [2.75],
		"mean_Delta_L": [-30.5],
		"mean_Delta_Chroma": [2.83],
		"mean_Delta_Hue_Distance": [0],
		"mean_Delta_Hue_Degrees": [0],
		"mean_Delta_C_sat_corr": ["_NaN_"],
		"mean_Delta_C94_sat_corr": ["_NaN_"],
		"mean_Delta_C2000_sat_corr": ["_NaN_"],
		"max_Delta_E": [66.5],
		"max_Delta_C": [5.26],
		"max_Delta_E94": [66.5],
		"max_Delta_C94": [5.26],
		"max_Delta_E2000": [56.6],
		"max_Delta_C2000": [4.85],
		"max_Delta_L": [-7.4],
		"max_Delta_Chroma": [5.26],
		"max_Delta_Hue_Distance": [0],
		"max_Delta_Hue_Degrees": [0],
		"max_Delta_C_sat_corr": ["_NaN_"],
		"max_Delta_C94_sat_corr": ["_NaN_"],
		"max_Delta_C2000_sat_corr": ["_NaN_"],
		"mean_RegionSize": [5390],
		"Sequence_dark_to_light": [5,4,3,2,1],
		"Patch_number": [5,4,3,2,1],
		"R_noise": [0.0282,0.03677,0.03544,0.02756,0.02518],
		"G_noise": [0.0191,0.02874,0.01998,0.01679,0.01582],
		"B_noise": [0.0251,0.03334,0.02431,0.02079,0.01911],
		"R_SNR_ratio": [1.016,1.724,3.465,7.159,10.46],
		"G_SNR_ratio": [1.068,2.184,6.542,12.13,17.04],
		"B_SNR_ratio": [1.182,2.162,5.969,10.79,15.77],
		"R_SNR_dB": [0.1358,4.733,10.79,17.1,20.39],
		"G_SNR_dB": [0.5735,6.785,16.31,21.68,24.63],
		"B_SNR_dB": [1.454,6.698,15.52,20.66,23.96],
		"Gb_noise": [0.01589,0.02349,0.01649,0.01371,0.01304],
		"Gb_SNR_ratio": [1.436,2.706,7.89,14.87,20.75],
		"Gb_SNR_dB": [3.144,8.647,17.94,23.45,26.34],
		"Y_f_stop_SNR_ratio": [3.158,3.163,2.627,1.409,1.583],
		"Y_f_stop_SNR_dB": [9.987,10,8.389,2.98,3.991],
		"quality_levels_for_DR": [
				"Low,",
				"Medium,",
				"M-H,",
				"High,"
		],
		"SigNoise_levels_for_DR": [1,0.5,0.25,0.1],
		"Dynamic_Range_f_stops": [0,3.827,0,0],
		"Dynamic_Range_dB": [0,23.04,0,0],
		"noise_ISO15739_pct": [0.2568,0.5168,0.8282,1.627,2.143],
		"snr_ISO15739": [0.6879,1.021,1.855,2.111,2.779],
		"noise_pct_ISO15739_at_13pct_Lref": [1.925],
		"snr_ISO15739_at_13pct_Lref": [2.497],
		"snr_dB_ISO15739_at_13pct_Lref": [7.948],
		"DynamicRange_at_density_2": [1857],
		"DynamicRange_total": [166.3],
		"DynamicRange_from_slope_OD": [1.95],
		"DynamicRange_from_slope_EV": [6.474],
		"DynamicRange_from_slope_dB": [39],
		"SNR_BW_dB_RGBY": [17.51,21.82,19.96,23.58],
		"L_noise": [1.186,2.381,1.977,1.568,1.432],
		"a_noise": [3.078,5.199,5.626,4.435,3.838],
		"b_noise": [3.119,5.132,4.963,4.039,3.561],
		"Total_Lab_noise_unwtd": [4.54,7.684,7.758,6.2,5.428],
		"Total_ab_noise_unwtd": [4.382,7.305,7.502,5.999,5.236],
		"R_minus_Y_KK_noise": [0.02426,0.0331,0.03071,0.02396,0.02172],
		"B_minus_Y_KK_noise": [0.02717,0.03511,0.02746,0.02359,0.02171],
		"Y_Kelly_Keelan_noise": [0.01589,0.02349,0.01649,0.01371,0.01304],
		"Total_KK_noise": [0.02195,0.03108,0.02452,0.01992,0.01852],
		"Chroma_KK_noise": [0.01514,0.02035,0.01815,0.01446,0.01315],
		"Total_old_iso_noise": [0.02734,0.03809,0.03156,0.02538,0.02339],
		"Y_noise_from_YUV": [0.01589,0.02349,0.01648,0.01371,0.01303],
		"U_noise_from_YUV": [0.01276,0.0165,0.0129,0.01108,0.0102],
		"V_noise_from_YUV": [0.01894,0.02585,0.02398,0.01871,0.01696],