{
	"jsonResults": {
		"dateRun": "12-May-2025 20:25:18",
		"ini_time_size": "12-May-2025 20:24:15 19113B  MD5 = f7b12789cb505dfcbef10a517f430881",
		"version": "Imatest 24.2.6 Master Color/Tone Auto",
		"build": "2025-03-20",
		"image_file": "cup_18.0 mm_25600ISO_0EV_Dist1_ON_Defocus2.tiff",
		"ColorSpace": "sRGB",
		"Reference": "Default values",
		"Ref_folder": "/usr/local/Imatest/v24.2/Master/",
		"Gamma": [0.337],
		"patches_for_gamma_start_end": [1,5],
		"exposure_error_normalized_y_channel": [-0.0296],
		"mean_camera_Saturation_Pct": ["_NaN_"],
		"mean_chroma_level_CPIQ_Pct": ["_NaN_"],
		"CPIQ_chroma_quality_loss_JND": ["_NaN_"],
		"CPIQ_exposure_quality_loss_JND": ["_NaN_"],
		"pixel_offset": [0],
		"mean_patch_size_pxls": [69,76],
		"roi_settings": "Recent ROI settings are in roi, nwid_save, nht_save, fillf, and distort (same names as ini file)",
		"roi": [3090,1813,3520,1902,3090,1904,3520,1805],
		"nwid_save": [6024],
		"nht_save": [4020],
		"fillf": [0.8],
		"distort": [0],
		"grayscale_zone": [1,2,3,4,5],
		"grayscale_minus_log_exposure": [2,1.513,1.025,0.5375,0.05],
		"grayscale_Y_reflectivity": [0.01,0.03073,0.09441,0.2901,0.8913],
		"grayscale_Y_Printer_pixel_gamma22": [33.13,55.18,91.91,153.1,255],
		"grayscale_Y_density": [0.1562,0.2618,0.4261,0.6559,0.8715],
		"grayscale_R_density": [0.1567,0.2623,0.4403,0.68,0.8193],
		"grayscale_G_density": [0.1586,0.2638,0.4236,0.6487,0.8923],
		"grayscale_B_density": [0.1315,0.2416,0.4099,0.6595,0.8343],
		"grayscale_Y_mean": [178,139.5,95.59,56.31,34.28],
		"grayscale_R_mean": [177.8,139.4,92.53,53.28,38.66],
		"grayscale_G_mean": [177,138.9,96.14,57.26,32.67],
		"grayscale_B_mean": [188.4,146.2,99.23,55.85,37.35],
		"White_Bal_error_Degrees": [667.8,518.2,636.6,295.4,-160],
		"White_Bal_error_Mired": [-14.33,-11.36,-13.72,-6.688,3.882],
		"White_Bal_error_S_HSV": [0.06043,0.04968,0.06753,0.06952,0.1549],
		"White_Bal_error_Delta_C_ab": [6.206,4.141,2.372,2.043,4.454],
		"White_Bal_error_Delta_C_94": [6.206,4.141,2.372,2.043,4.454],
		"White_Bal_error_Delta_C_00": [5.887,4.106,2.376,2.852,5.485],
		"n_Patch": [1,2,3,4,5],
		"n_Row": [1,1,1,1,1],
		"n_Column": [1,2,3,4,5],
		"width_pixels": [70,70,70,70,70],
		"height_pixels": [78,78,78,78,78],
		"Pixels_total": [5460,5460,5460,5460,5460],
		"R_reference": [242.4,146.6,86.6,49.01,25.46],
		"G_reference": [242.4,146.6,86.6,49.01,25.46],
		"B_reference": [242.4,146.6,86.6,49.01,25.46],
		"R_input": [177.8,139.4,92.53,53.28,38.66],
		"G_input": [177,138.9,96.14,57.26,32.67],
		"B_input": [188.4,146.2,99.23,55.85,37.35],
		"L_reference": [95.63,60.79,36.82,20.33,8.991],
		"a_reference": [0,0,0,0,0],
		"b_reference": [0,0,0,0,0],
		"L_input": [72.58,58.08,40.57,23.67,13.41],
		"a_input": [2.456,1.629,-0.7336,-2.023,3.931],
		"b_input": [-5.699,-3.807,-2.256,0.2861,-2.094],
		"x_reference": [0.3127,0.3127,0.3127,0.3127,0.3127],
		"y_reference": [0.329,0.329,0.329,0.329,0.329],
		"Y_reference": [0.8913,0.2901,0.09441,0.03073,0.01],
		"x_input": [0.3043,0.306,0.3031,0.3065,0.3185],
		"y_input": [0.3141,0.317,0.3218,0.3342,0.3057],
		"Y_input": [0.4453,0.2605,0.116,0.04001,0.0163],
		"LUV_comment": "L2 is used to differentiate between the L in LAB and L in LUV.",
		"L2_reference": [805.1,262,85.28,27.75,9.033],
		"U_reference": [0.1978,0.1978,0.1978,0.1978,0.1978],
		"V_reference": [0.4683,0.4683,0.4683,0.4683,0.4683],
		"L2_input": [402.2,235.3,104.8,36.14,14.73],
		"U_input": [0.1976,0.1976,0.1938,0.1916,0.2112],
		"V_input": [0.4588,0.4608,0.463,0.4702,0.4562],
		"patch_numbers_for_all_Delta_E_C": [1,2,3,4,5],
		"Delta_E_all": [23.9,4.95,4.44,3.92,6.28],
		"Delta_C_all": [6.21,4.14,2.37,2.04,4.45],
		"Delta_E94_all": [23.9,4.95,4.44,3.92,6.28],
		"Delta_C94_all": [6.21,4.14,2.37,2.04,4.45],
		"Delta_E2000_all": [16.4,4.76,4.02,3.7,6.16],
		"Delta_C2000_all": [5.89,4.11,2.38,2.85,5.49],
		"Delta_L_all": [-23.1,-2.71,3.75,3.34,4.42],
		"Delta_Chroma_all": [6.21,4.14,2.37,2.04,4.45],
		"Delta_Hue_Distance_all": [0,0,0,0,0],
		"Delta_Hue_Degrees_all": [0,0,0,0,0],
		"sat_corr_comment": "sat_corr explained on https://www.imatest.com/docs/colorcheck/#satcorr - not recommended.",
		"Delta_C_all_sat_corr": ["_NaN_","_NaN_","_NaN_","_NaN_","_NaN_"],
		"Delta_C94_all_sat_corr": ["_NaN_","_NaN_","_NaN_","_NaN_","_NaN_"],
		"Delta_C2000_all_sat_corr": ["_NaN_","_NaN_","_NaN_","_NaN_","_NaN_"],
		"grayscale_patch_numbers": [1,2,3,4,5],
		"Delta_E": [23.9,4.95,4.44,3.92,6.28],
		"Delta_C": [6.21,4.14,2.37,2.04,4.45],
		"Delta_E94": [23.9,4.95,4.44,3.92,6.28],
		"Delta_C94": [6.21,4.14,2.37,2.04,4.45],
		"Delta_E2000": [16.4,4.76,4.02,3.7,6.16],
		"Delta_C2000": [5.89,4.11,2.38,2.85,5.49],
		"Delta_L": [-23.1,-2.71,3.75,3.34,4.42],
		"Delta_Chroma": [6.21,4.14,2.37,2.04,4.45],
		"Delta_Hue_Distance": [0,0,0,0,0],
		"Delta_Hue_Degrees": [0,0,0,0,0],
		"mean_Delta_E": [8.69],
		"mean_Delta_C": [3.84],
		"mean_Delta_E94": [8.69],
		"mean_Delta_C94": [3.84],
		"mean_Delta_E2000": [7.01],
		"mean_Delta_C2000": [4.14],
		"mean_Delta_L": [-2.85],
		"mean_Delta_Chroma": [3.84],
		"mean_Delta_Hue_Distance": [0],
		"mean_Delta_Hue_Degrees": [0],
		"mean_Delta_C_sat_corr": ["_NaN_"],
		"mean_Delta_C94_sat_corr": ["_NaN_"],
		"mean_Delta_C2000_sat_corr": ["_NaN_"],
		"max_Delta_E": [23.9],
		"max_Delta_C": [6.21],
		"max_Delta_E94": [23.9],
		"max_Delta_C94": [6.21],
		"max_Delta_E2000": [16.4],
		"max_Delta_C2000": [5.89],
		"max_Delta_L": [4.42],
		"max_Delta_Chroma": [6.21],
		"max_Delta_Hue_Distance": [0],
		"max_Delta_Hue_Degrees": [0],
		"max_Delta_C_sat_corr": ["_NaN_"],
		"max_Delta_C94_sat_corr": ["_NaN_"],
		"max_Delta_C2000_sat_corr": ["_NaN_"],
		"mean_RegionSize": [5390],
		"Sequence_dark_to_light": [5,4,3,2,1],
		"Patch_number": [5,4,3,2,1],
		"R_noise": [0.1139,0.1272,0.1042,0.07701,0.06484],
		"G_noise": [0.09157,0.09096,0.062,0.05298,0.04934],
		"B_noise": [0.101,0.1066,0.07397,0.05458,0.05219],
		"R_SNR_ratio": [1.331,1.643,3.483,7.098,10.75],
		"G_SNR_ratio": [1.399,2.469,6.081,10.28,14.07],
		"B_SNR_ratio": [1.451,2.054,5.261,10.5,14.15],
		"R_SNR_dB": [2.482,4.311,10.84,17.02,20.63],
		"G_SNR_dB": [2.918,7.849,15.68,20.24,22.96],
		"B_SNR_dB": [3.231,6.253,14.42,20.43,23.02],
		"Gb_noise": [0.07481,0.07332,0.05317,0.0444,0.04181],
		"Gb_SNR_ratio": [1.797,3.012,7.05,12.33,16.69],
		"Gb_SNR_dB": [5.092,9.578,16.96,21.82,24.45],
		"Y_f_stop_SNR_ratio": [2.226,2.246,1.895,1.012,0.7131],
		"Y_f_stop_SNR_dB": [6.949,7.03,5.552,0.1073,-2.937],
		"quality_levels_for_DR": [
				"Low,",
				"Medium,",
				"M-H,",
				"High,"
		],
		"SigNoise_levels_for_DR": [1,0.5,0.25,0.1],
		"Dynamic_Range_f_stops": [4.906,2.695,0,0],
		"Dynamic_Range_dB": [29.54,16.23,0,0],
		"noise_ISO15739_pct": [0.6955,0.9163,1.475,2.899,3.807],
		"snr_ISO15739": [2.344,4.366,7.864,8.985,11.69],
		"noise_pct_ISO15739_at_13pct_Lref": [3.233],
		"snr_ISO15739_at_13pct_Lref": [9.982],
		"snr_dB_ISO15739_at_13pct_Lref": [19.98],
		"DynamicRange_at_density_2": [567.4],
		"DynamicRange_total": [0],
		"DynamicRange_from_slope_OD": [1.95],
		"DynamicRange_from_slope_EV": [6.474],
		"DynamicRange_from_slope_dB": [39],
		"SNR_BW_dB_RGBY": [15.84,19.09,18.83,20.63],
		"L_noise": [8.187,7.646,5.341,4.31,3.903],
		"a_noise": [17.4,18.27,12.82,9.914,8.058],
		"b_noise": [16.96,18.13,12.23,8.942,7.896],
		"Total_Lab_noise_unwtd": [25.64,26.85,18.5,14.03,11.94],
		"Total_ab_noise_unwtd": [24.3,25.74,17.71,13.35,11.28],
		"R_minus_Y_KK_noise": [0.1026,0.1145,0.08734,0.06584,0.05454],
		"B_minus_Y_KK_noise": [0.1073,0.1177,0.08059,0.06165,0.05671],
		"Y_Kelly_Keelan_noise": [0.07481,0.07332,0.05317,0.0444,0.04181],
		"Total_KK_noise": [0.0977,0.1013,0.07435,0.05929,0.05349],
		"Chroma_KK_noise": [0.06285,0.06985,0.05196,0.03929,0.03336],
		"Total_old_iso_noise": [0.1191,0.1264,0.09354,0.07317,0.06455],
		"Y_noise_from_YUV": [0.0748,0.07331,0.05317,0.04439,0.04181],
		"U_noise_from_YUV": [0.0504,0.05532,0.03787,0.02897,0.02665],
		"V_noise_from_YUV": [0.08013,0.08944,0.06821,0.05142,0.04259],