{
	"jsonResults": {
		"dateRun": "13-May-2025 09:18:43",
		"ini_time_size": "12-May-2025 20:25:18 8879B  MD5 = 38ce82e2fb107c711724f9d1ca3bb020",
		"version": "Imatest 24.2.6 Master Color/Tone Auto",
		"build": "2025-03-20",
		"image_file": "cup_18.0 mm_100ISO_-1EV_Dist1_ON_Focused.tiff",
		"ColorSpace": "sRGB",
		"Reference": "Default values",
		"Ref_folder": "/usr/local/Imatest/v24.2/Master/",
		"Gamma": [0.3447],
		"patches_for_gamma_start_end": [1,5],
		"exposure_error_normalized_y_channel": [-0.164],
		"mean_camera_Saturation_Pct": ["_NaN_"],
		"mean_chroma_level_CPIQ_Pct": ["_NaN_"],
		"CPIQ_chroma_quality_loss_JND": ["_NaN_"],
		"CPIQ_exposure_quality_loss_JND": ["_NaN_"],
		"pixel_offset": [0],
		"mean_patch_size_pxls": [69,76],
		"roi_settings": "Recent ROI settings are in roi, nwid_save, nht_save, fillf, and distort (same names as ini file)",
		"roi": [3090,1813,3520,1902,3090,1904,3520,1805],
		"nwid_save": [6024],
		"nht_save": [4020],
		"fillf": [0.8],
		"distort": [0],
		"grayscale_zone": [1,2,3,4,5],
		"grayscale_minus_log_exposure": [2,1.513,1.025,0.5375,0.05],
		"grayscale_Y_reflectivity": [0.01,0.03073,0.09441,0.2901,0.8913],
		"grayscale_Y_Printer_pixel_gamma22": [33.13,55.18,91.91,153.1,255],
		"grayscale_Y_density": [0.2958,0.408,0.576,0.8115,1.161],
		"grayscale_R_density": [0.3006,0.4136,0.5806,0.8132,1.159],
		"grayscale_G_density": [0.2953,0.4066,0.575,0.8112,1.162],
		"grayscale_B_density": [0.2867,0.405,0.5721,0.8094,1.155],
		"grayscale_Y_mean": [129,99.67,67.69,39.36,17.59],
		"grayscale_R_mean": [127.6,98.38,66.98,39.2,17.68],
		"grayscale_G_mean": [129.2,99.99,67.84,39.39,17.54],
		"grayscale_B_mean": [131.8,100.4,68.3,39.55,17.85],
		"White_Bal_error_Degrees": [302.8,166.7,160.2,66.14,64.6],
		"White_Bal_error_Mired": [-6.847,-3.848,-3.701,-1.55,-1.514],
		"White_Bal_error_S_HSV": [0.03157,0.01971,0.01945,0.008749,0.01689],
		"White_Bal_error_Delta_C_ab": [1.614,0.6999,0.4842,0.1455,0.1896],
		"White_Bal_error_Delta_C_94": [1.614,0.6999,0.4842,0.1455,0.1896],
		"White_Bal_error_Delta_C_00": [1.559,0.9113,0.5555,0.1537,0.227],
		"n_Patch": [1,2,3,4,5],
		"n_Row": [1,1,1,1,1],
		"n_Column": [1,2,3,4,5],
		"width_pixels": [70,70,70,70,70],
		"height_pixels": [78,78,78,78,78],
		"Pixels_total": [5460,5460,5460,5460,5460],
		"R_reference": [242.4,146.6,86.6,49.01,25.46],
		"G_reference": [242.4,146.6,86.6,49.01,25.46],
		"B_reference": [242.4,146.6,86.6,49.01,25.46],
		"R_input": [127.6,98.38,66.98,39.2,17.68],
		"G_input": [129.2,99.99,67.84,39.39,17.54],
		"B_input": [131.8,100.4,68.3,39.55,17.85],
		"L_reference": [95.63,60.79,36.82,20.33,8.991],
		"a_reference": [0,0,0,0,0],
		"b_reference": [0,0,0,0,0],
		"L_input": [54,42.24,28.72,15.81,5.299],
		"a_input": [-0.05665,-0.5483,-0.2561,-0.04579,0.1136],
		"b_input": [-1.613,-0.435,-0.411,-0.1381,-0.1518],
		"x_reference": [0.3127,0.3127,0.3127,0.3127,0.3127],
		"y_reference": [0.329,0.329,0.329,0.329,0.329],
		"Y_reference": [0.8913,0.2901,0.09441,0.03073,0.01],
		"x_input": [0.3081,0.3099,0.3101,0.3117,0.3119],
		"y_input": [0.3244,0.3282,0.3276,0.3282,0.3266],
		"Y_input": [0.2197,0.1266,0.05729,0.02062,0.005867],
		"LUV_comment": "L2 is used to differentiate between the L in LAB and L in LUV.",
		"L2_reference": [805.1,262,85.28,27.75,9.033],
		"U_reference": [0.1978,0.1978,0.1978,0.1978,0.1978],
		"V_reference": [0.4683,0.4683,0.4683,0.4683,0.4683],
		"L2_input": [198.5,114.3,51.75,18.63,5.299],
		"U_input": [0.1964,0.1962,0.1966,0.1974,0.1982],
		"V_input": [0.4651,0.4675,0.4672,0.4678,0.4669],
		"patch_numbers_for_all_Delta_E_C": [1,2,3,4,5],
		"Delta_E_all": [41.7,18.6,8.12,4.52,3.7],
		"Delta_C_all": [1.61,0.7,0.484,0.146,0.19],
		"Delta_E94_all": [41.7,18.6,8.12,4.52,3.7],
		"Delta_C94_all": [1.61,0.7,0.484,0.146,0.19],
		"Delta_E2000_all": [30.5,18.4,6.5,3.07,2.26],
		"Delta_C2000_all": [1.56,0.911,0.555,0.154,0.227],
		"Delta_L_all": [-41.6,-18.5,-8.1,-4.52,-3.69],
		"Delta_Chroma_all": [1.61,0.7,0.484,0.146,0.19],
		"Delta_Hue_Distance_all": [0,0,0,0,0],
		"Delta_Hue_Degrees_all": [0,0,0,0,0],
		"sat_corr_comment": "sat_corr explained on https://www.imatest.com/docs/colorcheck/#satcorr - not recommended.",
		"Delta_C_all_sat_corr": ["_NaN_","_NaN_","_NaN_","_NaN_","_NaN_"],
		"Delta_C94_all_sat_corr": ["_NaN_","_NaN_","_NaN_","_NaN_","_NaN_"],
		"Delta_C2000_all_sat_corr": ["_NaN_","_NaN_","_NaN_","_NaN_","_NaN_"],
		"grayscale_patch_numbers": [1,2,3,4,5],
		"Delta_E": [41.7,18.6,8.12,4.52,3.7],
		"Delta_C": [1.61,0.7,0.484,0.146,0.19],
		"Delta_E94": [41.7,18.6,8.12,4.52,3.7],
		"Delta_C94": [1.61,0.7,0.484,0.146,0.19],
		"Delta_E2000": [30.5,18.4,6.5,3.07,2.26],
		"Delta_C2000": [1.56,0.911,0.555,0.154,0.227],
		"Delta_L": [-41.6,-18.5,-8.1,-4.52,-3.69],
		"Delta_Chroma": [1.61,0.7,0.484,0.146,0.19],
		"Delta_Hue_Distance": [0,0,0,0,0],
		"Delta_Hue_Degrees": [0,0,0,0,0],
		"mean_Delta_E": [15.3],
		"mean_Delta_C": [0.627],
		"mean_Delta_E94": [15.3],
		"mean_Delta_C94": [0.627],
		"mean_Delta_E2000": [12.2],
		"mean_Delta_C2000": [0.681],
		"mean_Delta_L": [-15.3],
		"mean_Delta_Chroma": [0.627],
		"mean_Delta_Hue_Distance": [0],
		"mean_Delta_Hue_Degrees": [0],
		"mean_Delta_C_sat_corr": ["_NaN_"],
		"mean_Delta_C94_sat_corr": ["_NaN_"],
		"mean_Delta_C2000_sat_corr": ["_NaN_"],
		"max_Delta_E": [41.7],
		"max_Delta_C": [1.61],
		"max_Delta_E94": [41.7],
		"max_Delta_C94": [1.61],
		"max_Delta_E2000": [30.5],
		"max_Delta_C2000": [1.56],
		"max_Delta_L": [-3.69],
		"max_Delta_Chroma": [1.61],
		"max_Delta_Hue_Distance": [0],
		"max_Delta_Hue_Degrees": [0],
		"max_Delta_C_sat_corr": ["_NaN_"],
		"max_Delta_C94_sat_corr": ["_NaN_"],
		"max_Delta_C2000_sat_corr": ["_NaN_"],
		"mean_RegionSize": [5390],
		"Sequence_dark_to_light": [5,4,3,2,1],
		"Patch_number": [5,4,3,2,1],
		"R_noise": [0.007762,0.007947,0.005978,0.005856,0.005809],
		"G_noise": [0.004919,0.005416,0.003915,0.003877,0.003917],
		"B_noise": [0.006527,0.007158,0.005005,0.005003,0.005184],
		"R_SNR_ratio": [8.932,19.34,43.94,65.88,86.16],
		"G_SNR_ratio": [13.99,28.52,67.95,101.1,129.3],
		"B_SNR_ratio": [10.72,21.67,53.52,78.67,99.69],
		"R_SNR_dB": [19.02,25.73,32.86,36.38,38.71],
		"G_SNR_dB": [22.91,29.1,36.64,40.1,42.23],
		"B_SNR_dB": [20.61,26.72,34.57,37.92,39.97],
		"Gb_noise": [0.004149,0.004696,0.003302,0.003367,0.003378],
		"Gb_SNR_ratio": [16.63,32.87,80.38,116.1,149.8],
		"Gb_SNR_dB": [24.42,30.34,38.1,41.3,43.51],
		"Y_f_stop_SNR_ratio": [21.05,22.06,22.11,12.91,12.7],
		"Y_f_stop_SNR_dB": [26.47,26.87,26.89,22.22,22.08],
		"quality_levels_for_DR": [
				"Low,",
				"Medium,",
				"M-H,",
				"High,"
		],
		"SigNoise_levels_for_DR": [1,0.5,0.25,0.1],
		"Dynamic_Range_f_stops": [0,0,0,0],
		"Dynamic_Range_dB": [0,0,0,0],
		"noise_ISO15739_pct": [0.03177,0.05029,0.0866,0.2135,0.2945],
		"snr_ISO15739": [18.47,41.01,66.15,59.28,74.59],
		"noise_pct_ISO15739_at_13pct_Lref": [0.267],
		"snr_ISO15739_at_13pct_Lref": [69.39],
		"snr_dB_ISO15739_at_13pct_Lref": [36.83],
		"DynamicRange_at_density_2": [16881],
		"DynamicRange_total": [0],
		"DynamicRange_from_slope_OD": [1.95],
		"DynamicRange_from_slope_EV": [6.474],
		"DynamicRange_from_slope_dB": [39],
		"SNR_BW_dB_RGBY": [35.57,39.15,36.94,40.38],
		"L_noise": [0.4263,0.5561,0.3684,0.3517,0.3367],
		"a_noise": [1.1,1.188,0.9023,0.7871,0.7672],
		"b_noise": [1.044,1.324,0.8851,0.7939,0.8141],
		"Total_Lab_noise_unwtd": [1.575,1.864,1.317,1.172,1.168],
		"Total_ab_noise_unwtd": [1.517,1.779,1.264,1.118,1.119],
		"R_minus_Y_KK_noise": [0.006594,0.006323,0.005077,0.004824,0.004746],
		"B_minus_Y_KK_noise": [0.006846,0.007814,0.005344,0.005116,0.005498],
		"Y_Kelly_Keelan_noise": [0.004149,0.004696,0.003302,0.003367,0.003378],
		"Total_KK_noise": [0.005785,0.006211,0.00454,0.004487,0.004512],
		"Chroma_KK_noise": [0.004032,0.004065,0.003115,0.002966,0.002991],
		"Total_old_iso_noise": [0.007248,0.007577,0.005655,0.005515,0.005537],
		"Y_noise_from_YUV": [0.004148,0.004696,0.003302,0.003366,0.003378],