{
	"jsonResults": {
		"dateRun": "12-May-2025 20:25:18",
		"ini_time_size": "12-May-2025 20:24:15 19113B  MD5 = f7b12789cb505dfcbef10a517f430881",
		"version": "Imatest 24.2.6 Master Color/Tone Auto",
		"build": "2025-03-20",
		"image_file": "cup_18.0 mm_100ISO_-2EV_Dist1_OFF_Defocus2.tiff",
		"ColorSpace": "sRGB",
		"Reference": "Default values",
		"Ref_folder": "/usr/local/Imatest/v24.2/Master/",
		"Gamma": [0.3529],
		"patches_for_gamma_start_end": [1,5],
		"exposure_error_normalized_y_channel": [-0.228],
		"mean_camera_Saturation_Pct": ["_NaN_"],
		"mean_chroma_level_CPIQ_Pct": ["_NaN_"],
		"CPIQ_chroma_quality_loss_JND": ["_NaN_"],
		"CPIQ_exposure_quality_loss_JND": ["_NaN_"],
		"pixel_offset": [0],
		"mean_patch_size_pxls": [69,76],
		"roi_settings": "Recent ROI settings are in roi, nwid_save, nht_save, fillf, and distort (same names as ini file)",
		"roi": [3090,1813,3520,1902,3090,1904,3520,1805],
		"nwid_save": [6024],
		"nht_save": [4020],
		"fillf": [0.8],
		"distort": [0],
		"grayscale_zone": [1,2,3,4,5],
		"grayscale_minus_log_exposure": [2,1.513,1.025,0.5375,0.05],
		"grayscale_Y_reflectivity": [0.01,0.03073,0.09441,0.2901,0.8913],
		"grayscale_Y_Printer_pixel_gamma22": [33.13,55.18,91.91,153.1,255],
		"grayscale_Y_density": [0.445,0.5592,0.7312,0.9723,1.253],
		"grayscale_R_density": [0.4448,0.5602,0.7293,0.9682,1.25],
		"grayscale_G_density": [0.4465,0.5597,0.733,0.9746,1.256],
		"grayscale_B_density": [0.4306,0.5505,0.7191,0.9621,1.24],
		"grayscale_Y_mean": [91.53,70.37,47.35,27.18,14.23],
		"grayscale_R_mean": [91.57,70.2,47.56,27.43,14.35],
		"grayscale_G_mean": [91.2,70.28,47.16,27.04,14.16],
		"grayscale_B_mean": [94.61,71.79,48.69,27.82,14.66],
		"White_Bal_error_Degrees": [328.7,206.3,213.8,118.4,131.8],
		"White_Bal_error_Mired": [-7.405,-4.732,-4.899,-2.753,-3.056],
		"White_Bal_error_S_HSV": [0.03599,0.02225,0.03141,0.02828,0.03462],
		"White_Bal_error_Delta_C_ab": [2.098,0.9761,1.066,0.6199,0.2697],
		"White_Bal_error_Delta_C_94": [2.098,0.9761,1.066,0.6199,0.2697],
		"White_Bal_error_Delta_C_00": [2.2,1.011,1.192,0.7459,0.3173],
		"n_Patch": [1,2,3,4,5],
		"n_Row": [1,1,1,1,1],
		"n_Column": [1,2,3,4,5],
		"width_pixels": [70,70,70,70,70],
		"height_pixels": [78,78,78,78,78],
		"Pixels_total": [5460,5460,5460,5460,5460],
		"R_reference": [242.4,146.6,86.6,49.01,25.46],
		"G_reference": [242.4,146.6,86.6,49.01,25.46],
		"B_reference": [242.4,146.6,86.6,49.01,25.46],
		"R_input": [91.57,70.2,47.56,27.43,14.35],
		"G_input": [91.2,70.28,47.16,27.04,14.16],
		"B_input": [94.61,71.79,48.69,27.82,14.66],
		"L_reference": [95.63,60.79,36.82,20.33,8.991],
		"a_reference": [0,0,0,0,0],
		"b_reference": [0,0,0,0,0],
		"L_input": [38.88,29.89,19.57,9.857,4.047],
		"a_input": [0.8749,0.3054,0.5395,0.3913,0.1534],
		"b_input": [-1.907,-0.927,-0.9195,-0.4808,-0.2218],
		"x_reference": [0.3127,0.3127,0.3127,0.3127,0.3127],
		"y_reference": [0.329,0.329,0.329,0.329,0.329],
		"Y_reference": [0.8913,0.2901,0.09441,0.03073,0.01],
		"x_input": [0.3083,0.3098,0.3099,0.3114,0.3111],
		"y_input": [0.3208,0.3244,0.3227,0.3242,0.3244],
		"Y_input": [0.1059,0.06189,0.02882,0.01108,0.00448],
		"LUV_comment": "L2 is used to differentiate between the L in LAB and L in LUV.",
		"L2_reference": [805.1,262,85.28,27.75,9.033],
		"U_reference": [0.1978,0.1978,0.1978,0.1978,0.1978],
		"V_reference": [0.4683,0.4683,0.4683,0.4683,0.4683],
		"L2_input": [95.65,55.91,26.04,10,4.047],
		"U_input": [0.1979,0.1975,0.1983,0.1987,0.1984],
		"V_input": [0.4632,0.4654,0.4645,0.4655,0.4656],
		"patch_numbers_for_all_Delta_E_C": [1,2,3,4,5],
		"Delta_E_all": [56.8,30.9,17.3,10.5,4.95],
		"Delta_C_all": [2.1,0.976,1.07,0.62,0.27],
		"Delta_E94_all": [56.8,30.9,17.3,10.5,4.95],
		"Delta_C94_all": [2.1,0.976,1.07,0.62,0.27],
		"Delta_E2000_all": [45.4,29.4,13.1,6.93,3.02],
		"Delta_C2000_all": [2.2,1.01,1.19,0.746,0.317],
		"Delta_L_all": [-56.8,-30.9,-17.3,-10.5,-4.94],
		"Delta_Chroma_all": [2.1,0.976,1.07,0.62,0.27],
		"Delta_Hue_Distance_all": [0,0,0,0,0],
		"Delta_Hue_Degrees_all": [0,0,0,0,0],
		"sat_corr_comment": "sat_corr explained on https://www.imatest.com/docs/colorcheck/#satcorr - not recommended.",
		"Delta_C_all_sat_corr": ["_NaN_","_NaN_","_NaN_","_NaN_","_NaN_"],
		"Delta_C94_all_sat_corr": ["_NaN_","_NaN_","_NaN_","_NaN_","_NaN_"],
		"Delta_C2000_all_sat_corr": ["_NaN_","_NaN_","_NaN_","_NaN_","_NaN_"],
		"grayscale_patch_numbers": [1,2,3,4,5],
		"Delta_E": [56.8,30.9,17.3,10.5,4.95],
		"Delta_C": [2.1,0.976,1.07,0.62,0.27],
		"Delta_E94": [56.8,30.9,17.3,10.5,4.95],
		"Delta_C94": [2.1,0.976,1.07,0.62,0.27],
		"Delta_E2000": [45.4,29.4,13.1,6.93,3.02],
		"Delta_C2000": [2.2,1.01,1.19,0.746,0.317],
		"Delta_L": [-56.8,-30.9,-17.3,-10.5,-4.94],
		"Delta_Chroma": [2.1,0.976,1.07,0.62,0.27],
		"Delta_Hue_Distance": [0,0,0,0,0],
		"Delta_Hue_Degrees": [0,0,0,0,0],
		"mean_Delta_E": [24.1],
		"mean_Delta_C": [1.01],
		"mean_Delta_E94": [24.1],
		"mean_Delta_C94": [1.01],
		"mean_Delta_E2000": [19.6],
		"mean_Delta_C2000": [1.09],
		"mean_Delta_L": [-24.1],
		"mean_Delta_Chroma": [1.01],
		"mean_Delta_Hue_Distance": [0],
		"mean_Delta_Hue_Degrees": [0],
		"mean_Delta_C_sat_corr": ["_NaN_"],
		"mean_Delta_C94_sat_corr": ["_NaN_"],
		"mean_Delta_C2000_sat_corr": ["_NaN_"],
		"max_Delta_E": [56.8],
		"max_Delta_C": [2.1],
		"max_Delta_E94": [56.8],
		"max_Delta_C94": [2.1],
		"max_Delta_E2000": [45.4],
		"max_Delta_C2000": [2.2],
		"max_Delta_L": [-4.94],
		"max_Delta_Chroma": [2.1],
		"max_Delta_Hue_Distance": [0],
		"max_Delta_Hue_Degrees": [0],
		"max_Delta_C_sat_corr": ["_NaN_"],
		"max_Delta_C94_sat_corr": ["_NaN_"],
		"max_Delta_C2000_sat_corr": ["_NaN_"],
		"mean_RegionSize": [5390],
		"Sequence_dark_to_light": [5,4,3,2,1],
		"Patch_number": [5,4,3,2,1],
		"R_noise": [0.01772,0.01066,0.006446,0.006878,0.008497],
		"G_noise": [0.0167,0.009241,0.004546,0.005758,0.007756],
		"B_noise": [0.01795,0.01017,0.00537,0.006393,0.008294],
		"R_SNR_ratio": [3.176,10.1,28.93,40.02,42.26],
		"G_SNR_ratio": [3.324,11.47,40.68,47.86,46.11],
		"B_SNR_ratio": [3.203,10.73,35.56,44.04,44.73],
		"R_SNR_dB": [10.04,20.08,29.23,32.05,32.52],
		"G_SNR_dB": [10.43,21.19,32.19,33.6,33.28],
		"B_SNR_dB": [10.11,20.62,31.02,32.88,33.01],
		"Gb_noise": [0.01647,0.008686,0.003861,0.005244,0.007389],
		"Gb_SNR_ratio": [3.389,12.27,48.09,52.62,48.58],
		"Gb_SNR_dB": [10.6,21.78,33.64,34.42,33.73],
		"Y_f_stop_SNR_ratio": [6.934,10.2,13.54,4.616,1.903],
		"Y_f_stop_SNR_dB": [16.82,20.17,22.63,13.29,5.589],
		"quality_levels_for_DR": [
				"Low,",
				"Medium,",
				"M-H,",
				"High,"
		],
		"SigNoise_levels_for_DR": [1,0.5,0.25,0.1],
		"Dynamic_Range_f_stops": [0,6.344,5.033,3.536],
		"Dynamic_Range_dB": [0,38.19,30.3,21.28],
		"noise_ISO15739_pct": [0.1809,0.1302,0.1327,0.4219,0.8156],
		"snr_ISO15739": [2.477,8.508,21.71,14.67,12.98],
		"noise_pct_ISO15739_at_13pct_Lref": [0.7142],
		"snr_ISO15739_at_13pct_Lref": [13.42],
		"snr_dB_ISO15739_at_13pct_Lref": [22.55],
		"DynamicRange_at_density_2": [3223],
		"DynamicRange_total": [0],
		"DynamicRange_from_slope_OD": [1.95],
		"DynamicRange_from_slope_EV": [6.474],
		"DynamicRange_from_slope_dB": [39],
		"SNR_BW_dB_RGBY": [31.29,32.83,31.93,33.65],
		"L_noise": [1.861,1.085,0.4554,0.5827,0.7878],
		"a_noise": [0.9366,1.362,1.03,0.8933,0.8435],
		"b_noise": [0.8887,1.221,0.9647,0.9005,0.8453],
		"Total_Lab_noise_unwtd": [2.265,2.127,1.483,1.396,1.431],
		"Total_ab_noise_unwtd": [1.291,1.83,1.412,1.268,1.194],
		"R_minus_Y_KK_noise": [0.007151,0.006967,0.005468,0.004938,0.004771],
		"B_minus_Y_KK_noise": [0.007018,0.006704,0.005509,0.005477,0.005385],
		"Y_Kelly_Keelan_noise": [0.01647,0.008686,0.003861,0.005244,0.007389],
		"Total_KK_noise": [0.01703,0.009641,0.005091,0.006078,0.007969],
		"Chroma_KK_noise": [0.004313,0.004183,0.003318,0.003073,0.002984],
		"Total_old_iso_noise": [0.01766,0.01066,0.006237,0.006921,0.008591],
		"Y_noise_from_YUV": [0.01647,0.008686,0.003861,0.005244,0.007389],