{
	"jsonResults": {
		"dateRun": "12-May-2025 20:25:18",
		"ini_time_size": "12-May-2025 20:24:15 19113B  MD5 = f7b12789cb505dfcbef10a517f430881",
		"version": "Imatest 24.2.6 Master Color/Tone Auto",
		"build": "2025-03-20",
		"image_file": "cup_18.0 mm_6400ISO_-3EV_Dist1_OFF_Defocus1.tiff",
		"ColorSpace": "sRGB",
		"Reference": "Default values",
		"Ref_folder": "/usr/local/Imatest/v24.2/Master/",
		"Gamma": [0.4286],
		"patches_for_gamma_start_end": [1,5],
		"exposure_error_normalized_y_channel": [-0.257],
		"mean_camera_Saturation_Pct": ["_NaN_"],
		"mean_chroma_level_CPIQ_Pct": ["_NaN_"],
		"CPIQ_chroma_quality_loss_JND": ["_NaN_"],
		"CPIQ_exposure_quality_loss_JND": ["_NaN_"],
		"pixel_offset": [0],
		"mean_patch_size_pxls": [69,76],
		"roi_settings": "Recent ROI settings are in roi, nwid_save, nht_save, fillf, and distort (same names as ini file)",
		"roi": [3090,1813,3520,1902,3090,1904,3520,1805],
		"nwid_save": [6024],
		"nht_save": [4020],
		"fillf": [0.8],
		"distort": [0],
		"grayscale_zone": [1,2,3,4,5],
		"grayscale_minus_log_exposure": [2,1.513,1.025,0.5375,0.05],
		"grayscale_Y_reflectivity": [0.01,0.03073,0.09441,0.2901,0.8913],
		"grayscale_Y_Printer_pixel_gamma22": [33.13,55.18,91.91,153.1,255],
		"grayscale_Y_density": [0.5675,0.6972,0.9061,1.196,1.428],
		"grayscale_R_density": [0.5717,0.704,0.9072,1.094,1.229],
		"grayscale_G_density": [0.5672,0.6956,0.9059,1.238,1.523],
		"grayscale_B_density": [0.5586,0.6927,0.9051,1.137,1.335],
		"grayscale_Y_mean": [69.03,51.21,31.66,16.24,9.517],
		"grayscale_R_mean": [68.36,50.42,31.58,20.53,15.05],
		"grayscale_G_mean": [69.08,51.39,31.67,14.72,7.645],
		"grayscale_B_mean": [70.46,51.75,31.73,18.59,11.78],
		"White_Bal_error_Degrees": [263.7,197.5,35.23,-561,-1492],
		"White_Bal_error_Mired": [-5.999,-4.538,-0.8294,14.53,45.82],
		"White_Bal_error_S_HSV": [0.02977,0.02567,0.004836,0.2827,0.492],
		"White_Bal_error_Delta_C_ab": [0.942,0.5075,0.06548,3.249,2.849],
		"White_Bal_error_Delta_C_94": [0.942,0.5075,0.06548,3.249,2.849],
		"White_Bal_error_Delta_C_00": [0.9225,0.6262,0.0733,4.218,3.81],
		"n_Patch": [1,2,3,4,5],
		"n_Row": [1,1,1,1,1],
		"n_Column": [1,2,3,4,5],
		"width_pixels": [70,70,70,70,70],
		"height_pixels": [78,78,78,78,78],
		"Pixels_total": [5460,5460,5460,5460,5460],
		"R_reference": [242.4,146.6,86.6,49.01,25.46],
		"G_reference": [242.4,146.6,86.6,49.01,25.46],
		"B_reference": [242.4,146.6,86.6,49.01,25.46],
		"R_input": [68.36,50.42,31.58,20.53,15.05],
		"G_input": [69.08,51.39,31.67,14.72,7.645],
		"B_input": [70.46,51.75,31.73,18.59,11.78],
		"L_reference": [95.63,60.79,36.82,20.33,8.991],
		"a_reference": [0,0,0,0,0],
		"b_reference": [0,0,0,0,0],
		"L_input": [29.3,21.34,12.08,4.823,2.655],
		"a_input": [0.01493,-0.3415,-0.0297,2.988,2.72],
		"b_input": [-0.9418,-0.3755,-0.05836,-1.274,-0.848],
		"x_reference": [0.3127,0.3127,0.3127,0.3127,0.3127],
		"y_reference": [0.329,0.329,0.329,0.329,0.329],
		"Y_reference": [0.8913,0.2901,0.09441,0.03073,0.01],
		"x_input": [0.3087,0.3094,0.3122,0.3252,0.3393],
		"y_input": [0.3248,0.3276,0.3287,0.2992,0.2885],
		"Y_input": [0.05956,0.03337,0.01419,0.005339,0.00294],
		"LUV_comment": "L2 is used to differentiate between the L in LAB and L in LUV.",
		"L2_reference": [805.1,262,85.28,27.75,9.033],
		"U_reference": [0.1978,0.1978,0.1978,0.1978,0.1978],
		"V_reference": [0.4683,0.4683,0.4683,0.4683,0.4683],
		"L2_input": [53.8,30.14,12.81,4.823,2.655],
		"U_input": [0.1967,0.1961,0.1976,0.219,0.2347],
		"V_input": [0.4654,0.4671,0.4681,0.4533,0.4489],
		"patch_numbers_for_all_Delta_E_C": [1,2,3,4,5],
		"Delta_E_all": [66.3,39.4,24.7,15.8,6.95],
		"Delta_C_all": [0.942,0.508,0.0655,3.25,2.85],
		"Delta_E94_all": [66.3,39.4,24.7,15.8,6.95],
		"Delta_C94_all": [0.942,0.508,0.0655,3.25,2.85],
		"Delta_E2000_all": [56.4,35.2,18,10.8,5.39],
		"Delta_C2000_all": [0.923,0.626,0.0733,4.22,3.81],
		"Delta_L_all": [-66.3,-39.4,-24.7,-15.5,-6.34],
		"Delta_Chroma_all": [0.942,0.508,0.0655,3.25,2.85],
		"Delta_Hue_Distance_all": [0,0,0,0,0],
		"Delta_Hue_Degrees_all": [0,0,0,0,0],
		"sat_corr_comment": "sat_corr explained on https://www.imatest.com/docs/colorcheck/#satcorr - not recommended.",
		"Delta_C_all_sat_corr": ["_NaN_","_NaN_","_NaN_","_NaN_","_NaN_"],
		"Delta_C94_all_sat_corr": ["_NaN_","_NaN_","_NaN_","_NaN_","_NaN_"],
		"Delta_C2000_all_sat_corr": ["_NaN_","_NaN_","_NaN_","_NaN_","_NaN_"],
		"grayscale_patch_numbers": [1,2,3,4,5],
		"Delta_E": [66.3,39.4,24.7,15.8,6.95],
		"Delta_C": [0.942,0.508,0.0655,3.25,2.85],
		"Delta_E94": [66.3,39.4,24.7,15.8,6.95],
		"Delta_C94": [0.942,0.508,0.0655,3.25,2.85],
		"Delta_E2000": [56.4,35.2,18,10.8,5.39],
		"Delta_C2000": [0.923,0.626,0.0733,4.22,3.81],
		"Delta_L": [-66.3,-39.4,-24.7,-15.5,-6.34],
		"Delta_Chroma": [0.942,0.508,0.0655,3.25,2.85],
		"Delta_Hue_Distance": [0,0,0,0,0],
		"Delta_Hue_Degrees": [0,0,0,0,0],
		"mean_Delta_E": [30.7],
		"mean_Delta_C": [1.52],
		"mean_Delta_E94": [30.7],
		"mean_Delta_C94": [1.52],
		"mean_Delta_E2000": [25.2],
		"mean_Delta_C2000": [1.93],
		"mean_Delta_L": [-30.5],
		"mean_Delta_Chroma": [1.52],
		"mean_Delta_Hue_Distance": [0],
		"mean_Delta_Hue_Degrees": [0],
		"mean_Delta_C_sat_corr": ["_NaN_"],
		"mean_Delta_C94_sat_corr": ["_NaN_"],
		"mean_Delta_C2000_sat_corr": ["_NaN_"],
		"max_Delta_E": [66.3],
		"max_Delta_C": [3.25],
		"max_Delta_E94": [66.3],
		"max_Delta_C94": [3.25],
		"max_Delta_E2000": [56.4],
		"max_Delta_C2000": [4.22],
		"max_Delta_L": [-6.34],
		"max_Delta_Chroma": [3.25],
		"max_Delta_Hue_Distance": [0],
		"max_Delta_Hue_Degrees": [0],
		"max_Delta_C_sat_corr": ["_NaN_"],
		"max_Delta_C94_sat_corr": ["_NaN_"],
		"max_Delta_C2000_sat_corr": ["_NaN_"],
		"mean_RegionSize": [5390],
		"Sequence_dark_to_light": [5,4,3,2,1],
		"Patch_number": [5,4,3,2,1],
		"R_noise": [0.053,0.06144,0.07092,0.06543,0.05854],
		"G_noise": [0.03507,0.0448,0.04675,0.03784,0.03174],
		"B_noise": [0.04333,0.05315,0.05761,0.05013,0.04098],
		"R_SNR_ratio": [1.113,1.31,1.746,3.022,4.58],
		"G_SNR_ratio": [0.8549,1.289,2.657,5.326,8.534],
		"B_SNR_ratio": [1.066,1.372,2.16,4.048,6.742],
		"R_SNR_dB": [0.9338,2.347,4.841,9.605,13.22],
		"G_SNR_dB": [-1.362,2.205,8.487,14.53,18.62],
		"B_SNR_dB": [0.5571,2.744,6.689,12.15,16.58],
		"Gb_noise": [0.02892,0.03629,0.03746,0.03157,0.02756],
		"Gb_SNR_ratio": [1.29,1.755,3.314,6.361,9.823],
		"Gb_SNR_dB": [2.214,4.884,10.41,16.07,19.84],
		"Y_f_stop_SNR_ratio": [1.565,1.433,1.13,0.7386,0.5626],
		"Y_f_stop_SNR_dB": [3.892,3.126,1.064,-2.632,-4.997],
		"quality_levels_for_DR": [
				"Low,",
				"Medium,",
				"M-H,",
				"High,"
		],
		"SigNoise_levels_for_DR": [1,0.5,0.25,0.1],
		"Dynamic_Range_f_stops": [3.637,0,0,0],
		"Dynamic_Range_dB": [21.89,0,0,0],
		"noise_ISO15739_pct": [0.6967,1.118,2.266,4.123,4.863],
		"snr_ISO15739": [0.4219,0.4776,0.6259,0.8094,1.225],
		"noise_pct_ISO15739_at_13pct_Lref": [4.474],
		"snr_ISO15739_at_13pct_Lref": [1.007],
		"snr_dB_ISO15739_at_13pct_Lref": [0.05919],
		"DynamicRange_at_density_2": [606],
		"DynamicRange_total": [8.696],
		"DynamicRange_from_slope_OD": [1.95],
		"DynamicRange_from_slope_EV": [6.474],
		"DynamicRange_from_slope_dB": [39],
		"SNR_BW_dB_RGBY": [10,14.76,12.32,16.33],
		"L_noise": [2.695,3.691,4.209,3.517,2.986],
		"a_noise": [7.289,9.558,11.37,9.486,7.761],
		"b_noise": [6.367,8.94,10.45,9.211,7.193],
		"Total_Lab_noise_unwtd": [10.05,13.6,16,13.68,10.99],
		"Total_ab_noise_unwtd": [9.678,13.09,15.44,13.22,10.58],
		"R_minus_Y_KK_noise": [0.04702,0.05498,0.06406,0.05615,0.04887],
		"B_minus_Y_KK_noise": [0.0454,0.05876,0.06306,0.05506,0.04409],
		"Y_Kelly_Keelan_noise": [0.02892,0.03629,0.03746,0.03157,0.02756],
		"Total_KK_noise": [0.04043,0.04964,0.05384,0.04629,0.03996],
		"Chroma_KK_noise": [0.02825,0.03387,0.03866,0.03386,0.02894],
		"Total_old_iso_noise": [0.05081,0.06167,0.06831,0.05915,0.05098],
		"Y_noise_from_YUV": [0.02892,0.03628,0.03746,0.03157,0.02756],
		"U_noise_from_YUV": [0.02133,0.02761,0.02963,0.02587,0.02072],