{
	"jsonResults": {
		"dateRun": "12-May-2025 20:25:18",
		"ini_time_size": "12-May-2025 20:24:15 19113B  MD5 = f7b12789cb505dfcbef10a517f430881",
		"version": "Imatest 24.2.6 Master Color/Tone Auto",
		"build": "2025-03-20",
		"image_file": "cup_18.0 mm_1600ISO_-3EV_Dist1_ON_Defocus2.tiff",
		"ColorSpace": "sRGB",
		"Reference": "Default values",
		"Ref_folder": "/usr/local/Imatest/v24.2/Master/",
		"Gamma": [0.3751],
		"patches_for_gamma_start_end": [1,5],
		"exposure_error_normalized_y_channel": [-0.245],
		"mean_camera_Saturation_Pct": ["_NaN_"],
		"mean_chroma_level_CPIQ_Pct": ["_NaN_"],
		"CPIQ_chroma_quality_loss_JND": ["_NaN_"],
		"CPIQ_exposure_quality_loss_JND": ["_NaN_"],
		"pixel_offset": [0],
		"mean_patch_size_pxls": [69,76],
		"roi_settings": "Recent ROI settings are in roi, nwid_save, nht_save, fillf, and distort (same names as ini file)",
		"roi": [3090,1813,3520,1902,3090,1904,3520,1805],
		"nwid_save": [6024],
		"nht_save": [4020],
		"fillf": [0.8],
		"distort": [0],
		"grayscale_zone": [1,2,3,4,5],
		"grayscale_minus_log_exposure": [2,1.513,1.025,0.5375,0.05],
		"grayscale_Y_reflectivity": [0.01,0.03073,0.09441,0.2901,0.8913],
		"grayscale_Y_Printer_pixel_gamma22": [33.13,55.18,91.91,153.1,255],
		"grayscale_Y_density": [0.5122,0.6268,0.8097,1.083,1.363],
		"grayscale_R_density": [0.5301,0.6475,0.8386,1.132,1.334],
		"grayscale_G_density": [0.5118,0.6248,0.806,1.073,1.379],
		"grayscale_B_density": [0.4669,0.5888,0.7665,1.044,1.309],
		"grayscale_Y_mean": [78.4,60.22,39.52,21.09,11.04],
		"grayscale_R_mean": [75.23,57.41,36.98,18.81,11.83],
		"grayscale_G_mean": [78.47,60.49,39.86,21.57,10.66],
		"grayscale_B_mean": [87.03,65.73,43.66,23.05,12.53],
		"White_Bal_error_Degrees": [1628,1329,1474,1289,414.2],
		"White_Bal_error_Mired": [-30.82,-26.12,-28.44,-25.46,-9.217],
		"White_Bal_error_S_HSV": [0.1355,0.1265,0.1529,0.1839,0.1495],
		"White_Bal_error_Delta_C_ab": [5.517,3.662,2.948,1.635,0.9011],
		"White_Bal_error_Delta_C_94": [5.517,3.662,2.948,1.635,0.9011],
		"White_Bal_error_Delta_C_00": [4.95,3.384,2.782,1.795,1.104],
		"n_Patch": [1,2,3,4,5],
		"n_Row": [1,1,1,1,1],
		"n_Column": [1,2,3,4,5],
		"width_pixels": [70,70,70,70,70],
		"height_pixels": [78,78,78,78,78],
		"Pixels_total": [5460,5460,5460,5460,5460],
		"R_reference": [242.4,146.6,86.6,49.01,25.46],
		"G_reference": [242.4,146.6,86.6,49.01,25.46],
		"B_reference": [242.4,146.6,86.6,49.01,25.46],
		"R_input": [75.23,57.41,36.98,18.81,11.83],
		"G_input": [78.47,60.49,39.86,21.57,10.66],
		"B_input": [87.03,65.73,43.66,23.05,12.53],
		"L_reference": [95.63,60.79,36.82,20.33,8.991],
		"a_reference": [0,0,0,0,0],
		"b_reference": [0,0,0,0,0],
		"L_input": [33.37,25.43,15.9,6.829,3.039],
		"a_input": [0.6854,-0.03008,-0.3004,-0.8117,0.6134],
		"b_input": [-5.475,-3.662,-2.933,-1.42,-0.6601],
		"x_reference": [0.3127,0.3127,0.3127,0.3127,0.3127],
		"y_reference": [0.329,0.329,0.329,0.329,0.329],
		"Y_reference": [0.8913,0.2901,0.09441,0.03073,0.01],
		"x_input": [0.2933,0.2955,0.2936,0.2939,0.3089],
		"y_input": [0.3056,0.311,0.3109,0.318,0.3105],
		"Y_input": [0.0771,0.04556,0.0208,0.00756,0.003364],
		"LUV_comment": "L2 is used to differentiate between the L in LAB and L in LUV.",
		"L2_reference": [805.1,262,85.28,27.75,9.033],
		"U_reference": [0.1978,0.1978,0.1978,0.1978,0.1978],
		"V_reference": [0.4683,0.4683,0.4683,0.4683,0.4683],
		"L2_input": [69.65,41.15,18.79,6.829,3.039],
		"U_input": [0.1929,0.1925,0.1911,0.1888,0.2023],
		"V_input": [0.4523,0.4558,0.4554,0.4596,0.4575],
		"patch_numbers_for_all_Delta_E_C": [1,2,3,4,5],
		"Delta_E_all": [62.5,35.5,21.1,13.6,6.02],
		"Delta_C_all": [5.52,3.66,2.95,1.64,0.901],
		"Delta_E94_all": [62.5,35.5,21.1,13.6,6.02],
		"Delta_C94_all": [5.52,3.66,2.95,1.64,0.901],
		"Delta_E2000_all": [51.8,32.7,15.8,8.94,3.76],
		"Delta_C2000_all": [4.95,3.38,2.78,1.79,1.1],
		"Delta_L_all": [-62.3,-35.4,-20.9,-13.5,-5.95],
		"Delta_Chroma_all": [5.52,3.66,2.95,1.64,0.901],
		"Delta_Hue_Distance_all": [0,0,0,0,0],
		"Delta_Hue_Degrees_all": [0,0,0,0,0],
		"sat_corr_comment": "sat_corr explained on https://www.imatest.com/docs/colorcheck/#satcorr - not recommended.",
		"Delta_C_all_sat_corr": ["_NaN_","_NaN_","_NaN_","_NaN_","_NaN_"],
		"Delta_C94_all_sat_corr": ["_NaN_","_NaN_","_NaN_","_NaN_","_NaN_"],
		"Delta_C2000_all_sat_corr": ["_NaN_","_NaN_","_NaN_","_NaN_","_NaN_"],
		"grayscale_patch_numbers": [1,2,3,4,5],
		"Delta_E": [62.5,35.5,21.1,13.6,6.02],
		"Delta_C": [5.52,3.66,2.95,1.64,0.901],
		"Delta_E94": [62.5,35.5,21.1,13.6,6.02],
		"Delta_C94": [5.52,3.66,2.95,1.64,0.901],
		"Delta_E2000": [51.8,32.7,15.8,8.94,3.76],
		"Delta_C2000": [4.95,3.38,2.78,1.79,1.1],
		"Delta_L": [-62.3,-35.4,-20.9,-13.5,-5.95],
		"Delta_Chroma": [5.52,3.66,2.95,1.64,0.901],
		"Delta_Hue_Distance": [0,0,0,0,0],
		"Delta_Hue_Degrees": [0,0,0,0,0],
		"mean_Delta_E": [27.8],
		"mean_Delta_C": [2.93],
		"mean_Delta_E94": [27.8],
		"mean_Delta_C94": [2.93],
		"mean_Delta_E2000": [22.6],
		"mean_Delta_C2000": [2.8],
		"mean_Delta_L": [-27.6],
		"mean_Delta_Chroma": [2.93],
		"mean_Delta_Hue_Distance": [0],
		"mean_Delta_Hue_Degrees": [0],
		"mean_Delta_C_sat_corr": ["_NaN_"],
		"mean_Delta_C94_sat_corr": ["_NaN_"],
		"mean_Delta_C2000_sat_corr": ["_NaN_"],
		"max_Delta_E": [62.5],
		"max_Delta_C": [5.52],
		"max_Delta_E94": [62.5],
		"max_Delta_C94": [5.52],
		"max_Delta_E2000": [51.8],
		"max_Delta_C2000": [4.95],
		"max_Delta_L": [-5.95],
		"max_Delta_Chroma": [5.52],
		"max_Delta_Hue_Distance": [0],
		"max_Delta_Hue_Degrees": [0],
		"max_Delta_C_sat_corr": ["_NaN_"],
		"max_Delta_C94_sat_corr": ["_NaN_"],
		"max_Delta_C2000_sat_corr": ["_NaN_"],
		"mean_RegionSize": [5390],
		"Sequence_dark_to_light": [5,4,3,2,1],
		"Patch_number": [5,4,3,2,1],
		"R_noise": [0.03778,0.04776,0.03882,0.03064,0.02849],
		"G_noise": [0.03024,0.03364,0.02235,0.01946,0.01864],
		"B_noise": [0.03466,0.03921,0.028,0.02338,0.02233],
		"R_SNR_ratio": [1.228,1.545,3.736,7.348,10.35],
		"G_SNR_ratio": [1.382,2.514,6.995,12.19,16.51],
		"B_SNR_ratio": [1.418,2.306,6.113,11.02,15.28],
		"R_SNR_dB": [1.785,3.776,11.45,17.32,20.3],
		"G_SNR_dB": [2.811,8.008,16.9,21.72,24.35],
		"B_SNR_dB": [3.032,7.255,15.73,20.85,23.69],
		"Gb_noise": [0.02527,0.02826,0.01873,0.01586,0.01569],
		"Gb_SNR_ratio": [1.713,2.927,8.276,14.89,19.6],
		"Gb_SNR_dB": [4.677,9.328,18.36,23.46,25.84],
		"Y_f_stop_SNR_ratio": [2.807,2.968,2.53,1.22,0.9624],
		"Y_f_stop_SNR_dB": [8.963,9.45,8.061,1.729,-0.3331],
		"quality_levels_for_DR": [
				"Low,",
				"Medium,",
				"M-H,",
				"High,"
		],
		"SigNoise_levels_for_DR": [1,0.5,0.25,0.1],
		"Dynamic_Range_f_stops": [6.19,3.639,0,0],
		"Dynamic_Range_dB": [37.26,21.9,0,0],
		"noise_ISO15739_pct": [0.3648,0.546,0.7946,1.574,2.167],
		"snr_ISO15739": [0.9222,1.385,2.618,2.895,3.558],
		"noise_pct_ISO15739_at_13pct_Lref": [1.968],
		"snr_ISO15739_at_13pct_Lref": [3.336],
		"snr_dB_ISO15739_at_13pct_Lref": [10.46],
		"DynamicRange_at_density_2": [1453],
		"DynamicRange_total": [438.8],
		"DynamicRange_from_slope_OD": [1.95],
		"DynamicRange_from_slope_EV": [6.474],
		"DynamicRange_from_slope_dB": [39],
		"SNR_BW_dB_RGBY": [17.31,21.25,19.66,23.03],
		"L_noise": [2.358,3.076,2.2,1.778,1.693],
		"a_noise": [4.997,6.983,5.923,4.867,4.143],
		"b_noise": [4.819,6.657,5.64,4.386,3.935],
		"Total_Lab_noise_unwtd": [7.331,10.13,8.47,6.788,5.959],
		"Total_ab_noise_unwtd": [6.942,9.648,8.179,6.551,5.714],
		"R_minus_Y_KK_noise": [0.03279,0.04071,0.03295,0.02684,0.02414],
		"B_minus_Y_KK_noise": [0.03554,0.0421,0.03185,0.02613,0.02448],
		"Y_Kelly_Keelan_noise": [0.02527,0.02826,0.01873,0.01586,0.01569],
		"Total_KK_noise": [0.0324,0.03764,0.02726,0.02264,0.02148],
		"Chroma_KK_noise": [0.02028,0.02487,0.0198,0.01616,0.01467],
		"Total_old_iso_noise": [0.0391,0.04629,0.03475,0.02867,0.02674],
		"Y_noise_from_YUV": [0.02527,0.02825,0.01873,0.01586,0.01569],
		"U_noise_from_YUV": [0.0167,0.01978,0.01496,0.01228,0.0115],