{
	"jsonResults": {
		"dateRun": "12-May-2025 20:25:18",
		"ini_time_size": "12-May-2025 20:24:15 19113B  MD5 = f7b12789cb505dfcbef10a517f430881",
		"version": "Imatest 24.2.6 Master Color/Tone Auto",
		"build": "2025-03-20",
		"image_file": "cup_18.0 mm_1600ISO_-3EV_Dist1_ON_Focused.tiff",
		"ColorSpace": "sRGB",
		"Reference": "Default values",
		"Ref_folder": "/usr/local/Imatest/v24.2/Master/",
		"Gamma": [0.3997],
		"patches_for_gamma_start_end": [1,5],
		"exposure_error_normalized_y_channel": [-0.256],
		"mean_camera_Saturation_Pct": ["_NaN_"],
		"mean_chroma_level_CPIQ_Pct": ["_NaN_"],
		"CPIQ_chroma_quality_loss_JND": ["_NaN_"],
		"CPIQ_exposure_quality_loss_JND": ["_NaN_"],
		"pixel_offset": [0],
		"mean_patch_size_pxls": [69,76],
		"roi_settings": "Recent ROI settings are in roi, nwid_save, nht_save, fillf, and distort (same names as ini file)",
		"roi": [3090,1813,3520,1902,3090,1904,3520,1805],
		"nwid_save": [6024],
		"nht_save": [4020],
		"fillf": [0.8],
		"distort": [0],
		"grayscale_zone": [1,2,3,4,5],
		"grayscale_minus_log_exposure": [2,1.513,1.025,0.5375,0.05],
		"grayscale_Y_reflectivity": [0.01,0.03073,0.09441,0.2901,0.8913],
		"grayscale_Y_Printer_pixel_gamma22": [33.13,55.18,91.91,153.1,255],
		"grayscale_Y_density": [0.5661,0.6895,0.8844,1.191,1.643],
		"grayscale_R_density": [0.5791,0.7065,0.9115,1.197,1.525],
		"grayscale_G_density": [0.5669,0.6888,0.8818,1.195,1.703],
		"grayscale_B_density": [0.523,0.6489,0.8347,1.14,1.508],
		"grayscale_Y_mean": [69.25,52.13,33.28,16.41,5.807],
		"grayscale_R_mean": [67.21,50.12,31.26,16.2,7.62],
		"grayscale_G_mean": [69.13,52.21,33.47,16.27,5.056],
		"grayscale_B_mean": [76.49,57.23,37.31,18.46,7.919],
		"White_Bal_error_Degrees": [1412,1303,1567,913.4,612.2],
		"White_Bal_error_Mired": [-27.46,-25.7,-29.88,-18.95,-13.24],
		"White_Bal_error_S_HSV": [0.1213,0.1241,0.1621,0.1222,0.3615],
		"White_Bal_error_Delta_C_ab": [4.784,3.484,2.93,1.283,1.364],
		"White_Bal_error_Delta_C_94": [4.784,3.484,2.93,1.283,1.364],
		"White_Bal_error_Delta_C_00": [4.412,3.248,2.749,1.325,1.743],
		"n_Patch": [1,2,3,4,5],
		"n_Row": [1,1,1,1,1],
		"n_Column": [1,2,3,4,5],
		"width_pixels": [70,70,70,70,70],
		"height_pixels": [78,78,78,78,78],
		"Pixels_total": [5460,5460,5460,5460,5460],
		"R_reference": [242.4,146.6,86.6,49.01,25.46],
		"G_reference": [242.4,146.6,86.6,49.01,25.46],
		"B_reference": [242.4,146.6,86.6,49.01,25.46],
		"R_input": [67.21,50.12,31.26,16.2,7.62],
		"G_input": [69.13,52.21,33.47,16.27,5.056],
		"B_input": [76.49,57.23,37.31,18.46,7.919],
		"L_reference": [95.63,60.79,36.82,20.33,8.991],
		"a_reference": [0,0,0,0,0],
		"b_reference": [0,0,0,0,0],
		"L_input": [29.42,21.78,12.89,4.839,1.592],
		"a_input": [0.9386,0.3379,0.01027,0.4177,1.069],
		"b_input": [-4.691,-3.467,-2.93,-1.213,-0.8479],
		"x_reference": [0.3127,0.3127,0.3127,0.3127,0.3127],
		"y_reference": [0.329,0.329,0.329,0.329,0.329],
		"Y_reference": [0.8913,0.2901,0.09441,0.03073,0.01],
		"x_input": [0.2957,0.2962,0.2931,0.3014,0.3118],
		"y_input": [0.3067,0.3097,0.3083,0.3109,0.2838],
		"Y_input": [0.06001,0.03454,0.01545,0.005357,0.001763],
		"LUV_comment": "L2 is used to differentiate between the L in LAB and L in LUV.",
		"L2_reference": [805.1,262,85.28,27.75,9.033],
		"U_reference": [0.1978,0.1978,0.1978,0.1978,0.1978],
		"V_reference": [0.4683,0.4683,0.4683,0.4683,0.4683],
		"L2_input": [54.21,31.2,13.96,4.839,1.592],
		"U_input": [0.1943,0.1935,0.1918,0.1967,0.2157],
		"V_input": [0.4533,0.4552,0.4539,0.4566,0.4418],
		"patch_numbers_for_all_Delta_E_C": [1,2,3,4,5],
		"Delta_E_all": [66.4,39.2,24.1,15.5,7.52],
		"Delta_C_all": [4.78,3.48,2.93,1.28,1.36],
		"Delta_E94_all": [66.4,39.2,24.1,15.5,7.52],
		"Delta_C94_all": [4.78,3.48,2.93,1.28,1.36],
		"Delta_E2000_all": [56.4,35.1,17.7,10,4.77],
		"Delta_C2000_all": [4.41,3.25,2.75,1.32,1.74],
		"Delta_L_all": [-66.2,-39,-23.9,-15.5,-7.4],
		"Delta_Chroma_all": [4.78,3.48,2.93,1.28,1.36],
		"Delta_Hue_Distance_all": [0,0,0,0,0],
		"Delta_Hue_Degrees_all": [0,0,0,0,0],
		"sat_corr_comment": "sat_corr explained on https://www.imatest.com/docs/colorcheck/#satcorr - not recommended.",
		"Delta_C_all_sat_corr": ["_NaN_","_NaN_","_NaN_","_NaN_","_NaN_"],
		"Delta_C94_all_sat_corr": ["_NaN_","_NaN_","_NaN_","_NaN_","_NaN_"],
		"Delta_C2000_all_sat_corr": ["_NaN_","_NaN_","_NaN_","_NaN_","_NaN_"],
		"grayscale_patch_numbers": [1,2,3,4,5],
		"Delta_E": [66.4,39.2,24.1,15.5,7.52],
		"Delta_C": [4.78,3.48,2.93,1.28,1.36],
		"Delta_E94": [66.4,39.2,24.1,15.5,7.52],
		"Delta_C94": [4.78,3.48,2.93,1.28,1.36],
		"Delta_E2000": [56.4,35.1,17.7,10,4.77],
		"Delta_C2000": [4.41,3.25,2.75,1.32,1.74],
		"Delta_L": [-66.2,-39,-23.9,-15.5,-7.4],
		"Delta_Chroma": [4.78,3.48,2.93,1.28,1.36],
		"Delta_Hue_Distance": [0,0,0,0,0],
		"Delta_Hue_Degrees": [0,0,0,0,0],
		"mean_Delta_E": [30.5],
		"mean_Delta_C": [2.77],
		"mean_Delta_E94": [30.5],
		"mean_Delta_C94": [2.77],
		"mean_Delta_E2000": [24.8],
		"mean_Delta_C2000": [2.7],
		"mean_Delta_L": [-30.4],
		"mean_Delta_Chroma": [2.77],
		"mean_Delta_Hue_Distance": [0],
		"mean_Delta_Hue_Degrees": [0],
		"mean_Delta_C_sat_corr": ["_NaN_"],
		"mean_Delta_C94_sat_corr": ["_NaN_"],
		"mean_Delta_C2000_sat_corr": ["_NaN_"],
		"max_Delta_E": [66.4],
		"max_Delta_C": [4.78],
		"max_Delta_E94": [66.4],
		"max_Delta_C94": [4.78],
		"max_Delta_E2000": [56.4],
		"max_Delta_C2000": [4.41],
		"max_Delta_L": [-7.4],
		"max_Delta_Chroma": [4.78],
		"max_Delta_Hue_Distance": [0],
		"max_Delta_Hue_Degrees": [0],
		"max_Delta_C_sat_corr": ["_NaN_"],
		"max_Delta_C94_sat_corr": ["_NaN_"],
		"max_Delta_C2000_sat_corr": ["_NaN_"],
		"mean_RegionSize": [5390],
		"Sequence_dark_to_light": [5,4,3,2,1],
		"Patch_number": [5,4,3,2,1],
		"R_noise": [0.02811,0.03751,0.03438,0.02799,0.0249],
		"G_noise": [0.01911,0.02854,0.01931,0.0165,0.0152],
		"B_noise": [0.0254,0.03397,0.02398,0.02087,0.01897],
		"R_SNR_ratio": [1.063,1.694,3.566,7.023,10.58],
		"G_SNR_ratio": [1.037,2.236,6.799,12.41,17.84],
		"B_SNR_ratio": [1.222,2.131,6.102,10.75,15.81],
		"R_SNR_dB": [0.5306,4.576,11.04,16.93,20.49],
		"G_SNR_dB": [0.3177,6.988,16.65,21.87,25.03],
		"B_SNR_dB": [1.745,6.57,15.71,20.63,23.98],
		"Gb_noise": [0.01578,0.02317,0.01581,0.01361,0.01281],
		"Gb_SNR_ratio": [1.443,2.778,8.257,15.02,21.21],
		"Gb_SNR_dB": [3.186,8.874,18.34,23.53,26.53],
		"Y_f_stop_SNR_ratio": [3.237,3.2,2.735,1.435,1.627],
		"Y_f_stop_SNR_dB": [10.2,10.1,8.74,3.14,4.229],
		"quality_levels_for_DR": [
				"Low,",
				"Medium,",
				"M-H,",
				"High,"
		],
		"SigNoise_levels_for_DR": [1,0.5,0.25,0.1],
		"Dynamic_Range_f_stops": [0,3.896,0,0],
		"Dynamic_Range_dB": [0,23.46,0,0],
		"noise_ISO15739_pct": [0.252,0.5049,0.791,1.608,2.09],
		"snr_ISO15739": [0.6995,1.061,1.953,2.148,2.871],
		"noise_pct_ISO15739_at_13pct_Lref": [1.887],
		"snr_ISO15739_at_13pct_Lref": [2.567],
		"snr_dB_ISO15739_at_13pct_Lref": [8.187],
		"DynamicRange_at_density_2": [1896],
		"DynamicRange_total": [188],
		"DynamicRange_from_slope_OD": [1.95],
		"DynamicRange_from_slope_EV": [6.474],
		"DynamicRange_from_slope_dB": [39],
		"SNR_BW_dB_RGBY": [17.39,21.98,19.94,23.65],
		"L_noise": [1.189,2.344,1.899,1.555,1.408],
		"a_noise": [3.113,5.409,5.501,4.281,3.656],
		"b_noise": [3.105,5.268,4.881,4.115,3.456],
		"Total_Lab_noise_unwtd": [4.554,7.905,7.595,6.138,5.225],
		"Total_ab_noise_unwtd": [4.396,7.55,7.354,5.938,5.031],
		"R_minus_Y_KK_noise": [0.02461,0.03413,0.03002,0.02411,0.02105],
		"B_minus_Y_KK_noise": [0.02689,0.03559,0.02691,0.02402,0.02106],
		"Y_Kelly_Keelan_noise": [0.01578,0.02317,0.01581,0.01361,0.01281],
		"Total_KK_noise": [0.02195,0.0312,0.02377,0.01995,0.01807],
		"Chroma_KK_noise": [0.01525,0.02089,0.01775,0.01459,0.01275],
		"Total_old_iso_noise": [0.02743,0.03854,0.0307,0.02549,0.02277],
		"Y_noise_from_YUV": [0.01578,0.02317,0.01581,0.01361,0.01281],
		"U_noise_from_YUV": [0.01264,0.01672,0.01264,0.01129,0.009894],
		"V_noise_from_YUV": [0.01922,0.02665,0.02344,0.01883,0.01644],