{
	"jsonResults": {
		"dateRun": "12-May-2025 20:25:18",
		"ini_time_size": "12-May-2025 20:24:15 19113B  MD5 = f7b12789cb505dfcbef10a517f430881",
		"version": "Imatest 24.2.6 Master Color/Tone Auto",
		"build": "2025-03-20",
		"image_file": "cup_18.0 mm_1600ISO_-1EV_Dist1_ON_Focused.tiff",
		"ColorSpace": "sRGB",
		"Reference": "Default values",
		"Ref_folder": "/usr/local/Imatest/v24.2/Master/",
		"Gamma": [0.401],
		"patches_for_gamma_start_end": [1,5],
		"exposure_error_normalized_y_channel": [-0.108],
		"mean_camera_Saturation_Pct": ["_NaN_"],
		"mean_chroma_level_CPIQ_Pct": ["_NaN_"],
		"CPIQ_chroma_quality_loss_JND": ["_NaN_"],
		"CPIQ_exposure_quality_loss_JND": ["_NaN_"],
		"pixel_offset": [0],
		"mean_patch_size_pxls": [69,76],
		"roi_settings": "Recent ROI settings are in roi, nwid_save, nht_save, fillf, and distort (same names as ini file)",
		"roi": [3090,1813,3520,1902,3090,1904,3520,1805],
		"nwid_save": [6024],
		"nht_save": [4020],
		"fillf": [0.8],
		"distort": [0],
		"grayscale_zone": [1,2,3,4,5],
		"grayscale_minus_log_exposure": [2,1.513,1.025,0.5375,0.05],
		"grayscale_Y_reflectivity": [0.01,0.03073,0.09441,0.2901,0.8913],
		"grayscale_Y_Printer_pixel_gamma22": [33.13,55.18,91.91,153.1,255],
		"grayscale_Y_density": [0.2254,0.3335,0.4962,0.7245,1.072],
		"grayscale_R_density": [0.2246,0.3346,0.4967,0.7274,1.081],
		"grayscale_G_density": [0.2269,0.3336,0.4968,0.724,1.07],
		"grayscale_B_density": [0.2137,0.3292,0.4886,0.7206,1.062],
		"grayscale_Y_mean": [151.7,118.3,81.35,48.09,21.62],
		"grayscale_R_mean": [152,118,81.25,47.77,21.16],
		"grayscale_G_mean": [151.2,118.3,81.24,48.15,21.7],
		"grayscale_B_mean": [155.9,119.5,82.78,48.52,22.1],
		"White_Bal_error_Degrees": [265.5,119.1,176.5,122.4,265.5],
		"White_Bal_error_Mired": [-6.037,-2.769,-4.067,-2.843,-6.038],
		"White_Bal_error_S_HSV": [0.02984,0.01241,0.01859,0.01549,0.04281],
		"White_Bal_error_Delta_C_ab": [2.633,0.7268,0.9665,0.3106,0.3847],
		"White_Bal_error_Delta_C_94": [2.633,0.7268,0.9665,0.3106,0.3847],
		"White_Bal_error_Delta_C_00": [2.772,0.7333,1.013,0.3204,0.4144],
		"n_Patch": [1,2,3,4,5],
		"n_Row": [1,1,1,1,1],
		"n_Column": [1,2,3,4,5],
		"width_pixels": [70,70,70,70,70],
		"height_pixels": [78,78,78,78,78],
		"Pixels_total": [5460,5460,5460,5460,5460],
		"R_reference": [242.4,146.6,86.6,49.01,25.46],
		"G_reference": [242.4,146.6,86.6,49.01,25.46],
		"B_reference": [242.4,146.6,86.6,49.01,25.46],
		"R_input": [152,118,81.25,47.77,21.16],
		"G_input": [151.2,118.3,81.24,48.15,21.7],
		"B_input": [155.9,119.5,82.78,48.52,22.1],
		"L_reference": [95.63,60.79,36.82,20.33,8.991],
		"a_reference": [0,0,0,0,0],
		"b_reference": [0,0,0,0,0],
		"L_input": [62.75,49.76,34.6,19.91,7.064],
		"a_input": [1.202,0.1487,0.3357,-0.07817,-0.1468],
		"b_input": [-2.343,-0.7115,-0.9063,-0.3006,-0.3556],
		"x_reference": [0.3127,0.3127,0.3127,0.3127,0.3127],
		"y_reference": [0.329,0.329,0.329,0.329,0.329],
		"Y_reference": [0.8913,0.2901,0.09441,0.03073,0.01],
		"x_input": [0.3092,0.311,0.3102,0.3108,0.3085],
		"y_input": [0.3219,0.3267,0.3249,0.3275,0.3261],
		"Y_input": [0.3128,0.1822,0.08302,0.02966,0.00782],
		"LUV_comment": "L2 is used to differentiate between the L in LAB and L in LUV.",
		"L2_reference": [805.1,262,85.28,27.75,9.033],
		"U_reference": [0.1978,0.1978,0.1978,0.1978,0.1978],
		"V_reference": [0.4683,0.4683,0.4683,0.4683,0.4683],
		"L2_input": [282.6,164.6,75,26.79,7.064],
		"U_input": [0.1981,0.1975,0.1977,0.1971,0.196],
		"V_input": [0.4639,0.4668,0.4657,0.4672,0.4661],
		"patch_numbers_for_all_Delta_E_C": [1,2,3,4,5],
		"Delta_E_all": [33,11.1,2.42,0.525,1.97],
		"Delta_C_all": [2.63,0.727,0.967,0.311,0.385],
		"Delta_E94_all": [33,11.1,2.42,0.525,1.97],
		"Delta_C94_all": [2.63,0.727,0.967,0.311,0.385],
		"Delta_E2000_all": [23.1,10.4,2.1,0.435,1.26],
		"Delta_C2000_all": [2.77,0.733,1.01,0.32,0.414],
		"Delta_L_all": [-32.9,-11,-2.21,-0.424,-1.93],
		"Delta_Chroma_all": [2.63,0.727,0.967,0.311,0.385],
		"Delta_Hue_Distance_all": [0,0,0,0,0],
		"Delta_Hue_Degrees_all": [0,0,0,0,0],
		"sat_corr_comment": "sat_corr explained on https://www.imatest.com/docs/colorcheck/#satcorr - not recommended.",
		"Delta_C_all_sat_corr": ["_NaN_","_NaN_","_NaN_","_NaN_","_NaN_"],
		"Delta_C94_all_sat_corr": ["_NaN_","_NaN_","_NaN_","_NaN_","_NaN_"],
		"Delta_C2000_all_sat_corr": ["_NaN_","_NaN_","_NaN_","_NaN_","_NaN_"],
		"grayscale_patch_numbers": [1,2,3,4,5],
		"Delta_E": [33,11.1,2.42,0.525,1.97],
		"Delta_C": [2.63,0.727,0.967,0.311,0.385],
		"Delta_E94": [33,11.1,2.42,0.525,1.97],
		"Delta_C94": [2.63,0.727,0.967,0.311,0.385],
		"Delta_E2000": [23.1,10.4,2.1,0.435,1.26],
		"Delta_C2000": [2.77,0.733,1.01,0.32,0.414],
		"Delta_L": [-32.9,-11,-2.21,-0.424,-1.93],
		"Delta_Chroma": [2.63,0.727,0.967,0.311,0.385],
		"Delta_Hue_Distance": [0,0,0,0,0],
		"Delta_Hue_Degrees": [0,0,0,0,0],
		"mean_Delta_E": [9.79],
		"mean_Delta_C": [1],
		"mean_Delta_E94": [9.79],
		"mean_Delta_C94": [1],
		"mean_Delta_E2000": [7.47],
		"mean_Delta_C2000": [1.05],
		"mean_Delta_L": [-9.7],
		"mean_Delta_Chroma": [1],
		"mean_Delta_Hue_Distance": [0],
		"mean_Delta_Hue_Degrees": [0],
		"mean_Delta_C_sat_corr": ["_NaN_"],
		"mean_Delta_C94_sat_corr": ["_NaN_"],
		"mean_Delta_C2000_sat_corr": ["_NaN_"],
		"max_Delta_E": [33],
		"max_Delta_C": [2.63],
		"max_Delta_E94": [33],
		"max_Delta_C94": [2.63],
		"max_Delta_E2000": [23.1],
		"max_Delta_C2000": [2.77],
		"max_Delta_L": [-0.424],
		"max_Delta_Chroma": [2.63],
		"max_Delta_Hue_Distance": [0],
		"max_Delta_Hue_Degrees": [0],
		"max_Delta_C_sat_corr": ["_NaN_"],
		"max_Delta_C94_sat_corr": ["_NaN_"],
		"max_Delta_C2000_sat_corr": ["_NaN_"],
		"mean_RegionSize": [5390],
		"Sequence_dark_to_light": [5,4,3,2,1],
		"Patch_number": [5,4,3,2,1],
		"R_noise": [0.04497,0.03493,0.0277,0.02401,0.02315],
		"G_noise": [0.02697,0.02419,0.01644,0.01533,0.01478],
		"B_noise": [0.03558,0.02942,0.02136,0.02034,0.01875],
		"R_SNR_ratio": [1.845,5.363,11.5,19.27,25.76],
		"G_SNR_ratio": [3.156,7.804,19.38,30.26,40.13],
		"B_SNR_ratio": [2.436,6.467,15.2,23.04,32.6],
		"R_SNR_dB": [5.32,14.59,21.22,25.7,28.22],
		"G_SNR_dB": [9.983,17.85,25.75,29.62,32.07],
		"B_SNR_dB": [7.734,16.21,23.64,27.25,30.26],
		"Gb_noise": [0.02218,0.01991,0.01378,0.0129,0.01229],
		"Gb_SNR_ratio": [3.822,9.472,23.15,35.96,48.42],
		"Gb_SNR_dB": [11.64,19.53,27.29,31.12,33.7],
		"Y_f_stop_SNR_ratio": [6.587,6.605,6.168,3.632,2.89],
		"Y_f_stop_SNR_dB": [16.37,16.4,15.8,11.2,9.218],
		"quality_levels_for_DR": [
				"Low,",
				"Medium,",
				"M-H,",
				"High,"
		],
		"SigNoise_levels_for_DR": [1,0.5,0.25,0.1],
		"Dynamic_Range_f_stops": [0,0,4.496,0],
		"Dynamic_Range_dB": [0,0,27.07,0],
		"noise_ISO15739_pct": [0.2176,0.2747,0.4746,1.094,1.442],
		"snr_ISO15739": [3.594,10.8,17.49,16.66,21.69],
		"noise_pct_ISO15739_at_13pct_Lref": [1.19],
		"snr_ISO15739_at_13pct_Lref": [18.05],
		"snr_dB_ISO15739_at_13pct_Lref": [25.13],
		"DynamicRange_at_density_2": [1587],
		"DynamicRange_total": [0],
		"DynamicRange_from_slope_OD": [1.95],
		"DynamicRange_from_slope_EV": [6.474],
		"DynamicRange_from_slope_dB": [39],
		"SNR_BW_dB_RGBY": [24.57,28.47,26.01,29.97],
		"L_noise": [2.447,2.272,1.484,1.305,1.188],
		"a_noise": [6.893,5.428,4.005,3.361,3.093],
		"b_noise": [6.377,4.97,3.722,3.257,2.954],
		"Total_Lab_noise_unwtd": [9.704,7.702,5.666,4.859,4.439],
		"Total_ab_noise_unwtd": [9.391,7.36,5.468,4.681,4.277],
		"R_minus_Y_KK_noise": [0.03891,0.03167,0.02367,0.02035,0.01988],
		"B_minus_Y_KK_noise": [0.03962,0.02868,0.02326,0.02168,0.02058],
		"Y_Kelly_Keelan_noise": [0.02218,0.01991,0.01378,0.0129,0.01229],
		"Total_KK_noise": [0.03244,0.02736,0.01985,0.01798,0.01728],
		"Chroma_KK_noise": [0.02368,0.01877,0.01428,0.01253,0.01215],
		"Total_old_iso_noise": [0.04138,0.0342,0.0252,0.02251,0.02172],
		"Y_noise_from_YUV": [0.02218,0.01991,0.01378,0.0129,0.01229],
		"U_noise_from_YUV": [0.01862,0.01348,0.01093,0.01019,0.009671],