{
	"jsonResults": {
		"dateRun": "12-May-2025 20:25:18",
		"ini_time_size": "12-May-2025 20:24:15 19113B  MD5 = f7b12789cb505dfcbef10a517f430881",
		"version": "Imatest 24.2.6 Master Color/Tone Auto",
		"build": "2025-03-20",
		"image_file": "cup_18.0 mm_25600ISO_-2EV_Dist1_OFF_Defocus2.tiff",
		"ColorSpace": "sRGB",
		"Reference": "Default values",
		"Ref_folder": "/usr/local/Imatest/v24.2/Master/",
		"Gamma": [0.4113],
		"patches_for_gamma_start_end": [1,5],
		"exposure_error_normalized_y_channel": [-0.231],
		"mean_camera_Saturation_Pct": ["_NaN_"],
		"mean_chroma_level_CPIQ_Pct": ["_NaN_"],
		"CPIQ_chroma_quality_loss_JND": ["_NaN_"],
		"CPIQ_exposure_quality_loss_JND": ["_NaN_"],
		"pixel_offset": [0],
		"mean_patch_size_pxls": [69,76],
		"roi_settings": "Recent ROI settings are in roi, nwid_save, nht_save, fillf, and distort (same names as ini file)",
		"roi": [3090,1813,3520,1902,3090,1904,3520,1805],
		"nwid_save": [6024],
		"nht_save": [4020],
		"fillf": [0.8],
		"distort": [0],
		"grayscale_zone": [1,2,3,4,5],
		"grayscale_minus_log_exposure": [2,1.513,1.025,0.5375,0.05],
		"grayscale_Y_reflectivity": [0.01,0.03073,0.09441,0.2901,0.8913],
		"grayscale_Y_Printer_pixel_gamma22": [33.13,55.18,91.91,153.1,255],
		"grayscale_Y_density": [0.4446,0.5702,0.7707,0.9715,1.065],
		"grayscale_R_density": [0.456,0.57,0.7531,0.8591,0.8874],
		"grayscale_G_density": [0.4443,0.5725,0.7799,1.018,1.146],
		"grayscale_B_density": [0.4154,0.5491,0.7344,0.913,0.9873],
		"grayscale_Y_mean": [91.61,68.6,43.24,27.23,21.95],
		"grayscale_R_mean": [89.23,68.64,45.02,35.27,33.05],
		"grayscale_G_mean": [91.68,68.25,42.33,24.45,18.23],
		"grayscale_B_mean": [97.97,72.02,47,31.16,26.26],
		"White_Bal_error_Degrees": [962.1,481.4,504.8,-992.3,-2140],
		"White_Bal_error_Mired": [-19.84,-10.61,-11.09,27.72,75.5],
		"White_Bal_error_S_HSV": [0.08926,0.05247,0.09952,0.3069,0.4485],
		"White_Bal_error_Delta_C_ab": [3.965,2.444,3.493,7.336,9.617],
		"White_Bal_error_Delta_C_94": [3.965,2.444,3.493,7.336,9.617],
		"White_Bal_error_Delta_C_00": [3.664,2.542,3.972,8.571,10.72],
		"n_Patch": [1,2,3,4,5],
		"n_Row": [1,1,1,1,1],
		"n_Column": [1,2,3,4,5],
		"width_pixels": [70,70,70,70,70],
		"height_pixels": [78,78,78,78,78],
		"Pixels_total": [5460,5460,5460,5460,5460],
		"R_reference": [242.4,146.6,86.6,49.01,25.46],
		"G_reference": [242.4,146.6,86.6,49.01,25.46],
		"B_reference": [242.4,146.6,86.6,49.01,25.46],
		"R_input": [89.23,68.64,45.02,35.27,33.05],
		"G_input": [91.68,68.25,42.33,24.45,18.23],
		"B_input": [97.97,72.02,47,31.16,26.26],
		"L_reference": [95.63,60.79,36.82,20.33,8.991],
		"a_reference": [0,0,0,0,0],
		"b_reference": [0,0,0,0,0],
		"L_input": [38.92,29.12,17.66,10.06,7.586],
		"a_input": [0.4252,1.018,2.337,6.872,9.268],
		"b_input": [-3.942,-2.221,-2.596,-2.566,-2.567],
		"x_reference": [0.3127,0.3127,0.3127,0.3127,0.3127],
		"y_reference": [0.329,0.329,0.329,0.329,0.329],
		"Y_reference": [0.8913,0.2901,0.09441,0.03073,0.01],
		"x_input": [0.2999,0.3065,0.3079,0.3319,0.3486],
		"y_input": [0.3139,0.3174,0.3088,0.2922,0.2821],
		"Y_input": [0.1062,0.05884,0.02443,0.01134,0.008398],
		"LUV_comment": "L2 is used to differentiate between the L in LAB and L in LUV.",
		"L2_reference": [805.1,262,85.28,27.75,9.033],
		"U_reference": [0.1978,0.1978,0.1978,0.1978,0.1978],
		"V_reference": [0.4683,0.4683,0.4683,0.4683,0.4683],
		"L2_input": [95.89,53.15,22.07,10.24,7.586],
		"U_input": [0.1946,0.1978,0.2022,0.2272,0.2452],
		"V_input": [0.4581,0.4611,0.4564,0.4501,0.4463],
		"patch_numbers_for_all_Delta_E_C": [1,2,3,4,5],
		"Delta_E_all": [56.8,31.8,19.5,12.6,9.72],
		"Delta_C_all": [3.97,2.44,3.49,7.34,9.62],
		"Delta_E94_all": [56.8,31.8,19.5,12.6,9.72],
		"Delta_C94_all": [3.97,2.44,3.49,7.34,9.62],
		"Delta_E2000_all": [45.5,30.1,14.9,10.9,10.8],
		"Delta_C2000_all": [3.66,2.54,3.97,8.57,10.7],
		"Delta_L_all": [-56.7,-31.7,-19.2,-10.3,-1.41],
		"Delta_Chroma_all": [3.97,2.44,3.49,7.34,9.62],
		"Delta_Hue_Distance_all": [0,0,0,0,0],
		"Delta_Hue_Degrees_all": [0,0,0,0,0],
		"sat_corr_comment": "sat_corr explained on https://www.imatest.com/docs/colorcheck/#satcorr - not recommended.",
		"Delta_C_all_sat_corr": ["_NaN_","_NaN_","_NaN_","_NaN_","_NaN_"],
		"Delta_C94_all_sat_corr": ["_NaN_","_NaN_","_NaN_","_NaN_","_NaN_"],
		"Delta_C2000_all_sat_corr": ["_NaN_","_NaN_","_NaN_","_NaN_","_NaN_"],
		"grayscale_patch_numbers": [1,2,3,4,5],
		"Delta_E": [56.8,31.8,19.5,12.6,9.72],
		"Delta_C": [3.97,2.44,3.49,7.34,9.62],
		"Delta_E94": [56.8,31.8,19.5,12.6,9.72],
		"Delta_C94": [3.97,2.44,3.49,7.34,9.62],
		"Delta_E2000": [45.5,30.1,14.9,10.9,10.8],
		"Delta_C2000": [3.66,2.54,3.97,8.57,10.7],
		"Delta_L": [-56.7,-31.7,-19.2,-10.3,-1.41],
		"Delta_Chroma": [3.97,2.44,3.49,7.34,9.62],
		"Delta_Hue_Distance": [0,0,0,0,0],
		"Delta_Hue_Degrees": [0,0,0,0,0],
		"mean_Delta_E": [26.1],
		"mean_Delta_C": [5.37],
		"mean_Delta_E94": [26.1],
		"mean_Delta_C94": [5.37],
		"mean_Delta_E2000": [22.4],
		"mean_Delta_C2000": [5.89],
		"mean_Delta_L": [-23.8],
		"mean_Delta_Chroma": [5.37],
		"mean_Delta_Hue_Distance": [0],
		"mean_Delta_Hue_Degrees": [0],
		"mean_Delta_C_sat_corr": ["_NaN_"],
		"mean_Delta_C94_sat_corr": ["_NaN_"],
		"mean_Delta_C2000_sat_corr": ["_NaN_"],
		"max_Delta_E": [56.8],
		"max_Delta_C": [9.62],
		"max_Delta_E94": [56.8],
		"max_Delta_C94": [9.62],
		"max_Delta_E2000": [45.5],
		"max_Delta_C2000": [10.7],
		"max_Delta_L": [-1.41],
		"max_Delta_Chroma": [9.62],
		"max_Delta_Hue_Distance": [0],
		"max_Delta_Hue_Degrees": [0],
		"max_Delta_C_sat_corr": ["_NaN_"],
		"max_Delta_C94_sat_corr": ["_NaN_"],
		"max_Delta_C2000_sat_corr": ["_NaN_"],
		"mean_RegionSize": [5390],
		"Sequence_dark_to_light": [5,4,3,2,1],
		"Patch_number": [5,4,3,2,1],
		"R_noise": [0.1057,0.1112,0.1198,0.1239,0.1093],
		"G_noise": [0.07742,0.08673,0.09358,0.08267,0.06558],
		"B_noise": [0.0913,0.09801,0.1068,0.0929,0.07272],
		"R_SNR_ratio": [1.226,1.244,1.473,2.172,3.203],
		"G_SNR_ratio": [0.9232,1.105,1.774,3.237,5.482],
		"B_SNR_ratio": [1.128,1.247,1.726,3.04,5.284],
		"R_SNR_dB": [1.773,1.895,3.365,6.737,10.11],
		"G_SNR_dB": [-0.6945,0.8707,4.978,10.2,14.78],
		"B_SNR_dB": [1.044,1.915,4.743,9.658,14.46],
		"Gb_noise": [0.06387,0.06989,0.07532,0.06749,0.0549],
		"Gb_SNR_ratio": [1.348,1.528,2.251,3.986,6.543],
		"Gb_SNR_dB": [2.593,3.682,7.048,12.01,16.32],
		"Y_f_stop_SNR_ratio": [1.015,0.8677,0.665,0.3686,0.2001],
		"Y_f_stop_SNR_dB": [0.1276,-1.232,-3.544,-8.668,-13.98],
		"quality_levels_for_DR": [
				"Low,",
				"Medium,",
				"M-H,",
				"High,"
		],
		"SigNoise_levels_for_DR": [1,0.5,0.25,0.1],
		"Dynamic_Range_f_stops": [0,0,0,0],
		"Dynamic_Range_dB": [0,0,0,0],
		"noise_ISO15739_pct": [1.67,2.165,3.929,6.933,7.385],
		"snr_ISO15739": [0.503,0.5236,0.6218,0.8487,1.437],
		"noise_pct_ISO15739_at_13pct_Lref": [7.154],
		"snr_ISO15739_at_13pct_Lref": [1.136],
		"snr_dB_ISO15739_at_13pct_Lref": [1.107],
		"DynamicRange_at_density_2": [258.1],
		"DynamicRange_total": [11.13],
		"DynamicRange_from_slope_OD": [1.95],
		"DynamicRange_from_slope_EV": [6.474],
		"DynamicRange_from_slope_dB": [39],
		"SNR_BW_dB_RGBY": [6.18,9.697,8.684,11.46],
		"L_noise": [7.122,7.706,8.004,6.796,5.512],
		"a_noise": [15.96,17.19,18.09,16.67,13.78],
		"b_noise": [15.86,17.04,19.04,16,12.2],
		"Total_Lab_noise_unwtd": [23.6,25.4,27.46,24.09,19.21],
		"Total_ab_noise_unwtd": [22.5,24.2,26.26,23.11,18.41],
		"R_minus_Y_KK_noise": [0.09292,0.1021,0.1083,0.1097,0.09444],
		"B_minus_Y_KK_noise": [0.09813,0.1062,0.1214,0.104,0.07964],
		"Y_Kelly_Keelan_noise": [0.06387,0.06989,0.07532,0.06749,0.0549],
		"Total_KK_noise": [0.08565,0.09373,0.1012,0.09416,0.07785],
		"Chroma_KK_noise": [0.05707,0.06246,0.06759,0.06565,0.0552],
		"Total_old_iso_noise": [0.1056,0.1156,0.1246,0.1183,0.09868],
		"Y_noise_from_YUV": [0.06387,0.06989,0.07531,0.06749,0.0549],
		"U_noise_from_YUV": [0.04611,0.04989,0.05702,0.04886,0.03742],
		"V_noise_from_YUV": [0.07256,0.07974,0.08456,0.08568,0.07375],