{
	"jsonResults": {
		"dateRun": "07-May-2025 13:39:59",
		"ini_time_size": "07-May-2025 13:33:49 9693B  MD5 = 1fa0cfd42e7f0ed72ad2992dbbad72cc",
		"version": "Imatest 24.2.6 Master Color/Tone Auto",
		"build": "2025-03-20",
		"image_file": "potted plant_18.0 mm_25600ISO_+1EV_Dist1_OFF_Defocus1.tiff",
		"ColorSpace": "sRGB",
		"Reference": "Default values",
		"Ref_folder": "/usr/local/Imatest/v24.2/Master/",
		"Gamma": [0.3228],
		"patches_for_gamma_start_end": [1,5],
		"exposure_error_normalized_y_channel": [0.233],
		"mean_camera_Saturation_Pct": ["_NaN_"],
		"mean_chroma_level_CPIQ_Pct": ["_NaN_"],
		"CPIQ_chroma_quality_loss_JND": ["_NaN_"],
		"CPIQ_exposure_quality_loss_JND": ["_NaN_"],
		"pixel_offset": [0],
		"mean_patch_size_pxls": [71,78],
		"roi_settings": "Recent ROI settings are in roi, nwid_save, nht_save, fillf, and distort (same names as ini file)",
		"roi": [3078,1807,3523,1905,3078,1905,3523,1807],
		"nwid_save": [6024],
		"nht_save": [4020],
		"fillf": [0.8],
		"distort": [0],
		"grayscale_zone": [1,2,3,4,5],
		"grayscale_minus_log_exposure": [2,1.513,1.025,0.5375,0.05],
		"grayscale_Y_reflectivity": [0.01,0.03073,0.09441,0.2901,0.8913],
		"grayscale_Y_Printer_pixel_gamma22": [33.13,55.18,91.91,153.1,255],
		"grayscale_Y_density": [0.02243,0.1246,0.282,0.5029,0.7793],
		"grayscale_R_density": [0.022,0.128,0.2885,0.5252,0.7679],
		"grayscale_G_density": [0.02369,0.1247,0.2815,0.4967,0.7841],
		"grayscale_B_density": [0.01132,0.1141,0.2686,0.5005,0.7668],
		"grayscale_Y_mean": [242.2,191.4,133.2,80.11,42.39],
		"grayscale_R_mean": [242.4,189.9,131.2,76.09,43.52],
		"grayscale_G_mean": [241.5,191.3,133.4,81.25,41.93],
		"grayscale_B_mean": [248.4,196.1,137.4,80.55,43.62],
		"White_Bal_error_Degrees": [267.9,321.7,445.3,416.4,61.72],
		"White_Bal_error_Mired": [-6.09,-7.255,-9.865,-9.263,-1.447],
		"White_Bal_error_S_HSV": [0.02808,0.03144,0.04478,0.06354,0.03891],
		"White_Bal_error_Delta_C_ab": [3.609,2.59,2.448,2.247,1.41],
		"White_Bal_error_Delta_C_94": [3.609,2.59,2.448,2.247,1.41],
		"White_Bal_error_Delta_C_00": [3.676,2.48,2.32,3.118,1.811],
		"n_Patch": [1,2,3,4,5],
		"n_Row": [1,1,1,1,1],
		"n_Column": [1,2,3,4,5],
		"width_pixels": [72,72,72,72,72],
		"height_pixels": [80,80,80,80,80],
		"Pixels_total": [5760,5760,5760,5760,5760],
		"R_reference": [242.4,146.6,86.6,49.01,25.46],
		"G_reference": [242.4,146.6,86.6,49.01,25.46],
		"B_reference": [242.4,146.6,86.6,49.01,25.46],
		"R_input": [242.4,189.9,131.2,76.09,43.52],
		"G_input": [241.5,191.3,133.4,81.25,41.93],
		"B_input": [248.4,196.1,137.4,80.55,43.62],
		"L_reference": [95.63,60.79,36.82,20.33,8.991],
		"a_reference": [0,0,0,0,0],
		"b_reference": [0,0,0,0,0],
		"L_input": [95.56,77.48,55.62,34.09,17.25],
		"a_input": [1.56,0.3932,0.03573,-2.226,1.123],
		"b_input": [-3.254,-2.56,-2.447,-0.3074,-0.8521],
		"x_reference": [0.3127,0.3127,0.3127,0.3127,0.3127],
		"y_reference": [0.329,0.329,0.329,0.329,0.329],
		"Y_reference": [0.8913,0.2901,0.09441,0.03073,0.01],
		"x_input": [0.3091,0.308,0.3062,0.3049,0.3128],
		"y_input": [0.3221,0.3231,0.322,0.3309,0.3214],
		"Y_input": [0.8894,0.5234,0.2354,0.0805,0.02355],
		"LUV_comment": "L2 is used to differentiate between the L in LAB and L in LUV.",
		"L2_reference": [805.1,262,85.28,27.75,9.033],
		"U_reference": [0.1978,0.1978,0.1978,0.1978,0.1978],
		"V_reference": [0.4683,0.4683,0.4683,0.4683,0.4683],
		"L2_input": [803.4,472.7,212.6,72.72,21.27],
		"U_input": [0.1979,0.1968,0.1959,0.1917,0.2007],
		"V_input": [0.464,0.4645,0.4636,0.4682,0.4642],
		"patch_numbers_for_all_Delta_E_C": [1,2,3,4,5],
		"Delta_E_all": [3.61,16.9,19,13.9,8.38],
		"Delta_C_all": [3.61,2.59,2.45,2.25,1.41],
		"Delta_E94_all": [3.61,16.9,19,13.9,8.38],
		"Delta_C94_all": [3.61,2.59,2.45,2.25,1.41],
		"Delta_E2000_all": [3.68,13.3,18.3,10.8,5.63],
		"Delta_C2000_all": [3.68,2.48,2.32,3.12,1.81],
		"Delta_L_all": [-0.0776,16.7,18.8,13.8,8.26],
		"Delta_Chroma_all": [3.61,2.59,2.45,2.25,1.41],
		"Delta_Hue_Distance_all": [0,0,0,0,0],
		"Delta_Hue_Degrees_all": [0,0,0,0,0],
		"sat_corr_comment": "sat_corr explained on https://www.imatest.com/docs/colorcheck/#satcorr - not recommended.",
		"Delta_C_all_sat_corr": ["_NaN_","_NaN_","_NaN_","_NaN_","_NaN_"],
		"Delta_C94_all_sat_corr": ["_NaN_","_NaN_","_NaN_","_NaN_","_NaN_"],
		"Delta_C2000_all_sat_corr": ["_NaN_","_NaN_","_NaN_","_NaN_","_NaN_"],
		"grayscale_patch_numbers": [1,2,3,4,5],
		"Delta_E": [3.61,16.9,19,13.9,8.38],
		"Delta_C": [3.61,2.59,2.45,2.25,1.41],
		"Delta_E94": [3.61,16.9,19,13.9,8.38],
		"Delta_C94": [3.61,2.59,2.45,2.25,1.41],
		"Delta_E2000": [3.68,13.3,18.3,10.8,5.63],
		"Delta_C2000": [3.68,2.48,2.32,3.12,1.81],
		"Delta_L": [-0.0776,16.7,18.8,13.8,8.26],
		"Delta_Chroma": [3.61,2.59,2.45,2.25,1.41],
		"Delta_Hue_Distance": [0,0,0,0,0],
		"Delta_Hue_Degrees": [0,0,0,0,0],
		"mean_Delta_E": [12.4],
		"mean_Delta_C": [2.46],
		"mean_Delta_E94": [12.4],
		"mean_Delta_C94": [2.46],
		"mean_Delta_E2000": [10.3],
		"mean_Delta_C2000": [2.68],
		"mean_Delta_L": [11.5],
		"mean_Delta_Chroma": [2.46],
		"mean_Delta_Hue_Distance": [0],
		"mean_Delta_Hue_Degrees": [0],
		"mean_Delta_C_sat_corr": ["_NaN_"],
		"mean_Delta_C94_sat_corr": ["_NaN_"],
		"mean_Delta_C2000_sat_corr": ["_NaN_"],
		"max_Delta_E": [19],
		"max_Delta_C": [3.61],
		"max_Delta_E94": [19],
		"max_Delta_C94": [3.61],
		"max_Delta_E2000": [18.3],
		"max_Delta_C2000": [3.68],
		"max_Delta_L": [18.8],
		"max_Delta_Chroma": [3.61],
		"max_Delta_Hue_Distance": [0],
		"max_Delta_Hue_Degrees": [0],
		"max_Delta_C_sat_corr": ["_NaN_"],
		"max_Delta_C94_sat_corr": ["_NaN_"],
		"max_Delta_C2000_sat_corr": ["_NaN_"],
		"mean_RegionSize": [5688],
		"Sequence_dark_to_light": [5,4,3,2,1],
		"Patch_number": [5,4,3,2,1],
		"R_noise": [0.1204,0.1232,0.08232,0.06571,0.04724],
		"G_noise": [0.1001,0.07285,0.05296,0.04609,0.04108],
		"B_noise": [0.1078,0.08831,0.06024,0.05073,0.03282],
		"R_SNR_ratio": [1.417,2.422,6.252,11.33,20.12],
		"G_SNR_ratio": [1.642,4.374,9.875,16.28,23.05],
		"B_SNR_ratio": [1.588,3.577,8.944,15.16,29.68],
		"R_SNR_dB": [3.03,7.683,15.92,21.09,26.07],
		"G_SNR_dB": [4.309,12.82,19.89,24.23,27.25],
		"B_SNR_dB": [4.014,11.07,19.03,23.61,29.45],
		"Gb_noise": [0.08174,0.06159,0.04477,0.03912,0.03361],
		"Gb_SNR_ratio": [2.033,5.101,11.67,19.19,28.25],
		"Gb_SNR_dB": [6.165,14.15,21.34,25.66,29.02],
		"Y_f_stop_SNR_ratio": [3.658,3.373,3.009,1.785,1.117],
		"Y_f_stop_SNR_dB": [11.27,10.56,9.569,5.034,0.963],
		"quality_levels_for_DR": [
				"Low,",
				"Medium,",
				"M-H,",
				"High,"
		],
		"SigNoise_levels_for_DR": [1,0.5,0.25,0.1],
		"Dynamic_Range_f_stops": [0,4.431,0,0],
		"Dynamic_Range_dB": [0,26.67,0,0],
		"noise_ISO15739_pct": [1.55,1.622,2.849,6.117,7.362],
		"snr_ISO15739": [1.519,4.963,8.263,8.556,12.08],
		"noise_pct_ISO15739_at_13pct_Lref": [3.951],
		"snr_ISO15739_at_13pct_Lref": [8.362],
		"snr_dB_ISO15739_at_13pct_Lref": [18.45],
		"DynamicRange_at_density_2": [86.93],
		"DynamicRange_total": [0],
		"DynamicRange_from_slope_OD": [1.95],
		"DynamicRange_from_slope_EV": [6.474],
		"DynamicRange_from_slope_dB": [39],
		"SNR_BW_dB_RGBY": [19.71,22.79,21.96,24.22],
		"L_noise": [8.774,6.213,4.375,3.61,2.966],
		"a_noise": [18.25,15.37,10.36,7.983,5.998],
		"b_noise": [18.13,14.09,9.921,7.456,4.936],
		"Total_Lab_noise_unwtd": [27.18,21.76,15,11.5,8.315],
		"Total_ab_noise_unwtd": [25.73,20.85,14.35,10.92,7.768],
		"R_minus_Y_KK_noise": [0.1085,0.1062,0.06955,0.05564,0.0429],
		"B_minus_Y_KK_noise": [0.1158,0.09192,0.06792,0.05421,0.03751],
		"Y_Kelly_Keelan_noise": [0.08174,0.06159,0.04477,0.03912,0.03361],
		"Total_KK_noise": [0.1056,0.08766,0.06132,0.0515,0.04204],
		"Chroma_KK_noise": [0.06683,0.06238,0.0419,0.0335,0.02524],
		"Total_old_iso_noise": [0.1279,0.1112,0.07641,0.0631,0.05033],
		"Y_noise_from_YUV": [0.08173,0.06158,0.04477,0.03911,0.03361],
		"U_noise_from_YUV": [0.05442,0.04319,0.03191,0.02547,0.01762],
		"V_noise_from_YUV": [0.08475,0.08294,0.05431,0.04345,0.0335],