{
	"jsonResults": {
		"dateRun": "13-May-2025 09:24:59",
		"ini_time_size": "13-May-2025 09:22:25 16231B  MD5 = c82a7ebaf16dd8879e586f8afad2b5c7",
		"version": "Imatest 24.2.6 Master Color/Tone Auto",
		"build": "2025-03-20",
		"image_file": "potted plant_18.0 mm_6400ISO_-2EV_Dist1_OFF_Focused.tiff",
		"ColorSpace": "sRGB",
		"Reference": "Default values",
		"Ref_folder": "/usr/local/Imatest/v24.2/Master/",
		"Gamma": [0.3792],
		"patches_for_gamma_start_end": [1,5],
		"exposure_error_normalized_y_channel": [-0.225],
		"mean_camera_Saturation_Pct": ["_NaN_"],
		"mean_chroma_level_CPIQ_Pct": ["_NaN_"],
		"CPIQ_chroma_quality_loss_JND": ["_NaN_"],
		"CPIQ_exposure_quality_loss_JND": ["_NaN_"],
		"pixel_offset": [0],
		"mean_patch_size_pxls": [69,76],
		"roi_settings": "Recent ROI settings are in roi, nwid_save, nht_save, fillf, and distort (same names as ini file)",
		"roi": [3090,1813,3520,1902,3090,1904,3520,1805],
		"nwid_save": [6024],
		"nht_save": [4020],
		"fillf": [0.8],
		"distort": [0],
		"grayscale_zone": [1,2,3,4,5],
		"grayscale_minus_log_exposure": [2,1.513,1.025,0.5375,0.05],
		"grayscale_Y_reflectivity": [0.01,0.03073,0.09441,0.2901,0.8913],
		"grayscale_Y_Printer_pixel_gamma22": [33.13,55.18,91.91,153.1,255],
		"grayscale_Y_density": [0.4284,0.5468,0.7317,1.019,1.337],
		"grayscale_R_density": [0.4251,0.553,0.7403,0.9943,1.18],
		"grayscale_G_density": [0.4312,0.5468,0.7308,1.03,1.412],
		"grayscale_B_density": [0.4104,0.5286,0.715,0.982,1.228],
		"grayscale_Y_mean": [95.1,72.4,47.3,24.42,11.73],
		"grayscale_R_mean": [95.81,71.37,46.37,25.84,16.85],
		"grayscale_G_mean": [94.49,72.39,47.39,23.78,9.867],
		"grayscale_B_mean": [99.12,75.5,49.15,26.58,15.07],
		"White_Bal_error_Degrees": [366.3,524.6,482.7,317.3,-613],
		"White_Bal_error_Mired": [-8.208,-11.49,-10.63,-7.16,16.02],
		"White_Bal_error_S_HSV": [0.04676,0.05461,0.05655,0.1055,0.4143],
		"White_Bal_error_Delta_C_ab": [2.885,2.024,1.283,2.36,3.369],
		"White_Bal_error_Delta_C_94": [2.885,2.024,1.283,2.36,3.369],
		"White_Bal_error_Delta_C_00": [3.107,1.958,1.248,2.854,4.309],
		"n_Patch": [1,2,3,4,5],
		"n_Row": [1,1,1,1,1],
		"n_Column": [1,2,3,4,5],
		"width_pixels": [70,70,70,70,70],
		"height_pixels": [78,78,78,78,78],
		"Pixels_total": [5460,5460,5460,5460,5460],
		"R_reference": [242.4,146.6,86.6,49.01,25.46],
		"G_reference": [242.4,146.6,86.6,49.01,25.46],
		"B_reference": [242.4,146.6,86.6,49.01,25.46],
		"R_input": [95.81,71.37,46.37,25.84,16.85],
		"G_input": [94.49,72.39,47.39,23.78,9.867],
		"B_input": [99.12,75.5,49.15,26.58,15.07],
		"L_reference": [95.63,60.79,36.82,20.33,8.991],
		"a_reference": [0,0,0,0,0],
		"b_reference": [0,0,0,0,0],
		"L_input": [40.36,30.77,19.54,8.471,3.312],
		"a_input": [1.505,0.2822,-0.02629,1.728,3.022],
		"b_input": [-2.462,-2.004,-1.283,-1.608,-1.488],
		"x_reference": [0.3127,0.3127,0.3127,0.3127,0.3127],
		"y_reference": [0.329,0.329,0.329,0.329,0.329],
		"Y_reference": [0.8913,0.2901,0.09441,0.03073,0.01],
		"x_input": [0.3082,0.3053,0.3056,0.3103,0.3268],
		"y_input": [0.3183,0.3199,0.3217,0.311,0.2838],
		"Y_input": [0.1147,0.06554,0.02877,0.009388,0.003667],
		"LUV_comment": "L2 is used to differentiate between the L in LAB and L in LUV.",
		"L2_reference": [805.1,262,85.28,27.75,9.033],
		"U_reference": [0.1978,0.1978,0.1978,0.1978,0.1978],
		"V_reference": [0.4683,0.4683,0.4683,0.4683,0.4683],
		"L2_input": [103.6,59.21,25.99,8.48,3.312],
		"U_input": [0.1987,0.1961,0.1956,0.2031,0.2273],
		"V_input": [0.4618,0.4622,0.4633,0.458,0.444],
		"patch_numbers_for_all_Delta_E_C": [1,2,3,4,5],
		"Delta_E_all": [55.3,30.1,17.3,12.1,6.6],
		"Delta_C_all": [2.89,2.02,1.28,2.36,3.37],
		"Delta_E94_all": [55.3,30.1,17.3,12.1,6.6],
		"Delta_C94_all": [2.89,2.02,1.28,2.36,3.37],
		"Delta_E2000_all": [43.9,28.8,13.1,8.26,5.51],
		"Delta_C2000_all": [3.11,1.96,1.25,2.85,4.31],
		"Delta_L_all": [-55.3,-30,-17.3,-11.9,-5.68],
		"Delta_Chroma_all": [2.89,2.02,1.28,2.36,3.37],
		"Delta_Hue_Distance_all": [0,0,0,0,0],
		"Delta_Hue_Degrees_all": [0,0,0,0,0],
		"sat_corr_comment": "sat_corr explained on https://www.imatest.com/docs/colorcheck/#satcorr - not recommended.",
		"Delta_C_all_sat_corr": ["_NaN_","_NaN_","_NaN_","_NaN_","_NaN_"],
		"Delta_C94_all_sat_corr": ["_NaN_","_NaN_","_NaN_","_NaN_","_NaN_"],
		"Delta_C2000_all_sat_corr": ["_NaN_","_NaN_","_NaN_","_NaN_","_NaN_"],
		"grayscale_patch_numbers": [1,2,3,4,5],
		"Delta_E": [55.3,30.1,17.3,12.1,6.6],
		"Delta_C": [2.89,2.02,1.28,2.36,3.37],
		"Delta_E94": [55.3,30.1,17.3,12.1,6.6],
		"Delta_C94": [2.89,2.02,1.28,2.36,3.37],
		"Delta_E2000": [43.9,28.8,13.1,8.26,5.51],
		"Delta_C2000": [3.11,1.96,1.25,2.85,4.31],
		"Delta_L": [-55.3,-30,-17.3,-11.9,-5.68],
		"Delta_Chroma": [2.89,2.02,1.28,2.36,3.37],
		"Delta_Hue_Distance": [0,0,0,0,0],
		"Delta_Hue_Degrees": [0,0,0,0,0],
		"mean_Delta_E": [24.3],
		"mean_Delta_C": [2.38],
		"mean_Delta_E94": [24.3],
		"mean_Delta_C94": [2.38],
		"mean_Delta_E2000": [19.9],
		"mean_Delta_C2000": [2.69],
		"mean_Delta_L": [-24],
		"mean_Delta_Chroma": [2.38],
		"mean_Delta_Hue_Distance": [0],
		"mean_Delta_Hue_Degrees": [0],
		"mean_Delta_C_sat_corr": ["_NaN_"],
		"mean_Delta_C94_sat_corr": ["_NaN_"],
		"mean_Delta_C2000_sat_corr": ["_NaN_"],
		"max_Delta_E": [55.3],
		"max_Delta_C": [3.37],
		"max_Delta_E94": [55.3],
		"max_Delta_C94": [3.37],
		"max_Delta_E2000": [43.9],
		"max_Delta_C2000": [4.31],
		"max_Delta_L": [-5.68],
		"max_Delta_Chroma": [3.37],
		"max_Delta_Hue_Distance": [0],
		"max_Delta_Hue_Degrees": [0],
		"max_Delta_C_sat_corr": ["_NaN_"],
		"max_Delta_C94_sat_corr": ["_NaN_"],
		"max_Delta_C2000_sat_corr": ["_NaN_"],
		"mean_RegionSize": [5390],
		"Sequence_dark_to_light": [5,4,3,2,1],
		"Patch_number": [5,4,3,2,1],
		"R_noise": [0.05628,0.06896,0.07005,0.05742,0.04721],
		"G_noise": [0.0393,0.04878,0.03969,0.03184,0.02904],
		"B_noise": [0.04734,0.05846,0.05054,0.03996,0.0359],
		"R_SNR_ratio": [1.174,1.469,2.596,4.874,7.959],
		"G_SNR_ratio": [0.9847,1.911,4.683,8.915,12.76],
		"B_SNR_ratio": [1.249,1.783,3.814,7.409,10.83],
		"R_SNR_dB": [1.393,3.342,8.285,13.76,18.02],
		"G_SNR_dB": [-0.1339,5.627,13.41,19,22.12],
		"B_SNR_dB": [1.93,5.023,11.63,17.4,20.69],
		"Gb_noise": [0.03261,0.03931,0.03264,0.02693,0.02399],
		"Gb_SNR_ratio": [1.41,2.436,5.683,10.54,15.55],
		"Gb_SNR_dB": [2.984,7.734,15.09,20.46,23.83],
		"Y_f_stop_SNR_ratio": [2.291,2.149,1.78,1.096,0.9422],
		"Y_f_stop_SNR_dB": [7.201,6.643,5.007,0.7939,-0.5171],
		"quality_levels_for_DR": [
				"Low,",
				"Medium,",
				"M-H,",
				"High,"
		],
		"SigNoise_levels_for_DR": [1,0.5,0.25,0.1],
		"Dynamic_Range_f_stops": [5.81,2.2,0,0],
		"Dynamic_Range_dB": [34.97,13.24,0,0],
		"noise_ISO15739_pct": [0.3995,0.6479,1.195,2.307,2.851],
		"snr_ISO15739": [0.9178,1.449,2.408,2.841,4.024],
		"noise_pct_ISO15739_at_13pct_Lref": [2.639],
		"snr_ISO15739_at_13pct_Lref": [3.562],
		"snr_dB_ISO15739_at_13pct_Lref": [11.03],
		"DynamicRange_at_density_2": [1247],
		"DynamicRange_total": [418.9],
		"DynamicRange_from_slope_OD": [1.95],
		"DynamicRange_from_slope_EV": [6.474],
		"DynamicRange_from_slope_dB": [39],
		"SNR_BW_dB_RGBY": [13.67,18.79,16.82,20.25],
		"L_noise": [3.139,4.292,3.637,2.892,2.497],
		"a_noise": [8.031,11.02,10.09,7.986,6.64],
		"b_noise": [7.378,10.74,9.339,7.018,6.091],
		"Total_Lab_noise_unwtd": [11.35,15.98,14.22,11.02,9.351],
		"Total_ab_noise_unwtd": [10.91,15.39,13.75,10.63,9.011],
		"R_minus_Y_KK_noise": [0.04917,0.0617,0.0612,0.04885,0.04119],
		"B_minus_Y_KK_noise": [0.05034,0.06611,0.05593,0.04335,0.03921],
		"Y_Kelly_Keelan_noise": [0.03261,0.03931,0.03264,0.02693,0.02399],
		"Total_KK_noise": [0.04429,0.0547,0.04884,0.03945,0.03441],
		"Chroma_KK_noise": [0.02996,0.03803,0.03634,0.02883,0.02467],
		"Total_old_iso_noise": [0.05492,0.06841,0.06295,0.05053,0.04367],
		"Y_noise_from_YUV": [0.03261,0.0393,0.03264,0.02693,0.02399],
		"U_noise_from_YUV": [0.02365,0.03106,0.02628,0.02037,0.01843],