{
	"jsonResults": {
		"dateRun": "13-May-2025 09:24:59",
		"ini_time_size": "13-May-2025 09:22:25 16231B  MD5 = c82a7ebaf16dd8879e586f8afad2b5c7",
		"version": "Imatest 24.2.6 Master Color/Tone Auto",
		"build": "2025-03-20",
		"image_file": "potted plant_18.0 mm_25600ISO_-1EV_Dist1_ON_Defocus2.tiff",
		"ColorSpace": "sRGB",
		"Reference": "Default values",
		"Ref_folder": "/usr/local/Imatest/v24.2/Master/",
		"Gamma": [0.3754],
		"patches_for_gamma_start_end": [1,5],
		"exposure_error_normalized_y_channel": [-0.166],
		"mean_camera_Saturation_Pct": ["_NaN_"],
		"mean_chroma_level_CPIQ_Pct": ["_NaN_"],
		"CPIQ_chroma_quality_loss_JND": ["_NaN_"],
		"CPIQ_exposure_quality_loss_JND": ["_NaN_"],
		"pixel_offset": [0],
		"mean_patch_size_pxls": [69,76],
		"roi_settings": "Recent ROI settings are in roi, nwid_save, nht_save, fillf, and distort (same names as ini file)",
		"roi": [3090,1813,3520,1902,3090,1904,3520,1805],
		"nwid_save": [6024],
		"nht_save": [4020],
		"fillf": [0.8],
		"distort": [0],
		"grayscale_zone": [1,2,3,4,5],
		"grayscale_minus_log_exposure": [2,1.513,1.025,0.5375,0.05],
		"grayscale_Y_reflectivity": [0.01,0.03073,0.09441,0.2901,0.8913],
		"grayscale_Y_Printer_pixel_gamma22": [33.13,55.18,91.91,153.1,255],
		"grayscale_Y_density": [0.2995,0.4118,0.5948,0.8487,1.009],
		"grayscale_R_density": [0.3046,0.4348,0.621,0.8028,0.8932],
		"grayscale_G_density": [0.302,0.4076,0.5889,0.8689,1.059],
		"grayscale_B_density": [0.2616,0.3874,0.5788,0.799,0.9353],
		"grayscale_Y_mean": [128,98.81,64.83,36.12,24.97],
		"grayscale_R_mean": [126.5,93.7,61.03,40.16,32.61],
		"grayscale_G_mean": [127.2,99.75,65.71,34.48,22.24],
		"grayscale_B_mean": [139.6,104.5,67.26,40.51,29.6],
		"White_Bal_error_Degrees": [1189,1032,784.6,273.4,-721.5],
		"White_Bal_error_Mired": [-23.79,-21.08,-16.57,-6.21,19.21],
		"White_Bal_error_S_HSV": [0.09439,0.1034,0.09266,0.1487,0.3179],
		"White_Bal_error_Delta_C_ab": [7.169,3.727,2.255,5.093,7.557],
		"White_Bal_error_Delta_C_94": [7.169,3.727,2.255,5.093,7.557],
		"White_Bal_error_Delta_C_00": [6.5,3.664,2.687,5.931,8.674],
		"n_Patch": [1,2,3,4,5],
		"n_Row": [1,1,1,1,1],
		"n_Column": [1,2,3,4,5],
		"width_pixels": [70,70,70,70,70],
		"height_pixels": [78,78,78,78,78],
		"Pixels_total": [5460,5460,5460,5460,5460],
		"R_reference": [242.4,146.6,86.6,49.01,25.46],
		"G_reference": [242.4,146.6,86.6,49.01,25.46],
		"B_reference": [242.4,146.6,86.6,49.01,25.46],
		"R_input": [126.5,93.7,61.03,40.16,32.61],
		"G_input": [127.2,99.75,65.71,34.48,22.24],
		"B_input": [139.6,104.5,67.26,40.51,29.6],
		"L_reference": [95.63,60.79,36.82,20.33,8.991],
		"a_reference": [0,0,0,0,0],
		"b_reference": [0,0,0,0,0],
		"L_input": [53.59,41.91,27.47,14.3,8.922],
		"a_input": [2.295,-1.282,-1.574,4.091,6.879],
		"b_input": [-6.791,-3.5,-1.616,-3.032,-3.129],
		"x_reference": [0.3127,0.3127,0.3127,0.3127,0.3127],
		"y_reference": [0.329,0.329,0.329,0.329,0.329],
		"Y_reference": [0.8913,0.2901,0.09441,0.03073,0.01],
		"x_input": [0.2986,0.2977,0.3002,0.3129,0.3281],
		"y_input": [0.3071,0.3181,0.3239,0.3001,0.2866],
		"Y_input": [0.2159,0.1244,0.05264,0.01783,0.009917],
		"LUV_comment": "L2 is used to differentiate between the L in LAB and L in LUV.",
		"L2_reference": [805.1,262,85.28,27.75,9.033],
		"U_reference": [0.1978,0.1978,0.1978,0.1978,0.1978],
		"V_reference": [0.4683,0.4683,0.4683,0.4683,0.4683],
		"L2_input": [195,112.4,47.55,16.11,8.958],
		"U_input": [0.1962,0.1914,0.191,0.2094,0.227],
		"V_input": [0.454,0.4602,0.4637,0.452,0.446],
		"patch_numbers_for_all_Delta_E_C": [1,2,3,4,5],
		"Delta_E_all": [42.6,19.2,9.61,7.89,7.56],
		"Delta_C_all": [7.17,3.73,2.26,5.09,7.56],
		"Delta_E94_all": [42.6,19.2,9.61,7.89,7.56],
		"Delta_C94_all": [7.17,3.73,2.26,5.09,7.56],
		"Delta_E2000_all": [31.5,19.1,7.89,7.19,8.67],
		"Delta_C2000_all": [6.5,3.66,2.69,5.93,8.67],
		"Delta_L_all": [-42,-18.9,-9.34,-6.03,-0.0694],
		"Delta_Chroma_all": [7.17,3.73,2.26,5.09,7.56],
		"Delta_Hue_Distance_all": [0,0,0,0,0],
		"Delta_Hue_Degrees_all": [0,0,0,0,0],
		"sat_corr_comment": "sat_corr explained on https://www.imatest.com/docs/colorcheck/#satcorr - not recommended.",
		"Delta_C_all_sat_corr": ["_NaN_","_NaN_","_NaN_","_NaN_","_NaN_"],
		"Delta_C94_all_sat_corr": ["_NaN_","_NaN_","_NaN_","_NaN_","_NaN_"],
		"Delta_C2000_all_sat_corr": ["_NaN_","_NaN_","_NaN_","_NaN_","_NaN_"],
		"grayscale_patch_numbers": [1,2,3,4,5],
		"Delta_E": [42.6,19.2,9.61,7.89,7.56],
		"Delta_C": [7.17,3.73,2.26,5.09,7.56],
		"Delta_E94": [42.6,19.2,9.61,7.89,7.56],
		"Delta_C94": [7.17,3.73,2.26,5.09,7.56],
		"Delta_E2000": [31.5,19.1,7.89,7.19,8.67],
		"Delta_C2000": [6.5,3.66,2.69,5.93,8.67],
		"Delta_L": [-42,-18.9,-9.34,-6.03,-0.0694],
		"Delta_Chroma": [7.17,3.73,2.26,5.09,7.56],
		"Delta_Hue_Distance": [0,0,0,0,0],
		"Delta_Hue_Degrees": [0,0,0,0,0],
		"mean_Delta_E": [17.4],
		"mean_Delta_C": [5.16],
		"mean_Delta_E94": [17.4],
		"mean_Delta_C94": [5.16],
		"mean_Delta_E2000": [14.9],
		"mean_Delta_C2000": [5.49],
		"mean_Delta_L": [-15.3],
		"mean_Delta_Chroma": [5.16],
		"mean_Delta_Hue_Distance": [0],
		"mean_Delta_Hue_Degrees": [0],
		"mean_Delta_C_sat_corr": ["_NaN_"],
		"mean_Delta_C94_sat_corr": ["_NaN_"],
		"mean_Delta_C2000_sat_corr": ["_NaN_"],
		"max_Delta_E": [42.6],
		"max_Delta_C": [7.56],
		"max_Delta_E94": [42.6],
		"max_Delta_C94": [7.56],
		"max_Delta_E2000": [31.5],
		"max_Delta_C2000": [8.67],
		"max_Delta_L": [-0.0694],
		"max_Delta_Chroma": [7.56],
		"max_Delta_Hue_Distance": [0],
		"max_Delta_Hue_Degrees": [0],
		"max_Delta_C_sat_corr": ["_NaN_"],
		"max_Delta_C94_sat_corr": ["_NaN_"],
		"max_Delta_C2000_sat_corr": ["_NaN_"],
		"mean_RegionSize": [5390],
		"Sequence_dark_to_light": [5,4,3,2,1],
		"Patch_number": [5,4,3,2,1],
		"R_noise": [0.1056,0.1172,0.1267,0.1052,0.08043],
		"G_noise": [0.0844,0.09219,0.08305,0.06095,0.05278],
		"B_noise": [0.09718,0.1055,0.1021,0.07015,0.05568],
		"R_SNR_ratio": [1.211,1.344,1.889,3.491,6.166],
		"G_SNR_ratio": [1.033,1.467,3.103,6.418,9.452],
		"B_SNR_ratio": [1.194,1.505,2.582,5.842,9.834],
		"R_SNR_dB": [1.661,2.568,5.523,10.86,15.8],
		"G_SNR_dB": [0.2857,3.328,9.836,16.15,19.51],
		"B_SNR_dB": [1.543,3.551,8.24,15.33,19.85],
		"Gb_noise": [0.06815,0.0735,0.06862,0.05199,0.04526],
		"Gb_SNR_ratio": [1.437,1.927,3.705,7.453,11.09],
		"Gb_SNR_dB": [3.15,5.7,11.38,17.45,20.9],
		"Y_f_stop_SNR_ratio": [1.559,1.47,1.106,0.6565,0.3962],
		"Y_f_stop_SNR_dB": [3.86,3.346,0.8746,-3.655,-8.042],
		"quality_levels_for_DR": [
				"Low,",
				"Medium,",
				"M-H,",
				"High,"
		],
		"SigNoise_levels_for_DR": [1,0.5,0.25,0.1],
		"Dynamic_Range_f_stops": [3.49,0,0,0],
		"Dynamic_Range_dB": [21.01,0,0,0],
		"noise_ISO15739_pct": [0.8969,1.231,2.253,3.807,4.599],
		"snr_ISO15739": [1.106,1.449,2.337,3.268,4.695],
		"noise_pct_ISO15739_at_13pct_Lref": [4.212],
		"snr_ISO15739_at_13pct_Lref": [3.997],
		"snr_dB_ISO15739_at_13pct_Lref": [12.04],
		"DynamicRange_at_density_2": [501.1],
		"DynamicRange_total": [0],
		"DynamicRange_from_slope_OD": [1.95],
		"DynamicRange_from_slope_EV": [6.474],
		"DynamicRange_from_slope_dB": [39],
		"SNR_BW_dB_RGBY": [10.69,15.43,14.21,16.81],
		"L_noise": [7.532,7.943,7.045,5.202,4.425],
		"a_noise": [16.77,18.19,17.14,12.82,10.1],
		"b_noise": [17.32,19.12,17.41,11.6,8.889],
		"Total_Lab_noise_unwtd": [25.26,27.56,25.42,18.06,14.16],
		"Total_ab_noise_unwtd": [24.11,26.39,24.43,17.29,13.46],
		"R_minus_Y_KK_noise": [0.09541,0.1074,0.1095,0.08923,0.06698],
		"B_minus_Y_KK_noise": [0.1083,0.1205,0.1137,0.07622,0.0605],
		"Y_Kelly_Keelan_noise": [0.06815,0.0735,0.06862,0.05199,0.04526],
		"Total_KK_noise": [0.09064,0.09947,0.09588,0.07373,0.06019],
		"Chroma_KK_noise": [0.05977,0.06703,0.06697,0.05227,0.03967],
		"Total_old_iso_noise": [0.1111,0.1229,0.1202,0.09342,0.0742],
		"Y_noise_from_YUV": [0.06814,0.07349,0.06861,0.05199,0.04526],
		"U_noise_from_YUV": [0.0509,0.0566,0.05341,0.03581,0.02843],
		"V_noise_from_YUV": [0.07451,0.08384,0.08555,0.06968,0.05231],