{
	"jsonResults": {
		"dateRun": "13-May-2025 09:22:25",
		"ini_time_size": "13-May-2025 09:18:43 10503B  MD5 = 7bbdae4cdfbb71f0df797795aee41ae8",
		"version": "Imatest 24.2.6 Master Color/Tone Auto",
		"build": "2025-03-20",
		"image_file": "potted plant_18.0 mm_25600ISO_0EV_Dist1_OFF_Defocus1.tiff",
		"ColorSpace": "sRGB",
		"Reference": "Default values",
		"Ref_folder": "/usr/local/Imatest/v24.2/Master/",
		"Gamma": [0.3425],
		"patches_for_gamma_start_end": [1,5],
		"exposure_error_normalized_y_channel": [-0.0343],
		"mean_camera_Saturation_Pct": ["_NaN_"],
		"mean_chroma_level_CPIQ_Pct": ["_NaN_"],
		"CPIQ_chroma_quality_loss_JND": ["_NaN_"],
		"CPIQ_exposure_quality_loss_JND": ["_NaN_"],
		"pixel_offset": [0],
		"mean_patch_size_pxls": [69,76],
		"roi_settings": "Recent ROI settings are in roi, nwid_save, nht_save, fillf, and distort (same names as ini file)",
		"roi": [3090,1813,3520,1902,3090,1904,3520,1805],
		"nwid_save": [6024],
		"nht_save": [4020],
		"fillf": [0.8],
		"distort": [0],
		"grayscale_zone": [1,2,3,4,5],
		"grayscale_minus_log_exposure": [2,1.513,1.025,0.5375,0.05],
		"grayscale_Y_reflectivity": [0.01,0.03073,0.09441,0.2901,0.8913],
		"grayscale_Y_Printer_pixel_gamma22": [33.13,55.18,91.91,153.1,255],
		"grayscale_Y_density": [0.1577,0.2655,0.4324,0.6738,0.9487],
		"grayscale_R_density": [0.1588,0.2697,0.4585,0.6688,0.845],
		"grayscale_G_density": [0.1603,0.2662,0.426,0.6763,0.9892],
		"grayscale_B_density": [0.1295,0.2465,0.4216,0.6635,0.9125],
		"grayscale_Y_mean": [177.4,138.4,94.22,54.04,28.7],
		"grayscale_R_mean": [176.9,137,88.72,54.66,36.44],
		"grayscale_G_mean": [176.3,138.2,95.61,53.73,26.14],
		"grayscale_B_mean": [189.2,144.5,96.59,55.33,31.19],
		"White_Bal_error_Degrees": [791.8,555.2,690.8,129.3,-1209],
		"White_Bal_error_Mired": [-16.71,-12.11,-14.78,-3.001,35.15],
		"White_Bal_error_S_HSV": [0.06836,0.05186,0.0814,0.02903,0.2824],
		"White_Bal_error_Delta_C_ab": [7.052,3.66,2.873,1.164,6.372],
		"White_Bal_error_Delta_C_94": [7.052,3.66,2.873,1.164,6.372],
		"White_Bal_error_Delta_C_00": [6.545,3.493,3.65,1.406,7.76],
		"n_Patch": [1,2,3,4,5],
		"n_Row": [1,1,1,1,1],
		"n_Column": [1,2,3,4,5],
		"width_pixels": [70,70,70,70,70],
		"height_pixels": [78,78,78,78,78],
		"Pixels_total": [5460,5460,5460,5460,5460],
		"R_reference": [242.4,146.6,86.6,49.01,25.46],
		"G_reference": [242.4,146.6,86.6,49.01,25.46],
		"B_reference": [242.4,146.6,86.6,49.01,25.46],
		"R_input": [176.9,137,88.72,54.66,36.44],
		"G_input": [176.3,138.2,95.61,53.73,26.14],
		"B_input": [189.2,144.5,96.59,55.33,31.19],
		"L_reference": [95.63,60.79,36.82,20.33,8.991],
		"a_reference": [0,0,0,0,0],
		"b_reference": [0,0,0,0,0],
		"L_input": [72.35,57.63,40.02,22.64,10.76],
		"a_input": [2.714,0.8808,-2.459,0.7767,6.185],
		"b_input": [-6.508,-3.553,-1.486,-0.8671,-1.533],
		"x_reference": [0.3127,0.3127,0.3127,0.3127,0.3127],
		"y_reference": [0.329,0.329,0.329,0.329,0.329],
		"Y_reference": [0.8913,0.2901,0.09441,0.03073,0.01],
		"x_input": [0.3029,0.3051,0.3011,0.3113,0.3356],
		"y_input": [0.312,0.3184,0.3266,0.323,0.3019],
		"Y_input": [0.4419,0.2557,0.1126,0.03695,0.01228],
		"LUV_comment": "L2 is used to differentiate between the L in LAB and L in LUV.",
		"L2_reference": [805.1,262,85.28,27.75,9.033],
		"U_reference": [0.1978,0.1978,0.1978,0.1978,0.1978],
		"V_reference": [0.4683,0.4683,0.4683,0.4683,0.4683],
		"L2_input": [399.1,231,101.7,33.38,11.09],
		"U_input": [0.1974,0.1965,0.1906,0.1991,0.2256],
		"V_input": [0.4575,0.4614,0.4653,0.4649,0.4565],
		"patch_numbers_for_all_Delta_E_C": [1,2,3,4,5],
		"Delta_E_all": [24.3,4.83,4.3,2.58,6.61],
		"Delta_C_all": [7.05,3.66,2.87,1.16,6.37],
		"Delta_E94_all": [24.3,4.83,4.3,2.58,6.61],
		"Delta_C94_all": [7.05,3.66,2.87,1.16,6.37],
		"Delta_E2000_all": [16.8,4.48,4.57,2.14,7.84],
		"Delta_C2000_all": [6.55,3.49,3.65,1.41,7.76],
		"Delta_L_all": [-23.3,-3.16,3.2,2.3,1.77],
		"Delta_Chroma_all": [7.05,3.66,2.87,1.16,6.37],
		"Delta_Hue_Distance_all": [0,0,0,0,0],
		"Delta_Hue_Degrees_all": [0,0,0,0,0],
		"sat_corr_comment": "sat_corr explained on https://www.imatest.com/docs/colorcheck/#satcorr - not recommended.",
		"Delta_C_all_sat_corr": ["_NaN_","_NaN_","_NaN_","_NaN_","_NaN_"],
		"Delta_C94_all_sat_corr": ["_NaN_","_NaN_","_NaN_","_NaN_","_NaN_"],
		"Delta_C2000_all_sat_corr": ["_NaN_","_NaN_","_NaN_","_NaN_","_NaN_"],
		"grayscale_patch_numbers": [1,2,3,4,5],
		"Delta_E": [24.3,4.83,4.3,2.58,6.61],
		"Delta_C": [7.05,3.66,2.87,1.16,6.37],
		"Delta_E94": [24.3,4.83,4.3,2.58,6.61],
		"Delta_C94": [7.05,3.66,2.87,1.16,6.37],
		"Delta_E2000": [16.8,4.48,4.57,2.14,7.84],
		"Delta_C2000": [6.55,3.49,3.65,1.41,7.76],
		"Delta_L": [-23.3,-3.16,3.2,2.3,1.77],
		"Delta_Chroma": [7.05,3.66,2.87,1.16,6.37],
		"Delta_Hue_Distance": [0,0,0,0,0],
		"Delta_Hue_Degrees": [0,0,0,0,0],
		"mean_Delta_E": [8.53],
		"mean_Delta_C": [4.22],
		"mean_Delta_E94": [8.53],
		"mean_Delta_C94": [4.22],
		"mean_Delta_E2000": [7.17],
		"mean_Delta_C2000": [4.57],
		"mean_Delta_L": [-3.83],
		"mean_Delta_Chroma": [4.22],
		"mean_Delta_Hue_Distance": [0],
		"mean_Delta_Hue_Degrees": [0],
		"mean_Delta_C_sat_corr": ["_NaN_"],
		"mean_Delta_C94_sat_corr": ["_NaN_"],
		"mean_Delta_C2000_sat_corr": ["_NaN_"],
		"max_Delta_E": [24.3],
		"max_Delta_C": [7.05],
		"max_Delta_E94": [24.3],
		"max_Delta_C94": [7.05],
		"max_Delta_E2000": [16.8],
		"max_Delta_C2000": [7.76],
		"max_Delta_L": [3.2],
		"max_Delta_Chroma": [7.05],
		"max_Delta_Hue_Distance": [0],
		"max_Delta_Hue_Degrees": [0],
		"max_Delta_C_sat_corr": ["_NaN_"],
		"max_Delta_C94_sat_corr": ["_NaN_"],
		"max_Delta_C2000_sat_corr": ["_NaN_"],
		"mean_RegionSize": [5390],
		"Sequence_dark_to_light": [5,4,3,2,1],
		"Patch_number": [5,4,3,2,1],
		"R_noise": [0.1095,0.1247,0.1106,0.07844,0.06515],
		"G_noise": [0.08786,0.09092,0.06287,0.05227,0.04779],
		"B_noise": [0.09905,0.1031,0.07344,0.05675,0.0489],
		"R_SNR_ratio": [1.304,1.719,3.146,6.851,10.65],
		"G_SNR_ratio": [1.167,2.317,5.964,10.37,14.47],
		"B_SNR_ratio": [1.235,2.105,5.157,9.989,15.18],
		"R_SNR_dB": [2.309,4.705,9.954,16.72,20.55],
		"G_SNR_dB": [1.341,7.3,15.51,20.31,23.21],
		"B_SNR_dB": [1.834,6.465,14.25,19.99,23.62],
		"Gb_noise": [0.07015,0.0735,0.05426,0.04439,0.03985],
		"Gb_SNR_ratio": [1.604,2.883,6.81,12.23,17.45],
		"Gb_SNR_dB": [4.105,9.198,16.66,21.75,24.84],
		"Y_f_stop_SNR_ratio": [2.368,2.267,1.882,1.079,0.8749],
		"Y_f_stop_SNR_dB": [7.487,7.111,5.492,0.6625,-1.161],
		"quality_levels_for_DR": [
				"Low,",
				"Medium,",
				"M-H,",
				"High,"
		],
		"SigNoise_levels_for_DR": [1,0.5,0.25,0.1],
		"Dynamic_Range_f_stops": [5.408,2.677,0,0],
		"Dynamic_Range_dB": [32.56,16.11,0,0],
		"noise_ISO15739_pct": [0.6104,0.8746,1.496,2.938,3.682],
		"snr_ISO15739": [2.012,4.225,7.527,8.703,12],
		"noise_pct_ISO15739_at_13pct_Lref": [3.195],
		"snr_ISO15739_at_13pct_Lref": [9.841],
		"snr_dB_ISO15739_at_13pct_Lref": [19.86],
		"DynamicRange_at_density_2": [628.7],
		"DynamicRange_total": [0],
		"DynamicRange_from_slope_OD": [1.95],
		"DynamicRange_from_slope_EV": [6.474],
		"DynamicRange_from_slope_dB": [39],
		"SNR_BW_dB_RGBY": [15.8,19.32,18.61,20.74],
		"L_noise": [7.674,7.626,5.409,4.327,3.712],
		"a_noise": [17.6,18.03,13.36,9.691,8.332],
		"b_noise": [17.37,17.41,12.2,8.983,7.562],
		"Total_Lab_noise_unwtd": [25.89,26.2,18.88,13.9,11.85],
		"Total_ab_noise_unwtd": [24.73,25.06,18.09,13.21,11.25],
		"R_minus_Y_KK_noise": [0.1012,0.1126,0.09241,0.06665,0.0562],
		"B_minus_Y_KK_noise": [0.1094,0.1127,0.0802,0.0616,0.0544],
		"Y_Kelly_Keelan_noise": [0.07015,0.0735,0.05426,0.04439,0.03985],
		"Total_KK_noise": [0.09398,0.1003,0.07676,0.05953,0.05225],
		"Chroma_KK_noise": [0.06254,0.06825,0.0543,0.03966,0.03379],
		"Total_old_iso_noise": [0.1157,0.1247,0.09715,0.07362,0.0639],
		"Y_noise_from_YUV": [0.07014,0.07349,0.05425,0.04439,0.03985],
		"U_noise_from_YUV": [0.05138,0.05296,0.03768,0.02895,0.02556],
		"V_noise_from_YUV": [0.07905,0.08796,0.07217,0.05205,0.04389],