{
	"jsonResults": {
		"dateRun": "07-May-2025 13:39:59",
		"ini_time_size": "07-May-2025 13:33:49 9693B  MD5 = 1fa0cfd42e7f0ed72ad2992dbbad72cc",
		"version": "Imatest 24.2.6 Master Color/Tone Auto",
		"build": "2025-03-20",
		"image_file": "potted plant_18.0 mm_6400ISO_+1EV_Dist1_ON_Focused.tiff",
		"ColorSpace": "sRGB",
		"Reference": "Default values",
		"Ref_folder": "/usr/local/Imatest/v24.2/Master/",
		"Gamma": [0.3204],
		"patches_for_gamma_start_end": [1,5],
		"exposure_error_normalized_y_channel": [0.24],
		"mean_camera_Saturation_Pct": ["_NaN_"],
		"mean_chroma_level_CPIQ_Pct": ["_NaN_"],
		"CPIQ_chroma_quality_loss_JND": ["_NaN_"],
		"CPIQ_exposure_quality_loss_JND": ["_NaN_"],
		"pixel_offset": [0],
		"mean_patch_size_pxls": [71,78],
		"roi_settings": "Recent ROI settings are in roi, nwid_save, nht_save, fillf, and distort (same names as ini file)",
		"roi": [3078,1807,3523,1905,3078,1905,3523,1807],
		"nwid_save": [6024],
		"nht_save": [4020],
		"fillf": [0.8],
		"distort": [0],
		"grayscale_zone": [1,2,3,4,5],
		"grayscale_minus_log_exposure": [2,1.513,1.025,0.5375,0.05],
		"grayscale_Y_reflectivity": [0.01,0.03073,0.09441,0.2901,0.8913],
		"grayscale_Y_Printer_pixel_gamma22": [33.13,55.18,91.91,153.1,255],
		"grayscale_Y_density": [0.01633,0.122,0.2782,0.4919,0.7899],
		"grayscale_R_density": [0.01752,0.1261,0.2834,0.4984,0.7924],
		"grayscale_G_density": [0.01684,0.1216,0.2777,0.4912,0.7901],
		"grayscale_B_density": [0.007899,0.1151,0.2686,0.4805,0.7806],
		"grayscale_Y_mean": [245.6,192.5,134.4,82.15,41.37],
		"grayscale_R_mean": [244.9,190.7,132.8,80.94,41.13],
		"grayscale_G_mean": [245.3,192.7,134.5,82.29,41.35],
		"grayscale_B_mean": [250.4,195.7,137.4,84.34,42.26],
		"White_Bal_error_Degrees": [230.1,245.6,322.7,369.1,217.6],
		"White_Bal_error_Mired": [-5.261,-5.601,-7.277,-8.266,-4.984],
		"White_Bal_error_S_HSV": [0.0219,0.02518,0.03345,0.04031,0.02676],
		"White_Bal_error_Delta_C_ab": [2.621,1.721,1.757,1.395,0.6458],
		"White_Bal_error_Delta_C_94": [2.621,1.721,1.757,1.395,0.6458],
		"White_Bal_error_Delta_C_00": [2.602,1.664,1.693,1.356,0.6508],
		"n_Patch": [1,2,3,4,5],
		"n_Row": [1,1,1,1,1],
		"n_Column": [1,2,3,4,5],
		"width_pixels": [72,72,72,72,72],
		"height_pixels": [80,80,80,80,80],
		"Pixels_total": [5760,5760,5760,5760,5760],
		"R_reference": [242.4,146.6,86.6,49.01,25.46],
		"G_reference": [242.4,146.6,86.6,49.01,25.46],
		"B_reference": [242.4,146.6,86.6,49.01,25.46],
		"R_input": [244.9,190.7,132.8,80.94,41.13],
		"G_input": [245.3,192.7,134.5,82.29,41.35],
		"B_input": [250.4,195.7,137.4,84.34,42.26],
		"L_reference": [95.63,60.79,36.82,20.33,8.991],
		"a_reference": [0,0,0,0,0],
		"b_reference": [0,0,0,0,0],
		"L_input": [96.74,77.9,56.07,34.94,16.76],
		"a_input": [0.7834,-0.1531,-0.07871,-0.09584,0.1237],
		"b_input": [-2.501,-1.714,-1.756,-1.391,-0.6339],
		"x_reference": [0.3127,0.3127,0.3127,0.3127,0.3127],
		"y_reference": [0.329,0.329,0.329,0.329,0.329],
		"Y_reference": [0.8913,0.2901,0.09441,0.03073,0.01],
		"x_input": [0.3094,0.3089,0.3078,0.3071,0.3095],
		"y_input": [0.324,0.3254,0.3241,0.3236,0.3248],
		"Y_input": [0.9181,0.5304,0.2399,0.08471,0.02253],
		"LUV_comment": "L2 is used to differentiate between the L in LAB and L in LUV.",
		"L2_reference": [805.1,262,85.28,27.75,9.033],
		"U_reference": [0.1978,0.1978,0.1978,0.1978,0.1978],
		"V_reference": [0.4683,0.4683,0.4683,0.4683,0.4683],
		"L2_input": [829.4,479.1,216.7,76.52,20.35],
		"U_input": [0.1974,0.1966,0.1963,0.196,0.1972],
		"V_input": [0.4651,0.4658,0.465,0.4646,0.4656],
		"patch_numbers_for_all_Delta_E_C": [1,2,3,4,5],
		"Delta_E_all": [2.85,17.2,19.3,14.7,7.8],
		"Delta_C_all": [2.62,1.72,1.76,1.39,0.646],
		"Delta_E94_all": [2.85,17.2,19.3,14.7,7.8],
		"Delta_C94_all": [2.62,1.72,1.76,1.39,0.646],
		"Delta_E2000_all": [2.68,13.4,18.7,11.1,5.05],
		"Delta_C2000_all": [2.6,1.66,1.69,1.36,0.651],
		"Delta_L_all": [1.11,17.1,19.3,14.6,7.77],
		"Delta_Chroma_all": [2.62,1.72,1.76,1.39,0.646],
		"Delta_Hue_Distance_all": [0,0,0,0,0],
		"Delta_Hue_Degrees_all": [0,0,0,0,0],
		"sat_corr_comment": "sat_corr explained on https://www.imatest.com/docs/colorcheck/#satcorr - not recommended.",
		"Delta_C_all_sat_corr": ["_NaN_","_NaN_","_NaN_","_NaN_","_NaN_"],
		"Delta_C94_all_sat_corr": ["_NaN_","_NaN_","_NaN_","_NaN_","_NaN_"],
		"Delta_C2000_all_sat_corr": ["_NaN_","_NaN_","_NaN_","_NaN_","_NaN_"],
		"grayscale_patch_numbers": [1,2,3,4,5],
		"Delta_E": [2.85,17.2,19.3,14.7,7.8],
		"Delta_C": [2.62,1.72,1.76,1.39,0.646],
		"Delta_E94": [2.85,17.2,19.3,14.7,7.8],
		"Delta_C94": [2.62,1.72,1.76,1.39,0.646],
		"Delta_E2000": [2.68,13.4,18.7,11.1,5.05],
		"Delta_C2000": [2.6,1.66,1.69,1.36,0.651],
		"Delta_L": [1.11,17.1,19.3,14.6,7.77],
		"Delta_Chroma": [2.62,1.72,1.76,1.39,0.646],
		"Delta_Hue_Distance": [0,0,0,0,0],
		"Delta_Hue_Degrees": [0,0,0,0,0],
		"mean_Delta_E": [12.4],
		"mean_Delta_C": [1.63],
		"mean_Delta_E94": [12.4],
		"mean_Delta_C94": [1.63],
		"mean_Delta_E2000": [10.2],
		"mean_Delta_C2000": [1.59],
		"mean_Delta_L": [12],
		"mean_Delta_Chroma": [1.63],
		"mean_Delta_Hue_Distance": [0],
		"mean_Delta_Hue_Degrees": [0],
		"mean_Delta_C_sat_corr": ["_NaN_"],
		"mean_Delta_C94_sat_corr": ["_NaN_"],
		"mean_Delta_C2000_sat_corr": ["_NaN_"],
		"max_Delta_E": [19.3],
		"max_Delta_C": [2.62],
		"max_Delta_E94": [19.3],
		"max_Delta_C94": [2.62],
		"max_Delta_E2000": [18.7],
		"max_Delta_C2000": [2.6],
		"max_Delta_L": [19.3],
		"max_Delta_Chroma": [2.62],
		"max_Delta_Hue_Distance": [0],
		"max_Delta_Hue_Degrees": [0],
		"max_Delta_C_sat_corr": ["_NaN_"],
		"max_Delta_C94_sat_corr": ["_NaN_"],
		"max_Delta_C2000_sat_corr": ["_NaN_"],
		"mean_RegionSize": [5688],
		"Sequence_dark_to_light": [5,4,3,2,1],
		"Patch_number": [5,4,3,2,1],
		"R_noise": [0.0766,0.05742,0.04156,0.03559,0.0289],
		"G_noise": [0.04848,0.03197,0.02706,0.02459,0.0226],
		"B_noise": [0.06262,0.04182,0.03186,0.02848,0.01893],
		"R_SNR_ratio": [2.106,5.528,12.53,21.01,33.24],
		"G_SNR_ratio": [3.345,10.09,19.5,30.74,42.57],
		"B_SNR_ratio": [2.647,7.908,16.91,26.94,51.87],
		"R_SNR_dB": [6.468,14.85,21.96,26.45,30.43],
		"G_SNR_dB": [10.49,20.08,25.8,29.76,32.58],
		"B_SNR_dB": [8.453,17.96,24.56,28.61,34.3],
		"Gb_noise": [0.03983,0.02703,0.02266,0.02028,0.01838],
		"Gb_SNR_ratio": [4.073,11.92,23.25,37.24,52.41],
		"Gb_SNR_dB": [12.2,21.52,27.33,31.42,34.39],
		"Y_f_stop_SNR_ratio": [6.991,6.641,5.896,4.165,2.479],
		"Y_f_stop_SNR_dB": [16.89,16.44,15.41,12.39,7.886],
		"quality_levels_for_DR": [
				"Low,",
				"Medium,",
				"M-H,",
				"High,"
		],
		"SigNoise_levels_for_DR": [1,0.5,0.25,0.1],
		"Dynamic_Range_f_stops": [0,0,4.957,0],
		"Dynamic_Range_dB": [0,0,29.84,0],
		"noise_ISO15739_pct": [0.8067,0.7681,1.594,3.485,4.361],
		"snr_ISO15739": [2.793,11.03,15.05,15.22,21.05],
		"noise_pct_ISO15739_at_13pct_Lref": [2.047],
		"snr_ISO15739_at_13pct_Lref": [15.09],
		"snr_dB_ISO15739_at_13pct_Lref": [23.57],
		"DynamicRange_at_density_2": [151.2],
		"DynamicRange_total": [0],
		"DynamicRange_from_slope_OD": [1.931],
		"DynamicRange_from_slope_EV": [6.409],
		"DynamicRange_from_slope_dB": [38.61],
		"SNR_BW_dB_RGBY": [25.11,28.32,27.05,30],
		"L_noise": [4.441,2.858,2.235,1.877,1.624],
		"a_noise": [11.68,7.86,5.539,4.579,3.625],
		"b_noise": [11.42,7.355,5.081,4.379,3.003],
		"Total_Lab_noise_unwtd": [16.93,11.14,7.842,6.608,4.979],
		"Total_ab_noise_unwtd": [16.33,10.76,7.516,6.336,4.707],
		"R_minus_Y_KK_noise": [0.06667,0.04859,0.03566,0.03099,0.02594],
		"B_minus_Y_KK_noise": [0.06884,0.04624,0.03462,0.03184,0.02287],
		"Y_Kelly_Keelan_noise": [0.03983,0.02703,0.02266,0.02028,0.01838],
		"Total_KK_noise": [0.05695,0.03972,0.03121,0.02772,0.02391],
		"Chroma_KK_noise": [0.04071,0.0291,0.02145,0.0189,0.01529],
		"Total_old_iso_noise": [0.07204,0.05083,0.03898,0.03447,0.02919],
		"Y_noise_from_YUV": [0.03983,0.02703,0.02266,0.02027,0.01838],
		"U_noise_from_YUV": [0.03234,0.02173,0.01627,0.01496,0.01075],