{
	"jsonResults": {
		"dateRun": "13-May-2025 09:22:25",
		"ini_time_size": "13-May-2025 09:18:43 10503B  MD5 = 7bbdae4cdfbb71f0df797795aee41ae8",
		"version": "Imatest 24.2.6 Master Color/Tone Auto",
		"build": "2025-03-20",
		"image_file": "potted plant_18.0 mm_1600ISO_0EV_Dist1_OFF_Defocus2.tiff",
		"ColorSpace": "sRGB",
		"Reference": "Default values",
		"Ref_folder": "/usr/local/Imatest/v24.2/Master/",
		"Gamma": [0.315],
		"patches_for_gamma_start_end": [1,5],
		"exposure_error_normalized_y_channel": [0.0487],
		"mean_camera_Saturation_Pct": ["_NaN_"],
		"mean_chroma_level_CPIQ_Pct": ["_NaN_"],
		"CPIQ_chroma_quality_loss_JND": ["_NaN_"],
		"CPIQ_exposure_quality_loss_JND": ["_NaN_"],
		"pixel_offset": [0],
		"mean_patch_size_pxls": [69,76],
		"roi_settings": "Recent ROI settings are in roi, nwid_save, nht_save, fillf, and distort (same names as ini file)",
		"roi": [3090,1813,3520,1902,3090,1904,3520,1805],
		"nwid_save": [6024],
		"nht_save": [4020],
		"fillf": [0.8],
		"distort": [0],
		"grayscale_zone": [1,2,3,4,5],
		"grayscale_minus_log_exposure": [2,1.513,1.025,0.5375,0.05],
		"grayscale_Y_reflectivity": [0.01,0.03073,0.09441,0.2901,0.8913],
		"grayscale_Y_Printer_pixel_gamma22": [33.13,55.18,91.91,153.1,255],
		"grayscale_Y_density": [0.1056,0.2097,0.3633,0.5673,0.7881],
		"grayscale_R_density": [0.1057,0.2123,0.367,0.5676,0.7977],
		"grayscale_G_density": [0.1067,0.2095,0.3628,0.5676,0.7848],
		"grayscale_B_density": [0.09479,0.2042,0.3577,0.5633,0.7932],
		"grayscale_Y_mean": [200,157.3,110.5,69.06,41.54],
		"grayscale_R_mean": [199.9,156.4,109.5,69.01,40.63],
		"grayscale_G_mean": [199.5,157.4,110.6,69.01,41.85],
		"grayscale_B_mean": [205,159.4,111.9,69.7,41.06],
		"White_Bal_error_Degrees": [266.2,179.6,195.2,91.46,52.29],
		"White_Bal_error_Mired": [-6.053,-4.138,-4.485,-2.135,-1.228],
		"White_Bal_error_S_HSV": [0.02695,0.0186,0.02129,0.009989,0.02921],
		"White_Bal_error_Delta_C_ab": [2.953,1.158,0.8893,0.4473,0.809],
		"White_Bal_error_Delta_C_94": [2.953,1.158,0.8893,0.4473,0.809],
		"White_Bal_error_Delta_C_00": [3.016,1.129,0.8849,0.473,1.129],
		"n_Patch": [1,2,3,4,5],
		"n_Row": [1,1,1,1,1],
		"n_Column": [1,2,3,4,5],
		"width_pixels": [70,70,70,70,70],
		"height_pixels": [78,78,78,78,78],
		"Pixels_total": [5460,5460,5460,5460,5460],
		"R_reference": [242.4,146.6,86.6,49.01,25.46],
		"G_reference": [242.4,146.6,86.6,49.01,25.46],
		"B_reference": [242.4,146.6,86.6,49.01,25.46],
		"R_input": [199.9,156.4,109.5,69.01,40.63],
		"G_input": [199.5,157.4,110.6,69.01,41.85],
		"B_input": [205,159.4,111.9,69.7,41.06],
		"L_reference": [95.63,60.79,36.82,20.33,8.991],
		"a_reference": [0,0,0,0,0],
		"b_reference": [0,0,0,0,0],
		"L_input": [80.6,64.86,46.63,29.32,16.84],
		"a_input": [1.182,0.02171,-0.1396,0.1509,-0.7412],
		"b_input": [-2.706,-1.158,-0.8783,-0.4211,0.3243],
		"x_reference": [0.3127,0.3127,0.3127,0.3127,0.3127],
		"y_reference": [0.329,0.329,0.329,0.329,0.329],
		"Y_reference": [0.8913,0.2901,0.09441,0.03073,0.01],
		"x_input": [0.3091,0.31,0.3097,0.3114,0.3113],
		"y_input": [0.3224,0.3261,0.3263,0.3269,0.3327],
		"Y_input": [0.5774,0.3387,0.1574,0.05962,0.0227],
		"LUV_comment": "L2 is used to differentiate between the L in LAB and L in LUV.",
		"L2_reference": [805.1,262,85.28,27.75,9.033],
		"U_reference": [0.1978,0.1978,0.1978,0.1978,0.1978],
		"V_reference": [0.4683,0.4683,0.4683,0.4683,0.4683],
		"L2_input": [521.6,306,142.1,53.85,20.5],
		"U_input": [0.1978,0.197,0.1967,0.1977,0.1955],
		"V_input": [0.4642,0.4663,0.4664,0.467,0.4701],
		"patch_numbers_for_all_Delta_E_C": [1,2,3,4,5],
		"Delta_E_all": [15.3,4.24,9.85,9,7.89],
		"Delta_C_all": [2.95,1.16,0.889,0.447,0.809],
		"Delta_E94_all": [15.3,4.24,9.85,9,7.89],
		"Delta_C94_all": [2.95,1.16,0.889,0.447,0.809],
		"Delta_E2000_all": [10.1,3.63,8.89,6.57,5.18],
		"Delta_C2000_all": [3.02,1.13,0.885,0.473,1.13],
		"Delta_L_all": [-15,4.07,9.81,8.98,7.85],
		"Delta_Chroma_all": [2.95,1.16,0.889,0.447,0.809],
		"Delta_Hue_Distance_all": [0,0,0,0,0],
		"Delta_Hue_Degrees_all": [0,0,0,0,0],
		"sat_corr_comment": "sat_corr explained on https://www.imatest.com/docs/colorcheck/#satcorr - not recommended.",
		"Delta_C_all_sat_corr": ["_NaN_","_NaN_","_NaN_","_NaN_","_NaN_"],
		"Delta_C94_all_sat_corr": ["_NaN_","_NaN_","_NaN_","_NaN_","_NaN_"],
		"Delta_C2000_all_sat_corr": ["_NaN_","_NaN_","_NaN_","_NaN_","_NaN_"],
		"grayscale_patch_numbers": [1,2,3,4,5],
		"Delta_E": [15.3,4.24,9.85,9,7.89],
		"Delta_C": [2.95,1.16,0.889,0.447,0.809],
		"Delta_E94": [15.3,4.24,9.85,9,7.89],
		"Delta_C94": [2.95,1.16,0.889,0.447,0.809],
		"Delta_E2000": [10.1,3.63,8.89,6.57,5.18],
		"Delta_C2000": [3.02,1.13,0.885,0.473,1.13],
		"Delta_L": [-15,4.07,9.81,8.98,7.85],
		"Delta_Chroma": [2.95,1.16,0.889,0.447,0.809],
		"Delta_Hue_Distance": [0,0,0,0,0],
		"Delta_Hue_Degrees": [0,0,0,0,0],
		"mean_Delta_E": [9.26],
		"mean_Delta_C": [1.25],
		"mean_Delta_E94": [9.26],
		"mean_Delta_C94": [1.25],
		"mean_Delta_E2000": [6.86],
		"mean_Delta_C2000": [1.33],
		"mean_Delta_L": [3.14],
		"mean_Delta_Chroma": [1.25],
		"mean_Delta_Hue_Distance": [0],
		"mean_Delta_Hue_Degrees": [0],
		"mean_Delta_C_sat_corr": ["_NaN_"],
		"mean_Delta_C94_sat_corr": ["_NaN_"],
		"mean_Delta_C2000_sat_corr": ["_NaN_"],
		"max_Delta_E": [15.3],
		"max_Delta_C": [2.95],
		"max_Delta_E94": [15.3],
		"max_Delta_C94": [2.95],
		"max_Delta_E2000": [10.1],
		"max_Delta_C2000": [3.02],
		"max_Delta_L": [9.81],
		"max_Delta_Chroma": [2.95],
		"max_Delta_Hue_Distance": [0],
		"max_Delta_Hue_Degrees": [0],
		"max_Delta_C_sat_corr": ["_NaN_"],
		"max_Delta_C94_sat_corr": ["_NaN_"],
		"max_Delta_C2000_sat_corr": ["_NaN_"],
		"mean_RegionSize": [5390],
		"Sequence_dark_to_light": [5,4,3,2,1],
		"Patch_number": [5,4,3,2,1],
		"R_noise": [0.04709,0.03221,0.02566,0.02423,0.02463],
		"G_noise": [0.03667,0.02449,0.01626,0.01648,0.01913],
		"B_noise": [0.04263,0.02648,0.02071,0.0201,0.02076],
		"R_SNR_ratio": [3.384,8.403,16.74,25.31,31.84],
		"G_SNR_ratio": [4.475,11.05,26.68,37.45,40.9],
		"B_SNR_ratio": [3.777,10.32,21.2,31.09,38.72],
		"R_SNR_dB": [10.59,18.49,24.48,28.07,30.06],
		"G_SNR_dB": [13.02,20.87,28.52,31.47,32.23],
		"B_SNR_dB": [11.54,20.28,26.53,29.85,31.76],
		"Gb_noise": [0.03524,0.02183,0.01344,0.01445,0.01723],
		"Gb_SNR_ratio": [4.622,12.41,32.23,42.7,45.51],
		"Gb_SNR_dB": [13.3,21.87,30.17,32.61,33.16],
		"Y_f_stop_SNR_ratio": [5.992,7.498,7.951,3.823,1.891],
		"Y_f_stop_SNR_dB": [15.55,17.5,18.01,11.65,5.534],
		"quality_levels_for_DR": [
				"Low,",
				"Medium,",
				"M-H,",
				"High,"
		],
		"SigNoise_levels_for_DR": [1,0.5,0.25,0.1],
		"Dynamic_Range_f_stops": [0,6.303,4.72,0],
		"Dynamic_Range_dB": [0,37.95,28.42,0],
		"noise_ISO15739_pct": [0.3284,0.2791,0.4003,1.019,1.674],
		"snr_ISO15739": [6.913,21.36,39.32,33.23,34.49],
		"noise_pct_ISO15739_at_13pct_Lref": [1.169],
		"snr_ISO15739_at_13pct_Lref": [33.52],
		"snr_dB_ISO15739_at_13pct_Lref": [30.51],
		"DynamicRange_at_density_2": [1053],
		"DynamicRange_total": [0],
		"DynamicRange_from_slope_OD": [1.95],
		"DynamicRange_from_slope_EV": [6.474],
		"DynamicRange_from_slope_dB": [39],
		"SNR_BW_dB_RGBY": [26.52,29.87,28.14,31.01],
		"L_noise": [4.074,2.35,1.375,1.39,1.59],
		"a_noise": [5.487,4.283,3.642,2.989,2.707],
		"b_noise": [5.313,4.221,3.453,2.971,2.693],
		"Total_Lab_noise_unwtd": [8.656,6.456,5.204,4.437,4.136],
		"Total_ab_noise_unwtd": [7.638,6.013,5.019,4.214,3.818],
		"R_minus_Y_KK_noise": [0.03004,0.02457,0.0222,0.01939,0.01834],
		"B_minus_Y_KK_noise": [0.03,0.02632,0.02272,0.02081,0.01971],
		"Y_Kelly_Keelan_noise": [0.03524,0.02183,0.01344,0.01445,0.01723],
		"Total_KK_noise": [0.03966,0.02657,0.01907,0.01876,0.02061],
		"Chroma_KK_noise": [0.01819,0.01514,0.01353,0.01196,0.01132],
		"Total_old_iso_noise": [0.04431,0.0312,0.02406,0.02277,0.02397],
		"Y_noise_from_YUV": [0.03524,0.02183,0.01344,0.01445,0.01723],
		"U_noise_from_YUV": [0.0141,0.01237,0.01068,0.009777,0.009261],