{
	"jsonResults": {
		"dateRun": "13-May-2025 09:24:59",
		"ini_time_size": "13-May-2025 09:22:25 16231B  MD5 = c82a7ebaf16dd8879e586f8afad2b5c7",
		"version": "Imatest 24.2.6 Master Color/Tone Auto",
		"build": "2025-03-20",
		"image_file": "potted plant_18.0 mm_6400ISO_-3EV_Dist1_ON_Defocus1.tiff",
		"ColorSpace": "sRGB",
		"Reference": "Default values",
		"Ref_folder": "/usr/local/Imatest/v24.2/Master/",
		"Gamma": [0.4289],
		"patches_for_gamma_start_end": [1,5],
		"exposure_error_normalized_y_channel": [-0.257],
		"mean_camera_Saturation_Pct": ["_NaN_"],
		"mean_chroma_level_CPIQ_Pct": ["_NaN_"],
		"CPIQ_chroma_quality_loss_JND": ["_NaN_"],
		"CPIQ_exposure_quality_loss_JND": ["_NaN_"],
		"pixel_offset": [0],
		"mean_patch_size_pxls": [69,76],
		"roi_settings": "Recent ROI settings are in roi, nwid_save, nht_save, fillf, and distort (same names as ini file)",
		"roi": [3090,1813,3520,1902,3090,1904,3520,1805],
		"nwid_save": [6024],
		"nht_save": [4020],
		"fillf": [0.8],
		"distort": [0],
		"grayscale_zone": [1,2,3,4,5],
		"grayscale_minus_log_exposure": [2,1.513,1.025,0.5375,0.05],
		"grayscale_Y_reflectivity": [0.01,0.03073,0.09441,0.2901,0.8913],
		"grayscale_Y_Printer_pixel_gamma22": [33.13,55.18,91.91,153.1,255],
		"grayscale_Y_density": [0.571,0.7008,0.9098,1.202,1.444],
		"grayscale_R_density": [0.5712,0.7186,0.9176,1.094,1.227],
		"grayscale_G_density": [0.5725,0.6968,0.9081,1.247,1.554],
		"grayscale_B_density": [0.5557,0.6891,0.9048,1.152,1.329],
		"grayscale_Y_mean": [68.47,50.79,31.38,16,9.169],
		"grayscale_R_mean": [68.44,48.74,30.83,20.55,15.13],
		"grayscale_G_mean": [68.24,51.26,31.51,14.45,7.119],
		"grayscale_B_mean": [70.93,52.18,31.75,17.96,11.94],
		"White_Bal_error_Degrees": [342.8,520.2,196.7,-809.7,-1545],
		"White_Bal_error_Mired": [-7.706,-11.4,-4.518,21.89,47.96],
		"White_Bal_error_S_HSV": [0.0379,0.0658,0.02903,0.297,0.5294],
		"White_Bal_error_Delta_C_ab": [1.737,1.296,0.3793,3.174,3.165],
		"White_Bal_error_Delta_C_94": [1.737,1.296,0.3793,3.174,3.165],
		"White_Bal_error_Delta_C_00": [1.823,1.561,0.4724,4.189,4.167],
		"n_Patch": [1,2,3,4,5],
		"n_Row": [1,1,1,1,1],
		"n_Column": [1,2,3,4,5],
		"width_pixels": [70,70,70,70,70],
		"height_pixels": [78,78,78,78,78],
		"Pixels_total": [5460,5460,5460,5460,5460],
		"R_reference": [242.4,146.6,86.6,49.01,25.46],
		"G_reference": [242.4,146.6,86.6,49.01,25.46],
		"B_reference": [242.4,146.6,86.6,49.01,25.46],
		"R_input": [68.44,48.74,30.83,20.55,15.13],
		"G_input": [68.24,51.26,31.51,14.45,7.119],
		"B_input": [70.93,52.18,31.75,17.96,11.94],
		"L_reference": [95.63,60.79,36.82,20.33,8.991],
		"a_reference": [0,0,0,0,0],
		"b_reference": [0,0,0,0,0],
		"L_input": [29.06,21.16,11.95,4.737,2.562],
		"a_input": [0.6894,-0.8665,-0.2594,3.008,2.983],
		"b_input": [-1.595,-0.9639,-0.2768,-1.013,-1.057],
		"x_reference": [0.3127,0.3127,0.3127,0.3127,0.3127],
		"y_reference": [0.329,0.329,0.329,0.329,0.329],
		"Y_reference": [0.8913,0.2901,0.09441,0.03073,0.01],
		"x_input": [0.3081,0.3042,0.3094,0.329,0.3394],
		"y_input": [0.3207,0.3253,0.3277,0.3017,0.2812],
		"Y_input": [0.05862,0.03286,0.01398,0.005244,0.002836],
		"LUV_comment": "L2 is used to differentiate between the L in LAB and L in LUV.",
		"L2_reference": [805.1,262,85.28,27.75,9.033],
		"U_reference": [0.1978,0.1978,0.1978,0.1978,0.1978],
		"V_reference": [0.4683,0.4683,0.4683,0.4683,0.4683],
		"L2_input": [52.95,29.69,12.63,4.737,2.562],
		"U_input": [0.1977,0.1933,0.196,0.2207,0.2384],
		"V_input": [0.4631,0.4651,0.4671,0.4554,0.4443],
		"patch_numbers_for_all_Delta_E_C": [1,2,3,4,5],
		"Delta_E_all": [66.6,39.7,24.9,15.9,7.17],
		"Delta_C_all": [1.74,1.3,0.379,3.17,3.17],
		"Delta_E94_all": [66.6,39.7,24.9,15.9,7.17],
		"Delta_C94_all": [1.74,1.3,0.379,3.17,3.17],
		"Delta_E2000_all": [56.7,35.4,18,10.9,5.69],
		"Delta_C2000_all": [1.82,1.56,0.472,4.19,4.17],
		"Delta_L_all": [-66.6,-39.6,-24.9,-15.6,-6.43],
		"Delta_Chroma_all": [1.74,1.3,0.379,3.17,3.17],
		"Delta_Hue_Distance_all": [0,0,0,0,0],
		"Delta_Hue_Degrees_all": [0,0,0,0,0],
		"sat_corr_comment": "sat_corr explained on https://www.imatest.com/docs/colorcheck/#satcorr - not recommended.",
		"Delta_C_all_sat_corr": ["_NaN_","_NaN_","_NaN_","_NaN_","_NaN_"],
		"Delta_C94_all_sat_corr": ["_NaN_","_NaN_","_NaN_","_NaN_","_NaN_"],
		"Delta_C2000_all_sat_corr": ["_NaN_","_NaN_","_NaN_","_NaN_","_NaN_"],
		"grayscale_patch_numbers": [1,2,3,4,5],
		"Delta_E": [66.6,39.7,24.9,15.9,7.17],
		"Delta_C": [1.74,1.3,0.379,3.17,3.17],
		"Delta_E94": [66.6,39.7,24.9,15.9,7.17],
		"Delta_C94": [1.74,1.3,0.379,3.17,3.17],
		"Delta_E2000": [56.7,35.4,18,10.9,5.69],
		"Delta_C2000": [1.82,1.56,0.472,4.19,4.17],
		"Delta_L": [-66.6,-39.6,-24.9,-15.6,-6.43],
		"Delta_Chroma": [1.74,1.3,0.379,3.17,3.17],
		"Delta_Hue_Distance": [0,0,0,0,0],
		"Delta_Hue_Degrees": [0,0,0,0,0],
		"mean_Delta_E": [30.8],
		"mean_Delta_C": [1.95],
		"mean_Delta_E94": [30.8],
		"mean_Delta_C94": [1.95],
		"mean_Delta_E2000": [25.3],
		"mean_Delta_C2000": [2.44],
		"mean_Delta_L": [-30.6],
		"mean_Delta_Chroma": [1.95],
		"mean_Delta_Hue_Distance": [0],
		"mean_Delta_Hue_Degrees": [0],
		"mean_Delta_C_sat_corr": ["_NaN_"],
		"mean_Delta_C94_sat_corr": ["_NaN_"],
		"mean_Delta_C2000_sat_corr": ["_NaN_"],
		"max_Delta_E": [66.6],
		"max_Delta_C": [3.17],
		"max_Delta_E94": [66.6],
		"max_Delta_C94": [3.17],
		"max_Delta_E2000": [56.7],
		"max_Delta_C2000": [4.19],
		"max_Delta_L": [-6.43],
		"max_Delta_Chroma": [3.17],
		"max_Delta_Hue_Distance": [0],
		"max_Delta_Hue_Degrees": [0],
		"max_Delta_C_sat_corr": ["_NaN_"],
		"max_Delta_C94_sat_corr": ["_NaN_"],
		"max_Delta_C2000_sat_corr": ["_NaN_"],
		"mean_RegionSize": [5390],
		"Sequence_dark_to_light": [5,4,3,2,1],
		"Patch_number": [5,4,3,2,1],
		"R_noise": [0.05446,0.06235,0.07011,0.06946,0.05656],
		"G_noise": [0.03384,0.04494,0.04736,0.0359,0.03245],
		"B_noise": [0.04365,0.05315,0.05811,0.04862,0.04044],
		"R_SNR_ratio": [1.089,1.293,1.724,2.752,4.745],
		"G_SNR_ratio": [0.8251,1.261,2.609,5.6,8.246],
		"B_SNR_ratio": [1.073,1.325,2.143,4.209,6.878],
		"R_SNR_dB": [0.7433,2.229,4.732,8.794,13.52],
		"G_SNR_dB": [-1.67,2.012,8.331,14.96,18.32],
		"B_SNR_dB": [0.6126,2.446,6.619,12.48,16.75],
		"Gb_noise": [0.02855,0.03631,0.03847,0.03068,0.02664],
		"Gb_SNR_ratio": [1.259,1.728,3.199,6.492,10.08],
		"Gb_SNR_dB": [2.002,4.749,10.1,16.25,20.07],
		"Y_f_stop_SNR_ratio": [1.607,1.464,1.095,0.7406,0.5791],
		"Y_f_stop_SNR_dB": [4.12,3.309,0.7882,-2.608,-4.745],
		"quality_levels_for_DR": [
				"Low,",
				"Medium,",
				"M-H,",
				"High,"
		],
		"SigNoise_levels_for_DR": [1,0.5,0.25,0.1],
		"Dynamic_Range_f_stops": [3.56,0,0,0],
		"Dynamic_Range_dB": [21.43,0,0,0],
		"noise_ISO15739_pct": [0.683,1.114,2.335,4.034,4.737],
		"snr_ISO15739": [0.4152,0.4705,0.5989,0.8147,1.237],
		"noise_pct_ISO15739_at_13pct_Lref": [4.368],
		"snr_ISO15739_at_13pct_Lref": [1.016],
		"snr_dB_ISO15739_at_13pct_Lref": [0.1336],
		"DynamicRange_at_density_2": [618],
		"DynamicRange_total": [8.895],
		"DynamicRange_from_slope_OD": [1.95],
		"DynamicRange_from_slope_EV": [6.474],
		"DynamicRange_from_slope_dB": [39],
		"SNR_BW_dB_RGBY": [9.434,15.17,12.53,16.53],
		"L_noise": [2.657,3.702,4.347,3.385,2.892],
		"a_noise": [7.416,9.677,11.22,9.463,8.182],
		"b_noise": [6.307,8.983,10.7,8.782,7.188],
		"Total_Lab_noise_unwtd": [10.09,13.71,16.1,13.35,11.27],
		"Total_ab_noise_unwtd": [9.735,13.2,15.5,12.91,10.89],
		"R_minus_Y_KK_noise": [0.04695,0.05591,0.06193,0.05886,0.04962],
		"B_minus_Y_KK_noise": [0.04473,0.05897,0.06467,0.05246,0.04405],
		"Y_Kelly_Keelan_noise": [0.02855,0.03631,0.03847,0.03068,0.02664],
		"Total_KK_noise": [0.04008,0.04997,0.05402,0.04637,0.03959],
		"Chroma_KK_noise": [0.02813,0.03432,0.03792,0.03477,0.02929],
		"Total_old_iso_noise": [0.05046,0.06225,0.06785,0.05999,0.05095],
		"Y_noise_from_YUV": [0.02855,0.03631,0.03846,0.03068,0.02664],
		"U_noise_from_YUV": [0.02102,0.02771,0.03039,0.02465,0.0207],