{
	"jsonResults": {
		"dateRun": "13-May-2025 09:24:59",
		"ini_time_size": "13-May-2025 09:22:25 16231B  MD5 = c82a7ebaf16dd8879e586f8afad2b5c7",
		"version": "Imatest 24.2.6 Master Color/Tone Auto",
		"build": "2025-03-20",
		"image_file": "potted plant_18.0 mm_100ISO_-2EV_Dist1_OFF_Defocus1.tiff",
		"ColorSpace": "sRGB",
		"Reference": "Default values",
		"Ref_folder": "/usr/local/Imatest/v24.2/Master/",
		"Gamma": [0.3635],
		"patches_for_gamma_start_end": [1,5],
		"exposure_error_normalized_y_channel": [-0.228],
		"mean_camera_Saturation_Pct": ["_NaN_"],
		"mean_chroma_level_CPIQ_Pct": ["_NaN_"],
		"CPIQ_chroma_quality_loss_JND": ["_NaN_"],
		"CPIQ_exposure_quality_loss_JND": ["_NaN_"],
		"pixel_offset": [0],
		"mean_patch_size_pxls": [69,76],
		"roi_settings": "Recent ROI settings are in roi, nwid_save, nht_save, fillf, and distort (same names as ini file)",
		"roi": [3090,1813,3520,1902,3090,1904,3520,1805],
		"nwid_save": [6024],
		"nht_save": [4020],
		"fillf": [0.8],
		"distort": [0],
		"grayscale_zone": [1,2,3,4,5],
		"grayscale_minus_log_exposure": [2,1.513,1.025,0.5375,0.05],
		"grayscale_Y_reflectivity": [0.01,0.03073,0.09441,0.2901,0.8913],
		"grayscale_Y_Printer_pixel_gamma22": [33.13,55.18,91.91,153.1,255],
		"grayscale_Y_density": [0.4432,0.5593,0.7366,0.9947,1.415],
		"grayscale_R_density": [0.4436,0.5604,0.735,0.9896,1.397],
		"grayscale_G_density": [0.4444,0.5597,0.738,0.997,1.424],
		"grayscale_B_density": [0.4306,0.5529,0.727,0.9867,1.382],
		"grayscale_Y_mean": [91.91,70.34,46.77,25.81,9.802],
		"grayscale_R_mean": [91.83,70.18,46.94,26.12,10.22],
		"grayscale_G_mean": [91.66,70.28,46.62,25.68,9.6],
		"grayscale_B_mean": [94.61,71.4,47.82,26.29,10.58],
		"White_Bal_error_Degrees": [295.6,156,167.3,65.44,210.9],
		"White_Bal_error_Mired": [-6.692,-3.605,-3.86,-1.534,-4.835],
		"White_Bal_error_S_HSV": [0.03121,0.01708,0.02506,0.02345,0.09264],
		"White_Bal_error_Delta_C_ab": [1.815,0.7185,0.838,0.5151,0.4362],
		"White_Bal_error_Delta_C_94": [1.815,0.7185,0.838,0.5151,0.4362],
		"White_Bal_error_Delta_C_00": [1.891,0.7414,0.943,0.6512,0.5429],
		"n_Patch": [1,2,3,4,5],
		"n_Row": [1,1,1,1,1],
		"n_Column": [1,2,3,4,5],
		"width_pixels": [70,70,70,70,70],
		"height_pixels": [78,78,78,78,78],
		"Pixels_total": [5460,5460,5460,5460,5460],
		"R_reference": [242.4,146.6,86.6,49.01,25.46],
		"G_reference": [242.4,146.6,86.6,49.01,25.46],
		"B_reference": [242.4,146.6,86.6,49.01,25.46],
		"R_input": [91.83,70.18,46.94,26.12,10.22],
		"G_input": [91.66,70.28,46.62,25.68,9.6],
		"B_input": [94.61,71.4,47.82,26.29,10.58],
		"L_reference": [95.63,60.79,36.82,20.33,8.991],
		"a_reference": [0,0,0,0,0],
		"b_reference": [0,0,0,0,0],
		"L_input": [39.04,29.87,19.3,9.17,2.688],
		"a_input": [0.6975,0.2043,0.4252,0.3703,0.2992],
		"b_input": [-1.675,-0.6889,-0.7222,-0.3581,-0.3174],
		"x_reference": [0.3127,0.3127,0.3127,0.3127,0.3127],
		"y_reference": [0.329,0.329,0.329,0.329,0.329],
		"Y_reference": [0.8913,0.2901,0.09441,0.03073,0.01],
		"x_input": [0.3087,0.3105,0.3105,0.3122,0.3107],
		"y_input": [0.3219,0.3256,0.324,0.3251,0.3186],
		"Y_input": [0.1068,0.06184,0.02817,0.01022,0.002975],
		"LUV_comment": "L2 is used to differentiate between the L in LAB and L in LUV.",
		"L2_reference": [805.1,262,85.28,27.75,9.033],
		"U_reference": [0.1978,0.1978,0.1978,0.1978,0.1978],
		"V_reference": [0.4683,0.4683,0.4683,0.4683,0.4683],
		"L2_input": [96.48,55.86,25.45,9.228,2.688],
		"U_input": [0.1977,0.1975,0.1982,0.1989,0.2004],
		"V_input": [0.4639,0.4662,0.4653,0.4661,0.4624],
		"patch_numbers_for_all_Delta_E_C": [1,2,3,4,5],
		"Delta_E_all": [56.6,30.9,17.5,11.2,6.32],
		"Delta_C_all": [1.81,0.719,0.838,0.515,0.436],
		"Delta_E94_all": [56.6,30.9,17.5,11.2,6.32],
		"Delta_C94_all": [1.81,0.719,0.838,0.515,0.436],
		"Delta_E2000_all": [45.3,29.4,13.3,7.35,3.84],
		"Delta_C2000_all": [1.89,0.741,0.943,0.651,0.543],
		"Delta_L_all": [-56.6,-30.9,-17.5,-11.2,-6.3],
		"Delta_Chroma_all": [1.81,0.719,0.838,0.515,0.436],
		"Delta_Hue_Distance_all": [0,0,0,0,0],
		"Delta_Hue_Degrees_all": [0,0,0,0,0],
		"sat_corr_comment": "sat_corr explained on https://www.imatest.com/docs/colorcheck/#satcorr - not recommended.",
		"Delta_C_all_sat_corr": ["_NaN_","_NaN_","_NaN_","_NaN_","_NaN_"],
		"Delta_C94_all_sat_corr": ["_NaN_","_NaN_","_NaN_","_NaN_","_NaN_"],
		"Delta_C2000_all_sat_corr": ["_NaN_","_NaN_","_NaN_","_NaN_","_NaN_"],
		"grayscale_patch_numbers": [1,2,3,4,5],
		"Delta_E": [56.6,30.9,17.5,11.2,6.32],
		"Delta_C": [1.81,0.719,0.838,0.515,0.436],
		"Delta_E94": [56.6,30.9,17.5,11.2,6.32],
		"Delta_C94": [1.81,0.719,0.838,0.515,0.436],
		"Delta_E2000": [45.3,29.4,13.3,7.35,3.84],
		"Delta_C2000": [1.89,0.741,0.943,0.651,0.543],
		"Delta_L": [-56.6,-30.9,-17.5,-11.2,-6.3],
		"Delta_Chroma": [1.81,0.719,0.838,0.515,0.436],
		"Delta_Hue_Distance": [0,0,0,0,0],
		"Delta_Hue_Degrees": [0,0,0,0,0],
		"mean_Delta_E": [24.5],
		"mean_Delta_C": [0.864],
		"mean_Delta_E94": [24.5],
		"mean_Delta_C94": [0.864],
		"mean_Delta_E2000": [19.8],
		"mean_Delta_C2000": [0.954],
		"mean_Delta_L": [-24.5],
		"mean_Delta_Chroma": [0.864],
		"mean_Delta_Hue_Distance": [0],
		"mean_Delta_Hue_Degrees": [0],
		"mean_Delta_C_sat_corr": ["_NaN_"],
		"mean_Delta_C94_sat_corr": ["_NaN_"],
		"mean_Delta_C2000_sat_corr": ["_NaN_"],
		"max_Delta_E": [56.6],
		"max_Delta_C": [1.81],
		"max_Delta_E94": [56.6],
		"max_Delta_C94": [1.81],
		"max_Delta_E2000": [45.3],
		"max_Delta_C2000": [1.89],
		"max_Delta_L": [-6.3],
		"max_Delta_Chroma": [1.81],
		"max_Delta_Hue_Distance": [0],
		"max_Delta_Hue_Degrees": [0],
		"max_Delta_C_sat_corr": ["_NaN_"],
		"max_Delta_C94_sat_corr": ["_NaN_"],
		"max_Delta_C2000_sat_corr": ["_NaN_"],
		"mean_RegionSize": [5390],
		"Sequence_dark_to_light": [5,4,3,2,1],
		"Patch_number": [5,4,3,2,1],
		"R_noise": [0.009556,0.008216,0.005946,0.005926,0.006051],
		"G_noise": [0.006862,0.005827,0.004036,0.00417,0.004173],
		"B_noise": [0.007606,0.006288,0.00508,0.005307,0.004911],
		"R_SNR_ratio": [4.193,12.46,30.96,46.44,59.51],
		"G_SNR_ratio": [5.487,17.28,45.29,66.1,86.15],
		"B_SNR_ratio": [5.455,16.4,36.91,52.75,75.55],
		"R_SNR_dB": [12.45,21.91,29.81,33.34,35.49],
		"G_SNR_dB": [14.79,24.75,33.12,36.4,38.7],
		"B_SNR_dB": [14.74,24.3,31.34,34.44,37.56],
		"Gb_noise": [0.006106,0.004968,0.003359,0.00351,0.00359],
		"Gb_SNR_ratio": [6.296,20.38,54.6,78.59,100.4],
		"Gb_SNR_dB": [15.98,26.18,34.74,37.91,40.03],
		"Y_f_stop_SNR_ratio": [14.55,15.57,16.05,9.01,6.35],
		"Y_f_stop_SNR_dB": [23.26,23.84,24.11,19.09,16.06],
		"quality_levels_for_DR": [
				"Low,",
				"Medium,",
				"M-H,",
				"High,"
		],
		"SigNoise_levels_for_DR": [1,0.5,0.25,0.1],
		"Dynamic_Range_f_stops": [0,0,0,4.493],
		"Dynamic_Range_dB": [0,0,0,27.05],
		"noise_ISO15739_pct": [0.06138,0.06981,0.1155,0.2925,0.412],
		"snr_ISO15739": [4.848,14.64,24.38,21.14,25.92],
		"noise_pct_ISO15739_at_13pct_Lref": [0.3749],
		"snr_ISO15739_at_13pct_Lref": [24.44],
		"snr_dB_ISO15739_at_13pct_Lref": [27.76],
		"DynamicRange_at_density_2": [8920],
		"DynamicRange_total": [0],
		"DynamicRange_from_slope_OD": [1.95],
		"DynamicRange_from_slope_EV": [6.474],
		"DynamicRange_from_slope_dB": [39],
		"SNR_BW_dB_RGBY": [32.82,35.87,33.77,37.37],
		"L_noise": [0.4785,0.619,0.397,0.3889,0.3798],
		"a_noise": [0.8683,1.359,0.9713,0.9141,0.8431],
		"b_noise": [0.8462,1.265,0.9656,0.9521,0.831],
		"Total_Lab_noise_unwtd": [1.303,1.957,1.426,1.376,1.243],
		"Total_ab_noise_unwtd": [1.212,1.856,1.37,1.32,1.184],
		"R_minus_Y_KK_noise": [0.007386,0.00677,0.005131,0.00497,0.004956],
		"B_minus_Y_KK_noise": [0.007705,0.007042,0.0055,0.00579,0.005289],
		"Y_Kelly_Keelan_noise": [0.006106,0.004968,0.003359,0.00351,0.00359],
		"Total_KK_noise": [0.007598,0.006468,0.004614,0.004708,0.004712],
		"Chroma_KK_noise": [0.004522,0.004141,0.003163,0.003137,0.003052],
		"Total_old_iso_noise": [0.009039,0.00787,0.005742,0.005787,0.005752],
		"Y_noise_from_YUV": [0.006105,0.004967,0.003359,0.00351,0.00359],