{
	"jsonResults": {
		"dateRun": "12-May-2025 19:19:27",
		"ini_time_size": "12-May-2025 19:12:16 10505B  MD5 = c607ca3b1f3bf245eb7017e15db89e59",
		"version": "Imatest 24.2.6 Master Color/Tone Auto",
		"build": "2025-03-20",
		"image_file": "sports ball_18.0 mm_100ISO_-1EV_Dist1_OFF_Focused.tiff",
		"ColorSpace": "sRGB",
		"Reference": "Default values",
		"Ref_folder": "/usr/local/Imatest/v24.2/Master/",
		"Gamma": [0.3458],
		"patches_for_gamma_start_end": [1,5],
		"exposure_error_normalized_y_channel": [-0.169],
		"mean_camera_Saturation_Pct": ["_NaN_"],
		"mean_chroma_level_CPIQ_Pct": ["_NaN_"],
		"CPIQ_chroma_quality_loss_JND": ["_NaN_"],
		"CPIQ_exposure_quality_loss_JND": ["_NaN_"],
		"pixel_offset": [0],
		"mean_patch_size_pxls": [69,78],
		"roi_settings": "Recent ROI settings are in roi, nwid_save, nht_save, fillf, and distort (same names as ini file)",
		"roi": [3093,1811,3523,1900,3093,1904,3523,1799],
		"nwid_save": [6024],
		"nht_save": [4020],
		"fillf": [0.8],
		"distort": [0],
		"grayscale_zone": [1,2,3,4,5],
		"grayscale_minus_log_exposure": [2,1.513,1.025,0.5375,0.05],
		"grayscale_Y_reflectivity": [0.01,0.03073,0.09441,0.2901,0.8913],
		"grayscale_Y_Printer_pixel_gamma22": [33.13,55.18,91.91,153.1,255],
		"grayscale_Y_density": [0.3041,0.4163,0.5849,0.8207,1.171],
		"grayscale_R_density": [0.3079,0.4212,0.5877,0.8203,1.163],
		"grayscale_G_density": [0.304,0.4153,0.5847,0.8213,1.174],
		"grayscale_B_density": [0.2939,0.4123,0.5786,0.8163,1.162],
		"grayscale_Y_mean": [126.6,97.78,66.32,38.53,17.21],
		"grayscale_R_mean": [125.5,96.68,65.9,38.57,17.53],
		"grayscale_G_mean": [126.6,98.01,66.35,38.48,17.08],
		"grayscale_B_mean": [129.6,98.69,67.29,38.93,17.56],
		"White_Bal_error_Degrees": [308.7,177.1,180.6,78.22,31.91],
		"White_Bal_error_Mired": [-6.974,-4.08,-4.158,-1.829,-0.7515],
		"White_Bal_error_S_HSV": [0.03154,0.02041,0.02071,0.0116,0.02728],
		"White_Bal_error_Delta_C_ab": [1.773,0.6878,0.6429,0.3246,0.3364],
		"White_Bal_error_Delta_C_94": [1.773,0.6878,0.6429,0.3246,0.3364],
		"White_Bal_error_Delta_C_00": [1.716,0.7933,0.6343,0.3629,0.4454],
		"n_Patch": [1,2,3,4,5],
		"n_Row": [1,1,1,1,1],
		"n_Column": [1,2,3,4,5],
		"width_pixels": [69,70,70,70,70],
		"height_pixels": [80,80,79,80,79],
		"Pixels_total": [5520,5600,5530,5600,5530],
		"R_reference": [242.4,146.6,86.6,49.01,25.46],
		"G_reference": [242.4,146.6,86.6,49.01,25.46],
		"B_reference": [242.4,146.6,86.6,49.01,25.46],
		"R_input": [125.5,96.68,65.9,38.57,17.53],
		"G_input": [126.6,98.01,66.35,38.48,17.08],
		"B_input": [129.6,98.69,67.29,38.93,17.56],
		"L_reference": [95.63,60.79,36.82,20.33,8.991],
		"a_reference": [0,0,0,0,0],
		"b_reference": [0,0,0,0,0],
		"L_input": [53.04,41.46,28.12,15.41,5.145],
		"a_input": [0.1855,-0.3788,0.02407,0.1509,0.2672],
		"b_input": [-1.763,-0.5741,-0.6424,-0.2874,-0.2044],
		"x_reference": [0.3127,0.3127,0.3127,0.3127,0.3127],
		"y_reference": [0.329,0.329,0.329,0.329,0.329],
		"Y_reference": [0.8913,0.2901,0.09441,0.03073,0.01],
		"x_input": [0.3082,0.3098,0.31,0.3117,0.3127],
		"y_input": [0.3236,0.3275,0.326,0.3268,0.3251],
		"Y_input": [0.2108,0.1216,0.05501,0.01986,0.005696],
		"LUV_comment": "L2 is used to differentiate between the L in LAB and L in LUV.",
		"L2_reference": [805.1,262,85.28,27.75,9.033],
		"U_reference": [0.1978,0.1978,0.1978,0.1978,0.1978],
		"V_reference": [0.4683,0.4683,0.4683,0.4683,0.4683],
		"L2_input": [190.4,109.8,49.69,17.94,5.145],
		"U_input": [0.1967,0.1964,0.1971,0.1979,0.1993],
		"V_input": [0.4647,0.4671,0.4663,0.467,0.4662],
		"patch_numbers_for_all_Delta_E_C": [1,2,3,4,5],
		"Delta_E_all": [42.6,19.3,8.73,4.93,3.86],
		"Delta_C_all": [1.77,0.688,0.643,0.325,0.336],
		"Delta_E94_all": [42.6,19.3,8.73,4.93,3.86],
		"Delta_C94_all": [1.77,0.688,0.643,0.325,0.336],
		"Delta_E2000_all": [31.4,19.3,6.96,3.35,2.39],
		"Delta_C2000_all": [1.72,0.793,0.634,0.363,0.445],
		"Delta_L_all": [-42.6,-19.3,-8.7,-4.92,-3.85],
		"Delta_Chroma_all": [1.77,0.688,0.643,0.325,0.336],
		"Delta_Hue_Distance_all": [0,0,0,0,0],
		"Delta_Hue_Degrees_all": [0,0,0,0,0],
		"sat_corr_comment": "sat_corr explained on https://www.imatest.com/docs/colorcheck/#satcorr - not recommended.",
		"Delta_C_all_sat_corr": ["_NaN_","_NaN_","_NaN_","_NaN_","_NaN_"],
		"Delta_C94_all_sat_corr": ["_NaN_","_NaN_","_NaN_","_NaN_","_NaN_"],
		"Delta_C2000_all_sat_corr": ["_NaN_","_NaN_","_NaN_","_NaN_","_NaN_"],
		"grayscale_patch_numbers": [1,2,3,4,5],
		"Delta_E": [42.6,19.3,8.73,4.93,3.86],
		"Delta_C": [1.77,0.688,0.643,0.325,0.336],
		"Delta_E94": [42.6,19.3,8.73,4.93,3.86],
		"Delta_C94": [1.77,0.688,0.643,0.325,0.336],
		"Delta_E2000": [31.4,19.3,6.96,3.35,2.39],
		"Delta_C2000": [1.72,0.793,0.634,0.363,0.445],
		"Delta_L": [-42.6,-19.3,-8.7,-4.92,-3.85],
		"Delta_Chroma": [1.77,0.688,0.643,0.325,0.336],
		"Delta_Hue_Distance": [0,0,0,0,0],
		"Delta_Hue_Degrees": [0,0,0,0,0],
		"mean_Delta_E": [15.9],
		"mean_Delta_C": [0.753],
		"mean_Delta_E94": [15.9],
		"mean_Delta_C94": [0.753],
		"mean_Delta_E2000": [12.7],
		"mean_Delta_C2000": [0.79],
		"mean_Delta_L": [-15.9],
		"mean_Delta_Chroma": [0.753],
		"mean_Delta_Hue_Distance": [0],
		"mean_Delta_Hue_Degrees": [0],
		"mean_Delta_C_sat_corr": ["_NaN_"],
		"mean_Delta_C94_sat_corr": ["_NaN_"],
		"mean_Delta_C2000_sat_corr": ["_NaN_"],
		"max_Delta_E": [42.6],
		"max_Delta_C": [1.77],
		"max_Delta_E94": [42.6],
		"max_Delta_C94": [1.77],
		"max_Delta_E2000": [31.4],
		"max_Delta_C2000": [1.72],
		"max_Delta_L": [-3.85],
		"max_Delta_Chroma": [1.77],
		"max_Delta_Hue_Distance": [0],
		"max_Delta_Hue_Degrees": [0],
		"max_Delta_C_sat_corr": ["_NaN_"],
		"max_Delta_C94_sat_corr": ["_NaN_"],
		"max_Delta_C2000_sat_corr": ["_NaN_"],
		"mean_RegionSize": [5486.2],
		"Sequence_dark_to_light": [5,4,3,2,1],
		"Patch_number": [5,4,3,2,1],
		"R_noise": [0.00793,0.007887,0.005703,0.005632,0.005922],
		"G_noise": [0.005517,0.006701,0.003958,0.003862,0.003981],
		"B_noise": [0.006598,0.008425,0.004909,0.004976,0.005432],
		"R_SNR_ratio": [8.667,19.18,45.31,67.31,83.11],
		"G_SNR_ratio": [12.14,22.52,65.74,99.52,124.7],
		"B_SNR_ratio": [10.43,18.12,53.75,77.78,93.55],
		"R_SNR_dB": [18.76,25.65,33.12,36.56,38.39],
		"G_SNR_dB": [21.68,27.05,36.36,39.96,41.92],
		"B_SNR_dB": [20.37,25.16,34.61,37.82,39.42],
		"Gb_noise": [0.00484,0.005621,0.003309,0.003313,0.003503],
		"Gb_SNR_ratio": [13.94,26.88,78.59,115.7,141.7],
		"Gb_SNR_dB": [22.89,28.59,37.91,41.27,43.03],
		"Y_f_stop_SNR_ratio": [19.93,22.03,21.67,10.58,10.67],
		"Y_f_stop_SNR_dB": [25.99,26.86,26.72,20.49,20.56],
		"quality_levels_for_DR": [
				"Low,",
				"Medium,",
				"M-H,",
				"High,"
		],
		"SigNoise_levels_for_DR": [1,0.5,0.25,0.1],
		"Dynamic_Range_f_stops": [0,0,0,0],
		"Dynamic_Range_dB": [0,0,0,0],
		"noise_ISO15739_pct": [0.03761,0.06105,0.08791,0.2127,0.3093],
		"snr_ISO15739": [15.14,32.53,62.57,57.14,68.16],
		"noise_pct_ISO15739_at_13pct_Lref": [0.2769],
		"snr_ISO15739_at_13pct_Lref": [64.47],
		"snr_dB_ISO15739_at_13pct_Lref": [36.19],
		"DynamicRange_at_density_2": [14325],
		"DynamicRange_total": [0],
		"DynamicRange_from_slope_OD": [1.95],
		"DynamicRange_from_slope_EV": [6.474],
		"DynamicRange_from_slope_dB": [39],
		"SNR_BW_dB_RGBY": [35.75,39.03,36.83,40.36],
		"L_noise": [0.5038,0.6618,0.3703,0.3472,0.3504],
		"a_noise": [1.046,1.265,0.8746,0.7921,0.7656],
		"b_noise": [0.984,1.279,0.8837,0.8246,0.8003],
		"Total_Lab_noise_unwtd": [1.522,1.917,1.297,1.195,1.162],
		"Total_ab_noise_unwtd": [1.436,1.799,1.243,1.143,1.108],
		"R_minus_Y_KK_noise": [0.006385,0.007182,0.00489,0.004626,0.004779],
		"B_minus_Y_KK_noise": [0.006529,0.007509,0.005318,0.005301,0.005386],
		"Y_Kelly_Keelan_noise": [0.00484,0.005621,0.003309,0.003313,0.003503],
		"Total_KK_noise": [0.006209,0.007138,0.004485,0.004407,0.004604],
		"Chroma_KK_noise": [0.003889,0.004399,0.003027,0.002906,0.002988],
		"Total_old_iso_noise": [0.007506,0.008581,0.005548,0.0054,0.005615],