{
	"jsonResults": {
		"dateRun": "12-May-2025 19:19:27",
		"ini_time_size": "12-May-2025 19:12:16 10505B  MD5 = c607ca3b1f3bf245eb7017e15db89e59",
		"version": "Imatest 24.2.6 Master Color/Tone Auto",
		"build": "2025-03-20",
		"image_file": "sports ball_18.0 mm_6400ISO_-1EV_Dist1_OFF_Defocus2.tiff",
		"ColorSpace": "sRGB",
		"Reference": "Default values",
		"Ref_folder": "/usr/local/Imatest/v24.2/Master/",
		"Gamma": [0.3332],
		"patches_for_gamma_start_end": [1,5],
		"exposure_error_normalized_y_channel": [-0.162],
		"mean_camera_Saturation_Pct": ["_NaN_"],
		"mean_chroma_level_CPIQ_Pct": ["_NaN_"],
		"CPIQ_chroma_quality_loss_JND": ["_NaN_"],
		"CPIQ_exposure_quality_loss_JND": ["_NaN_"],
		"pixel_offset": [0],
		"mean_patch_size_pxls": [69,78],
		"roi_settings": "Recent ROI settings are in roi, nwid_save, nht_save, fillf, and distort (same names as ini file)",
		"roi": [3093,1811,3523,1900,3093,1904,3523,1799],
		"nwid_save": [6024],
		"nht_save": [4020],
		"fillf": [0.8],
		"distort": [0],
		"grayscale_zone": [1,2,3,4,5],
		"grayscale_minus_log_exposure": [2,1.513,1.025,0.5375,0.05],
		"grayscale_Y_reflectivity": [0.01,0.03073,0.09441,0.2901,0.8913],
		"grayscale_Y_Printer_pixel_gamma22": [33.13,55.18,91.91,153.1,255],
		"grayscale_Y_density": [0.2993,0.4057,0.5681,0.7863,0.9611],
		"grayscale_R_density": [0.3003,0.4103,0.5805,0.788,0.9501],
		"grayscale_G_density": [0.3011,0.4053,0.5657,0.7863,0.9668],
		"grayscale_B_density": [0.2785,0.3961,0.5562,0.7811,0.9384],
		"grayscale_Y_mean": [128,100.2,68.94,41.71,27.89],
		"grayscale_R_mean": [127.7,99.13,67,41.55,28.6],
		"grayscale_G_mean": [127.5,100.3,69.32,41.71,27.53],
		"grayscale_B_mean": [134.3,102.4,70.86,42.21,29.38],
		"White_Bal_error_Degrees": [543.5,302.8,469.4,124.8,251.5],
		"White_Bal_error_Mired": [-11.87,-6.848,-10.36,-2.899,-5.73],
		"White_Bal_error_S_HSV": [0.05081,0.03227,0.05443,0.01564,0.06321],
		"White_Bal_error_Delta_C_ab": [3.948,1.378,1.403,0.3611,1.48],
		"White_Bal_error_Delta_C_94": [3.948,1.378,1.403,0.3611,1.48],
		"White_Bal_error_Delta_C_00": [3.902,1.336,1.505,0.3628,1.774],
		"n_Patch": [1,2,3,4,5],
		"n_Row": [1,1,1,1,1],
		"n_Column": [1,2,3,4,5],
		"width_pixels": [69,70,70,70,70],
		"height_pixels": [80,80,79,80,79],
		"Pixels_total": [5520,5600,5530,5600,5530],
		"R_reference": [242.4,146.6,86.6,49.01,25.46],
		"G_reference": [242.4,146.6,86.6,49.01,25.46],
		"B_reference": [242.4,146.6,86.6,49.01,25.46],
		"R_input": [127.7,99.13,67,41.55,28.6],
		"G_input": [127.5,100.3,69.32,41.71,27.53],
		"B_input": [134.3,102.4,70.86,42.21,29.38],
		"L_reference": [95.63,60.79,36.82,20.33,8.991],
		"a_reference": [0,0,0,0,0],
		"b_reference": [0,0,0,0,0],
		"L_input": [53.6,42.46,29.27,16.92,10.22],
		"a_input": [1.473,0.004418,-0.6062,0.05209,0.9894],
		"b_input": [-3.663,-1.378,-1.265,-0.3573,-1.101],
		"x_reference": [0.3127,0.3127,0.3127,0.3127,0.3127],
		"y_reference": [0.329,0.329,0.329,0.329,0.329],
		"Y_reference": [0.8913,0.2901,0.09441,0.03073,0.01],
		"x_input": [0.3056,0.3082,0.3053,0.3109,0.3101],
		"y_input": [0.3169,0.3242,0.3242,0.3267,0.3179],
		"Y_input": [0.216,0.128,0.05942,0.02287,0.01154],
		"LUV_comment": "L2 is used to differentiate between the L in LAB and L in LUV.",
		"L2_reference": [805.1,262,85.28,27.75,9.033],
		"U_reference": [0.1978,0.1978,0.1978,0.1978,0.1978],
		"V_reference": [0.4683,0.4683,0.4683,0.4683,0.4683],
		"L2_input": [195.1,115.6,53.67,20.65,10.43],
		"U_input": [0.1975,0.1965,0.1945,0.1974,0.2003],
		"V_input": [0.4606,0.4651,0.4647,0.4668,0.4619],
		"patch_numbers_for_all_Delta_E_C": [1,2,3,4,5],
		"Delta_E_all": [42.2,18.4,7.68,3.43,1.92],
		"Delta_C_all": [3.95,1.38,1.4,0.361,1.48],
		"Delta_E94_all": [42.2,18.4,7.68,3.43,1.92],
		"Delta_C94_all": [3.95,1.38,1.4,0.361,1.48],
		"Delta_E2000_all": [31.1,18.2,6.25,2.35,1.93],
		"Delta_C2000_all": [3.9,1.34,1.51,0.363,1.77],
		"Delta_L_all": [-42,-18.3,-7.55,-3.41,1.22],
		"Delta_Chroma_all": [3.95,1.38,1.4,0.361,1.48],
		"Delta_Hue_Distance_all": [0,0,0,0,0],
		"Delta_Hue_Degrees_all": [0,0,0,0,0],
		"sat_corr_comment": "sat_corr explained on https://www.imatest.com/docs/colorcheck/#satcorr - not recommended.",
		"Delta_C_all_sat_corr": ["_NaN_","_NaN_","_NaN_","_NaN_","_NaN_"],
		"Delta_C94_all_sat_corr": ["_NaN_","_NaN_","_NaN_","_NaN_","_NaN_"],
		"Delta_C2000_all_sat_corr": ["_NaN_","_NaN_","_NaN_","_NaN_","_NaN_"],
		"grayscale_patch_numbers": [1,2,3,4,5],
		"Delta_E": [42.2,18.4,7.68,3.43,1.92],
		"Delta_C": [3.95,1.38,1.4,0.361,1.48],
		"Delta_E94": [42.2,18.4,7.68,3.43,1.92],
		"Delta_C94": [3.95,1.38,1.4,0.361,1.48],
		"Delta_E2000": [31.1,18.2,6.25,2.35,1.93],
		"Delta_C2000": [3.9,1.34,1.51,0.363,1.77],
		"Delta_L": [-42,-18.3,-7.55,-3.41,1.22],
		"Delta_Chroma": [3.95,1.38,1.4,0.361,1.48],
		"Delta_Hue_Distance": [0,0,0,0,0],
		"Delta_Hue_Degrees": [0,0,0,0,0],
		"mean_Delta_E": [14.7],
		"mean_Delta_C": [1.71],
		"mean_Delta_E94": [14.7],
		"mean_Delta_C94": [1.71],
		"mean_Delta_E2000": [12],
		"mean_Delta_C2000": [1.78],
		"mean_Delta_L": [-14],
		"mean_Delta_Chroma": [1.71],
		"mean_Delta_Hue_Distance": [0],
		"mean_Delta_Hue_Degrees": [0],
		"mean_Delta_C_sat_corr": ["_NaN_"],
		"mean_Delta_C94_sat_corr": ["_NaN_"],
		"mean_Delta_C2000_sat_corr": ["_NaN_"],
		"max_Delta_E": [42.2],
		"max_Delta_C": [3.95],
		"max_Delta_E94": [42.2],
		"max_Delta_C94": [3.95],
		"max_Delta_E2000": [31.1],
		"max_Delta_C2000": [3.9],
		"max_Delta_L": [1.22],
		"max_Delta_Chroma": [3.95],
		"max_Delta_Hue_Distance": [0],
		"max_Delta_Hue_Degrees": [0],
		"max_Delta_C_sat_corr": ["_NaN_"],
		"max_Delta_C94_sat_corr": ["_NaN_"],
		"max_Delta_C2000_sat_corr": ["_NaN_"],
		"mean_RegionSize": [5486.2],
		"Sequence_dark_to_light": [5,4,3,2,1],
		"Patch_number": [5,4,3,2,1],
		"R_noise": [0.06957,0.07103,0.06067,0.045,0.04362],
		"G_noise": [0.05037,0.04429,0.03201,0.02909,0.02896],
		"B_noise": [0.05654,0.05659,0.0416,0.03671,0.03314],
		"R_SNR_ratio": [1.612,2.294,4.331,8.64,11.48],
		"G_SNR_ratio": [2.143,3.692,8.493,13.52,17.26],
		"B_SNR_ratio": [2.038,2.925,6.68,10.94,15.89],
		"R_SNR_dB": [4.149,7.211,12.73,18.73,21.2],
		"G_SNR_dB": [6.621,11.35,18.58,22.62,24.74],
		"B_SNR_dB": [6.184,9.323,16.5,20.78,24.02],
		"Gb_noise": [0.04337,0.03728,0.0274,0.02468,0.02511],
		"Gb_SNR_ratio": [2.521,4.388,9.868,15.92,19.99],
		"Gb_SNR_dB": [8.033,12.84,19.88,24.04,26.02],
		"Y_f_stop_SNR_ratio": [2.682,2.898,2.585,1.333,0.7715],
		"Y_f_stop_SNR_dB": [8.569,9.243,8.248,2.497,-2.254],
		"quality_levels_for_DR": [
				"Low,",
				"Medium,",
				"M-H,",
				"High,"
		],
		"SigNoise_levels_for_DR": [1,0.5,0.25,0.1],
		"Dynamic_Range_f_stops": [5.599,3.743,0,0],
		"Dynamic_Range_dB": [33.71,22.53,0,0],
		"noise_ISO15739_pct": [0.4101,0.4662,0.7299,1.505,2.117],
		"snr_ISO15739": [2.815,4.904,8.141,8.502,10.2],
		"noise_pct_ISO15739_at_13pct_Lref": [1.952],
		"snr_ISO15739_at_13pct_Lref": [9.742],
		"snr_dB_ISO15739_at_13pct_Lref": [19.77],
		"DynamicRange_at_density_2": [1420],
		"DynamicRange_total": [0],
		"DynamicRange_from_slope_OD": [1.95],
		"DynamicRange_from_slope_EV": [6.474],
		"DynamicRange_from_slope_dB": [39],
		"SNR_BW_dB_RGBY": [17.53,21.32,19.29,22.74],
		"L_noise": [4.74,4.192,2.952,2.566,2.499],
		"a_noise": [9.908,10.55,8.156,6.246,5.628],
		"b_noise": [9.265,10.43,7.258,6.062,5.12],
		"Total_Lab_noise_unwtd": [14.37,15.42,11.31,9.075,8.008],
		"Total_ab_noise_unwtd": [13.56,14.84,10.92,8.704,7.609],
		"R_minus_Y_KK_noise": [0.05736,0.06,0.05139,0.03787,0.03573],
		"B_minus_Y_KK_noise": [0.05825,0.06244,0.04458,0.03925,0.03462],
		"Y_Kelly_Keelan_noise": [0.04337,0.03728,0.0274,0.02468,0.02511],
		"Total_KK_noise": [0.05566,0.05232,0.04077,0.03383,0.03305],
		"Chroma_KK_noise": [0.03488,0.03671,0.03019,0.02314,0.02149],
		"Total_old_iso_noise": [0.06731,0.06571,0.05252,0.04211,0.04049],
		"Y_noise_from_YUV": [0.04337,0.03727,0.02739,0.02467,0.02511],
		"U_noise_from_YUV": [0.02737,0.02934,0.02095,0.01844,0.01626],