{
	"jsonResults": {
		"dateRun": "12-May-2025 19:12:16",
		"ini_time_size": "12-May-2025 19:03:19 10457B  MD5 = 312e2f7b57fe10299f216ffb289d3e9b",
		"version": "Imatest 24.2.6 Master Color/Tone Auto",
		"build": "2025-03-20",
		"image_file": "sports ball_18.0 mm_25600ISO_0EV_Dist1_ON_Defocus1.tiff",
		"ColorSpace": "sRGB",
		"Reference": "Default values",
		"Ref_folder": "/usr/local/Imatest/v24.2/Master/",
		"Gamma": [0.3394],
		"patches_for_gamma_start_end": [1,5],
		"exposure_error_normalized_y_channel": [-0.0374],
		"mean_camera_Saturation_Pct": ["_NaN_"],
		"mean_chroma_level_CPIQ_Pct": ["_NaN_"],
		"CPIQ_chroma_quality_loss_JND": ["_NaN_"],
		"CPIQ_exposure_quality_loss_JND": ["_NaN_"],
		"pixel_offset": [0],
		"mean_patch_size_pxls": [69,78],
		"roi_settings": "Recent ROI settings are in roi, nwid_save, nht_save, fillf, and distort (same names as ini file)",
		"roi": [3093,1811,3523,1900,3093,1904,3523,1799],
		"nwid_save": [6024],
		"nht_save": [4020],
		"fillf": [0.8],
		"distort": [0],
		"grayscale_zone": [1,2,3,4,5],
		"grayscale_minus_log_exposure": [2,1.513,1.025,0.5375,0.05],
		"grayscale_Y_reflectivity": [0.01,0.03073,0.09441,0.2901,0.8913],
		"grayscale_Y_Printer_pixel_gamma22": [33.13,55.18,91.91,153.1,255],
		"grayscale_Y_density": [0.1611,0.2679,0.4334,0.6683,0.9137],
		"grayscale_R_density": [0.1595,0.2727,0.4457,0.6893,0.815],
		"grayscale_G_density": [0.1646,0.2686,0.4311,0.6627,0.956],
		"grayscale_B_density": [0.1319,0.2475,0.4202,0.6643,0.8465],
		"grayscale_Y_mean": [176,137.6,94.01,54.73,31.1],
		"grayscale_R_mean": [176.6,136.1,91.37,52.14,39.04],
		"grayscale_G_mean": [174.6,137.4,94.5,55.44,28.22],
		"grayscale_B_mean": [188.2,144.2,96.91,55.23,36.31],
		"White_Bal_error_Degrees": [768.2,609.6,525.3,405.1,-507.7],
		"White_Bal_error_Mired": [-16.26,-13.19,-11.5,-9.025,13.03],
		"White_Bal_error_S_HSV": [0.07247,0.05643,0.05722,0.0595,0.2772],
		"White_Bal_error_Delta_C_ab": [7.488,3.924,1.943,1.503,7.89],
		"White_Bal_error_Delta_C_94": [7.488,3.924,1.943,1.503,7.89],
		"White_Bal_error_Delta_C_00": [7.045,3.713,2.001,2.112,8.929],
		"n_Patch": [1,2,3,4,5],
		"n_Row": [1,1,1,1,1],
		"n_Column": [1,2,3,4,5],
		"width_pixels": [69,70,70,70,70],
		"height_pixels": [80,80,79,80,79],
		"Pixels_total": [5520,5600,5530,5600,5530],
		"R_reference": [242.4,146.6,86.6,49.01,25.46],
		"G_reference": [242.4,146.6,86.6,49.01,25.46],
		"B_reference": [242.4,146.6,86.6,49.01,25.46],
		"R_input": [176.6,136.1,91.37,52.14,39.04],
		"G_input": [174.6,137.4,94.5,55.44,28.22],
		"B_input": [188.2,144.2,96.91,55.23,36.31],
		"L_reference": [95.63,60.79,36.82,20.33,8.991],
		"a_reference": [0,0,0,0,0],
		"b_reference": [0,0,0,0,0],
		"L_input": [71.84,57.33,39.91,22.95,11.97],
		"a_input": [3.352,0.9025,-0.7014,-1.458,7.084],
		"b_input": [-6.696,-3.818,-1.812,-0.3638,-3.474],
		"x_reference": [0.3127,0.3127,0.3127,0.3127,0.3127],
		"y_reference": [0.329,0.329,0.329,0.329,0.329],
		"Y_reference": [0.8913,0.2901,0.09441,0.03073,0.01],
		"x_input": [0.3035,0.3044,0.3046,0.3053,0.3251],
		"y_input": [0.311,0.3176,0.3233,0.3298,0.2882],
		"Y_input": [0.4343,0.2526,0.112,0.03786,0.01402],
		"LUV_comment": "L2 is used to differentiate between the L in LAB and L in LUV.",
		"L2_reference": [805.1,262,85.28,27.75,9.033],
		"U_reference": [0.1978,0.1978,0.1978,0.1978,0.1978],
		"V_reference": [0.4683,0.4683,0.4683,0.4683,0.4683],
		"L2_input": [392.3,228.2,101.2,34.2,12.67],
		"U_input": [0.1982,0.1963,0.1943,0.1924,0.2239],
		"V_input": [0.457,0.4608,0.464,0.4676,0.4466],
		"patch_numbers_for_all_Delta_E_C": [1,2,3,4,5],
		"Delta_E_all": [24.9,5.23,3.65,3.02,8.43],
		"Delta_C_all": [7.49,3.92,1.94,1.5,7.89],
		"Delta_E94_all": [24.9,5.23,3.65,3.02,8.43],
		"Delta_C94_all": [7.49,3.92,1.94,1.5,7.89],
		"Delta_E2000_all": [17.3,4.82,3.33,2.8,9.12],
		"Delta_C2000_all": [7.05,3.71,2,2.11,8.93],
		"Delta_L_all": [-23.8,-3.46,3.09,2.62,2.98],
		"Delta_Chroma_all": [7.49,3.92,1.94,1.5,7.89],
		"Delta_Hue_Distance_all": [0,0,0,0,0],
		"Delta_Hue_Degrees_all": [0,0,0,0,0],
		"sat_corr_comment": "sat_corr explained on https://www.imatest.com/docs/colorcheck/#satcorr - not recommended.",
		"Delta_C_all_sat_corr": ["_NaN_","_NaN_","_NaN_","_NaN_","_NaN_"],
		"Delta_C94_all_sat_corr": ["_NaN_","_NaN_","_NaN_","_NaN_","_NaN_"],
		"Delta_C2000_all_sat_corr": ["_NaN_","_NaN_","_NaN_","_NaN_","_NaN_"],
		"grayscale_patch_numbers": [1,2,3,4,5],
		"Delta_E": [24.9,5.23,3.65,3.02,8.43],
		"Delta_C": [7.49,3.92,1.94,1.5,7.89],
		"Delta_E94": [24.9,5.23,3.65,3.02,8.43],
		"Delta_C94": [7.49,3.92,1.94,1.5,7.89],
		"Delta_E2000": [17.3,4.82,3.33,2.8,9.12],
		"Delta_C2000": [7.05,3.71,2,2.11,8.93],
		"Delta_L": [-23.8,-3.46,3.09,2.62,2.98],
		"Delta_Chroma": [7.49,3.92,1.94,1.5,7.89],
		"Delta_Hue_Distance": [0,0,0,0,0],
		"Delta_Hue_Degrees": [0,0,0,0,0],
		"mean_Delta_E": [9.06],
		"mean_Delta_C": [4.55],
		"mean_Delta_E94": [9.06],
		"mean_Delta_C94": [4.55],
		"mean_Delta_E2000": [7.48],
		"mean_Delta_C2000": [4.76],
		"mean_Delta_L": [-3.71],
		"mean_Delta_Chroma": [4.55],
		"mean_Delta_Hue_Distance": [0],
		"mean_Delta_Hue_Degrees": [0],
		"mean_Delta_C_sat_corr": ["_NaN_"],
		"mean_Delta_C94_sat_corr": ["_NaN_"],
		"mean_Delta_C2000_sat_corr": ["_NaN_"],
		"max_Delta_E": [24.9],
		"max_Delta_C": [7.89],
		"max_Delta_E94": [24.9],
		"max_Delta_C94": [7.89],
		"max_Delta_E2000": [17.3],
		"max_Delta_C2000": [8.93],
		"max_Delta_L": [3.09],
		"max_Delta_Chroma": [7.89],
		"max_Delta_Hue_Distance": [0],
		"max_Delta_Hue_Degrees": [0],
		"max_Delta_C_sat_corr": ["_NaN_"],
		"max_Delta_C94_sat_corr": ["_NaN_"],
		"max_Delta_C2000_sat_corr": ["_NaN_"],
		"mean_RegionSize": [5486.2],
		"Sequence_dark_to_light": [5,4,3,2,1],
		"Patch_number": [5,4,3,2,1],
		"R_noise": [0.1138,0.1279,0.1076,0.07611,0.06463],
		"G_noise": [0.09344,0.09129,0.0651,0.0529,0.04835],
		"B_noise": [0.1024,0.1051,0.0738,0.05614,0.04962],
		"R_SNR_ratio": [1.345,1.599,3.331,7.012,10.72],
		"G_SNR_ratio": [1.184,2.382,5.693,10.19,14.16],
		"B_SNR_ratio": [1.391,2.061,5.15,10.07,14.87],
		"R_SNR_dB": [2.575,4.079,10.45,16.92,20.6],
		"G_SNR_dB": [1.469,7.538,15.11,20.16,23.02],
		"B_SNR_dB": [2.864,6.28,14.24,20.06,23.45],
		"Gb_noise": [0.07608,0.07435,0.05448,0.04417,0.0408],
		"Gb_SNR_ratio": [1.603,2.887,6.767,12.22,16.92],
		"Gb_SNR_dB": [4.099,9.208,16.61,21.74,24.57],
		"Y_f_stop_SNR_ratio": [2.277,2.247,1.842,1.024,0.7518],
		"Y_f_stop_SNR_dB": [7.148,7.032,5.304,0.2086,-2.478],
		"quality_levels_for_DR": [
				"Low,",
				"Medium,",
				"M-H,",
				"High,"
		],
		"SigNoise_levels_for_DR": [1,0.5,0.25,0.1],
		"Dynamic_Range_f_stops": [4.967,2.528,0,0],
		"Dynamic_Range_dB": [29.9,15.22,0,0],
		"noise_ISO15739_pct": [0.6745,0.8949,1.491,2.875,3.704],
		"snr_ISO15739": [2.079,4.231,7.509,8.786,11.73],
		"noise_pct_ISO15739_at_13pct_Lref": [3.185],
		"snr_ISO15739_at_13pct_Lref": [9.886],
		"snr_dB_ISO15739_at_13pct_Lref": [19.9],
		"DynamicRange_at_density_2": [587.8],
		"DynamicRange_total": [0],
		"DynamicRange_from_slope_OD": [1.95],
		"DynamicRange_from_slope_EV": [6.474],
		"DynamicRange_from_slope_dB": [39],
		"SNR_BW_dB_RGBY": [15.91,19.07,18.56,20.64],
		"L_noise": [8.268,7.834,5.456,4.304,3.814],
		"a_noise": [17.46,18.19,13.68,9.932,8.2],
		"b_noise": [17.64,17.38,12.28,8.963,7.479],
		"Total_Lab_noise_unwtd": [26.16,26.35,19.17,14.05,11.74],
		"Total_ab_noise_unwtd": [24.82,25.16,18.38,13.38,11.1],
		"R_minus_Y_KK_noise": [0.1034,0.1142,0.09283,0.06566,0.05483],
		"B_minus_Y_KK_noise": [0.1101,0.113,0.08084,0.06167,0.05371],
		"Y_Kelly_Keelan_noise": [0.07608,0.07435,0.05448,0.04417,0.0408],
		"Total_KK_noise": [0.09917,0.1015,0.07712,0.05906,0.05251],
		"Chroma_KK_noise": [0.06361,0.06903,0.05458,0.03921,0.03305],
		"Total_old_iso_noise": [0.1207,0.1262,0.09762,0.07293,0.06364],
		"Y_noise_from_YUV": [0.07607,0.07434,0.05448,0.04416,0.04079],
		"U_noise_from_YUV": [0.05172,0.05311,0.03799,0.02898,0.02524],
		"V_noise_from_YUV": [0.08071,0.0892,0.07249,0.05127,0.04281],