{
	"jsonResults": {
		"dateRun": "12-May-2025 19:33:59",
		"ini_time_size": "12-May-2025 19:26:48 10505B  MD5 = a22bd16fc3ab0ce050c615a77c55d841",
		"version": "Imatest 24.2.6 Master Color/Tone Auto",
		"build": "2025-03-20",
		"image_file": "sports ball_18.0 mm_100ISO_-3EV_Dist1_ON_Focused.tiff",
		"ColorSpace": "sRGB",
		"Reference": "Default values",
		"Ref_folder": "/usr/local/Imatest/v24.2/Master/",
		"Gamma": [0.3962],
		"patches_for_gamma_start_end": [1,5],
		"exposure_error_normalized_y_channel": [-0.259],
		"mean_camera_Saturation_Pct": ["_NaN_"],
		"mean_chroma_level_CPIQ_Pct": ["_NaN_"],
		"CPIQ_chroma_quality_loss_JND": ["_NaN_"],
		"CPIQ_exposure_quality_loss_JND": ["_NaN_"],
		"pixel_offset": [0],
		"mean_patch_size_pxls": [69,78],
		"roi_settings": "Recent ROI settings are in roi, nwid_save, nht_save, fillf, and distort (same names as ini file)",
		"roi": [3093,1811,3523,1900,3093,1904,3523,1799],
		"nwid_save": [6024],
		"nht_save": [4020],
		"fillf": [0.8],
		"distort": [0],
		"grayscale_zone": [1,2,3,4,5],
		"grayscale_minus_log_exposure": [2,1.513,1.025,0.5375,0.05],
		"grayscale_Y_reflectivity": [0.01,0.03073,0.09441,0.2901,0.8913],
		"grayscale_Y_Printer_pixel_gamma22": [33.13,55.18,91.91,153.1,255],
		"grayscale_Y_density": [0.5917,0.7147,0.9078,1.211,1.748],
		"grayscale_R_density": [0.5987,0.7226,0.9162,1.217,1.741],
		"grayscale_G_density": [0.5934,0.7155,0.9094,1.214,1.756],
		"grayscale_B_density": [0.5561,0.6839,0.8694,1.167,1.69],
		"grayscale_Y_mean": [65.29,49.19,31.53,15.7,4.558],
		"grayscale_R_mean": [64.25,48.3,30.93,15.47,4.63],
		"grayscale_G_mean": [65.03,49.09,31.42,15.6,4.472],
		"grayscale_B_mean": [70.86,52.8,34.45,17.37,5.202],
		"White_Bal_error_Degrees": [1023,836.5,929.6,759.2,626.9],
		"White_Bal_error_Mired": [-20.91,-17.54,-19.25,-16.09,-13.53],
		"White_Bal_error_S_HSV": [0.09333,0.08538,0.1023,0.1092,0.1404],
		"White_Bal_error_Delta_C_ab": [3.793,2.543,2.209,0.9988,0.2987],
		"White_Bal_error_Delta_C_94": [3.793,2.543,2.209,0.9988,0.2987],
		"White_Bal_error_Delta_C_00": [3.64,2.472,2.183,1.029,0.3363],
		"n_Patch": [1,2,3,4,5],
		"n_Row": [1,1,1,1,1],
		"n_Column": [1,2,3,4,5],
		"width_pixels": [69,70,70,70,70],
		"height_pixels": [80,80,79,80,79],
		"Pixels_total": [5520,5600,5530,5600,5530],
		"R_reference": [242.4,146.6,86.6,49.01,25.46],
		"G_reference": [242.4,146.6,86.6,49.01,25.46],
		"B_reference": [242.4,146.6,86.6,49.01,25.46],
		"R_input": [64.25,48.3,30.93,15.47,4.63],
		"G_input": [65.03,49.09,31.42,15.6,4.472],
		"B_input": [70.86,52.8,34.45,17.37,5.202],
		"L_reference": [95.63,60.79,36.82,20.33,8.991],
		"a_reference": [0,0,0,0,0],
		"b_reference": [0,0,0,0,0],
		"L_input": [27.67,20.42,12.03,4.57,1.25],
		"a_input": [1.032,0.5559,0.5593,0.3002,0.143],
		"b_input": [-3.65,-2.482,-2.137,-0.9526,-0.2622],
		"x_reference": [0.3127,0.3127,0.3127,0.3127,0.3127],
		"y_reference": [0.329,0.329,0.329,0.329,0.329],
		"Y_reference": [0.8913,0.2901,0.09441,0.03073,0.01],
		"x_input": [0.3,0.3017,0.3008,0.3029,0.3052],
		"y_input": [0.3105,0.3141,0.3122,0.3139,0.3128],
		"Y_input": [0.05336,0.03095,0.0141,0.005059,0.001383],
		"LUV_comment": "L2 is used to differentiate between the L in LAB and L in LUV.",
		"L2_reference": [805.1,262,85.28,27.75,9.033],
		"U_reference": [0.1978,0.1978,0.1978,0.1978,0.1978],
		"V_reference": [0.4683,0.4683,0.4683,0.4683,0.4683],
		"L2_input": [48.2,27.96,12.74,4.57,1.25],
		"U_input": [0.1959,0.1957,0.1959,0.1967,0.1987],
		"V_input": [0.4561,0.4585,0.4573,0.4586,0.4583],
		"patch_numbers_for_all_Delta_E_C": [1,2,3,4,5],
		"Delta_E_all": [68.1,40.4,24.9,15.8,7.75],
		"Delta_C_all": [3.79,2.54,2.21,0.999,0.299],
		"Delta_E94_all": [68.1,40.4,24.9,15.8,7.75],
		"Delta_C94_all": [3.79,2.54,2.21,0.999,0.299],
		"Delta_E2000_all": [58.5,35.9,18.1,10.2,4.65],
		"Delta_C2000_all": [3.64,2.47,2.18,1.03,0.336],
		"Delta_L_all": [-68,-40.4,-24.8,-15.8,-7.74],
		"Delta_Chroma_all": [3.79,2.54,2.21,0.999,0.299],
		"Delta_Hue_Distance_all": [0,0,0,0,0],
		"Delta_Hue_Degrees_all": [0,0,0,0,0],
		"sat_corr_comment": "sat_corr explained on https://www.imatest.com/docs/colorcheck/#satcorr - not recommended.",
		"Delta_C_all_sat_corr": ["_NaN_","_NaN_","_NaN_","_NaN_","_NaN_"],
		"Delta_C94_all_sat_corr": ["_NaN_","_NaN_","_NaN_","_NaN_","_NaN_"],
		"Delta_C2000_all_sat_corr": ["_NaN_","_NaN_","_NaN_","_NaN_","_NaN_"],
		"grayscale_patch_numbers": [1,2,3,4,5],
		"Delta_E": [68.1,40.4,24.9,15.8,7.75],
		"Delta_C": [3.79,2.54,2.21,0.999,0.299],
		"Delta_E94": [68.1,40.4,24.9,15.8,7.75],
		"Delta_C94": [3.79,2.54,2.21,0.999,0.299],
		"Delta_E2000": [58.5,35.9,18.1,10.2,4.65],
		"Delta_C2000": [3.64,2.47,2.18,1.03,0.336],
		"Delta_L": [-68,-40.4,-24.8,-15.8,-7.74],
		"Delta_Chroma": [3.79,2.54,2.21,0.999,0.299],
		"Delta_Hue_Distance": [0,0,0,0,0],
		"Delta_Hue_Degrees": [0,0,0,0,0],
		"mean_Delta_E": [31.4],
		"mean_Delta_C": [1.97],
		"mean_Delta_E94": [31.4],
		"mean_Delta_C94": [1.97],
		"mean_Delta_E2000": [25.5],
		"mean_Delta_C2000": [1.93],
		"mean_Delta_L": [-31.3],
		"mean_Delta_Chroma": [1.97],
		"mean_Delta_Hue_Distance": [0],
		"mean_Delta_Hue_Degrees": [0],
		"mean_Delta_C_sat_corr": ["_NaN_"],
		"mean_Delta_C94_sat_corr": ["_NaN_"],
		"mean_Delta_C2000_sat_corr": ["_NaN_"],
		"max_Delta_E": [68.1],
		"max_Delta_C": [3.79],
		"max_Delta_E94": [68.1],
		"max_Delta_C94": [3.79],
		"max_Delta_E2000": [58.5],
		"max_Delta_C2000": [3.64],
		"max_Delta_L": [-7.74],
		"max_Delta_Chroma": [3.79],
		"max_Delta_Hue_Distance": [0],
		"max_Delta_Hue_Degrees": [0],
		"max_Delta_C_sat_corr": ["_NaN_"],
		"max_Delta_C94_sat_corr": ["_NaN_"],
		"max_Delta_C2000_sat_corr": ["_NaN_"],
		"mean_RegionSize": [5486.2],
		"Sequence_dark_to_light": [5,4,3,2,1],
		"Patch_number": [5,4,3,2,1],
		"R_noise": [0.007632,0.008882,0.006531,0.006007,0.005911],
		"G_noise": [0.004689,0.00628,0.00436,0.004088,0.004084],
		"B_noise": [0.006598,0.006605,0.005537,0.005027,0.005335],
		"R_SNR_ratio": [2.379,6.831,18.57,31.53,42.63],
		"G_SNR_ratio": [3.74,9.739,28.26,47.1,62.45],
		"B_SNR_ratio": [3.092,10.31,24.4,41.19,52.09],
		"R_SNR_dB": [7.528,16.69,25.38,29.97,32.59],
		"G_SNR_dB": [11.46,19.77,29.02,33.46,35.91],
		"B_SNR_dB": [9.804,20.27,27.75,32.3,34.34],
		"Gb_noise": [0.003931,0.005423,0.003589,0.003399,0.003388],
		"Gb_SNR_ratio": [4.547,11.35,34.46,56.75,75.58],
		"Gb_SNR_dB": [13.15,21.1,30.75,35.08,37.57],
		"Y_f_stop_SNR_ratio": [11.51,12.02,11.3,6.022,6.862],
		"Y_f_stop_SNR_dB": [21.22,21.6,21.06,15.59,16.73],
		"quality_levels_for_DR": [
				"Low,",
				"Medium,",
				"M-H,",
				"High,"
		],
		"SigNoise_levels_for_DR": [1,0.5,0.25,0.1],
		"Dynamic_Range_f_stops": [0,0,0,3.479],
		"Dynamic_Range_dB": [0,0,0,20.94],
		"noise_ISO15739_pct": [0.061,0.1165,0.184,0.4184,0.5756],
		"snr_ISO15739": [2.268,4.342,7.665,7.398,9.27],
		"noise_pct_ISO15739_at_13pct_Lref": [0.5126],
		"snr_ISO15739_at_13pct_Lref": [8.52],
		"snr_dB_ISO15739_at_13pct_Lref": [18.61],
		"DynamicRange_at_density_2": [8017],
		"DynamicRange_total": [0],
		"DynamicRange_from_slope_OD": [1.95],
		"DynamicRange_from_slope_EV": [6.474],
		"DynamicRange_from_slope_dB": [39],
		"SNR_BW_dB_RGBY": [30.2,33.55,31.75,35.15],
		"L_noise": [0.2748,0.571,0.4474,0.3977,0.3779],
		"a_noise": [0.7463,1.088,1.144,0.9852,0.9405],
		"b_noise": [0.745,1.096,1.152,0.9461,0.9897],
		"Total_Lab_noise_unwtd": [1.09,1.647,1.685,1.423,1.417],
		"Total_ab_noise_unwtd": [1.054,1.545,1.624,1.366,1.365],
		"R_minus_Y_KK_noise": [0.006436,0.007103,0.005648,0.005175,0.005025],
		"B_minus_Y_KK_noise": [0.007186,0.007514,0.006209,0.005442,0.005961],
		"Y_Kelly_Keelan_noise": [0.003931,0.005423,0.003589,0.003399,0.003388],
		"Total_KK_noise": [0.005617,0.006961,0.005017,0.004651,0.004653],
		"Chroma_KK_noise": [0.004013,0.004364,0.003506,0.003175,0.003189],
		"Total_old_iso_noise": [0.007087,0.00841,0.006282,0.005782,0.005773],
		"Y_noise_from_YUV": [0.00393,0.005422,0.003588,0.003399,0.003387],