{
	"jsonResults": {
		"dateRun": "12-May-2025 19:12:16",
		"ini_time_size": "12-May-2025 19:03:19 10457B  MD5 = 312e2f7b57fe10299f216ffb289d3e9b",
		"version": "Imatest 24.2.6 Master Color/Tone Auto",
		"build": "2025-03-20",
		"image_file": "sports ball_18.0 mm_100ISO_0EV_Dist1_OFF_Focused.tiff",
		"ColorSpace": "sRGB",
		"Reference": "Default values",
		"Ref_folder": "/usr/local/Imatest/v24.2/Master/",
		"Gamma": [0.3338],
		"patches_for_gamma_start_end": [1,5],
		"exposure_error_normalized_y_channel": [-0.0431],
		"mean_camera_Saturation_Pct": ["_NaN_"],
		"mean_chroma_level_CPIQ_Pct": ["_NaN_"],
		"CPIQ_chroma_quality_loss_JND": ["_NaN_"],
		"CPIQ_exposure_quality_loss_JND": ["_NaN_"],
		"pixel_offset": [0],
		"mean_patch_size_pxls": [69,78],
		"roi_settings": "Recent ROI settings are in roi, nwid_save, nht_save, fillf, and distort (same names as ini file)",
		"roi": [3093,1811,3523,1900,3093,1904,3523,1799],
		"nwid_save": [6024],
		"nht_save": [4020],
		"fillf": [0.8],
		"distort": [0],
		"grayscale_zone": [1,2,3,4,5],
		"grayscale_minus_log_exposure": [2,1.513,1.025,0.5375,0.05],
		"grayscale_Y_reflectivity": [0.01,0.03073,0.09441,0.2901,0.8913],
		"grayscale_Y_Printer_pixel_gamma22": [33.13,55.18,91.91,153.1,255],
		"grayscale_Y_density": [0.1628,0.2724,0.4351,0.6553,0.9611],
		"grayscale_R_density": [0.166,0.2767,0.438,0.6525,0.9536],
		"grayscale_G_density": [0.1629,0.2714,0.4348,0.6565,0.9641],
		"grayscale_B_density": [0.1527,0.2688,0.4297,0.6517,0.9539],
		"grayscale_Y_mean": [175.3,136.2,93.64,56.39,27.89],
		"grayscale_R_mean": [174,134.9,93.01,56.76,28.38],
		"grayscale_G_mean": [175.2,136.5,93.71,56.24,27.7],
		"grayscale_B_mean": [179.4,137.3,94.81,56.87,28.36],
		"White_Bal_error_Degrees": [306.2,160.9,172.2,28.65,19.19],
		"White_Bal_error_Mired": [-6.921,-3.717,-3.97,-0.6751,-0.4529],
		"White_Bal_error_S_HSV": [0.03021,0.01789,0.01899,0.01109,0.02389],
		"White_Bal_error_Delta_C_ab": [2.314,0.7919,0.7329,0.4879,0.5986],
		"White_Bal_error_Delta_C_94": [2.314,0.7919,0.7329,0.4879,0.5986],
		"White_Bal_error_Delta_C_00": [2.229,0.9091,0.7225,0.631,0.7977],
		"n_Patch": [1,2,3,4,5],
		"n_Row": [1,1,1,1,1],
		"n_Column": [1,2,3,4,5],
		"width_pixels": [69,70,70,70,70],
		"height_pixels": [80,80,79,80,79],
		"Pixels_total": [5520,5600,5530,5600,5530],
		"R_reference": [242.4,146.6,86.6,49.01,25.46],
		"G_reference": [242.4,146.6,86.6,49.01,25.46],
		"B_reference": [242.4,146.6,86.6,49.01,25.46],
		"R_input": [174,134.9,93.01,56.76,28.38],
		"G_input": [175.2,136.5,93.71,56.24,27.7],
		"B_input": [179.4,137.3,94.81,56.87,28.36],
		"L_reference": [95.63,60.79,36.82,20.33,8.991],
		"a_reference": [0,0,0,0,0],
		"b_reference": [0,0,0,0,0],
		"L_input": [71.57,56.78,39.75,23.7,10.21],
		"a_input": [0.3498,-0.4329,-0.04247,0.3706,0.491],
		"b_input": [-2.287,-0.6631,-0.7317,-0.3172,-0.3423],
		"x_reference": [0.3127,0.3127,0.3127,0.3127,0.3127],
		"y_reference": [0.329,0.329,0.329,0.329,0.329],
		"Y_reference": [0.8913,0.2901,0.09441,0.03073,0.01],
		"x_input": [0.3082,0.3101,0.3101,0.3126,0.313],
		"y_input": [0.3234,0.3276,0.3264,0.3267,0.325],
		"Y_input": [0.4302,0.247,0.111,0.04008,0.01154],
		"LUV_comment": "L2 is used to differentiate between the L in LAB and L in LUV.",
		"L2_reference": [805.1,262,85.28,27.75,9.033],
		"U_reference": [0.1978,0.1978,0.1978,0.1978,0.1978],
		"V_reference": [0.4683,0.4683,0.4683,0.4683,0.4683],
		"L2_input": [388.6,223.1,100.3,36.21,10.43],
		"U_input": [0.1968,0.1965,0.197,0.1986,0.1995],
		"V_input": [0.4646,0.4672,0.4665,0.4671,0.4662],
		"patch_numbers_for_all_Delta_E_C": [1,2,3,4,5],
		"Delta_E_all": [24.2,4.08,3.03,3.4,1.36],
		"Delta_C_all": [2.31,0.792,0.733,0.488,0.599],
		"Delta_E94_all": [24.2,4.08,3.03,3.4,1.36],
		"Delta_C94_all": [2.31,0.792,0.733,0.488,0.599],
		"Delta_E2000_all": [16.2,3.7,2.62,2.46,1.1],
		"Delta_C2000_all": [2.23,0.909,0.723,0.631,0.798],
		"Delta_L_all": [-24.1,-4.01,2.94,3.37,1.22],
		"Delta_Chroma_all": [2.31,0.792,0.733,0.488,0.599],
		"Delta_Hue_Distance_all": [0,0,0,0,0],
		"Delta_Hue_Degrees_all": [0,0,0,0,0],
		"sat_corr_comment": "sat_corr explained on https://www.imatest.com/docs/colorcheck/#satcorr - not recommended.",
		"Delta_C_all_sat_corr": ["_NaN_","_NaN_","_NaN_","_NaN_","_NaN_"],
		"Delta_C94_all_sat_corr": ["_NaN_","_NaN_","_NaN_","_NaN_","_NaN_"],
		"Delta_C2000_all_sat_corr": ["_NaN_","_NaN_","_NaN_","_NaN_","_NaN_"],
		"grayscale_patch_numbers": [1,2,3,4,5],
		"Delta_E": [24.2,4.08,3.03,3.4,1.36],
		"Delta_C": [2.31,0.792,0.733,0.488,0.599],
		"Delta_E94": [24.2,4.08,3.03,3.4,1.36],
		"Delta_C94": [2.31,0.792,0.733,0.488,0.599],
		"Delta_E2000": [16.2,3.7,2.62,2.46,1.1],
		"Delta_C2000": [2.23,0.909,0.723,0.631,0.798],
		"Delta_L": [-24.1,-4.01,2.94,3.37,1.22],
		"Delta_Chroma": [2.31,0.792,0.733,0.488,0.599],
		"Delta_Hue_Distance": [0,0,0,0,0],
		"Delta_Hue_Degrees": [0,0,0,0,0],
		"mean_Delta_E": [7.21],
		"mean_Delta_C": [0.985],
		"mean_Delta_E94": [7.21],
		"mean_Delta_C94": [0.985],
		"mean_Delta_E2000": [5.22],
		"mean_Delta_C2000": [1.06],
		"mean_Delta_L": [-4.11],
		"mean_Delta_Chroma": [0.985],
		"mean_Delta_Hue_Distance": [0],
		"mean_Delta_Hue_Degrees": [0],
		"mean_Delta_C_sat_corr": ["_NaN_"],
		"mean_Delta_C94_sat_corr": ["_NaN_"],
		"mean_Delta_C2000_sat_corr": ["_NaN_"],
		"max_Delta_E": [24.2],
		"max_Delta_C": [2.31],
		"max_Delta_E94": [24.2],
		"max_Delta_C94": [2.31],
		"max_Delta_E2000": [16.2],
		"max_Delta_C2000": [2.23],
		"max_Delta_L": [3.37],
		"max_Delta_Chroma": [2.31],
		"max_Delta_Hue_Distance": [0],
		"max_Delta_Hue_Degrees": [0],
		"max_Delta_C_sat_corr": ["_NaN_"],
		"max_Delta_C94_sat_corr": ["_NaN_"],
		"max_Delta_C2000_sat_corr": ["_NaN_"],
		"mean_RegionSize": [5486.2],
		"Sequence_dark_to_light": [5,4,3,2,1],
		"Patch_number": [5,4,3,2,1],
		"R_noise": [0.008423,0.009334,0.005637,0.005948,0.005985],
		"G_noise": [0.005668,0.007976,0.00394,0.004098,0.004133],
		"B_noise": [0.006875,0.009367,0.005015,0.005308,0.005776],
		"R_SNR_ratio": [13.21,23.85,64.71,88.92,114],
		"G_SNR_ratio": [19.16,27.65,93.26,130.6,166.3],
		"B_SNR_ratio": [16.18,23.81,74.14,101.5,121.8],
		"R_SNR_dB": [22.42,27.55,36.22,38.98,41.14],
		"G_SNR_dB": [25.65,28.83,39.39,42.32,44.42],
		"B_SNR_dB": [24.18,27.53,37.4,40.13,41.71],
		"Gb_noise": [0.0053,0.00706,0.003335,0.003575,0.003609],
		"Gb_SNR_ratio": [20.64,31.33,110.1,149.4,190.5],
		"Gb_SNR_dB": [26.29,29.92,40.84,43.49,45.6],
		"Y_f_stop_SNR_ratio": [26.22,27.64,28.97,11.28,13.02],
		"Y_f_stop_SNR_dB": [28.37,28.83,29.24,21.04,22.29],
		"quality_levels_for_DR": [
				"Low,",
				"Medium,",
				"M-H,",
				"High,"
		],
		"SigNoise_levels_for_DR": [1,0.5,0.25,0.1],
		"Dynamic_Range_f_stops": [0,0,0,0],
		"Dynamic_Range_dB": [0,0,0,0],
		"noise_ISO15739_pct": [0.04093,0.0761,0.08755,0.2258,0.3128],
		"snr_ISO15739": [28.2,52.68,126.8,109.4,137.6],
		"noise_pct_ISO15739_at_13pct_Lref": [0.2615],
		"snr_ISO15739_at_13pct_Lref": [121],
		"snr_dB_ISO15739_at_13pct_Lref": [41.65],
		"DynamicRange_at_density_2": [10116],
		"DynamicRange_total": [0],
		"DynamicRange_from_slope_OD": [1.95],
		"DynamicRange_from_slope_EV": [6.474],
		"DynamicRange_from_slope_dB": [39],
		"SNR_BW_dB_RGBY": [37.88,41.12,38.87,42.31],
		"L_noise": [0.6711,0.7653,0.3521,0.3532,0.3404],
		"a_noise": [1.237,1.186,0.8225,0.7677,0.7609],
		"b_noise": [1.164,1.616,0.8282,0.8124,0.776],
		"Total_Lab_noise_unwtd": [1.826,2.146,1.219,1.172,1.139],
		"Total_ab_noise_unwtd": [1.698,2.004,1.167,1.118,1.087],
		"R_minus_Y_KK_noise": [0.006091,0.006369,0.004743,0.004765,0.004906],
		"B_minus_Y_KK_noise": [0.006155,0.01061,0.005288,0.005539,0.005548],
		"Y_Kelly_Keelan_noise": [0.0053,0.00706,0.003335,0.003575,0.003609],
		"Total_KK_noise": [0.006463,0.00843,0.004457,0.004671,0.004738],
		"Chroma_KK_noise": [0.003699,0.004607,0.002956,0.003006,0.00307],
		"Total_old_iso_noise": [0.007609,0.009686,0.005477,0.005676,0.005775],
		"Y_noise_from_YUV": [0.005299,0.007059,0.003335,0.003575,0.003609],