{
	"jsonResults": {
		"dateRun": "12-May-2025 19:19:27",
		"ini_time_size": "12-May-2025 19:12:16 10505B  MD5 = c607ca3b1f3bf245eb7017e15db89e59",
		"version": "Imatest 24.2.6 Master Color/Tone Auto",
		"build": "2025-03-20",
		"image_file": "sports ball_18.0 mm_25600ISO_-1EV_Dist1_ON_Defocus2.tiff",
		"ColorSpace": "sRGB",
		"Reference": "Default values",
		"Ref_folder": "/usr/local/Imatest/v24.2/Master/",
		"Gamma": [0.3633],
		"patches_for_gamma_start_end": [1,5],
		"exposure_error_normalized_y_channel": [-0.161],
		"mean_camera_Saturation_Pct": ["_NaN_"],
		"mean_chroma_level_CPIQ_Pct": ["_NaN_"],
		"CPIQ_chroma_quality_loss_JND": ["_NaN_"],
		"CPIQ_exposure_quality_loss_JND": ["_NaN_"],
		"pixel_offset": [0],
		"mean_patch_size_pxls": [69,78],
		"roi_settings": "Recent ROI settings are in roi, nwid_save, nht_save, fillf, and distort (same names as ini file)",
		"roi": [3093,1811,3523,1900,3093,1904,3523,1799],
		"nwid_save": [6024],
		"nht_save": [4020],
		"fillf": [0.8],
		"distort": [0],
		"grayscale_zone": [1,2,3,4,5],
		"grayscale_minus_log_exposure": [2,1.513,1.025,0.5375,0.05],
		"grayscale_Y_reflectivity": [0.01,0.03073,0.09441,0.2901,0.8913],
		"grayscale_Y_Printer_pixel_gamma22": [33.13,55.18,91.91,153.1,255],
		"grayscale_Y_density": [0.2952,0.4033,0.5804,0.7938,0.9275],
		"grayscale_R_density": [0.2982,0.4143,0.595,0.7566,0.8324],
		"grayscale_G_density": [0.2977,0.4026,0.5778,0.8064,0.9689],
		"grayscale_B_density": [0.2628,0.3792,0.5644,0.7857,0.856],
		"grayscale_Y_mean": [129.2,100.7,67.01,40.99,30.13],
		"grayscale_R_mean": [128.3,98.23,64.79,44.67,37.51],
		"grayscale_G_mean": [128.5,100.9,67.41,39.82,27.4],
		"grayscale_B_mean": [139.2,106.5,69.53,41.76,35.53],
		"White_Bal_error_Degrees": [946.7,811,604.9,-461.7,-299.1],
		"White_Bal_error_Mired": [-19.56,-17.07,-13.1,11.76,7.42],
		"White_Bal_error_S_HSV": [0.07826,0.0777,0.06818,0.1084,0.2697],
		"White_Bal_error_Delta_C_ab": [6.2,3.525,1.767,2.708,7.713],
		"White_Bal_error_Delta_C_94": [6.2,3.525,1.767,2.708,7.713],
		"White_Bal_error_Delta_C_00": [5.787,3.27,1.813,3.694,8.701],
		"n_Patch": [1,2,3,4,5],
		"n_Row": [1,1,1,1,1],
		"n_Column": [1,2,3,4,5],
		"width_pixels": [69,70,70,70,70],
		"height_pixels": [80,80,79,80,79],
		"Pixels_total": [5520,5600,5530,5600,5530],
		"R_reference": [242.4,146.6,86.6,49.01,25.46],
		"G_reference": [242.4,146.6,86.6,49.01,25.46],
		"B_reference": [242.4,146.6,86.6,49.01,25.46],
		"R_input": [128.3,98.23,64.79,44.67,37.51],
		"G_input": [128.5,100.9,67.41,39.82,27.4],
		"B_input": [139.2,106.5,69.53,41.76,35.53],
		"L_reference": [95.63,60.79,36.82,20.33,8.991],
		"a_reference": [0,0,0,0,0],
		"b_reference": [0,0,0,0,0],
		"L_input": [54.08,42.69,28.42,16.61,11.48],
		"a_input": [2.16,0.1743,-0.5991,2.668,6.792],
		"b_input": [-5.811,-3.52,-1.662,-0.466,-3.657],
		"x_reference": [0.3127,0.3127,0.3127,0.3127,0.3127],
		"y_reference": [0.329,0.329,0.329,0.329,0.329],
		"Y_reference": [0.8913,0.2901,0.09441,0.03073,0.01],
		"x_input": [0.3011,0.3015,0.3035,0.3221,0.3224],
		"y_input": [0.3101,0.3166,0.3223,0.3203,0.287],
		"Y_input": [0.2205,0.1295,0.05616,0.02222,0.0133],
		"LUV_comment": "L2 is used to differentiate between the L in LAB and L in LUV.",
		"L2_reference": [805.1,262,85.28,27.75,9.033],
		"U_reference": [0.1978,0.1978,0.1978,0.1978,0.1978],
		"V_reference": [0.4683,0.4683,0.4683,0.4683,0.4683],
		"L2_input": [199.2,117,50.73,20.07,12.01],
		"U_input": [0.1968,0.1947,0.1939,0.2078,0.2224],
		"V_input": [0.4561,0.4599,0.4633,0.465,0.4454],
		"patch_numbers_for_all_Delta_E_C": [1,2,3,4,5],
		"Delta_E_all": [42,18.4,8.58,4.6,8.11],
		"Delta_C_all": [6.2,3.52,1.77,2.71,7.71],
		"Delta_E94_all": [42,18.4,8.58,4.6,8.11],
		"Delta_C94_all": [6.2,3.52,1.77,2.71,7.71],
		"Delta_E2000_all": [30.9,18.2,6.94,4.48,8.84],
		"Delta_C2000_all": [5.79,3.27,1.81,3.69,8.7],
		"Delta_L_all": [-41.6,-18.1,-8.4,-3.72,2.49],
		"Delta_Chroma_all": [6.2,3.52,1.77,2.71,7.71],
		"Delta_Hue_Distance_all": [0,0,0,0,0],
		"Delta_Hue_Degrees_all": [0,0,0,0,0],
		"sat_corr_comment": "sat_corr explained on https://www.imatest.com/docs/colorcheck/#satcorr - not recommended.",
		"Delta_C_all_sat_corr": ["_NaN_","_NaN_","_NaN_","_NaN_","_NaN_"],
		"Delta_C94_all_sat_corr": ["_NaN_","_NaN_","_NaN_","_NaN_","_NaN_"],
		"Delta_C2000_all_sat_corr": ["_NaN_","_NaN_","_NaN_","_NaN_","_NaN_"],
		"grayscale_patch_numbers": [1,2,3,4,5],
		"Delta_E": [42,18.4,8.58,4.6,8.11],
		"Delta_C": [6.2,3.52,1.77,2.71,7.71],
		"Delta_E94": [42,18.4,8.58,4.6,8.11],
		"Delta_C94": [6.2,3.52,1.77,2.71,7.71],
		"Delta_E2000": [30.9,18.2,6.94,4.48,8.84],
		"Delta_C2000": [5.79,3.27,1.81,3.69,8.7],
		"Delta_L": [-41.6,-18.1,-8.4,-3.72,2.49],
		"Delta_Chroma": [6.2,3.52,1.77,2.71,7.71],
		"Delta_Hue_Distance": [0,0,0,0,0],
		"Delta_Hue_Degrees": [0,0,0,0,0],
		"mean_Delta_E": [16.3],
		"mean_Delta_C": [4.38],
		"mean_Delta_E94": [16.3],
		"mean_Delta_C94": [4.38],
		"mean_Delta_E2000": [13.9],
		"mean_Delta_C2000": [4.65],
		"mean_Delta_L": [-13.9],
		"mean_Delta_Chroma": [4.38],
		"mean_Delta_Hue_Distance": [0],
		"mean_Delta_Hue_Degrees": [0],
		"mean_Delta_C_sat_corr": ["_NaN_"],
		"mean_Delta_C94_sat_corr": ["_NaN_"],
		"mean_Delta_C2000_sat_corr": ["_NaN_"],
		"max_Delta_E": [42],
		"max_Delta_C": [7.71],
		"max_Delta_E94": [42],
		"max_Delta_C94": [7.71],
		"max_Delta_E2000": [30.9],
		"max_Delta_C2000": [8.7],
		"max_Delta_L": [2.49],
		"max_Delta_Chroma": [7.71],
		"max_Delta_Hue_Distance": [0],
		"max_Delta_Hue_Degrees": [0],
		"max_Delta_C_sat_corr": ["_NaN_"],
		"max_Delta_C94_sat_corr": ["_NaN_"],
		"max_Delta_C2000_sat_corr": ["_NaN_"],
		"mean_RegionSize": [5486.2],
		"Sequence_dark_to_light": [5,4,3,2,1],
		"Patch_number": [5,4,3,2,1],
		"R_noise": [0.1093,0.1203,0.1254,0.09615,0.07848],
		"G_noise": [0.08885,0.09582,0.08249,0.06255,0.05304],
		"B_noise": [0.09832,0.109,0.09912,0.06808,0.0596],
		"R_SNR_ratio": [1.346,1.456,2.025,4.006,6.413],
		"G_SNR_ratio": [1.209,1.63,3.205,6.327,9.498],
		"B_SNR_ratio": [1.417,1.503,2.751,6.135,9.16],
		"R_SNR_dB": [2.583,3.266,6.13,12.05,16.14],
		"G_SNR_dB": [1.65,4.243,10.12,16.02,19.55],
		"B_SNR_dB": [3.027,3.537,8.789,15.76,19.24],
		"Gb_noise": [0.07195,0.07637,0.06758,0.05224,0.04496],
		"Gb_SNR_ratio": [1.642,2.105,3.888,7.562,11.27],
		"Gb_SNR_dB": [4.309,6.465,11.8,17.57,21.04],
		"Y_f_stop_SNR_ratio": [1.533,1.442,1.07,0.5846,0.3655],
		"Y_f_stop_SNR_dB": [3.713,3.177,0.5913,-4.663,-8.742],
		"quality_levels_for_DR": [
				"Low,",
				"Medium,",
				"M-H,",
				"High,"
		],
		"SigNoise_levels_for_DR": [1,0.5,0.25,0.1],
		"Dynamic_Range_f_stops": [3.376,0,0,0],
		"Dynamic_Range_dB": [20.32,0,0,0],
		"noise_ISO15739_pct": [0.9513,1.28,2.194,3.716,4.388],
		"snr_ISO15739": [1.398,1.736,2.56,3.485,5.024],
		"noise_pct_ISO15739_at_13pct_Lref": [4.095],
		"snr_ISO15739_at_13pct_Lref": [4.352],
		"snr_dB_ISO15739_at_13pct_Lref": [12.77],
		"DynamicRange_at_density_2": [502.8],
		"DynamicRange_total": [0],
		"DynamicRange_from_slope_OD": [1.95],
		"DynamicRange_from_slope_EV": [6.474],
		"DynamicRange_from_slope_dB": [39],
		"SNR_BW_dB_RGBY": [11.12,14.86,14.12,16.42],
		"L_noise": [7.849,8.138,6.861,5.215,4.424],
		"a_noise": [17.08,18.69,16.74,12.54,10.22],
		"b_noise": [17.07,19.19,16.64,11.57,9.298],
		"Total_Lab_noise_unwtd": [25.39,27.99,24.58,17.84,14.51],
		"Total_ab_noise_unwtd": [24.15,26.79,23.6,17.06,13.82],
		"R_minus_Y_KK_noise": [0.09896,0.1107,0.1109,0.08265,0.0665],
		"B_minus_Y_KK_noise": [0.108,0.1227,0.1084,0.07649,0.06318],
		"Y_Kelly_Keelan_noise": [0.07195,0.07637,0.06758,0.05224,0.04496],
		"Total_KK_noise": [0.09453,0.1028,0.09505,0.07177,0.06005],
		"Chroma_KK_noise": [0.06131,0.06887,0.06684,0.0492,0.03981],
		"Total_old_iso_noise": [0.1154,0.1268,0.1197,0.08965,0.0741],
		"Y_noise_from_YUV": [0.07194,0.07636,0.06757,0.05224,0.04496],
		"U_noise_from_YUV": [0.05074,0.05765,0.05093,0.03594,0.02968],
		"V_noise_from_YUV": [0.07728,0.08644,0.08663,0.06454,0.05193],