{
	"jsonResults": {
		"dateRun": "07-May-2025 12:42:19",
		"ini_time_size": "07-May-2025 12:41:15 9622B  MD5 = 6437bb62c7aafe0c84503f38548b008c",
		"version": "Imatest 24.2.6 Master Color/Tone Auto",
		"build": "2025-03-20",
		"image_file": "sports ball_18.0 mm_6400ISO_+1EV_Dist1_OFF_Defocus2.tiff",
		"ColorSpace": "sRGB",
		"Reference": "Default values",
		"Ref_folder": "/usr/local/Imatest/v24.2/Master/",
		"Gamma": [0.3111],
		"patches_for_gamma_start_end": [1,5],
		"exposure_error_normalized_y_channel": [0.228],
		"mean_camera_Saturation_Pct": ["_NaN_"],
		"mean_chroma_level_CPIQ_Pct": ["_NaN_"],
		"CPIQ_chroma_quality_loss_JND": ["_NaN_"],
		"CPIQ_exposure_quality_loss_JND": ["_NaN_"],
		"pixel_offset": [0],
		"mean_patch_size_pxls": [71,78],
		"roi_settings": "Recent ROI settings are in roi, nwid_save, nht_save, fillf, and distort (same names as ini file)",
		"roi": [3079,1806,3525,1904,3079,1904,3525,1806],
		"nwid_save": [6024],
		"nht_save": [4020],
		"fillf": [0.8],
		"distort": [0],
		"grayscale_zone": [1,2,3,4,5],
		"grayscale_minus_log_exposure": [2,1.513,1.025,0.5375,0.05],
		"grayscale_Y_reflectivity": [0.01,0.03073,0.09441,0.2901,0.8913],
		"grayscale_Y_Printer_pixel_gamma22": [33.13,55.18,91.91,153.1,255],
		"grayscale_Y_density": [0.02875,0.1266,0.2783,0.47,0.5917],
		"grayscale_R_density": [0.02966,0.1287,0.2804,0.4743,0.6053],
		"grayscale_G_density": [0.02949,0.1268,0.2785,0.4687,0.5871],
		"grayscale_B_density": [0.01895,0.1192,0.2703,0.4705,0.598],
		"grayscale_Y_mean": [238.7,190.5,134.4,86.41,65.29],
		"grayscale_R_mean": [238.2,189.6,133.7,85.55,63.27],
		"grayscale_G_mean": [238.3,190.5,134.3,86.67,65.99],
		"grayscale_B_mean": [244.1,193.8,136.8,86.31,64.35],
		"White_Bal_error_Degrees": [259.7,218.8,225.3,66.02,94.62],
		"White_Bal_error_Mired": [-5.91,-5.011,-5.154,-1.547,-2.207],
		"White_Bal_error_S_HSV": [0.02435,0.02169,0.02288,0.01287,0.04119],
		"White_Bal_error_Delta_C_ab": [3.02,1.834,1.476,0.5246,1.62],
		"White_Bal_error_Delta_C_94": [3.02,1.834,1.476,0.5246,1.62],
		"White_Bal_error_Delta_C_00": [3.01,1.796,1.461,0.7716,2.219],
		"n_Patch": [1,2,3,4,5],
		"n_Row": [1,1,1,1,1],
		"n_Column": [1,2,3,4,5],
		"width_pixels": [72,72,73,72,72],
		"height_pixels": [80,80,80,80,80],
		"Pixels_total": [5760,5760,5840,5760,5760],
		"R_reference": [242.4,146.6,86.6,49.01,25.46],
		"G_reference": [242.4,146.6,86.6,49.01,25.46],
		"B_reference": [242.4,146.6,86.6,49.01,25.46],
		"R_input": [238.2,189.6,133.7,85.55,63.27],
		"G_input": [238.3,190.5,134.3,86.67,65.99],
		"B_input": [244.1,193.8,136.8,86.31,64.35],
		"L_reference": [95.63,60.79,36.82,20.33,8.991],
		"a_reference": [0,0,0,0,0],
		"b_reference": [0,0,0,0,0],
		"L_input": [94.33,77.17,56.07,36.74,27.67],
		"a_input": [1.02,0.3373,0.2901,-0.5225,-1.505],
		"b_input": [-2.843,-1.802,-1.447,0.04714,0.5985],
		"x_reference": [0.3127,0.3127,0.3127,0.3127,0.3127],
		"y_reference": [0.329,0.329,0.329,0.329,0.329],
		"Y_reference": [0.8913,0.2901,0.09441,0.03073,0.01],
		"x_input": [0.3091,0.3095,0.3094,0.3114,0.3102],
		"y_input": [0.3231,0.3248,0.3246,0.3299,0.3344],
		"Y_input": [0.8605,0.5181,0.2398,0.09397,0.05335],
		"LUV_comment": "L2 is used to differentiate between the L in LAB and L in LUV.",
		"L2_reference": [805.1,262,85.28,27.75,9.033],
		"U_reference": [0.1978,0.1978,0.1978,0.1978,0.1978],
		"V_reference": [0.4683,0.4683,0.4683,0.4683,0.4683],
		"L2_input": [777.3,468,216.6,84.88,48.19],
		"U_input": [0.1975,0.1972,0.1972,0.1966,0.1941],
		"V_input": [0.4646,0.4656,0.4655,0.4686,0.4708],
		"patch_numbers_for_all_Delta_E_C": [1,2,3,4,5],
		"Delta_E_all": [3.29,16.5,19.3,16.4,18.7],
		"Delta_C_all": [3.02,1.83,1.48,0.525,1.62],
		"Delta_E94_all": [3.29,16.5,19.3,16.4,18.7],
		"Delta_C94_all": [3.02,1.83,1.48,0.525,1.62],
		"Delta_E2000_all": [3.11,12.9,18.7,12.5,12.9],
		"Delta_C2000_all": [3.01,1.8,1.46,0.772,2.22],
		"Delta_L_all": [-1.3,16.4,19.2,16.4,18.7],
		"Delta_Chroma_all": [3.02,1.83,1.48,0.525,1.62],
		"Delta_Hue_Distance_all": [0,0,0,0,0],
		"Delta_Hue_Degrees_all": [0,0,0,0,0],
		"sat_corr_comment": "sat_corr explained on https://www.imatest.com/docs/colorcheck/#satcorr - not recommended.",
		"Delta_C_all_sat_corr": ["_NaN_","_NaN_","_NaN_","_NaN_","_NaN_"],
		"Delta_C94_all_sat_corr": ["_NaN_","_NaN_","_NaN_","_NaN_","_NaN_"],
		"Delta_C2000_all_sat_corr": ["_NaN_","_NaN_","_NaN_","_NaN_","_NaN_"],
		"grayscale_patch_numbers": [1,2,3,4,5],
		"Delta_E": [3.29,16.5,19.3,16.4,18.7],
		"Delta_C": [3.02,1.83,1.48,0.525,1.62],
		"Delta_E94": [3.29,16.5,19.3,16.4,18.7],
		"Delta_C94": [3.02,1.83,1.48,0.525,1.62],
		"Delta_E2000": [3.11,12.9,18.7,12.5,12.9],
		"Delta_C2000": [3.01,1.8,1.46,0.772,2.22],
		"Delta_L": [-1.3,16.4,19.2,16.4,18.7],
		"Delta_Chroma": [3.02,1.83,1.48,0.525,1.62],
		"Delta_Hue_Distance": [0,0,0,0,0],
		"Delta_Hue_Degrees": [0,0,0,0,0],
		"mean_Delta_E": [14.8],
		"mean_Delta_C": [1.69],
		"mean_Delta_E94": [14.8],
		"mean_Delta_C94": [1.69],
		"mean_Delta_E2000": [12],
		"mean_Delta_C2000": [1.85],
		"mean_Delta_L": [13.9],
		"mean_Delta_Chroma": [1.69],
		"mean_Delta_Hue_Distance": [0],
		"mean_Delta_Hue_Degrees": [0],
		"mean_Delta_C_sat_corr": ["_NaN_"],
		"mean_Delta_C94_sat_corr": ["_NaN_"],
		"mean_Delta_C2000_sat_corr": ["_NaN_"],
		"max_Delta_E": [19.3],
		"max_Delta_C": [3.02],
		"max_Delta_E94": [19.3],
		"max_Delta_C94": [3.02],
		"max_Delta_E2000": [18.7],
		"max_Delta_C2000": [3.01],
		"max_Delta_L": [19.2],
		"max_Delta_Chroma": [3.02],
		"max_Delta_Hue_Distance": [0],
		"max_Delta_Hue_Degrees": [0],
		"max_Delta_C_sat_corr": ["_NaN_"],
		"max_Delta_C94_sat_corr": ["_NaN_"],
		"max_Delta_C2000_sat_corr": ["_NaN_"],
		"mean_RegionSize": [5703.8],
		"Sequence_dark_to_light": [5,4,3,2,1],
		"Patch_number": [5,4,3,2,1],
		"R_noise": [0.07388,0.05695,0.04318,0.03705,0.03978],
		"G_noise": [0.05029,0.03584,0.02849,0.02767,0.03217],
		"B_noise": [0.0608,0.04392,0.03287,0.03246,0.03248],
		"R_SNR_ratio": [3.359,5.891,12.14,20.07,23.48],
		"G_SNR_ratio": [5.146,9.484,18.49,27,29.05],
		"B_SNR_ratio": [4.15,7.706,16.33,23.42,29.47],
		"R_SNR_dB": [10.52,15.4,21.69,26.05,27.41],
		"G_SNR_dB": [14.23,19.54,25.34,28.63,29.26],
		"B_SNR_dB": [12.36,17.74,24.26,27.39,29.39],
		"Gb_noise": [0.04669,0.03243,0.02479,0.02409,0.03017],
		"Gb_SNR_ratio": [5.484,10.45,21.26,31.02,31.02],
		"Gb_SNR_dB": [14.78,20.38,26.55,29.83,29.83],
		"Y_f_stop_SNR_ratio": [3.864,5.243,5.085,2.578,1.095],
		"Y_f_stop_SNR_dB": [11.74,14.39,14.13,8.225,0.787],
		"quality_levels_for_DR": [
				"Low,",
				"Medium,",
				"M-H,",
				"High,"
		],
		"SigNoise_levels_for_DR": [1,0.5,0.25,0.1],
		"Dynamic_Range_f_stops": [0,5.204,3.691,0],
		"Dynamic_Range_dB": [0,31.33,22.22,0],
		"noise_ISO15739_pct": [1.125,1.012,1.575,3.469,6.041],
		"snr_ISO15739": [4.742,9.285,15.23,14.93,14.24],
		"noise_pct_ISO15739_at_13pct_Lref": [2.445],
		"snr_ISO15739_at_13pct_Lref": [15.09],
		"snr_dB_ISO15739_at_13pct_Lref": [23.58],
		"DynamicRange_at_density_2": [137.3],
		"DynamicRange_total": [0],
		"DynamicRange_from_slope_OD": [1.95],
		"DynamicRange_from_slope_EV": [6.474],
		"DynamicRange_from_slope_dB": [39],
		"SNR_BW_dB_RGBY": [24.14,26.68,25.29,27.88],
		"L_noise": [5.092,3.428,2.452,2.238,2.704],
		"a_noise": [8.995,7.184,5.458,4.473,3.631],
		"b_noise": [8.831,6.741,5.041,4.341,3.34],
		"Total_Lab_noise_unwtd": [13.6,10.43,7.824,6.623,5.625],
		"Total_ab_noise_unwtd": [12.61,9.851,7.43,6.233,4.933],
		"R_minus_Y_KK_noise": [0.05466,0.0446,0.03527,0.0303,0.02626],
		"B_minus_Y_KK_noise": [0.05386,0.04255,0.03434,0.03152,0.02524],
		"Y_Kelly_Keelan_noise": [0.04669,0.03243,0.02479,0.02409,0.03017],
		"Total_KK_noise": [0.05717,0.04203,0.03264,0.03039,0.03404],
		"Chroma_KK_noise": [0.033,0.02673,0.02123,0.01853,0.01576],
		"Total_old_iso_noise": [0.0675,0.05113,0.03999,0.03642,0.03812],
		"Y_noise_from_YUV": [0.04669,0.03243,0.02478,0.02409,0.03017],
		"U_noise_from_YUV": [0.02531,0.02,0.01613,0.01481,0.01186],