{
	"jsonResults": {
		"dateRun": "12-May-2025 19:19:27",
		"ini_time_size": "12-May-2025 19:12:16 10505B  MD5 = c607ca3b1f3bf245eb7017e15db89e59",
		"version": "Imatest 24.2.6 Master Color/Tone Auto",
		"build": "2025-03-20",
		"image_file": "sports ball_18.0 mm_1600ISO_-1EV_Dist1_OFF_Defocus1.tiff",
		"ColorSpace": "sRGB",
		"Reference": "Default values",
		"Ref_folder": "/usr/local/Imatest/v24.2/Master/",
		"Gamma": [0.3301],
		"patches_for_gamma_start_end": [1,5],
		"exposure_error_normalized_y_channel": [-0.116],
		"mean_camera_Saturation_Pct": ["_NaN_"],
		"mean_chroma_level_CPIQ_Pct": ["_NaN_"],
		"CPIQ_chroma_quality_loss_JND": ["_NaN_"],
		"CPIQ_exposure_quality_loss_JND": ["_NaN_"],
		"pixel_offset": [0],
		"mean_patch_size_pxls": [69,78],
		"roi_settings": "Recent ROI settings are in roi, nwid_save, nht_save, fillf, and distort (same names as ini file)",
		"roi": [3093,1811,3523,1900,3093,1904,3523,1799],
		"nwid_save": [6024],
		"nht_save": [4020],
		"fillf": [0.8],
		"distort": [0],
		"grayscale_zone": [1,2,3,4,5],
		"grayscale_minus_log_exposure": [2,1.513,1.025,0.5375,0.05],
		"grayscale_Y_reflectivity": [0.01,0.03073,0.09441,0.2901,0.8913],
		"grayscale_Y_Printer_pixel_gamma22": [33.13,55.18,91.91,153.1,255],
		"grayscale_Y_density": [0.236,0.3425,0.5035,0.7208,0.9956],
		"grayscale_R_density": [0.234,0.3418,0.5056,0.7251,1.004],
		"grayscale_G_density": [0.238,0.3433,0.5036,0.7198,0.9925],
		"grayscale_B_density": [0.2226,0.337,0.4961,0.7176,1.002],
		"grayscale_Y_mean": [148.1,115.9,80,48.51,25.76],
		"grayscale_R_mean": [148.8,116.1,79.61,48.02,25.26],
		"grayscale_G_mean": [147.4,115.7,79.98,48.61,25.94],
		"grayscale_B_mean": [152.7,117.4,81.36,48.86,25.39],
		"White_Bal_error_Degrees": [287.2,113.5,197.2,130.8,14.96],
		"White_Bal_error_Mired": [-6.51,-2.641,-4.53,-3.034,-0.3532],
		"White_Bal_error_S_HSV": [0.03479,0.01439,0.02146,0.0171,0.02635],
		"White_Bal_error_Delta_C_ab": [3.046,1.013,0.8828,0.3217,0.5404],
		"White_Bal_error_Delta_C_94": [3.046,1.013,0.8828,0.3217,0.5404],
		"White_Bal_error_Delta_C_00": [3.24,1.125,0.8818,0.388,0.7414],
		"n_Patch": [1,2,3,4,5],
		"n_Row": [1,1,1,1,1],
		"n_Column": [1,2,3,4,5],
		"width_pixels": [69,70,70,70,70],
		"height_pixels": [80,80,79,80,79],
		"Pixels_total": [5520,5600,5530,5600,5530],
		"R_reference": [242.4,146.6,86.6,49.01,25.46],
		"G_reference": [242.4,146.6,86.6,49.01,25.46],
		"B_reference": [242.4,146.6,86.6,49.01,25.46],
		"R_input": [148.8,116.1,79.61,48.02,25.26],
		"G_input": [147.4,115.7,79.98,48.61,25.94],
		"B_input": [152.7,117.4,81.36,48.86,25.39],
		"L_reference": [95.63,60.79,36.82,20.33,8.991],
		"a_reference": [0,0,0,0,0],
		"b_reference": [0,0,0,0,0],
		"L_input": [61.36,48.79,34.03,20.1,9.141],
		"a_input": [1.533,0.4941,0.1547,-0.1994,-0.4702],
		"b_input": [-2.632,-0.8843,-0.8692,-0.2525,0.2664],
		"x_reference": [0.3127,0.3127,0.3127,0.3127,0.3127],
		"y_reference": [0.329,0.329,0.329,0.329,0.329],
		"Y_reference": [0.8913,0.2901,0.09441,0.03073,0.01],
		"x_input": [0.309,0.3112,0.3098,0.3105,0.312],
		"y_input": [0.3207,0.3257,0.3253,0.328,0.3326],
		"Y_input": [0.2966,0.1743,0.08022,0.03014,0.01018],
		"LUV_comment": "L2 is used to differentiate between the L in LAB and L in LUV.",
		"L2_reference": [805.1,262,85.28,27.75,9.033],
		"U_reference": [0.1978,0.1978,0.1978,0.1978,0.1978],
		"V_reference": [0.4683,0.4683,0.4683,0.4683,0.4683],
		"L2_input": [267.9,157.4,72.46,27.22,9.196],
		"U_input": [0.1984,0.198,0.1972,0.1967,0.196],
		"V_input": [0.4633,0.4663,0.4659,0.4675,0.4701],
		"patch_numbers_for_all_Delta_E_C": [1,2,3,4,5],
		"Delta_E_all": [34.4,12,2.93,0.397,0.561],
		"Delta_C_all": [3.05,1.01,0.883,0.322,0.54],
		"Delta_E94_all": [34.4,12,2.93,0.397,0.561],
		"Delta_C94_all": [3.05,1.01,0.883,0.322,0.54],
		"Delta_E2000_all": [24.3,11.5,2.47,0.42,0.747],
		"Delta_C2000_all": [3.24,1.12,0.882,0.388,0.741],
		"Delta_L_all": [-34.3,-12,-2.79,-0.233,0.15],
		"Delta_Chroma_all": [3.05,1.01,0.883,0.322,0.54],
		"Delta_Hue_Distance_all": [0,0,0,0,0],
		"Delta_Hue_Degrees_all": [0,0,0,0,0],
		"sat_corr_comment": "sat_corr explained on https://www.imatest.com/docs/colorcheck/#satcorr - not recommended.",
		"Delta_C_all_sat_corr": ["_NaN_","_NaN_","_NaN_","_NaN_","_NaN_"],
		"Delta_C94_all_sat_corr": ["_NaN_","_NaN_","_NaN_","_NaN_","_NaN_"],
		"Delta_C2000_all_sat_corr": ["_NaN_","_NaN_","_NaN_","_NaN_","_NaN_"],
		"grayscale_patch_numbers": [1,2,3,4,5],
		"Delta_E": [34.4,12,2.93,0.397,0.561],
		"Delta_C": [3.05,1.01,0.883,0.322,0.54],
		"Delta_E94": [34.4,12,2.93,0.397,0.561],
		"Delta_C94": [3.05,1.01,0.883,0.322,0.54],
		"Delta_E2000": [24.3,11.5,2.47,0.42,0.747],
		"Delta_C2000": [3.24,1.12,0.882,0.388,0.741],
		"Delta_L": [-34.3,-12,-2.79,-0.233,0.15],
		"Delta_Chroma": [3.05,1.01,0.883,0.322,0.54],
		"Delta_Hue_Distance": [0,0,0,0,0],
		"Delta_Hue_Degrees": [0,0,0,0,0],
		"mean_Delta_E": [10.1],
		"mean_Delta_C": [1.16],
		"mean_Delta_E94": [10.1],
		"mean_Delta_C94": [1.16],
		"mean_Delta_E2000": [7.88],
		"mean_Delta_C2000": [1.28],
		"mean_Delta_L": [-9.83],
		"mean_Delta_Chroma": [1.16],
		"mean_Delta_Hue_Distance": [0],
		"mean_Delta_Hue_Degrees": [0],
		"mean_Delta_C_sat_corr": ["_NaN_"],
		"mean_Delta_C94_sat_corr": ["_NaN_"],
		"mean_Delta_C2000_sat_corr": ["_NaN_"],
		"max_Delta_E": [34.4],
		"max_Delta_C": [3.05],
		"max_Delta_E94": [34.4],
		"max_Delta_C94": [3.05],
		"max_Delta_E2000": [24.3],
		"max_Delta_C2000": [3.24],
		"max_Delta_L": [0.15],
		"max_Delta_Chroma": [3.05],
		"max_Delta_Hue_Distance": [0],
		"max_Delta_Hue_Degrees": [0],
		"max_Delta_C_sat_corr": ["_NaN_"],
		"max_Delta_C94_sat_corr": ["_NaN_"],
		"max_Delta_C2000_sat_corr": ["_NaN_"],
		"mean_RegionSize": [5486.2],
		"Sequence_dark_to_light": [5,4,3,2,1],
		"Patch_number": [5,4,3,2,1],
		"R_noise": [0.04956,0.03791,0.02663,0.0239,0.02393],
		"G_noise": [0.03903,0.02745,0.01692,0.0161,0.01715],
		"B_noise": [0.04447,0.03151,0.0217,0.02008,0.02022],
		"R_SNR_ratio": [1.998,4.968,11.72,19.04,24.38],
		"G_SNR_ratio": [2.607,6.946,18.54,28.17,33.7],
		"B_SNR_ratio": [2.239,6.08,14.7,22.92,29.62],
		"R_SNR_dB": [6.014,13.92,21.38,25.59,27.74],
		"G_SNR_dB": [8.321,16.83,25.36,28.99,30.55],
		"B_SNR_dB": [7.002,15.68,23.35,27.2,29.43],
		"Gb_noise": [0.03527,0.02369,0.01393,0.01345,0.01459],
		"Gb_SNR_ratio": [2.864,8.028,22.52,33.79,39.79],
		"Gb_SNR_dB": [9.14,18.09,27.05,30.58,32],
		"Y_f_stop_SNR_ratio": [5.344,6.13,5.854,2.771,1.562],
		"Y_f_stop_SNR_dB": [14.56,15.75,15.35,8.854,3.873],
		"quality_levels_for_DR": [
				"Low,",
				"Medium,",
				"M-H,",
				"High,"
		],
		"SigNoise_levels_for_DR": [1,0.5,0.25,0.1],
		"Dynamic_Range_f_stops": [0,5.665,3.914,0],
		"Dynamic_Range_dB": [0,34.1,23.56,0],
		"noise_ISO15739_pct": [0.2581,0.2403,0.3382,0.785,1.176],
		"snr_ISO15739": [3.945,12.54,23.72,22.2,25.21],
		"noise_pct_ISO15739_at_13pct_Lref": [1.036],
		"snr_ISO15739_at_13pct_Lref": [24.13],
		"snr_dB_ISO15739_at_13pct_Lref": [27.65],
		"DynamicRange_at_density_2": [2057],
		"DynamicRange_total": [0],
		"DynamicRange_from_slope_OD": [1.95],
		"DynamicRange_from_slope_EV": [6.474],
		"DynamicRange_from_slope_dB": [39],
		"SNR_BW_dB_RGBY": [24.26,27.69,25.78,29.26],
		"L_noise": [4.082,2.708,1.504,1.366,1.419],
		"a_noise": [6.636,5.437,4.02,3.405,3.182],
		"b_noise": [6.37,5.014,3.81,3.258,2.979],
		"Total_Lab_noise_unwtd": [10.06,7.876,5.739,4.907,4.584],
		"Total_ab_noise_unwtd": [9.199,7.396,5.539,4.713,4.359],
		"R_minus_Y_KK_noise": [0.03708,0.03223,0.02317,0.02045,0.02018],
		"B_minus_Y_KK_noise": [0.03966,0.02901,0.02373,0.02163,0.02068],
		"Y_Kelly_Keelan_noise": [0.03527,0.02369,0.01393,0.01345,0.01459],
		"Total_KK_noise": [0.04202,0.03042,0.01983,0.0184,0.01909],
		"Chroma_KK_noise": [0.02285,0.01908,0.01412,0.01256,0.0123],
		"Total_old_iso_noise": [0.04874,0.03689,0.02505,0.02288,0.02328],
		"Y_noise_from_YUV": [0.03526,0.02369,0.01393,0.01345,0.01459],
		"U_noise_from_YUV": [0.01863,0.01363,0.01115,0.01016,0.009718],